12/02/2025 11:26:18 - INFO - __main__ -   ===========================================================================
12/02/2025 11:26:18 - INFO - __main__ -   logging to:
12/02/2025 11:26:18 - INFO - __main__ -   two_quant_output_w4a8_1202\samples\2025-12-02-11-26-18
12/02/2025 11:26:18 - INFO - __main__ -   ===========================================================================
12/02/2025 11:26:20 - INFO - __main__ -   Loading checkpoint C:\Users\wsh/.cache\diffusion_models_converted\ema_diffusion_cifar10_model/model-790000.ckpt
12/02/2025 11:26:21 - WARNING - __main__ -   Delta weights file  not found. Skipping delta compensation.
12/02/2025 11:26:21 - INFO - __main__ -   Sampling data from 20 timesteps for calibration
12/02/2025 11:26:42 - INFO - qdiff.utils -   Selected 20 steps from 100 sampling steps
12/02/2025 11:26:43 - INFO - __main__ -   Calibration data shape: torch.Size([5120, 3, 32, 32]) torch.Size([5120])
12/02/2025 11:26:43 - INFO - __main__ -   Initializing weight quantization parameters
12/02/2025 11:26:53 - INFO - qdiff.quant_layer -   split at 256!
12/02/2025 11:26:53 - INFO - qdiff.quant_layer -   split at 256!
12/02/2025 11:26:54 - INFO - qdiff.quant_layer -   split at 256!
12/02/2025 11:26:55 - INFO - qdiff.quant_layer -   split at 256!
12/02/2025 11:26:56 - INFO - qdiff.quant_layer -   split at 256!
12/02/2025 11:26:57 - INFO - qdiff.quant_layer -   split at 256!
12/02/2025 11:26:58 - INFO - qdiff.quant_layer -   split at 256!
12/02/2025 11:27:00 - INFO - qdiff.quant_layer -   split at 256!
12/02/2025 11:27:01 - INFO - qdiff.quant_layer -   split at 256!
12/02/2025 11:27:03 - INFO - qdiff.quant_layer -   split at 256!
12/02/2025 11:27:04 - INFO - qdiff.quant_layer -   split at 128!
12/02/2025 11:27:04 - INFO - qdiff.quant_layer -   split at 128!
12/02/2025 11:27:04 - INFO - __main__ -   Initializing has done!
12/02/2025 11:27:04 - INFO - __main__ -   Doing weight calibration
12/02/2025 11:27:04 - INFO - __main__ -   model False
12/02/2025 11:27:04 - INFO - __main__ -   temb False
12/02/2025 11:27:04 - INFO - __main__ -   dense False
12/02/2025 11:27:04 - INFO - __main__ -   0 False
12/02/2025 11:27:04 - INFO - __main__ -   Reconstruction for layer 0
12/02/2025 11:27:21 - INFO - qdiff.timestep_aware_utils -   in shape: torch.Size([5120, 128])
12/02/2025 11:27:21 - INFO - qdiff.timestep_aware_utils -   out shape: torch.Size([5120, 512])
12/02/2025 11:27:22 - INFO - qdiff.layer_recon -   Total loss:	0.000 (rec:0.000, round:0.000)	b=0.00	count=500
12/02/2025 11:27:22 - INFO - qdiff.layer_recon -   Total loss:	0.000 (rec:0.000, round:0.000)	b=0.00	count=1000
12/02/2025 11:27:23 - INFO - qdiff.layer_recon -   Total loss:	0.000 (rec:0.000, round:0.000)	b=0.00	count=1500
12/02/2025 11:27:24 - INFO - qdiff.layer_recon -   Total loss:	0.000 (rec:0.000, round:0.000)	b=0.00	count=2000
12/02/2025 11:27:25 - INFO - qdiff.layer_recon -   Total loss:	0.000 (rec:0.000, round:0.000)	b=0.00	count=2500
12/02/2025 11:27:26 - INFO - qdiff.layer_recon -   Total loss:	0.000 (rec:0.000, round:0.000)	b=0.00	count=3000
12/02/2025 11:27:27 - INFO - qdiff.layer_recon -   Total loss:	0.000 (rec:0.000, round:0.000)	b=0.00	count=3500
12/02/2025 11:27:27 - INFO - qdiff.layer_recon -   Total loss:	623.134 (rec:0.000, round:623.134)	b=20.00	count=4000
12/02/2025 11:27:29 - INFO - qdiff.layer_recon -   Total loss:	281.664 (rec:0.002, round:281.662)	b=19.44	count=4500
12/02/2025 11:27:30 - INFO - qdiff.layer_recon -   Total loss:	258.662 (rec:0.002, round:258.660)	b=18.88	count=5000
12/02/2025 11:27:31 - INFO - qdiff.layer_recon -   Total loss:	243.619 (rec:0.002, round:243.617)	b=18.31	count=5500
12/02/2025 11:27:32 - INFO - qdiff.layer_recon -   Total loss:	231.349 (rec:0.002, round:231.347)	b=17.75	count=6000
12/02/2025 11:27:33 - INFO - qdiff.layer_recon -   Total loss:	219.424 (rec:0.002, round:219.422)	b=17.19	count=6500
12/02/2025 11:27:34 - INFO - qdiff.layer_recon -   Total loss:	208.064 (rec:0.003, round:208.062)	b=16.62	count=7000
12/02/2025 11:27:35 - INFO - qdiff.layer_recon -   Total loss:	196.512 (rec:0.003, round:196.508)	b=16.06	count=7500
12/02/2025 11:27:36 - INFO - qdiff.layer_recon -   Total loss:	185.475 (rec:0.004, round:185.471)	b=15.50	count=8000
12/02/2025 11:27:37 - INFO - qdiff.layer_recon -   Total loss:	174.461 (rec:0.005, round:174.456)	b=14.94	count=8500
12/02/2025 11:27:38 - INFO - qdiff.layer_recon -   Total loss:	163.951 (rec:0.006, round:163.945)	b=14.38	count=9000
12/02/2025 11:27:39 - INFO - qdiff.layer_recon -   Total loss:	153.819 (rec:0.008, round:153.811)	b=13.81	count=9500
12/02/2025 11:27:40 - INFO - qdiff.layer_recon -   Total loss:	143.462 (rec:0.009, round:143.453)	b=13.25	count=10000
12/02/2025 11:27:41 - INFO - qdiff.layer_recon -   Total loss:	133.122 (rec:0.011, round:133.111)	b=12.69	count=10500
12/02/2025 11:27:42 - INFO - qdiff.layer_recon -   Total loss:	123.344 (rec:0.013, round:123.331)	b=12.12	count=11000
12/02/2025 11:27:44 - INFO - qdiff.layer_recon -   Total loss:	113.336 (rec:0.016, round:113.321)	b=11.56	count=11500
12/02/2025 11:27:45 - INFO - qdiff.layer_recon -   Total loss:	103.737 (rec:0.019, round:103.719)	b=11.00	count=12000
12/02/2025 11:27:47 - INFO - qdiff.layer_recon -   Total loss:	94.555 (rec:0.021, round:94.534)	b=10.44	count=12500
12/02/2025 11:27:48 - INFO - qdiff.layer_recon -   Total loss:	85.774 (rec:0.025, round:85.749)	b=9.88	count=13000
12/02/2025 11:27:49 - INFO - qdiff.layer_recon -   Total loss:	76.354 (rec:0.027, round:76.327)	b=9.31	count=13500
12/02/2025 11:27:50 - INFO - qdiff.layer_recon -   Total loss:	67.235 (rec:0.031, round:67.203)	b=8.75	count=14000
12/02/2025 11:27:51 - INFO - qdiff.layer_recon -   Total loss:	58.039 (rec:0.034, round:58.005)	b=8.19	count=14500
12/02/2025 11:27:52 - INFO - qdiff.layer_recon -   Total loss:	48.744 (rec:0.039, round:48.705)	b=7.62	count=15000
12/02/2025 11:27:53 - INFO - qdiff.layer_recon -   Total loss:	38.713 (rec:0.041, round:38.671)	b=7.06	count=15500
12/02/2025 11:27:54 - INFO - qdiff.layer_recon -   Total loss:	28.882 (rec:0.051, round:28.831)	b=6.50	count=16000
12/02/2025 11:27:55 - INFO - qdiff.layer_recon -   Total loss:	20.187 (rec:0.053, round:20.134)	b=5.94	count=16500
12/02/2025 11:27:56 - INFO - qdiff.layer_recon -   Total loss:	12.594 (rec:0.063, round:12.531)	b=5.38	count=17000
12/02/2025 11:27:58 - INFO - qdiff.layer_recon -   Total loss:	6.805 (rec:0.073, round:6.732)	b=4.81	count=17500
12/02/2025 11:27:59 - INFO - qdiff.layer_recon -   Total loss:	2.979 (rec:0.083, round:2.897)	b=4.25	count=18000
12/02/2025 11:28:00 - INFO - qdiff.layer_recon -   Total loss:	1.229 (rec:0.090, round:1.140)	b=3.69	count=18500
12/02/2025 11:28:01 - INFO - qdiff.layer_recon -   Total loss:	0.436 (rec:0.091, round:0.345)	b=3.12	count=19000
12/02/2025 11:28:02 - INFO - qdiff.layer_recon -   Total loss:	0.154 (rec:0.099, round:0.055)	b=2.56	count=19500
12/02/2025 11:28:03 - INFO - qdiff.layer_recon -   Total loss:	0.104 (rec:0.102, round:0.002)	b=2.00	count=20000
12/02/2025 11:28:03 - INFO - __main__ -   1 False
12/02/2025 11:28:03 - INFO - __main__ -   Reconstruction for layer 1
12/02/2025 11:28:20 - INFO - qdiff.timestep_aware_utils -   in shape: torch.Size([5120, 512])
12/02/2025 11:28:20 - INFO - qdiff.timestep_aware_utils -   out shape: torch.Size([5120, 512])
12/02/2025 11:28:21 - INFO - qdiff.layer_recon -   Total loss:	0.006 (rec:0.006, round:0.000)	b=0.00	count=500
12/02/2025 11:28:22 - INFO - qdiff.layer_recon -   Total loss:	0.002 (rec:0.002, round:0.000)	b=0.00	count=1000
12/02/2025 11:28:22 - INFO - qdiff.layer_recon -   Total loss:	0.001 (rec:0.001, round:0.000)	b=0.00	count=1500
12/02/2025 11:28:23 - INFO - qdiff.layer_recon -   Total loss:	0.000 (rec:0.000, round:0.000)	b=0.00	count=2000
12/02/2025 11:28:24 - INFO - qdiff.layer_recon -   Total loss:	0.000 (rec:0.000, round:0.000)	b=0.00	count=2500
12/02/2025 11:28:25 - INFO - qdiff.layer_recon -   Total loss:	0.000 (rec:0.000, round:0.000)	b=0.00	count=3000
12/02/2025 11:28:26 - INFO - qdiff.layer_recon -   Total loss:	0.000 (rec:0.000, round:0.000)	b=0.00	count=3500
12/02/2025 11:28:27 - INFO - qdiff.layer_recon -   Total loss:	2421.072 (rec:0.000, round:2421.072)	b=20.00	count=4000
12/02/2025 11:28:28 - INFO - qdiff.layer_recon -   Total loss:	981.256 (rec:0.002, round:981.254)	b=19.44	count=4500
12/02/2025 11:28:29 - INFO - qdiff.layer_recon -   Total loss:	830.783 (rec:0.001, round:830.782)	b=18.88	count=5000
12/02/2025 11:28:30 - INFO - qdiff.layer_recon -   Total loss:	734.633 (rec:0.001, round:734.633)	b=18.31	count=5500
12/02/2025 11:28:31 - INFO - qdiff.layer_recon -   Total loss:	656.572 (rec:0.001, round:656.571)	b=17.75	count=6000
12/02/2025 11:28:32 - INFO - qdiff.layer_recon -   Total loss:	588.960 (rec:0.001, round:588.959)	b=17.19	count=6500
12/02/2025 11:28:33 - INFO - qdiff.layer_recon -   Total loss:	527.112 (rec:0.001, round:527.112)	b=16.62	count=7000
12/02/2025 11:28:34 - INFO - qdiff.layer_recon -   Total loss:	466.306 (rec:0.001, round:466.305)	b=16.06	count=7500
12/02/2025 11:28:35 - INFO - qdiff.layer_recon -   Total loss:	410.266 (rec:0.001, round:410.265)	b=15.50	count=8000
12/02/2025 11:28:36 - INFO - qdiff.layer_recon -   Total loss:	355.875 (rec:0.001, round:355.873)	b=14.94	count=8500
12/02/2025 11:28:38 - INFO - qdiff.layer_recon -   Total loss:	306.021 (rec:0.001, round:306.020)	b=14.38	count=9000
12/02/2025 11:28:39 - INFO - qdiff.layer_recon -   Total loss:	257.572 (rec:0.003, round:257.569)	b=13.81	count=9500
12/02/2025 11:28:40 - INFO - qdiff.layer_recon -   Total loss:	210.343 (rec:0.003, round:210.340)	b=13.25	count=10000
12/02/2025 11:28:41 - INFO - qdiff.layer_recon -   Total loss:	168.696 (rec:0.004, round:168.692)	b=12.69	count=10500
12/02/2025 11:28:42 - INFO - qdiff.layer_recon -   Total loss:	133.556 (rec:0.005, round:133.552)	b=12.12	count=11000
12/02/2025 11:28:43 - INFO - qdiff.layer_recon -   Total loss:	103.953 (rec:0.006, round:103.947)	b=11.56	count=11500
12/02/2025 11:28:44 - INFO - qdiff.layer_recon -   Total loss:	80.499 (rec:0.008, round:80.491)	b=11.00	count=12000
12/02/2025 11:28:45 - INFO - qdiff.layer_recon -   Total loss:	61.754 (rec:0.009, round:61.745)	b=10.44	count=12500
12/02/2025 11:28:46 - INFO - qdiff.layer_recon -   Total loss:	47.025 (rec:0.014, round:47.011)	b=9.88	count=13000
12/02/2025 11:28:47 - INFO - qdiff.layer_recon -   Total loss:	36.036 (rec:0.015, round:36.021)	b=9.31	count=13500
12/02/2025 11:28:48 - INFO - qdiff.layer_recon -   Total loss:	27.606 (rec:0.021, round:27.585)	b=8.75	count=14000
12/02/2025 11:28:50 - INFO - qdiff.layer_recon -   Total loss:	20.987 (rec:0.028, round:20.959)	b=8.19	count=14500
12/02/2025 11:28:51 - INFO - qdiff.layer_recon -   Total loss:	15.648 (rec:0.036, round:15.612)	b=7.62	count=15000
12/02/2025 11:28:52 - INFO - qdiff.layer_recon -   Total loss:	11.708 (rec:0.042, round:11.667)	b=7.06	count=15500
12/02/2025 11:28:53 - INFO - qdiff.layer_recon -   Total loss:	8.475 (rec:0.053, round:8.422)	b=6.50	count=16000
12/02/2025 11:28:54 - INFO - qdiff.layer_recon -   Total loss:	6.083 (rec:0.070, round:6.014)	b=5.94	count=16500
12/02/2025 11:28:55 - INFO - qdiff.layer_recon -   Total loss:	4.149 (rec:0.074, round:4.075)	b=5.38	count=17000
12/02/2025 11:28:56 - INFO - qdiff.layer_recon -   Total loss:	2.924 (rec:0.086, round:2.838)	b=4.81	count=17500
12/02/2025 11:28:57 - INFO - qdiff.layer_recon -   Total loss:	1.917 (rec:0.120, round:1.797)	b=4.25	count=18000
12/02/2025 11:28:58 - INFO - qdiff.layer_recon -   Total loss:	1.216 (rec:0.130, round:1.087)	b=3.69	count=18500
12/02/2025 11:28:59 - INFO - qdiff.layer_recon -   Total loss:	0.727 (rec:0.151, round:0.575)	b=3.12	count=19000
12/02/2025 11:29:00 - INFO - qdiff.layer_recon -   Total loss:	0.412 (rec:0.179, round:0.233)	b=2.56	count=19500
12/02/2025 11:29:01 - INFO - qdiff.layer_recon -   Total loss:	0.260 (rec:0.206, round:0.054)	b=2.00	count=20000
12/02/2025 11:29:01 - INFO - __main__ -   conv_in False
12/02/2025 11:29:01 - INFO - __main__ -   Reconstruction for layer conv_in
12/02/2025 11:29:18 - INFO - qdiff.timestep_aware_utils -   in shape: torch.Size([5120, 3, 32, 32])
12/02/2025 11:29:18 - INFO - qdiff.timestep_aware_utils -   out shape: torch.Size([5120, 128, 32, 32])
12/02/2025 11:29:22 - INFO - qdiff.layer_recon -   Total loss:	0.046 (rec:0.046, round:0.000)	b=0.00	count=500
12/02/2025 11:29:26 - INFO - qdiff.layer_recon -   Total loss:	0.038 (rec:0.038, round:0.000)	b=0.00	count=1000
12/02/2025 11:29:31 - INFO - qdiff.layer_recon -   Total loss:	0.041 (rec:0.041, round:0.000)	b=0.00	count=1500
12/02/2025 11:29:35 - INFO - qdiff.layer_recon -   Total loss:	0.048 (rec:0.048, round:0.000)	b=0.00	count=2000
12/02/2025 11:29:39 - INFO - qdiff.layer_recon -   Total loss:	0.042 (rec:0.042, round:0.000)	b=0.00	count=2500
12/02/2025 11:29:43 - INFO - qdiff.layer_recon -   Total loss:	0.051 (rec:0.051, round:0.000)	b=0.00	count=3000
12/02/2025 11:29:48 - INFO - qdiff.layer_recon -   Total loss:	0.048 (rec:0.048, round:0.000)	b=0.00	count=3500
12/02/2025 11:29:52 - INFO - qdiff.layer_recon -   Total loss:	32.816 (rec:0.048, round:32.768)	b=20.00	count=4000
12/02/2025 11:29:56 - INFO - qdiff.layer_recon -   Total loss:	20.383 (rec:0.109, round:20.274)	b=19.44	count=4500
12/02/2025 11:30:01 - INFO - qdiff.layer_recon -   Total loss:	20.101 (rec:0.109, round:19.991)	b=18.88	count=5000
12/02/2025 11:30:05 - INFO - qdiff.layer_recon -   Total loss:	19.847 (rec:0.094, round:19.753)	b=18.31	count=5500
12/02/2025 11:30:09 - INFO - qdiff.layer_recon -   Total loss:	19.659 (rec:0.121, round:19.538)	b=17.75	count=6000
12/02/2025 11:30:14 - INFO - qdiff.layer_recon -   Total loss:	19.358 (rec:0.090, round:19.268)	b=17.19	count=6500
12/02/2025 11:30:18 - INFO - qdiff.layer_recon -   Total loss:	19.110 (rec:0.102, round:19.008)	b=16.62	count=7000
12/02/2025 11:30:22 - INFO - qdiff.layer_recon -   Total loss:	18.882 (rec:0.110, round:18.772)	b=16.06	count=7500
12/02/2025 11:30:26 - INFO - qdiff.layer_recon -   Total loss:	18.560 (rec:0.132, round:18.429)	b=15.50	count=8000
12/02/2025 11:30:31 - INFO - qdiff.layer_recon -   Total loss:	18.247 (rec:0.117, round:18.130)	b=14.94	count=8500
12/02/2025 11:30:35 - INFO - qdiff.layer_recon -   Total loss:	17.878 (rec:0.155, round:17.723)	b=14.38	count=9000
12/02/2025 11:30:39 - INFO - qdiff.layer_recon -   Total loss:	17.599 (rec:0.136, round:17.463)	b=13.81	count=9500
12/02/2025 11:30:44 - INFO - qdiff.layer_recon -   Total loss:	17.162 (rec:0.153, round:17.009)	b=13.25	count=10000
12/02/2025 11:30:48 - INFO - qdiff.layer_recon -   Total loss:	16.680 (rec:0.154, round:16.526)	b=12.69	count=10500
12/02/2025 11:30:52 - INFO - qdiff.layer_recon -   Total loss:	16.324 (rec:0.176, round:16.149)	b=12.12	count=11000
12/02/2025 11:30:57 - INFO - qdiff.layer_recon -   Total loss:	15.866 (rec:0.132, round:15.734)	b=11.56	count=11500
12/02/2025 11:31:01 - INFO - qdiff.layer_recon -   Total loss:	15.456 (rec:0.204, round:15.252)	b=11.00	count=12000
12/02/2025 11:31:05 - INFO - qdiff.layer_recon -   Total loss:	15.086 (rec:0.235, round:14.851)	b=10.44	count=12500
12/02/2025 11:31:10 - INFO - qdiff.layer_recon -   Total loss:	14.368 (rec:0.214, round:14.154)	b=9.88	count=13000
12/02/2025 11:31:14 - INFO - qdiff.layer_recon -   Total loss:	13.673 (rec:0.280, round:13.393)	b=9.31	count=13500
12/02/2025 11:31:18 - INFO - qdiff.layer_recon -   Total loss:	12.923 (rec:0.259, round:12.663)	b=8.75	count=14000
12/02/2025 11:31:22 - INFO - qdiff.layer_recon -   Total loss:	12.206 (rec:0.282, round:11.924)	b=8.19	count=14500
12/02/2025 11:31:27 - INFO - qdiff.layer_recon -   Total loss:	11.481 (rec:0.276, round:11.205)	b=7.62	count=15000
12/02/2025 11:31:31 - INFO - qdiff.layer_recon -   Total loss:	10.805 (rec:0.347, round:10.459)	b=7.06	count=15500
12/02/2025 11:31:35 - INFO - qdiff.layer_recon -   Total loss:	9.920 (rec:0.461, round:9.459)	b=6.50	count=16000
12/02/2025 11:31:40 - INFO - qdiff.layer_recon -   Total loss:	8.639 (rec:0.386, round:8.253)	b=5.94	count=16500
12/02/2025 11:31:44 - INFO - qdiff.layer_recon -   Total loss:	7.558 (rec:0.435, round:7.124)	b=5.38	count=17000
12/02/2025 11:31:48 - INFO - qdiff.layer_recon -   Total loss:	6.541 (rec:0.606, round:5.935)	b=4.81	count=17500
12/02/2025 11:31:53 - INFO - qdiff.layer_recon -   Total loss:	5.219 (rec:0.560, round:4.659)	b=4.25	count=18000
12/02/2025 11:31:57 - INFO - qdiff.layer_recon -   Total loss:	3.914 (rec:0.695, round:3.219)	b=3.69	count=18500
12/02/2025 11:32:01 - INFO - qdiff.layer_recon -   Total loss:	2.503 (rec:0.738, round:1.765)	b=3.12	count=19000
12/02/2025 11:32:06 - INFO - qdiff.layer_recon -   Total loss:	1.676 (rec:1.082, round:0.594)	b=2.56	count=19500
12/02/2025 11:32:10 - INFO - qdiff.layer_recon -   Total loss:	1.464 (rec:1.380, round:0.083)	b=2.00	count=20000
12/02/2025 11:32:10 - INFO - __main__ -   down False
12/02/2025 11:32:10 - INFO - __main__ -   0 False
12/02/2025 11:32:10 - INFO - __main__ -   block False
12/02/2025 11:32:10 - INFO - __main__ -   0 True
12/02/2025 11:32:10 - INFO - __main__ -   Reconstruction for block 0
12/02/2025 11:32:33 - INFO - qdiff.timestep_aware_utils -   in 1 shape: torch.Size([5120, 128, 32, 32]), in 2 shape: torch.Size([5120, 512])
12/02/2025 11:32:33 - INFO - qdiff.timestep_aware_utils -   out shape: torch.Size([5120, 128, 32, 32])
12/02/2025 11:32:42 - INFO - qdiff.block_recon -   Total loss:	2.149 (rec:2.149, round:0.000)	b=0.00	count=500
12/02/2025 11:32:49 - INFO - qdiff.block_recon -   Total loss:	1.550 (rec:1.550, round:0.000)	b=0.00	count=1000
12/02/2025 11:32:57 - INFO - qdiff.block_recon -   Total loss:	1.789 (rec:1.789, round:0.000)	b=0.00	count=1500
12/02/2025 11:33:04 - INFO - qdiff.block_recon -   Total loss:	1.690 (rec:1.690, round:0.000)	b=0.00	count=2000
12/02/2025 11:33:12 - INFO - qdiff.block_recon -   Total loss:	1.457 (rec:1.457, round:0.000)	b=0.00	count=2500
12/02/2025 11:33:19 - INFO - qdiff.block_recon -   Total loss:	1.635 (rec:1.635, round:0.000)	b=0.00	count=3000
12/02/2025 11:33:27 - INFO - qdiff.block_recon -   Total loss:	1.433 (rec:1.433, round:0.000)	b=0.00	count=3500
12/02/2025 11:33:34 - INFO - qdiff.block_recon -   Total loss:	3076.290 (rec:1.391, round:3074.899)	b=20.00	count=4000
12/02/2025 11:33:42 - INFO - qdiff.block_recon -   Total loss:	1635.155 (rec:1.478, round:1633.677)	b=19.44	count=4500
12/02/2025 11:33:51 - INFO - qdiff.block_recon -   Total loss:	1496.195 (rec:1.590, round:1494.605)	b=18.88	count=5000
12/02/2025 11:33:59 - INFO - qdiff.block_recon -   Total loss:	1400.873 (rec:1.405, round:1399.468)	b=18.31	count=5500
12/02/2025 11:34:07 - INFO - qdiff.block_recon -   Total loss:	1321.707 (rec:1.390, round:1320.317)	b=17.75	count=6000
12/02/2025 11:34:15 - INFO - qdiff.block_recon -   Total loss:	1250.234 (rec:1.412, round:1248.821)	b=17.19	count=6500
12/02/2025 11:34:22 - INFO - qdiff.block_recon -   Total loss:	1184.090 (rec:1.476, round:1182.614)	b=16.62	count=7000
12/02/2025 11:34:31 - INFO - qdiff.block_recon -   Total loss:	1122.328 (rec:1.483, round:1120.845)	b=16.06	count=7500
12/02/2025 11:34:39 - INFO - qdiff.block_recon -   Total loss:	1063.074 (rec:1.319, round:1061.755)	b=15.50	count=8000
12/02/2025 11:34:46 - INFO - qdiff.block_recon -   Total loss:	1006.634 (rec:1.378, round:1005.255)	b=14.94	count=8500
12/02/2025 11:34:54 - INFO - qdiff.block_recon -   Total loss:	951.322 (rec:1.499, round:949.823)	b=14.38	count=9000
12/02/2025 11:35:02 - INFO - qdiff.block_recon -   Total loss:	895.976 (rec:1.495, round:894.481)	b=13.81	count=9500
12/02/2025 11:35:10 - INFO - qdiff.block_recon -   Total loss:	842.893 (rec:1.450, round:841.442)	b=13.25	count=10000
12/02/2025 11:35:19 - INFO - qdiff.block_recon -   Total loss:	790.502 (rec:1.495, round:789.007)	b=12.69	count=10500
12/02/2025 11:35:27 - INFO - qdiff.block_recon -   Total loss:	738.266 (rec:1.499, round:736.767)	b=12.12	count=11000
12/02/2025 11:35:35 - INFO - qdiff.block_recon -   Total loss:	685.691 (rec:1.422, round:684.269)	b=11.56	count=11500
12/02/2025 11:35:42 - INFO - qdiff.block_recon -   Total loss:	633.212 (rec:1.497, round:631.715)	b=11.00	count=12000
12/02/2025 11:35:51 - INFO - qdiff.block_recon -   Total loss:	579.057 (rec:1.567, round:577.490)	b=10.44	count=12500
12/02/2025 11:35:58 - INFO - qdiff.block_recon -   Total loss:	524.754 (rec:1.566, round:523.188)	b=9.88	count=13000
12/02/2025 11:36:06 - INFO - qdiff.block_recon -   Total loss:	470.225 (rec:1.417, round:468.808)	b=9.31	count=13500
12/02/2025 11:36:14 - INFO - qdiff.block_recon -   Total loss:	415.844 (rec:1.492, round:414.352)	b=8.75	count=14000
12/02/2025 11:36:22 - INFO - qdiff.block_recon -   Total loss:	360.416 (rec:1.664, round:358.752)	b=8.19	count=14500
12/02/2025 11:36:31 - INFO - qdiff.block_recon -   Total loss:	304.870 (rec:1.493, round:303.377)	b=7.62	count=15000
12/02/2025 11:36:39 - INFO - qdiff.block_recon -   Total loss:	249.803 (rec:1.722, round:248.081)	b=7.06	count=15500
12/02/2025 11:36:47 - INFO - qdiff.block_recon -   Total loss:	195.098 (rec:1.624, round:193.474)	b=6.50	count=16000
12/02/2025 11:36:55 - INFO - qdiff.block_recon -   Total loss:	143.713 (rec:1.626, round:142.087)	b=5.94	count=16500
12/02/2025 11:37:03 - INFO - qdiff.block_recon -   Total loss:	95.811 (rec:1.674, round:94.137)	b=5.38	count=17000
12/02/2025 11:37:11 - INFO - qdiff.block_recon -   Total loss:	55.283 (rec:1.785, round:53.498)	b=4.81	count=17500
12/02/2025 11:37:19 - INFO - qdiff.block_recon -   Total loss:	25.245 (rec:1.679, round:23.567)	b=4.25	count=18000
12/02/2025 11:37:27 - INFO - qdiff.block_recon -   Total loss:	8.262 (rec:1.813, round:6.449)	b=3.69	count=18500
12/02/2025 11:37:35 - INFO - qdiff.block_recon -   Total loss:	2.605 (rec:1.745, round:0.861)	b=3.12	count=19000
12/02/2025 11:37:43 - INFO - qdiff.block_recon -   Total loss:	1.940 (rec:1.869, round:0.071)	b=2.56	count=19500
12/02/2025 11:37:51 - INFO - qdiff.block_recon -   Total loss:	1.713 (rec:1.710, round:0.003)	b=2.00	count=20000
12/02/2025 11:37:51 - INFO - __main__ -   1 True
12/02/2025 11:37:51 - INFO - __main__ -   Reconstruction for block 1
12/02/2025 11:38:14 - INFO - qdiff.timestep_aware_utils -   in 1 shape: torch.Size([5120, 128, 32, 32]), in 2 shape: torch.Size([5120, 512])
12/02/2025 11:38:14 - INFO - qdiff.timestep_aware_utils -   out shape: torch.Size([5120, 128, 32, 32])
12/02/2025 11:38:22 - INFO - qdiff.block_recon -   Total loss:	3.153 (rec:3.153, round:0.000)	b=0.00	count=500
12/02/2025 11:38:30 - INFO - qdiff.block_recon -   Total loss:	3.464 (rec:3.464, round:0.000)	b=0.00	count=1000
12/02/2025 11:38:37 - INFO - qdiff.block_recon -   Total loss:	2.946 (rec:2.946, round:0.000)	b=0.00	count=1500
12/02/2025 11:38:45 - INFO - qdiff.block_recon -   Total loss:	2.641 (rec:2.641, round:0.000)	b=0.00	count=2000
12/02/2025 11:38:52 - INFO - qdiff.block_recon -   Total loss:	2.828 (rec:2.828, round:0.000)	b=0.00	count=2500
12/02/2025 11:39:00 - INFO - qdiff.block_recon -   Total loss:	3.194 (rec:3.194, round:0.000)	b=0.00	count=3000
12/02/2025 11:39:07 - INFO - qdiff.block_recon -   Total loss:	2.511 (rec:2.511, round:0.000)	b=0.00	count=3500
12/02/2025 11:39:15 - INFO - qdiff.block_recon -   Total loss:	3167.802 (rec:3.129, round:3164.673)	b=20.00	count=4000
12/02/2025 11:39:23 - INFO - qdiff.block_recon -   Total loss:	1819.915 (rec:2.737, round:1817.178)	b=19.44	count=4500
12/02/2025 11:39:31 - INFO - qdiff.block_recon -   Total loss:	1686.907 (rec:2.697, round:1684.210)	b=18.88	count=5000
12/02/2025 11:39:39 - INFO - qdiff.block_recon -   Total loss:	1601.428 (rec:2.735, round:1598.693)	b=18.31	count=5500
12/02/2025 11:39:46 - INFO - qdiff.block_recon -   Total loss:	1529.818 (rec:2.640, round:1527.178)	b=17.75	count=6000
12/02/2025 11:39:54 - INFO - qdiff.block_recon -   Total loss:	1466.623 (rec:2.651, round:1463.972)	b=17.19	count=6500
12/02/2025 11:40:02 - INFO - qdiff.block_recon -   Total loss:	1406.686 (rec:2.983, round:1403.703)	b=16.62	count=7000
12/02/2025 11:40:10 - INFO - qdiff.block_recon -   Total loss:	1350.179 (rec:2.988, round:1347.191)	b=16.06	count=7500
12/02/2025 11:40:18 - INFO - qdiff.block_recon -   Total loss:	1294.423 (rec:2.941, round:1291.482)	b=15.50	count=8000
12/02/2025 11:40:26 - INFO - qdiff.block_recon -   Total loss:	1239.795 (rec:2.728, round:1237.067)	b=14.94	count=8500
12/02/2025 11:40:34 - INFO - qdiff.block_recon -   Total loss:	1186.361 (rec:2.457, round:1183.904)	b=14.38	count=9000
12/02/2025 11:40:42 - INFO - qdiff.block_recon -   Total loss:	1132.623 (rec:2.638, round:1129.985)	b=13.81	count=9500
12/02/2025 11:40:50 - INFO - qdiff.block_recon -   Total loss:	1079.984 (rec:2.900, round:1077.084)	b=13.25	count=10000
12/02/2025 11:40:58 - INFO - qdiff.block_recon -   Total loss:	1025.590 (rec:2.774, round:1022.816)	b=12.69	count=10500
12/02/2025 11:41:06 - INFO - qdiff.block_recon -   Total loss:	970.733 (rec:3.031, round:967.702)	b=12.12	count=11000
12/02/2025 11:41:14 - INFO - qdiff.block_recon -   Total loss:	914.652 (rec:2.630, round:912.022)	b=11.56	count=11500
12/02/2025 11:41:22 - INFO - qdiff.block_recon -   Total loss:	857.036 (rec:2.955, round:854.081)	b=11.00	count=12000
12/02/2025 11:41:30 - INFO - qdiff.block_recon -   Total loss:	798.317 (rec:2.598, round:795.719)	b=10.44	count=12500
12/02/2025 11:41:38 - INFO - qdiff.block_recon -   Total loss:	737.590 (rec:3.225, round:734.365)	b=9.88	count=13000
12/02/2025 11:41:46 - INFO - qdiff.block_recon -   Total loss:	673.577 (rec:2.984, round:670.593)	b=9.31	count=13500
12/02/2025 11:41:54 - INFO - qdiff.block_recon -   Total loss:	607.909 (rec:3.263, round:604.646)	b=8.75	count=14000
12/02/2025 11:42:02 - INFO - qdiff.block_recon -   Total loss:	540.836 (rec:3.519, round:537.318)	b=8.19	count=14500
12/02/2025 11:42:10 - INFO - qdiff.block_recon -   Total loss:	470.915 (rec:2.749, round:468.166)	b=7.62	count=15000
12/02/2025 11:42:18 - INFO - qdiff.block_recon -   Total loss:	400.870 (rec:3.264, round:397.606)	b=7.06	count=15500
12/02/2025 11:42:26 - INFO - qdiff.block_recon -   Total loss:	327.934 (rec:2.862, round:325.073)	b=6.50	count=16000
12/02/2025 11:42:34 - INFO - qdiff.block_recon -   Total loss:	255.660 (rec:2.953, round:252.707)	b=5.94	count=16500
12/02/2025 11:42:42 - INFO - qdiff.block_recon -   Total loss:	186.061 (rec:3.306, round:182.755)	b=5.38	count=17000
12/02/2025 11:42:50 - INFO - qdiff.block_recon -   Total loss:	121.311 (rec:3.098, round:118.213)	b=4.81	count=17500
12/02/2025 11:42:58 - INFO - qdiff.block_recon -   Total loss:	67.521 (rec:3.706, round:63.815)	b=4.25	count=18000
12/02/2025 11:43:06 - INFO - qdiff.block_recon -   Total loss:	28.531 (rec:3.112, round:25.420)	b=3.69	count=18500
12/02/2025 11:43:14 - INFO - qdiff.block_recon -   Total loss:	9.469 (rec:3.479, round:5.990)	b=3.12	count=19000
12/02/2025 11:43:22 - INFO - qdiff.block_recon -   Total loss:	4.460 (rec:3.816, round:0.644)	b=2.56	count=19500
12/02/2025 11:43:30 - INFO - qdiff.block_recon -   Total loss:	3.365 (rec:3.328, round:0.037)	b=2.00	count=20000
12/02/2025 11:43:30 - INFO - __main__ -   attn False
12/02/2025 11:43:30 - INFO - __main__ -   downsample False
12/02/2025 11:43:30 - INFO - __main__ -   conv False
12/02/2025 11:43:30 - INFO - __main__ -   Reconstruction for layer conv
12/02/2025 11:43:53 - INFO - qdiff.timestep_aware_utils -   in shape: torch.Size([5120, 128, 33, 33])
12/02/2025 11:43:53 - INFO - qdiff.timestep_aware_utils -   out shape: torch.Size([5120, 128, 16, 16])
12/02/2025 11:43:58 - INFO - qdiff.layer_recon -   Total loss:	3.333 (rec:3.333, round:0.000)	b=0.00	count=500
12/02/2025 11:44:02 - INFO - qdiff.layer_recon -   Total loss:	3.925 (rec:3.925, round:0.000)	b=0.00	count=1000
12/02/2025 11:44:06 - INFO - qdiff.layer_recon -   Total loss:	3.057 (rec:3.057, round:0.000)	b=0.00	count=1500
12/02/2025 11:44:10 - INFO - qdiff.layer_recon -   Total loss:	2.620 (rec:2.620, round:0.000)	b=0.00	count=2000
12/02/2025 11:44:14 - INFO - qdiff.layer_recon -   Total loss:	5.758 (rec:5.758, round:0.000)	b=0.00	count=2500
12/02/2025 11:44:19 - INFO - qdiff.layer_recon -   Total loss:	3.658 (rec:3.658, round:0.000)	b=0.00	count=3000
12/02/2025 11:44:23 - INFO - qdiff.layer_recon -   Total loss:	3.808 (rec:3.808, round:0.000)	b=0.00	count=3500
12/02/2025 11:44:27 - INFO - qdiff.layer_recon -   Total loss:	1282.483 (rec:3.758, round:1278.725)	b=20.00	count=4000
12/02/2025 11:44:32 - INFO - qdiff.layer_recon -   Total loss:	827.429 (rec:2.550, round:824.879)	b=19.44	count=4500
12/02/2025 11:44:36 - INFO - qdiff.layer_recon -   Total loss:	772.199 (rec:3.263, round:768.935)	b=18.88	count=5000
12/02/2025 11:44:41 - INFO - qdiff.layer_recon -   Total loss:	734.969 (rec:2.664, round:732.305)	b=18.31	count=5500
12/02/2025 11:44:45 - INFO - qdiff.layer_recon -   Total loss:	704.389 (rec:2.322, round:702.067)	b=17.75	count=6000
12/02/2025 11:44:50 - INFO - qdiff.layer_recon -   Total loss:	676.217 (rec:2.556, round:673.661)	b=17.19	count=6500
12/02/2025 11:44:54 - INFO - qdiff.layer_recon -   Total loss:	649.914 (rec:2.691, round:647.222)	b=16.62	count=7000
12/02/2025 11:44:59 - INFO - qdiff.layer_recon -   Total loss:	623.910 (rec:2.274, round:621.636)	b=16.06	count=7500
12/02/2025 11:45:04 - INFO - qdiff.layer_recon -   Total loss:	599.325 (rec:3.039, round:596.286)	b=15.50	count=8000
12/02/2025 11:45:08 - INFO - qdiff.layer_recon -   Total loss:	576.180 (rec:4.213, round:571.967)	b=14.94	count=8500
12/02/2025 11:45:13 - INFO - qdiff.layer_recon -   Total loss:	549.570 (rec:2.205, round:547.365)	b=14.38	count=9000
12/02/2025 11:45:17 - INFO - qdiff.layer_recon -   Total loss:	524.874 (rec:3.389, round:521.485)	b=13.81	count=9500
12/02/2025 11:45:22 - INFO - qdiff.layer_recon -   Total loss:	499.718 (rec:2.512, round:497.207)	b=13.25	count=10000
12/02/2025 11:45:26 - INFO - qdiff.layer_recon -   Total loss:	474.394 (rec:2.633, round:471.761)	b=12.69	count=10500
12/02/2025 11:45:31 - INFO - qdiff.layer_recon -   Total loss:	448.919 (rec:2.990, round:445.929)	b=12.12	count=11000
12/02/2025 11:45:35 - INFO - qdiff.layer_recon -   Total loss:	424.798 (rec:3.981, round:420.817)	b=11.56	count=11500
12/02/2025 11:45:40 - INFO - qdiff.layer_recon -   Total loss:	398.745 (rec:4.447, round:394.298)	b=11.00	count=12000
12/02/2025 11:45:44 - INFO - qdiff.layer_recon -   Total loss:	369.623 (rec:2.117, round:367.506)	b=10.44	count=12500
12/02/2025 11:45:49 - INFO - qdiff.layer_recon -   Total loss:	342.189 (rec:3.695, round:338.494)	b=9.88	count=13000
12/02/2025 11:45:53 - INFO - qdiff.layer_recon -   Total loss:	311.293 (rec:2.157, round:309.136)	b=9.31	count=13500
12/02/2025 11:45:58 - INFO - qdiff.layer_recon -   Total loss:	280.428 (rec:2.702, round:277.726)	b=8.75	count=14000
12/02/2025 11:46:02 - INFO - qdiff.layer_recon -   Total loss:	248.606 (rec:3.781, round:244.825)	b=8.19	count=14500
12/02/2025 11:46:07 - INFO - qdiff.layer_recon -   Total loss:	214.415 (rec:3.763, round:210.652)	b=7.62	count=15000
12/02/2025 11:46:11 - INFO - qdiff.layer_recon -   Total loss:	180.071 (rec:3.585, round:176.487)	b=7.06	count=15500
12/02/2025 11:46:16 - INFO - qdiff.layer_recon -   Total loss:	142.595 (rec:3.092, round:139.503)	b=6.50	count=16000
12/02/2025 11:46:20 - INFO - qdiff.layer_recon -   Total loss:	106.424 (rec:3.021, round:103.403)	b=5.94	count=16500
12/02/2025 11:46:25 - INFO - qdiff.layer_recon -   Total loss:	72.366 (rec:3.142, round:69.224)	b=5.38	count=17000
12/02/2025 11:46:29 - INFO - qdiff.layer_recon -   Total loss:	43.563 (rec:3.282, round:40.281)	b=4.81	count=17500
12/02/2025 11:46:34 - INFO - qdiff.layer_recon -   Total loss:	24.625 (rec:4.320, round:20.305)	b=4.25	count=18000
12/02/2025 11:46:38 - INFO - qdiff.layer_recon -   Total loss:	13.391 (rec:4.881, round:8.510)	b=3.69	count=18500
12/02/2025 11:46:43 - INFO - qdiff.layer_recon -   Total loss:	5.763 (rec:3.075, round:2.688)	b=3.12	count=19000
12/02/2025 11:46:47 - INFO - qdiff.layer_recon -   Total loss:	4.464 (rec:3.836, round:0.627)	b=2.56	count=19500
12/02/2025 11:46:52 - INFO - qdiff.layer_recon -   Total loss:	4.750 (rec:4.647, round:0.103)	b=2.00	count=20000
12/02/2025 11:46:52 - INFO - __main__ -   1 False
12/02/2025 11:46:52 - INFO - __main__ -   block False
12/02/2025 11:46:52 - INFO - __main__ -   0 True
12/02/2025 11:46:52 - INFO - __main__ -   Reconstruction for block 0
12/02/2025 11:47:14 - INFO - qdiff.timestep_aware_utils -   in 1 shape: torch.Size([5120, 128, 16, 16]), in 2 shape: torch.Size([5120, 512])
12/02/2025 11:47:14 - INFO - qdiff.timestep_aware_utils -   out shape: torch.Size([5120, 256, 16, 16])
12/02/2025 11:47:19 - INFO - qdiff.block_recon -   Total loss:	6.794 (rec:6.794, round:0.000)	b=0.00	count=500
12/02/2025 11:47:24 - INFO - qdiff.block_recon -   Total loss:	6.526 (rec:6.526, round:0.000)	b=0.00	count=1000
12/02/2025 11:47:28 - INFO - qdiff.block_recon -   Total loss:	5.564 (rec:5.564, round:0.000)	b=0.00	count=1500
12/02/2025 11:47:33 - INFO - qdiff.block_recon -   Total loss:	6.331 (rec:6.331, round:0.000)	b=0.00	count=2000
12/02/2025 11:47:37 - INFO - qdiff.block_recon -   Total loss:	5.115 (rec:5.115, round:0.000)	b=0.00	count=2500
12/02/2025 11:47:42 - INFO - qdiff.block_recon -   Total loss:	6.297 (rec:6.297, round:0.000)	b=0.00	count=3000
12/02/2025 11:47:46 - INFO - qdiff.block_recon -   Total loss:	6.605 (rec:6.605, round:0.000)	b=0.00	count=3500
12/02/2025 11:47:51 - INFO - qdiff.block_recon -   Total loss:	9368.250 (rec:5.461, round:9362.789)	b=20.00	count=4000
12/02/2025 11:47:56 - INFO - qdiff.block_recon -   Total loss:	5385.593 (rec:5.697, round:5379.896)	b=19.44	count=4500
12/02/2025 11:48:02 - INFO - qdiff.block_recon -   Total loss:	4994.299 (rec:5.446, round:4988.853)	b=18.88	count=5000
12/02/2025 11:48:07 - INFO - qdiff.block_recon -   Total loss:	4729.973 (rec:5.755, round:4724.217)	b=18.31	count=5500
12/02/2025 11:48:13 - INFO - qdiff.block_recon -   Total loss:	4503.462 (rec:5.019, round:4498.443)	b=17.75	count=6000
12/02/2025 11:48:19 - INFO - qdiff.block_recon -   Total loss:	4295.616 (rec:6.293, round:4289.323)	b=17.19	count=6500
12/02/2025 11:48:24 - INFO - qdiff.block_recon -   Total loss:	4103.370 (rec:6.085, round:4097.284)	b=16.62	count=7000
12/02/2025 11:48:30 - INFO - qdiff.block_recon -   Total loss:	3914.123 (rec:5.449, round:3908.674)	b=16.06	count=7500
12/02/2025 11:48:35 - INFO - qdiff.block_recon -   Total loss:	3733.940 (rec:5.868, round:3728.073)	b=15.50	count=8000
12/02/2025 11:48:41 - INFO - qdiff.block_recon -   Total loss:	3553.152 (rec:5.791, round:3547.360)	b=14.94	count=8500
12/02/2025 11:48:46 - INFO - qdiff.block_recon -   Total loss:	3375.414 (rec:5.975, round:3369.438)	b=14.38	count=9000
12/02/2025 11:48:52 - INFO - qdiff.block_recon -   Total loss:	3199.555 (rec:5.769, round:3193.786)	b=13.81	count=9500
12/02/2025 11:48:57 - INFO - qdiff.block_recon -   Total loss:	3026.521 (rec:6.662, round:3019.860)	b=13.25	count=10000
12/02/2025 11:49:03 - INFO - qdiff.block_recon -   Total loss:	2850.194 (rec:4.975, round:2845.219)	b=12.69	count=10500
12/02/2025 11:49:08 - INFO - qdiff.block_recon -   Total loss:	2679.716 (rec:6.201, round:2673.515)	b=12.12	count=11000
12/02/2025 11:49:14 - INFO - qdiff.block_recon -   Total loss:	2504.328 (rec:5.199, round:2499.129)	b=11.56	count=11500
12/02/2025 11:49:19 - INFO - qdiff.block_recon -   Total loss:	2331.115 (rec:6.242, round:2324.874)	b=11.00	count=12000
12/02/2025 11:49:25 - INFO - qdiff.block_recon -   Total loss:	2154.601 (rec:5.513, round:2149.088)	b=10.44	count=12500
12/02/2025 11:49:30 - INFO - qdiff.block_recon -   Total loss:	1974.819 (rec:5.429, round:1969.390)	b=9.88	count=13000
12/02/2025 11:49:36 - INFO - qdiff.block_recon -   Total loss:	1794.375 (rec:6.050, round:1788.325)	b=9.31	count=13500
12/02/2025 11:49:42 - INFO - qdiff.block_recon -   Total loss:	1607.526 (rec:5.187, round:1602.339)	b=8.75	count=14000
12/02/2025 11:49:47 - INFO - qdiff.block_recon -   Total loss:	1419.185 (rec:6.671, round:1412.513)	b=8.19	count=14500
12/02/2025 11:49:53 - INFO - qdiff.block_recon -   Total loss:	1227.611 (rec:6.341, round:1221.270)	b=7.62	count=15000
12/02/2025 11:49:58 - INFO - qdiff.block_recon -   Total loss:	1033.615 (rec:5.649, round:1027.965)	b=7.06	count=15500
12/02/2025 11:50:04 - INFO - qdiff.block_recon -   Total loss:	839.776 (rec:6.399, round:833.377)	b=6.50	count=16000
12/02/2025 11:50:09 - INFO - qdiff.block_recon -   Total loss:	648.357 (rec:6.617, round:641.740)	b=5.94	count=16500
12/02/2025 11:50:15 - INFO - qdiff.block_recon -   Total loss:	463.659 (rec:6.591, round:457.068)	b=5.38	count=17000
12/02/2025 11:50:20 - INFO - qdiff.block_recon -   Total loss:	297.846 (rec:7.132, round:290.714)	b=4.81	count=17500
12/02/2025 11:50:26 - INFO - qdiff.block_recon -   Total loss:	161.015 (rec:6.456, round:154.559)	b=4.25	count=18000
12/02/2025 11:50:31 - INFO - qdiff.block_recon -   Total loss:	65.081 (rec:6.671, round:58.410)	b=3.69	count=18500
12/02/2025 11:50:37 - INFO - qdiff.block_recon -   Total loss:	21.159 (rec:7.797, round:13.362)	b=3.12	count=19000
12/02/2025 11:50:42 - INFO - qdiff.block_recon -   Total loss:	8.700 (rec:6.858, round:1.841)	b=2.56	count=19500
12/02/2025 11:50:48 - INFO - qdiff.block_recon -   Total loss:	7.244 (rec:7.003, round:0.241)	b=2.00	count=20000
12/02/2025 11:50:48 - INFO - __main__ -   1 True
12/02/2025 11:50:48 - INFO - __main__ -   Reconstruction for block 1
12/02/2025 11:51:14 - INFO - qdiff.timestep_aware_utils -   in 1 shape: torch.Size([5120, 256, 16, 16]), in 2 shape: torch.Size([5120, 512])
12/02/2025 11:51:14 - INFO - qdiff.timestep_aware_utils -   out shape: torch.Size([5120, 256, 16, 16])
12/02/2025 11:51:19 - INFO - qdiff.block_recon -   Total loss:	11.271 (rec:11.271, round:0.000)	b=0.00	count=500
12/02/2025 11:51:24 - INFO - qdiff.block_recon -   Total loss:	10.239 (rec:10.239, round:0.000)	b=0.00	count=1000
12/02/2025 11:51:29 - INFO - qdiff.block_recon -   Total loss:	9.823 (rec:9.823, round:0.000)	b=0.00	count=1500
12/02/2025 11:51:33 - INFO - qdiff.block_recon -   Total loss:	10.162 (rec:10.162, round:0.000)	b=0.00	count=2000
12/02/2025 11:51:38 - INFO - qdiff.block_recon -   Total loss:	9.172 (rec:9.172, round:0.000)	b=0.00	count=2500
12/02/2025 11:51:43 - INFO - qdiff.block_recon -   Total loss:	8.093 (rec:8.093, round:0.000)	b=0.00	count=3000
12/02/2025 11:51:48 - INFO - qdiff.block_recon -   Total loss:	8.262 (rec:8.262, round:0.000)	b=0.00	count=3500
12/02/2025 11:51:53 - INFO - qdiff.block_recon -   Total loss:	11762.924 (rec:9.002, round:11753.922)	b=20.00	count=4000
12/02/2025 11:51:58 - INFO - qdiff.block_recon -   Total loss:	6969.015 (rec:9.939, round:6959.076)	b=19.44	count=4500
12/02/2025 11:52:04 - INFO - qdiff.block_recon -   Total loss:	6487.809 (rec:10.232, round:6477.577)	b=18.88	count=5000
12/02/2025 11:52:09 - INFO - qdiff.block_recon -   Total loss:	6167.746 (rec:8.404, round:6159.342)	b=18.31	count=5500
12/02/2025 11:52:15 - INFO - qdiff.block_recon -   Total loss:	5898.084 (rec:7.626, round:5890.458)	b=17.75	count=6000
12/02/2025 11:52:20 - INFO - qdiff.block_recon -   Total loss:	5655.283 (rec:8.852, round:5646.431)	b=17.19	count=6500
12/02/2025 11:52:25 - INFO - qdiff.block_recon -   Total loss:	5425.562 (rec:9.898, round:5415.664)	b=16.62	count=7000
12/02/2025 11:52:31 - INFO - qdiff.block_recon -   Total loss:	5198.687 (rec:8.006, round:5190.681)	b=16.06	count=7500
12/02/2025 11:52:36 - INFO - qdiff.block_recon -   Total loss:	4982.959 (rec:8.952, round:4974.007)	b=15.50	count=8000
12/02/2025 11:52:42 - INFO - qdiff.block_recon -   Total loss:	4767.470 (rec:7.747, round:4759.723)	b=14.94	count=8500
12/02/2025 11:52:47 - INFO - qdiff.block_recon -   Total loss:	4558.510 (rec:8.650, round:4549.860)	b=14.38	count=9000
12/02/2025 11:52:53 - INFO - qdiff.block_recon -   Total loss:	4349.521 (rec:7.882, round:4341.639)	b=13.81	count=9500
12/02/2025 11:52:58 - INFO - qdiff.block_recon -   Total loss:	4142.729 (rec:8.733, round:4133.997)	b=13.25	count=10000
12/02/2025 11:53:04 - INFO - qdiff.block_recon -   Total loss:	3932.129 (rec:7.491, round:3924.639)	b=12.69	count=10500
12/02/2025 11:53:09 - INFO - qdiff.block_recon -   Total loss:	3725.710 (rec:8.768, round:3716.942)	b=12.12	count=11000
12/02/2025 11:53:15 - INFO - qdiff.block_recon -   Total loss:	3510.647 (rec:8.721, round:3501.926)	b=11.56	count=11500
12/02/2025 11:53:20 - INFO - qdiff.block_recon -   Total loss:	3296.268 (rec:8.739, round:3287.530)	b=11.00	count=12000
12/02/2025 11:53:26 - INFO - qdiff.block_recon -   Total loss:	3078.227 (rec:9.898, round:3068.329)	b=10.44	count=12500
12/02/2025 11:53:31 - INFO - qdiff.block_recon -   Total loss:	2849.620 (rec:7.980, round:2841.641)	b=9.88	count=13000
12/02/2025 11:53:37 - INFO - qdiff.block_recon -   Total loss:	2621.242 (rec:10.032, round:2611.210)	b=9.31	count=13500
12/02/2025 11:53:42 - INFO - qdiff.block_recon -   Total loss:	2384.427 (rec:9.107, round:2375.321)	b=8.75	count=14000
12/02/2025 11:53:48 - INFO - qdiff.block_recon -   Total loss:	2137.346 (rec:7.664, round:2129.682)	b=8.19	count=14500
12/02/2025 11:53:53 - INFO - qdiff.block_recon -   Total loss:	1887.993 (rec:9.568, round:1878.425)	b=7.62	count=15000
12/02/2025 11:53:59 - INFO - qdiff.block_recon -   Total loss:	1628.847 (rec:9.568, round:1619.279)	b=7.06	count=15500
12/02/2025 11:54:04 - INFO - qdiff.block_recon -   Total loss:	1365.620 (rec:9.815, round:1355.805)	b=6.50	count=16000
12/02/2025 11:54:09 - INFO - qdiff.block_recon -   Total loss:	1097.347 (rec:10.396, round:1086.951)	b=5.94	count=16500
12/02/2025 11:54:15 - INFO - qdiff.block_recon -   Total loss:	826.851 (rec:8.947, round:817.905)	b=5.38	count=17000
12/02/2025 11:54:20 - INFO - qdiff.block_recon -   Total loss:	567.355 (rec:10.032, round:557.323)	b=4.81	count=17500
12/02/2025 11:54:26 - INFO - qdiff.block_recon -   Total loss:	330.895 (rec:8.818, round:322.077)	b=4.25	count=18000
12/02/2025 11:54:31 - INFO - qdiff.block_recon -   Total loss:	149.053 (rec:12.398, round:136.656)	b=3.69	count=18500
12/02/2025 11:54:37 - INFO - qdiff.block_recon -   Total loss:	42.238 (rec:10.642, round:31.596)	b=3.12	count=19000
12/02/2025 11:54:42 - INFO - qdiff.block_recon -   Total loss:	14.551 (rec:11.032, round:3.519)	b=2.56	count=19500
12/02/2025 11:54:48 - INFO - qdiff.block_recon -   Total loss:	11.449 (rec:11.115, round:0.334)	b=2.00	count=20000
12/02/2025 11:54:48 - INFO - __main__ -   attn False
12/02/2025 11:54:48 - INFO - __main__ -   0 True
12/02/2025 11:54:48 - INFO - __main__ -   Reconstruction for block 0
12/02/2025 11:55:12 - INFO - qdiff.timestep_aware_utils -   in shape: torch.Size([5120, 256, 16, 16])
12/02/2025 11:55:12 - INFO - qdiff.timestep_aware_utils -   out shape: torch.Size([5120, 256, 16, 16])
12/02/2025 11:55:17 - INFO - qdiff.block_recon -   Total loss:	2.317 (rec:2.317, round:0.000)	b=0.00	count=500
12/02/2025 11:55:22 - INFO - qdiff.block_recon -   Total loss:	2.696 (rec:2.696, round:0.000)	b=0.00	count=1000
12/02/2025 11:55:27 - INFO - qdiff.block_recon -   Total loss:	2.784 (rec:2.784, round:0.000)	b=0.00	count=1500
12/02/2025 11:55:32 - INFO - qdiff.block_recon -   Total loss:	2.747 (rec:2.747, round:0.000)	b=0.00	count=2000
12/02/2025 11:55:37 - INFO - qdiff.block_recon -   Total loss:	2.687 (rec:2.687, round:0.000)	b=0.00	count=2500
12/02/2025 11:55:42 - INFO - qdiff.block_recon -   Total loss:	1.993 (rec:1.993, round:0.000)	b=0.00	count=3000
12/02/2025 11:55:47 - INFO - qdiff.block_recon -   Total loss:	1.961 (rec:1.961, round:0.000)	b=0.00	count=3500
12/02/2025 11:55:52 - INFO - qdiff.block_recon -   Total loss:	2416.080 (rec:2.579, round:2413.501)	b=20.00	count=4000
12/02/2025 11:55:58 - INFO - qdiff.block_recon -   Total loss:	1405.585 (rec:2.313, round:1403.271)	b=19.44	count=4500
12/02/2025 11:56:04 - INFO - qdiff.block_recon -   Total loss:	1309.751 (rec:2.076, round:1307.675)	b=18.88	count=5000
12/02/2025 11:56:10 - INFO - qdiff.block_recon -   Total loss:	1250.239 (rec:2.385, round:1247.854)	b=18.31	count=5500
12/02/2025 11:56:16 - INFO - qdiff.block_recon -   Total loss:	1202.021 (rec:2.699, round:1199.323)	b=17.75	count=6000
12/02/2025 11:56:22 - INFO - qdiff.block_recon -   Total loss:	1157.940 (rec:2.708, round:1155.232)	b=17.19	count=6500
12/02/2025 11:56:28 - INFO - qdiff.block_recon -   Total loss:	1115.385 (rec:2.034, round:1113.351)	b=16.62	count=7000
12/02/2025 11:56:34 - INFO - qdiff.block_recon -   Total loss:	1074.886 (rec:2.287, round:1072.599)	b=16.06	count=7500
12/02/2025 11:56:40 - INFO - qdiff.block_recon -   Total loss:	1035.291 (rec:2.615, round:1032.676)	b=15.50	count=8000
12/02/2025 11:56:46 - INFO - qdiff.block_recon -   Total loss:	995.516 (rec:2.626, round:992.890)	b=14.94	count=8500
12/02/2025 11:56:52 - INFO - qdiff.block_recon -   Total loss:	954.142 (rec:2.276, round:951.866)	b=14.38	count=9000
12/02/2025 11:56:58 - INFO - qdiff.block_recon -   Total loss:	913.780 (rec:2.137, round:911.643)	b=13.81	count=9500
12/02/2025 11:57:04 - INFO - qdiff.block_recon -   Total loss:	871.836 (rec:2.786, round:869.050)	b=13.25	count=10000
12/02/2025 11:57:10 - INFO - qdiff.block_recon -   Total loss:	828.443 (rec:2.334, round:826.109)	b=12.69	count=10500
12/02/2025 11:57:16 - INFO - qdiff.block_recon -   Total loss:	785.038 (rec:2.592, round:782.446)	b=12.12	count=11000
12/02/2025 11:57:22 - INFO - qdiff.block_recon -   Total loss:	740.848 (rec:2.910, round:737.938)	b=11.56	count=11500
12/02/2025 11:57:28 - INFO - qdiff.block_recon -   Total loss:	694.345 (rec:2.309, round:692.036)	b=11.00	count=12000
12/02/2025 11:57:34 - INFO - qdiff.block_recon -   Total loss:	646.017 (rec:2.478, round:643.539)	b=10.44	count=12500
12/02/2025 11:57:40 - INFO - qdiff.block_recon -   Total loss:	596.388 (rec:2.180, round:594.208)	b=9.88	count=13000
12/02/2025 11:57:46 - INFO - qdiff.block_recon -   Total loss:	546.869 (rec:2.543, round:544.326)	b=9.31	count=13500
12/02/2025 11:57:52 - INFO - qdiff.block_recon -   Total loss:	492.889 (rec:2.068, round:490.821)	b=8.75	count=14000
12/02/2025 11:57:58 - INFO - qdiff.block_recon -   Total loss:	438.740 (rec:2.065, round:436.675)	b=8.19	count=14500
12/02/2025 11:58:04 - INFO - qdiff.block_recon -   Total loss:	382.631 (rec:2.596, round:380.035)	b=7.62	count=15000
12/02/2025 11:58:10 - INFO - qdiff.block_recon -   Total loss:	322.054 (rec:2.149, round:319.906)	b=7.06	count=15500
12/02/2025 11:58:15 - INFO - qdiff.block_recon -   Total loss:	262.816 (rec:2.786, round:260.030)	b=6.50	count=16000
12/02/2025 11:58:21 - INFO - qdiff.block_recon -   Total loss:	201.725 (rec:2.253, round:199.472)	b=5.94	count=16500
12/02/2025 11:58:27 - INFO - qdiff.block_recon -   Total loss:	141.287 (rec:2.201, round:139.086)	b=5.38	count=17000
12/02/2025 11:58:33 - INFO - qdiff.block_recon -   Total loss:	85.488 (rec:2.328, round:83.160)	b=4.81	count=17500
12/02/2025 11:58:39 - INFO - qdiff.block_recon -   Total loss:	40.496 (rec:3.098, round:37.398)	b=4.25	count=18000
12/02/2025 11:58:45 - INFO - qdiff.block_recon -   Total loss:	12.498 (rec:2.279, round:10.219)	b=3.69	count=18500
12/02/2025 11:58:51 - INFO - qdiff.block_recon -   Total loss:	4.463 (rec:2.718, round:1.745)	b=3.12	count=19000
12/02/2025 11:58:57 - INFO - qdiff.block_recon -   Total loss:	2.291 (rec:2.069, round:0.221)	b=2.56	count=19500
12/02/2025 11:59:03 - INFO - qdiff.block_recon -   Total loss:	3.095 (rec:3.066, round:0.029)	b=2.00	count=20000
12/02/2025 11:59:04 - INFO - __main__ -   1 True
12/02/2025 11:59:04 - INFO - __main__ -   Reconstruction for block 1
12/02/2025 11:59:31 - INFO - qdiff.timestep_aware_utils -   in shape: torch.Size([5120, 256, 16, 16])
12/02/2025 11:59:31 - INFO - qdiff.timestep_aware_utils -   out shape: torch.Size([5120, 256, 16, 16])
12/02/2025 11:59:37 - INFO - qdiff.block_recon -   Total loss:	4.415 (rec:4.415, round:0.000)	b=0.00	count=500
12/02/2025 11:59:42 - INFO - qdiff.block_recon -   Total loss:	3.868 (rec:3.868, round:0.000)	b=0.00	count=1000
12/02/2025 11:59:47 - INFO - qdiff.block_recon -   Total loss:	4.951 (rec:4.951, round:0.000)	b=0.00	count=1500
12/02/2025 11:59:52 - INFO - qdiff.block_recon -   Total loss:	4.739 (rec:4.739, round:0.000)	b=0.00	count=2000
12/02/2025 11:59:57 - INFO - qdiff.block_recon -   Total loss:	3.603 (rec:3.603, round:0.000)	b=0.00	count=2500
12/02/2025 12:00:02 - INFO - qdiff.block_recon -   Total loss:	5.050 (rec:5.050, round:0.000)	b=0.00	count=3000
12/02/2025 12:00:07 - INFO - qdiff.block_recon -   Total loss:	3.533 (rec:3.533, round:0.000)	b=0.00	count=3500
12/02/2025 12:00:11 - INFO - qdiff.block_recon -   Total loss:	2409.464 (rec:4.337, round:2405.127)	b=20.00	count=4000
12/02/2025 12:00:17 - INFO - qdiff.block_recon -   Total loss:	1468.438 (rec:4.592, round:1463.846)	b=19.44	count=4500
12/02/2025 12:00:23 - INFO - qdiff.block_recon -   Total loss:	1374.740 (rec:4.491, round:1370.249)	b=18.88	count=5000
12/02/2025 12:00:29 - INFO - qdiff.block_recon -   Total loss:	1314.368 (rec:4.788, round:1309.580)	b=18.31	count=5500
12/02/2025 12:00:35 - INFO - qdiff.block_recon -   Total loss:	1263.991 (rec:3.784, round:1260.206)	b=17.75	count=6000
12/02/2025 12:00:41 - INFO - qdiff.block_recon -   Total loss:	1220.740 (rec:4.010, round:1216.730)	b=17.19	count=6500
12/02/2025 12:00:47 - INFO - qdiff.block_recon -   Total loss:	1179.415 (rec:3.788, round:1175.626)	b=16.62	count=7000
12/02/2025 12:00:53 - INFO - qdiff.block_recon -   Total loss:	1137.575 (rec:4.716, round:1132.860)	b=16.06	count=7500
12/02/2025 12:00:59 - INFO - qdiff.block_recon -   Total loss:	1097.839 (rec:4.957, round:1092.883)	b=15.50	count=8000
12/02/2025 12:01:05 - INFO - qdiff.block_recon -   Total loss:	1057.686 (rec:4.317, round:1053.369)	b=14.94	count=8500
12/02/2025 12:01:11 - INFO - qdiff.block_recon -   Total loss:	1017.397 (rec:4.573, round:1012.823)	b=14.38	count=9000
12/02/2025 12:01:17 - INFO - qdiff.block_recon -   Total loss:	976.614 (rec:4.977, round:971.638)	b=13.81	count=9500
12/02/2025 12:01:23 - INFO - qdiff.block_recon -   Total loss:	934.092 (rec:3.622, round:930.469)	b=13.25	count=10000
12/02/2025 12:01:29 - INFO - qdiff.block_recon -   Total loss:	893.085 (rec:4.204, round:888.881)	b=12.69	count=10500
12/02/2025 12:01:35 - INFO - qdiff.block_recon -   Total loss:	849.973 (rec:4.141, round:845.831)	b=12.12	count=11000
12/02/2025 12:01:41 - INFO - qdiff.block_recon -   Total loss:	806.071 (rec:4.392, round:801.679)	b=11.56	count=11500
12/02/2025 12:01:47 - INFO - qdiff.block_recon -   Total loss:	758.609 (rec:3.863, round:754.745)	b=11.00	count=12000
12/02/2025 12:01:53 - INFO - qdiff.block_recon -   Total loss:	712.017 (rec:5.227, round:706.790)	b=10.44	count=12500
12/02/2025 12:01:59 - INFO - qdiff.block_recon -   Total loss:	661.506 (rec:4.691, round:656.815)	b=9.88	count=13000
12/02/2025 12:02:05 - INFO - qdiff.block_recon -   Total loss:	608.180 (rec:4.161, round:604.019)	b=9.31	count=13500
12/02/2025 12:02:11 - INFO - qdiff.block_recon -   Total loss:	555.498 (rec:4.460, round:551.038)	b=8.75	count=14000
12/02/2025 12:02:17 - INFO - qdiff.block_recon -   Total loss:	499.757 (rec:5.403, round:494.354)	b=8.19	count=14500
12/02/2025 12:02:23 - INFO - qdiff.block_recon -   Total loss:	440.619 (rec:4.788, round:435.831)	b=7.62	count=15000
12/02/2025 12:02:29 - INFO - qdiff.block_recon -   Total loss:	380.674 (rec:4.927, round:375.747)	b=7.06	count=15500
12/02/2025 12:02:35 - INFO - qdiff.block_recon -   Total loss:	315.339 (rec:3.411, round:311.928)	b=6.50	count=16000
12/02/2025 12:02:41 - INFO - qdiff.block_recon -   Total loss:	251.768 (rec:3.999, round:247.769)	b=5.94	count=16500
12/02/2025 12:02:47 - INFO - qdiff.block_recon -   Total loss:	188.477 (rec:4.793, round:183.684)	b=5.38	count=17000
12/02/2025 12:02:53 - INFO - qdiff.block_recon -   Total loss:	125.168 (rec:4.638, round:120.530)	b=4.81	count=17500
12/02/2025 12:02:59 - INFO - qdiff.block_recon -   Total loss:	68.232 (rec:3.994, round:64.238)	b=4.25	count=18000
12/02/2025 12:03:05 - INFO - qdiff.block_recon -   Total loss:	28.329 (rec:5.362, round:22.967)	b=3.69	count=18500
12/02/2025 12:03:11 - INFO - qdiff.block_recon -   Total loss:	8.741 (rec:4.127, round:4.614)	b=3.12	count=19000
12/02/2025 12:03:17 - INFO - qdiff.block_recon -   Total loss:	4.397 (rec:3.936, round:0.461)	b=2.56	count=19500
12/02/2025 12:03:23 - INFO - qdiff.block_recon -   Total loss:	5.791 (rec:5.768, round:0.023)	b=2.00	count=20000
12/02/2025 12:03:23 - INFO - __main__ -   downsample False
12/02/2025 12:03:23 - INFO - __main__ -   conv False
12/02/2025 12:03:23 - INFO - __main__ -   Reconstruction for layer conv
12/02/2025 12:03:51 - INFO - qdiff.timestep_aware_utils -   in shape: torch.Size([5120, 256, 17, 17])
12/02/2025 12:03:51 - INFO - qdiff.timestep_aware_utils -   out shape: torch.Size([5120, 256, 8, 8])
12/02/2025 12:03:54 - INFO - qdiff.layer_recon -   Total loss:	16.507 (rec:16.507, round:0.000)	b=0.00	count=500
12/02/2025 12:03:57 - INFO - qdiff.layer_recon -   Total loss:	14.781 (rec:14.781, round:0.000)	b=0.00	count=1000
12/02/2025 12:03:59 - INFO - qdiff.layer_recon -   Total loss:	16.781 (rec:16.781, round:0.000)	b=0.00	count=1500
12/02/2025 12:04:02 - INFO - qdiff.layer_recon -   Total loss:	14.090 (rec:14.090, round:0.000)	b=0.00	count=2000
12/02/2025 12:04:05 - INFO - qdiff.layer_recon -   Total loss:	19.551 (rec:19.551, round:0.000)	b=0.00	count=2500
12/02/2025 12:04:07 - INFO - qdiff.layer_recon -   Total loss:	20.232 (rec:20.232, round:0.000)	b=0.00	count=3000
12/02/2025 12:04:10 - INFO - qdiff.layer_recon -   Total loss:	15.393 (rec:15.393, round:0.000)	b=0.00	count=3500
12/02/2025 12:04:13 - INFO - qdiff.layer_recon -   Total loss:	5362.761 (rec:13.879, round:5348.882)	b=20.00	count=4000
12/02/2025 12:04:16 - INFO - qdiff.layer_recon -   Total loss:	3651.615 (rec:12.075, round:3639.540)	b=19.44	count=4500
12/02/2025 12:04:18 - INFO - qdiff.layer_recon -   Total loss:	3434.818 (rec:13.343, round:3421.476)	b=18.88	count=5000
12/02/2025 12:04:21 - INFO - qdiff.layer_recon -   Total loss:	3298.189 (rec:11.749, round:3286.440)	b=18.31	count=5500
12/02/2025 12:04:24 - INFO - qdiff.layer_recon -   Total loss:	3190.988 (rec:14.701, round:3176.286)	b=17.75	count=6000
12/02/2025 12:04:27 - INFO - qdiff.layer_recon -   Total loss:	3094.057 (rec:14.334, round:3079.724)	b=17.19	count=6500
12/02/2025 12:04:30 - INFO - qdiff.layer_recon -   Total loss:	2998.936 (rec:11.116, round:2987.820)	b=16.62	count=7000
12/02/2025 12:04:33 - INFO - qdiff.layer_recon -   Total loss:	2917.546 (rec:17.461, round:2900.085)	b=16.06	count=7500
12/02/2025 12:04:36 - INFO - qdiff.layer_recon -   Total loss:	2828.155 (rec:13.129, round:2815.026)	b=15.50	count=8000
12/02/2025 12:04:39 - INFO - qdiff.layer_recon -   Total loss:	2742.745 (rec:13.281, round:2729.464)	b=14.94	count=8500
12/02/2025 12:04:42 - INFO - qdiff.layer_recon -   Total loss:	2661.715 (rec:15.835, round:2645.880)	b=14.38	count=9000
12/02/2025 12:04:45 - INFO - qdiff.layer_recon -   Total loss:	2579.377 (rec:18.626, round:2560.751)	b=13.81	count=9500
12/02/2025 12:04:48 - INFO - qdiff.layer_recon -   Total loss:	2485.910 (rec:10.861, round:2475.048)	b=13.25	count=10000
12/02/2025 12:04:51 - INFO - qdiff.layer_recon -   Total loss:	2400.321 (rec:14.080, round:2386.240)	b=12.69	count=10500
12/02/2025 12:04:54 - INFO - qdiff.layer_recon -   Total loss:	2307.349 (rec:12.557, round:2294.792)	b=12.12	count=11000
12/02/2025 12:04:57 - INFO - qdiff.layer_recon -   Total loss:	2211.992 (rec:12.308, round:2199.684)	b=11.56	count=11500
12/02/2025 12:05:00 - INFO - qdiff.layer_recon -   Total loss:	2115.733 (rec:14.648, round:2101.085)	b=11.00	count=12000
12/02/2025 12:05:03 - INFO - qdiff.layer_recon -   Total loss:	2009.243 (rec:13.078, round:1996.164)	b=10.44	count=12500
12/02/2025 12:05:06 - INFO - qdiff.layer_recon -   Total loss:	1905.113 (rec:16.229, round:1888.883)	b=9.88	count=13000
12/02/2025 12:05:08 - INFO - qdiff.layer_recon -   Total loss:	1791.040 (rec:15.708, round:1775.333)	b=9.31	count=13500
12/02/2025 12:05:11 - INFO - qdiff.layer_recon -   Total loss:	1674.397 (rec:18.615, round:1655.782)	b=8.75	count=14000
12/02/2025 12:05:14 - INFO - qdiff.layer_recon -   Total loss:	1550.022 (rec:19.137, round:1530.885)	b=8.19	count=14500
12/02/2025 12:05:17 - INFO - qdiff.layer_recon -   Total loss:	1413.354 (rec:17.290, round:1396.064)	b=7.62	count=15000
12/02/2025 12:05:20 - INFO - qdiff.layer_recon -   Total loss:	1265.524 (rec:13.893, round:1251.631)	b=7.06	count=15500
12/02/2025 12:05:23 - INFO - qdiff.layer_recon -   Total loss:	1116.952 (rec:17.676, round:1099.276)	b=6.50	count=16000
12/02/2025 12:05:26 - INFO - qdiff.layer_recon -   Total loss:	953.420 (rec:19.140, round:934.280)	b=5.94	count=16500
12/02/2025 12:05:29 - INFO - qdiff.layer_recon -   Total loss:	776.638 (rec:15.687, round:760.951)	b=5.38	count=17000
12/02/2025 12:05:32 - INFO - qdiff.layer_recon -   Total loss:	598.136 (rec:18.336, round:579.800)	b=4.81	count=17500
12/02/2025 12:05:35 - INFO - qdiff.layer_recon -   Total loss:	420.198 (rec:23.077, round:397.120)	b=4.25	count=18000
12/02/2025 12:05:38 - INFO - qdiff.layer_recon -   Total loss:	244.398 (rec:18.081, round:226.317)	b=3.69	count=18500
12/02/2025 12:05:41 - INFO - qdiff.layer_recon -   Total loss:	109.098 (rec:16.631, round:92.468)	b=3.12	count=19000
12/02/2025 12:05:44 - INFO - qdiff.layer_recon -   Total loss:	41.991 (rec:20.362, round:21.629)	b=2.56	count=19500
12/02/2025 12:05:46 - INFO - qdiff.layer_recon -   Total loss:	23.769 (rec:21.422, round:2.348)	b=2.00	count=20000
12/02/2025 12:05:47 - INFO - __main__ -   2 False
12/02/2025 12:05:47 - INFO - __main__ -   block False
12/02/2025 12:05:47 - INFO - __main__ -   0 True
12/02/2025 12:05:47 - INFO - __main__ -   Reconstruction for block 0
12/02/2025 12:06:16 - INFO - qdiff.timestep_aware_utils -   in 1 shape: torch.Size([5120, 256, 8, 8]), in 2 shape: torch.Size([5120, 512])
12/02/2025 12:06:16 - INFO - qdiff.timestep_aware_utils -   out shape: torch.Size([5120, 256, 8, 8])
12/02/2025 12:06:19 - INFO - qdiff.block_recon -   Total loss:	63.606 (rec:63.606, round:0.000)	b=0.00	count=500
12/02/2025 12:06:22 - INFO - qdiff.block_recon -   Total loss:	64.175 (rec:64.175, round:0.000)	b=0.00	count=1000
12/02/2025 12:06:25 - INFO - qdiff.block_recon -   Total loss:	60.642 (rec:60.642, round:0.000)	b=0.00	count=1500
12/02/2025 12:06:28 - INFO - qdiff.block_recon -   Total loss:	65.897 (rec:65.897, round:0.000)	b=0.00	count=2000
12/02/2025 12:06:31 - INFO - qdiff.block_recon -   Total loss:	65.087 (rec:65.087, round:0.000)	b=0.00	count=2500
12/02/2025 12:06:34 - INFO - qdiff.block_recon -   Total loss:	65.440 (rec:65.440, round:0.000)	b=0.00	count=3000
12/02/2025 12:06:37 - INFO - qdiff.block_recon -   Total loss:	59.978 (rec:59.978, round:0.000)	b=0.00	count=3500
12/02/2025 12:06:40 - INFO - qdiff.block_recon -   Total loss:	12049.421 (rec:66.025, round:11983.396)	b=20.00	count=4000
12/02/2025 12:06:43 - INFO - qdiff.block_recon -   Total loss:	7983.305 (rec:62.120, round:7921.186)	b=19.44	count=4500
12/02/2025 12:06:47 - INFO - qdiff.block_recon -   Total loss:	7491.774 (rec:64.093, round:7427.682)	b=18.88	count=5000
12/02/2025 12:06:51 - INFO - qdiff.block_recon -   Total loss:	7181.387 (rec:60.209, round:7121.178)	b=18.31	count=5500
12/02/2025 12:06:55 - INFO - qdiff.block_recon -   Total loss:	6927.100 (rec:60.388, round:6866.712)	b=17.75	count=6000
12/02/2025 12:06:58 - INFO - qdiff.block_recon -   Total loss:	6699.425 (rec:59.920, round:6639.505)	b=17.19	count=6500
12/02/2025 12:07:02 - INFO - qdiff.block_recon -   Total loss:	6489.422 (rec:66.625, round:6422.797)	b=16.62	count=7000
12/02/2025 12:07:06 - INFO - qdiff.block_recon -   Total loss:	6275.885 (rec:61.791, round:6214.094)	b=16.06	count=7500
12/02/2025 12:07:10 - INFO - qdiff.block_recon -   Total loss:	6070.584 (rec:61.151, round:6009.434)	b=15.50	count=8000
12/02/2025 12:07:14 - INFO - qdiff.block_recon -   Total loss:	5878.710 (rec:70.075, round:5808.635)	b=14.94	count=8500
12/02/2025 12:07:17 - INFO - qdiff.block_recon -   Total loss:	5675.869 (rec:68.266, round:5607.602)	b=14.38	count=9000
12/02/2025 12:07:21 - INFO - qdiff.block_recon -   Total loss:	5468.702 (rec:62.077, round:5406.625)	b=13.81	count=9500
12/02/2025 12:07:25 - INFO - qdiff.block_recon -   Total loss:	5264.596 (rec:58.700, round:5205.896)	b=13.25	count=10000
12/02/2025 12:07:29 - INFO - qdiff.block_recon -   Total loss:	5061.060 (rec:59.074, round:5001.985)	b=12.69	count=10500
12/02/2025 12:07:33 - INFO - qdiff.block_recon -   Total loss:	4860.219 (rec:65.851, round:4794.368)	b=12.12	count=11000
12/02/2025 12:07:37 - INFO - qdiff.block_recon -   Total loss:	4643.305 (rec:59.044, round:4584.261)	b=11.56	count=11500
12/02/2025 12:07:41 - INFO - qdiff.block_recon -   Total loss:	4433.851 (rec:63.790, round:4370.061)	b=11.00	count=12000
12/02/2025 12:07:44 - INFO - qdiff.block_recon -   Total loss:	4204.347 (rec:55.184, round:4149.163)	b=10.44	count=12500
12/02/2025 12:07:48 - INFO - qdiff.block_recon -   Total loss:	3979.475 (rec:59.208, round:3920.268)	b=9.88	count=13000
12/02/2025 12:07:52 - INFO - qdiff.block_recon -   Total loss:	3749.599 (rec:65.093, round:3684.506)	b=9.31	count=13500
12/02/2025 12:07:56 - INFO - qdiff.block_recon -   Total loss:	3508.315 (rec:67.748, round:3440.568)	b=8.75	count=14000
12/02/2025 12:08:00 - INFO - qdiff.block_recon -   Total loss:	3256.023 (rec:68.197, round:3187.826)	b=8.19	count=14500
12/02/2025 12:08:04 - INFO - qdiff.block_recon -   Total loss:	2975.219 (rec:54.255, round:2920.964)	b=7.62	count=15000
12/02/2025 12:08:07 - INFO - qdiff.block_recon -   Total loss:	2697.946 (rec:57.943, round:2640.003)	b=7.06	count=15500
12/02/2025 12:08:11 - INFO - qdiff.block_recon -   Total loss:	2407.509 (rec:60.703, round:2346.806)	b=6.50	count=16000
12/02/2025 12:08:15 - INFO - qdiff.block_recon -   Total loss:	2103.101 (rec:64.099, round:2039.002)	b=5.94	count=16500
12/02/2025 12:08:19 - INFO - qdiff.block_recon -   Total loss:	1779.683 (rec:61.507, round:1718.176)	b=5.38	count=17000
12/02/2025 12:08:23 - INFO - qdiff.block_recon -   Total loss:	1448.469 (rec:64.314, round:1384.154)	b=4.81	count=17500
12/02/2025 12:08:26 - INFO - qdiff.block_recon -   Total loss:	1098.024 (rec:60.597, round:1037.428)	b=4.25	count=18000
12/02/2025 12:08:30 - INFO - qdiff.block_recon -   Total loss:	748.908 (rec:56.809, round:692.099)	b=3.69	count=18500
12/02/2025 12:08:34 - INFO - qdiff.block_recon -   Total loss:	430.175 (rec:64.851, round:365.324)	b=3.12	count=19000
12/02/2025 12:08:38 - INFO - qdiff.block_recon -   Total loss:	182.701 (rec:65.419, round:117.282)	b=2.56	count=19500
12/02/2025 12:08:42 - INFO - qdiff.block_recon -   Total loss:	79.153 (rec:62.148, round:17.005)	b=2.00	count=20000
12/02/2025 12:08:42 - INFO - __main__ -   1 True
12/02/2025 12:08:42 - INFO - __main__ -   Reconstruction for block 1
12/02/2025 12:09:14 - INFO - qdiff.timestep_aware_utils -   in 1 shape: torch.Size([5120, 256, 8, 8]), in 2 shape: torch.Size([5120, 512])
12/02/2025 12:09:14 - INFO - qdiff.timestep_aware_utils -   out shape: torch.Size([5120, 256, 8, 8])
12/02/2025 12:09:17 - INFO - qdiff.block_recon -   Total loss:	61.563 (rec:61.563, round:0.000)	b=0.00	count=500
12/02/2025 12:09:20 - INFO - qdiff.block_recon -   Total loss:	57.522 (rec:57.522, round:0.000)	b=0.00	count=1000
12/02/2025 12:09:23 - INFO - qdiff.block_recon -   Total loss:	52.105 (rec:52.105, round:0.000)	b=0.00	count=1500
12/02/2025 12:09:26 - INFO - qdiff.block_recon -   Total loss:	58.193 (rec:58.193, round:0.000)	b=0.00	count=2000
12/02/2025 12:09:29 - INFO - qdiff.block_recon -   Total loss:	60.515 (rec:60.515, round:0.000)	b=0.00	count=2500
12/02/2025 12:09:32 - INFO - qdiff.block_recon -   Total loss:	60.373 (rec:60.373, round:0.000)	b=0.00	count=3000
12/02/2025 12:09:35 - INFO - qdiff.block_recon -   Total loss:	51.960 (rec:51.960, round:0.000)	b=0.00	count=3500
12/02/2025 12:09:38 - INFO - qdiff.block_recon -   Total loss:	12036.293 (rec:59.576, round:11976.717)	b=20.00	count=4000
12/02/2025 12:09:42 - INFO - qdiff.block_recon -   Total loss:	7912.778 (rec:56.230, round:7856.547)	b=19.44	count=4500
12/02/2025 12:09:46 - INFO - qdiff.block_recon -   Total loss:	7430.938 (rec:61.317, round:7369.621)	b=18.88	count=5000
12/02/2025 12:09:50 - INFO - qdiff.block_recon -   Total loss:	7122.276 (rec:59.553, round:7062.724)	b=18.31	count=5500
12/02/2025 12:09:53 - INFO - qdiff.block_recon -   Total loss:	6872.317 (rec:61.743, round:6810.574)	b=17.75	count=6000
12/02/2025 12:09:57 - INFO - qdiff.block_recon -   Total loss:	6634.291 (rec:52.154, round:6582.137)	b=17.19	count=6500
12/02/2025 12:10:01 - INFO - qdiff.block_recon -   Total loss:	6426.070 (rec:59.957, round:6366.113)	b=16.62	count=7000
12/02/2025 12:10:05 - INFO - qdiff.block_recon -   Total loss:	6219.428 (rec:62.899, round:6156.528)	b=16.06	count=7500
12/02/2025 12:10:09 - INFO - qdiff.block_recon -   Total loss:	6001.743 (rec:49.788, round:5951.955)	b=15.50	count=8000
12/02/2025 12:10:13 - INFO - qdiff.block_recon -   Total loss:	5800.076 (rec:54.362, round:5745.714)	b=14.94	count=8500
12/02/2025 12:10:16 - INFO - qdiff.block_recon -   Total loss:	5593.684 (rec:55.285, round:5538.399)	b=14.38	count=9000
12/02/2025 12:10:20 - INFO - qdiff.block_recon -   Total loss:	5386.971 (rec:52.344, round:5334.627)	b=13.81	count=9500
12/02/2025 12:10:24 - INFO - qdiff.block_recon -   Total loss:	5189.721 (rec:59.320, round:5130.401)	b=13.25	count=10000
12/02/2025 12:10:28 - INFO - qdiff.block_recon -   Total loss:	4980.706 (rec:56.583, round:4924.123)	b=12.69	count=10500
12/02/2025 12:10:32 - INFO - qdiff.block_recon -   Total loss:	4768.650 (rec:54.435, round:4714.216)	b=12.12	count=11000
12/02/2025 12:10:35 - INFO - qdiff.block_recon -   Total loss:	4561.543 (rec:63.140, round:4498.403)	b=11.56	count=11500
12/02/2025 12:10:39 - INFO - qdiff.block_recon -   Total loss:	4337.470 (rec:55.645, round:4281.825)	b=11.00	count=12000
12/02/2025 12:10:43 - INFO - qdiff.block_recon -   Total loss:	4115.741 (rec:54.662, round:4061.078)	b=10.44	count=12500
12/02/2025 12:10:47 - INFO - qdiff.block_recon -   Total loss:	3887.827 (rec:57.974, round:3829.854)	b=9.88	count=13000
12/02/2025 12:10:51 - INFO - qdiff.block_recon -   Total loss:	3644.353 (rec:51.851, round:3592.502)	b=9.31	count=13500
12/02/2025 12:10:54 - INFO - qdiff.block_recon -   Total loss:	3401.850 (rec:54.426, round:3347.424)	b=8.75	count=14000
12/02/2025 12:10:58 - INFO - qdiff.block_recon -   Total loss:	3150.162 (rec:58.683, round:3091.479)	b=8.19	count=14500
12/02/2025 12:11:02 - INFO - qdiff.block_recon -   Total loss:	2885.850 (rec:58.745, round:2827.105)	b=7.62	count=15000
12/02/2025 12:11:06 - INFO - qdiff.block_recon -   Total loss:	2615.295 (rec:67.149, round:2548.146)	b=7.06	count=15500
12/02/2025 12:11:10 - INFO - qdiff.block_recon -   Total loss:	2313.571 (rec:56.763, round:2256.808)	b=6.50	count=16000
12/02/2025 12:11:13 - INFO - qdiff.block_recon -   Total loss:	2009.923 (rec:54.389, round:1955.535)	b=5.94	count=16500
12/02/2025 12:11:17 - INFO - qdiff.block_recon -   Total loss:	1694.545 (rec:54.650, round:1639.894)	b=5.38	count=17000
12/02/2025 12:11:21 - INFO - qdiff.block_recon -   Total loss:	1369.551 (rec:58.287, round:1311.264)	b=4.81	count=17500
12/02/2025 12:11:25 - INFO - qdiff.block_recon -   Total loss:	1037.789 (rec:57.791, round:979.998)	b=4.25	count=18000
12/02/2025 12:11:29 - INFO - qdiff.block_recon -   Total loss:	710.579 (rec:60.672, round:649.906)	b=3.69	count=18500
12/02/2025 12:11:32 - INFO - qdiff.block_recon -   Total loss:	399.426 (rec:58.417, round:341.010)	b=3.12	count=19000
12/02/2025 12:11:36 - INFO - qdiff.block_recon -   Total loss:	163.842 (rec:55.506, round:108.336)	b=2.56	count=19500
12/02/2025 12:11:40 - INFO - qdiff.block_recon -   Total loss:	87.805 (rec:72.778, round:15.027)	b=2.00	count=20000
12/02/2025 12:11:40 - INFO - __main__ -   attn False
12/02/2025 12:11:40 - INFO - __main__ -   downsample False
12/02/2025 12:11:40 - INFO - __main__ -   conv False
12/02/2025 12:11:40 - INFO - __main__ -   Reconstruction for layer conv
12/02/2025 12:12:13 - INFO - qdiff.timestep_aware_utils -   in shape: torch.Size([5120, 256, 9, 9])
12/02/2025 12:12:13 - INFO - qdiff.timestep_aware_utils -   out shape: torch.Size([5120, 256, 4, 4])
12/02/2025 12:12:15 - INFO - qdiff.layer_recon -   Total loss:	189.944 (rec:189.944, round:0.000)	b=0.00	count=500
12/02/2025 12:12:16 - INFO - qdiff.layer_recon -   Total loss:	217.358 (rec:217.358, round:0.000)	b=0.00	count=1000
12/02/2025 12:12:17 - INFO - qdiff.layer_recon -   Total loss:	231.974 (rec:231.974, round:0.000)	b=0.00	count=1500
12/02/2025 12:12:19 - INFO - qdiff.layer_recon -   Total loss:	182.186 (rec:182.186, round:0.000)	b=0.00	count=2000
12/02/2025 12:12:20 - INFO - qdiff.layer_recon -   Total loss:	138.543 (rec:138.543, round:0.000)	b=0.00	count=2500
12/02/2025 12:12:22 - INFO - qdiff.layer_recon -   Total loss:	180.870 (rec:180.870, round:0.000)	b=0.00	count=3000
12/02/2025 12:12:23 - INFO - qdiff.layer_recon -   Total loss:	185.848 (rec:185.848, round:0.000)	b=0.00	count=3500
12/02/2025 12:12:24 - INFO - qdiff.layer_recon -   Total loss:	5620.419 (rec:211.218, round:5409.201)	b=20.00	count=4000
12/02/2025 12:12:26 - INFO - qdiff.layer_recon -   Total loss:	4519.291 (rec:157.812, round:4361.479)	b=19.44	count=4500
12/02/2025 12:12:28 - INFO - qdiff.layer_recon -   Total loss:	4292.897 (rec:151.508, round:4141.389)	b=18.88	count=5000
12/02/2025 12:12:29 - INFO - qdiff.layer_recon -   Total loss:	4160.741 (rec:153.530, round:4007.211)	b=18.31	count=5500
12/02/2025 12:12:31 - INFO - qdiff.layer_recon -   Total loss:	4087.065 (rec:181.755, round:3905.310)	b=17.75	count=6000
12/02/2025 12:12:33 - INFO - qdiff.layer_recon -   Total loss:	3977.111 (rec:158.997, round:3818.114)	b=17.19	count=6500
12/02/2025 12:12:35 - INFO - qdiff.layer_recon -   Total loss:	3870.178 (rec:132.398, round:3737.780)	b=16.62	count=7000
12/02/2025 12:12:36 - INFO - qdiff.layer_recon -   Total loss:	3834.937 (rec:174.418, round:3660.518)	b=16.06	count=7500
12/02/2025 12:12:38 - INFO - qdiff.layer_recon -   Total loss:	3765.526 (rec:177.877, round:3587.649)	b=15.50	count=8000
12/02/2025 12:12:40 - INFO - qdiff.layer_recon -   Total loss:	3665.390 (rec:149.490, round:3515.900)	b=14.94	count=8500
12/02/2025 12:12:42 - INFO - qdiff.layer_recon -   Total loss:	3622.128 (rec:174.546, round:3447.582)	b=14.38	count=9000
12/02/2025 12:12:43 - INFO - qdiff.layer_recon -   Total loss:	3551.502 (rec:171.820, round:3379.682)	b=13.81	count=9500
12/02/2025 12:12:45 - INFO - qdiff.layer_recon -   Total loss:	3465.850 (rec:154.283, round:3311.567)	b=13.25	count=10000
12/02/2025 12:12:47 - INFO - qdiff.layer_recon -   Total loss:	3436.011 (rec:195.119, round:3240.892)	b=12.69	count=10500
12/02/2025 12:12:48 - INFO - qdiff.layer_recon -   Total loss:	3338.856 (rec:169.120, round:3169.737)	b=12.12	count=11000
12/02/2025 12:12:50 - INFO - qdiff.layer_recon -   Total loss:	3309.126 (rec:211.969, round:3097.157)	b=11.56	count=11500
12/02/2025 12:12:52 - INFO - qdiff.layer_recon -   Total loss:	3167.598 (rec:146.737, round:3020.861)	b=11.00	count=12000
12/02/2025 12:12:54 - INFO - qdiff.layer_recon -   Total loss:	3090.849 (rec:149.169, round:2941.680)	b=10.44	count=12500
12/02/2025 12:12:55 - INFO - qdiff.layer_recon -   Total loss:	3020.594 (rec:161.774, round:2858.820)	b=9.88	count=13000
12/02/2025 12:12:57 - INFO - qdiff.layer_recon -   Total loss:	2944.341 (rec:172.662, round:2771.679)	b=9.31	count=13500
12/02/2025 12:12:59 - INFO - qdiff.layer_recon -   Total loss:	2858.299 (rec:178.454, round:2679.845)	b=8.75	count=14000
12/02/2025 12:13:01 - INFO - qdiff.layer_recon -   Total loss:	2724.662 (rec:141.920, round:2582.742)	b=8.19	count=14500
12/02/2025 12:13:02 - INFO - qdiff.layer_recon -   Total loss:	2634.903 (rec:155.811, round:2479.092)	b=7.62	count=15000
12/02/2025 12:13:04 - INFO - qdiff.layer_recon -   Total loss:	2555.578 (rec:188.053, round:2367.525)	b=7.06	count=15500
12/02/2025 12:13:06 - INFO - qdiff.layer_recon -   Total loss:	2462.250 (rec:216.337, round:2245.913)	b=6.50	count=16000
12/02/2025 12:13:07 - INFO - qdiff.layer_recon -   Total loss:	2286.970 (rec:173.559, round:2113.411)	b=5.94	count=16500
12/02/2025 12:13:09 - INFO - qdiff.layer_recon -   Total loss:	2166.068 (rec:201.046, round:1965.022)	b=5.38	count=17000
12/02/2025 12:13:11 - INFO - qdiff.layer_recon -   Total loss:	1962.216 (rec:159.583, round:1802.632)	b=4.81	count=17500
12/02/2025 12:13:13 - INFO - qdiff.layer_recon -   Total loss:	1790.310 (rec:170.326, round:1619.985)	b=4.25	count=18000
12/02/2025 12:13:14 - INFO - qdiff.layer_recon -   Total loss:	1596.230 (rec:182.575, round:1413.656)	b=3.69	count=18500
12/02/2025 12:13:16 - INFO - qdiff.layer_recon -   Total loss:	1382.933 (rec:203.836, round:1179.097)	b=3.12	count=19000
12/02/2025 12:13:18 - INFO - qdiff.layer_recon -   Total loss:	1079.788 (rec:172.147, round:907.641)	b=2.56	count=19500
12/02/2025 12:13:19 - INFO - qdiff.layer_recon -   Total loss:	808.517 (rec:212.399, round:596.118)	b=2.00	count=20000
12/02/2025 12:13:19 - INFO - __main__ -   3 False
12/02/2025 12:13:19 - INFO - __main__ -   block False
12/02/2025 12:13:19 - INFO - __main__ -   0 True
12/02/2025 12:13:19 - INFO - __main__ -   Reconstruction for block 0
12/02/2025 12:13:54 - INFO - qdiff.timestep_aware_utils -   in 1 shape: torch.Size([5120, 256, 4, 4]), in 2 shape: torch.Size([5120, 512])
12/02/2025 12:13:54 - INFO - qdiff.timestep_aware_utils -   out shape: torch.Size([5120, 256, 4, 4])
12/02/2025 12:13:56 - INFO - qdiff.block_recon -   Total loss:	639.235 (rec:639.235, round:0.000)	b=0.00	count=500
12/02/2025 12:13:59 - INFO - qdiff.block_recon -   Total loss:	660.500 (rec:660.500, round:0.000)	b=0.00	count=1000
12/02/2025 12:14:01 - INFO - qdiff.block_recon -   Total loss:	580.514 (rec:580.514, round:0.000)	b=0.00	count=1500
12/02/2025 12:14:03 - INFO - qdiff.block_recon -   Total loss:	552.078 (rec:552.078, round:0.000)	b=0.00	count=2000
12/02/2025 12:14:05 - INFO - qdiff.block_recon -   Total loss:	652.813 (rec:652.813, round:0.000)	b=0.00	count=2500
12/02/2025 12:14:08 - INFO - qdiff.block_recon -   Total loss:	597.041 (rec:597.041, round:0.000)	b=0.00	count=3000
12/02/2025 12:14:10 - INFO - qdiff.block_recon -   Total loss:	620.647 (rec:620.647, round:0.000)	b=0.00	count=3500
12/02/2025 12:14:12 - INFO - qdiff.block_recon -   Total loss:	12659.080 (rec:581.908, round:12077.172)	b=20.00	count=4000
12/02/2025 12:14:15 - INFO - qdiff.block_recon -   Total loss:	9955.683 (rec:573.333, round:9382.350)	b=19.44	count=4500
12/02/2025 12:14:18 - INFO - qdiff.block_recon -   Total loss:	9452.011 (rec:579.005, round:8873.006)	b=18.88	count=5000
12/02/2025 12:14:21 - INFO - qdiff.block_recon -   Total loss:	9120.709 (rec:562.446, round:8558.264)	b=18.31	count=5500
12/02/2025 12:14:24 - INFO - qdiff.block_recon -   Total loss:	8857.626 (rec:547.601, round:8310.024)	b=17.75	count=6000
12/02/2025 12:14:27 - INFO - qdiff.block_recon -   Total loss:	8633.535 (rec:542.956, round:8090.580)	b=17.19	count=6500
12/02/2025 12:14:31 - INFO - qdiff.block_recon -   Total loss:	8413.819 (rec:522.421, round:7891.398)	b=16.62	count=7000
12/02/2025 12:14:34 - INFO - qdiff.block_recon -   Total loss:	8256.402 (rec:557.112, round:7699.290)	b=16.06	count=7500
12/02/2025 12:14:37 - INFO - qdiff.block_recon -   Total loss:	8066.468 (rec:551.528, round:7514.940)	b=15.50	count=8000
12/02/2025 12:14:40 - INFO - qdiff.block_recon -   Total loss:	7921.078 (rec:583.490, round:7337.588)	b=14.94	count=8500
12/02/2025 12:14:43 - INFO - qdiff.block_recon -   Total loss:	7721.273 (rec:565.749, round:7155.524)	b=14.38	count=9000
12/02/2025 12:14:46 - INFO - qdiff.block_recon -   Total loss:	7563.587 (rec:587.955, round:6975.632)	b=13.81	count=9500
12/02/2025 12:14:49 - INFO - qdiff.block_recon -   Total loss:	7308.212 (rec:513.834, round:6794.378)	b=13.25	count=10000
12/02/2025 12:14:52 - INFO - qdiff.block_recon -   Total loss:	7092.385 (rec:479.395, round:6612.990)	b=12.69	count=10500
12/02/2025 12:14:55 - INFO - qdiff.block_recon -   Total loss:	7014.266 (rec:584.485, round:6429.781)	b=12.12	count=11000
12/02/2025 12:14:59 - INFO - qdiff.block_recon -   Total loss:	6766.532 (rec:525.380, round:6241.151)	b=11.56	count=11500
12/02/2025 12:15:02 - INFO - qdiff.block_recon -   Total loss:	6562.175 (rec:514.465, round:6047.710)	b=11.00	count=12000
12/02/2025 12:15:05 - INFO - qdiff.block_recon -   Total loss:	6377.193 (rec:528.269, round:5848.924)	b=10.44	count=12500
12/02/2025 12:15:08 - INFO - qdiff.block_recon -   Total loss:	6239.680 (rec:594.709, round:5644.971)	b=9.88	count=13000
12/02/2025 12:15:11 - INFO - qdiff.block_recon -   Total loss:	5955.326 (rec:523.900, round:5431.426)	b=9.31	count=13500
12/02/2025 12:15:14 - INFO - qdiff.block_recon -   Total loss:	5770.367 (rec:560.587, round:5209.780)	b=8.75	count=14000
12/02/2025 12:15:17 - INFO - qdiff.block_recon -   Total loss:	5519.971 (rec:541.969, round:4978.002)	b=8.19	count=14500
12/02/2025 12:15:20 - INFO - qdiff.block_recon -   Total loss:	5266.333 (rec:532.696, round:4733.636)	b=7.62	count=15000
12/02/2025 12:15:23 - INFO - qdiff.block_recon -   Total loss:	5002.130 (rec:526.367, round:4475.763)	b=7.06	count=15500
12/02/2025 12:15:27 - INFO - qdiff.block_recon -   Total loss:	4761.604 (rec:560.128, round:4201.477)	b=6.50	count=16000
12/02/2025 12:15:30 - INFO - qdiff.block_recon -   Total loss:	4487.118 (rec:578.821, round:3908.297)	b=5.94	count=16500
12/02/2025 12:15:33 - INFO - qdiff.block_recon -   Total loss:	4142.233 (rec:549.056, round:3593.177)	b=5.38	count=17000
12/02/2025 12:15:36 - INFO - qdiff.block_recon -   Total loss:	3831.083 (rec:583.817, round:3247.266)	b=4.81	count=17500
12/02/2025 12:15:39 - INFO - qdiff.block_recon -   Total loss:	3406.531 (rec:536.280, round:2870.251)	b=4.25	count=18000
12/02/2025 12:15:42 - INFO - qdiff.block_recon -   Total loss:	3003.385 (rec:545.432, round:2457.952)	b=3.69	count=18500
12/02/2025 12:15:45 - INFO - qdiff.block_recon -   Total loss:	2562.120 (rec:561.378, round:2000.742)	b=3.12	count=19000
12/02/2025 12:15:48 - INFO - qdiff.block_recon -   Total loss:	2030.710 (rec:533.809, round:1496.901)	b=2.56	count=19500
12/02/2025 12:15:51 - INFO - qdiff.block_recon -   Total loss:	1564.969 (rec:622.184, round:942.785)	b=2.00	count=20000
12/02/2025 12:15:51 - INFO - __main__ -   1 True
12/02/2025 12:15:51 - INFO - __main__ -   Reconstruction for block 1
12/02/2025 12:16:27 - INFO - qdiff.timestep_aware_utils -   in 1 shape: torch.Size([5120, 256, 4, 4]), in 2 shape: torch.Size([5120, 512])
12/02/2025 12:16:27 - INFO - qdiff.timestep_aware_utils -   out shape: torch.Size([5120, 256, 4, 4])
12/02/2025 12:16:29 - INFO - qdiff.block_recon -   Total loss:	671.773 (rec:671.773, round:0.000)	b=0.00	count=500
12/02/2025 12:16:31 - INFO - qdiff.block_recon -   Total loss:	597.849 (rec:597.849, round:0.000)	b=0.00	count=1000
12/02/2025 12:16:33 - INFO - qdiff.block_recon -   Total loss:	605.566 (rec:605.566, round:0.000)	b=0.00	count=1500
12/02/2025 12:16:35 - INFO - qdiff.block_recon -   Total loss:	628.480 (rec:628.480, round:0.000)	b=0.00	count=2000
12/02/2025 12:16:38 - INFO - qdiff.block_recon -   Total loss:	561.111 (rec:561.111, round:0.000)	b=0.00	count=2500
12/02/2025 12:16:40 - INFO - qdiff.block_recon -   Total loss:	641.241 (rec:641.241, round:0.000)	b=0.00	count=3000
12/02/2025 12:16:42 - INFO - qdiff.block_recon -   Total loss:	587.335 (rec:587.335, round:0.000)	b=0.00	count=3500
12/02/2025 12:16:44 - INFO - qdiff.block_recon -   Total loss:	12750.320 (rec:648.078, round:12102.242)	b=20.00	count=4000
12/02/2025 12:16:47 - INFO - qdiff.block_recon -   Total loss:	9967.470 (rec:559.449, round:9408.021)	b=19.44	count=4500
12/02/2025 12:16:50 - INFO - qdiff.block_recon -   Total loss:	9492.507 (rec:595.235, round:8897.271)	b=18.88	count=5000
12/02/2025 12:16:53 - INFO - qdiff.block_recon -   Total loss:	9143.203 (rec:557.961, round:8585.242)	b=18.31	count=5500
12/02/2025 12:16:56 - INFO - qdiff.block_recon -   Total loss:	8939.556 (rec:600.772, round:8338.783)	b=17.75	count=6000
12/02/2025 12:16:59 - INFO - qdiff.block_recon -   Total loss:	8668.709 (rec:545.514, round:8123.195)	b=17.19	count=6500
12/02/2025 12:17:02 - INFO - qdiff.block_recon -   Total loss:	8512.357 (rec:590.638, round:7921.720)	b=16.62	count=7000
12/02/2025 12:17:05 - INFO - qdiff.block_recon -   Total loss:	8298.337 (rec:568.597, round:7729.739)	b=16.06	count=7500
12/02/2025 12:17:08 - INFO - qdiff.block_recon -   Total loss:	8106.804 (rec:563.415, round:7543.389)	b=15.50	count=8000
12/02/2025 12:17:11 - INFO - qdiff.block_recon -   Total loss:	7922.136 (rec:560.907, round:7361.229)	b=14.94	count=8500
12/02/2025 12:17:14 - INFO - qdiff.block_recon -   Total loss:	7726.188 (rec:543.391, round:7182.797)	b=14.38	count=9000
12/02/2025 12:17:17 - INFO - qdiff.block_recon -   Total loss:	7576.647 (rec:574.095, round:7002.553)	b=13.81	count=9500
12/02/2025 12:17:21 - INFO - qdiff.block_recon -   Total loss:	7376.927 (rec:554.123, round:6822.804)	b=13.25	count=10000
12/02/2025 12:17:24 - INFO - qdiff.block_recon -   Total loss:	7183.583 (rec:541.111, round:6642.473)	b=12.69	count=10500
12/02/2025 12:17:27 - INFO - qdiff.block_recon -   Total loss:	7049.133 (rec:592.515, round:6456.618)	b=12.12	count=11000
12/02/2025 12:17:30 - INFO - qdiff.block_recon -   Total loss:	6805.407 (rec:536.288, round:6269.118)	b=11.56	count=11500
12/02/2025 12:17:33 - INFO - qdiff.block_recon -   Total loss:	6686.561 (rec:608.263, round:6078.298)	b=11.00	count=12000
12/02/2025 12:17:36 - INFO - qdiff.block_recon -   Total loss:	6412.057 (rec:532.355, round:5879.702)	b=10.44	count=12500
12/02/2025 12:17:39 - INFO - qdiff.block_recon -   Total loss:	6249.246 (rec:572.696, round:5676.550)	b=9.88	count=13000
12/02/2025 12:17:42 - INFO - qdiff.block_recon -   Total loss:	6054.892 (rec:588.650, round:5466.243)	b=9.31	count=13500
12/02/2025 12:17:45 - INFO - qdiff.block_recon -   Total loss:	5827.059 (rec:584.507, round:5242.552)	b=8.75	count=14000
12/02/2025 12:17:48 - INFO - qdiff.block_recon -   Total loss:	5612.027 (rec:604.700, round:5007.327)	b=8.19	count=14500
12/02/2025 12:17:51 - INFO - qdiff.block_recon -   Total loss:	5268.218 (rec:506.548, round:4761.670)	b=7.62	count=15000
12/02/2025 12:17:54 - INFO - qdiff.block_recon -   Total loss:	5034.673 (rec:535.536, round:4499.137)	b=7.06	count=15500
12/02/2025 12:17:57 - INFO - qdiff.block_recon -   Total loss:	4762.970 (rec:542.495, round:4220.475)	b=6.50	count=16000
12/02/2025 12:18:00 - INFO - qdiff.block_recon -   Total loss:	4500.563 (rec:576.509, round:3924.055)	b=5.94	count=16500
12/02/2025 12:18:03 - INFO - qdiff.block_recon -   Total loss:	4130.399 (rec:525.290, round:3605.110)	b=5.38	count=17000
12/02/2025 12:18:06 - INFO - qdiff.block_recon -   Total loss:	3844.225 (rec:586.837, round:3257.388)	b=4.81	count=17500
12/02/2025 12:18:09 - INFO - qdiff.block_recon -   Total loss:	3448.121 (rec:569.083, round:2879.038)	b=4.25	count=18000
12/02/2025 12:18:13 - INFO - qdiff.block_recon -   Total loss:	3017.329 (rec:554.672, round:2462.657)	b=3.69	count=18500
12/02/2025 12:18:16 - INFO - qdiff.block_recon -   Total loss:	2607.315 (rec:604.029, round:2003.286)	b=3.12	count=19000
12/02/2025 12:18:19 - INFO - qdiff.block_recon -   Total loss:	2095.353 (rec:599.929, round:1495.424)	b=2.56	count=19500
12/02/2025 12:18:22 - INFO - qdiff.block_recon -   Total loss:	1547.677 (rec:610.158, round:937.519)	b=2.00	count=20000
12/02/2025 12:18:22 - INFO - __main__ -   attn False
12/02/2025 12:18:22 - INFO - __main__ -   mid False
12/02/2025 12:18:22 - INFO - __main__ -   block_1 True
12/02/2025 12:18:22 - INFO - __main__ -   Reconstruction for block block_1
12/02/2025 12:18:59 - INFO - qdiff.timestep_aware_utils -   in 1 shape: torch.Size([5120, 256, 4, 4]), in 2 shape: torch.Size([5120, 512])
12/02/2025 12:18:59 - INFO - qdiff.timestep_aware_utils -   out shape: torch.Size([5120, 256, 4, 4])
12/02/2025 12:19:02 - INFO - qdiff.block_recon -   Total loss:	735.397 (rec:735.397, round:0.000)	b=0.00	count=500
12/02/2025 12:19:04 - INFO - qdiff.block_recon -   Total loss:	701.534 (rec:701.534, round:0.000)	b=0.00	count=1000
12/02/2025 12:19:06 - INFO - qdiff.block_recon -   Total loss:	665.191 (rec:665.191, round:0.000)	b=0.00	count=1500
12/02/2025 12:19:08 - INFO - qdiff.block_recon -   Total loss:	708.336 (rec:708.336, round:0.000)	b=0.00	count=2000
12/02/2025 12:19:11 - INFO - qdiff.block_recon -   Total loss:	651.343 (rec:651.343, round:0.000)	b=0.00	count=2500
12/02/2025 12:19:13 - INFO - qdiff.block_recon -   Total loss:	650.475 (rec:650.475, round:0.000)	b=0.00	count=3000
12/02/2025 12:19:15 - INFO - qdiff.block_recon -   Total loss:	621.585 (rec:621.585, round:0.000)	b=0.00	count=3500
12/02/2025 12:19:18 - INFO - qdiff.block_recon -   Total loss:	12719.504 (rec:610.650, round:12108.854)	b=20.00	count=4000
12/02/2025 12:19:21 - INFO - qdiff.block_recon -   Total loss:	10159.921 (rec:681.936, round:9477.985)	b=19.44	count=4500
12/02/2025 12:19:24 - INFO - qdiff.block_recon -   Total loss:	9643.896 (rec:673.263, round:8970.633)	b=18.88	count=5000
12/02/2025 12:19:27 - INFO - qdiff.block_recon -   Total loss:	9264.453 (rec:607.483, round:8656.971)	b=18.31	count=5500
12/02/2025 12:19:30 - INFO - qdiff.block_recon -   Total loss:	9029.148 (rec:619.119, round:8410.029)	b=17.75	count=6000
12/02/2025 12:19:33 - INFO - qdiff.block_recon -   Total loss:	8783.969 (rec:588.641, round:8195.327)	b=17.19	count=6500
12/02/2025 12:19:36 - INFO - qdiff.block_recon -   Total loss:	8627.381 (rec:632.429, round:7994.952)	b=16.62	count=7000
12/02/2025 12:19:40 - INFO - qdiff.block_recon -   Total loss:	8446.221 (rec:641.871, round:7804.351)	b=16.06	count=7500
12/02/2025 12:19:43 - INFO - qdiff.block_recon -   Total loss:	8198.519 (rec:578.248, round:7620.270)	b=15.50	count=8000
12/02/2025 12:19:46 - INFO - qdiff.block_recon -   Total loss:	8065.172 (rec:627.035, round:7438.137)	b=14.94	count=8500
12/02/2025 12:19:49 - INFO - qdiff.block_recon -   Total loss:	7853.134 (rec:590.824, round:7262.310)	b=14.38	count=9000
12/02/2025 12:19:52 - INFO - qdiff.block_recon -   Total loss:	7654.083 (rec:569.153, round:7084.931)	b=13.81	count=9500
12/02/2025 12:19:55 - INFO - qdiff.block_recon -   Total loss:	7557.021 (rec:651.705, round:6905.315)	b=13.25	count=10000
12/02/2025 12:19:58 - INFO - qdiff.block_recon -   Total loss:	7358.355 (rec:633.873, round:6724.482)	b=12.69	count=10500
12/02/2025 12:20:01 - INFO - qdiff.block_recon -   Total loss:	7127.722 (rec:587.492, round:6540.229)	b=12.12	count=11000
12/02/2025 12:20:04 - INFO - qdiff.block_recon -   Total loss:	6969.379 (rec:616.440, round:6352.939)	b=11.56	count=11500
12/02/2025 12:20:08 - INFO - qdiff.block_recon -   Total loss:	6755.716 (rec:592.205, round:6163.510)	b=11.00	count=12000
12/02/2025 12:20:11 - INFO - qdiff.block_recon -   Total loss:	6544.296 (rec:577.167, round:5967.129)	b=10.44	count=12500
12/02/2025 12:20:14 - INFO - qdiff.block_recon -   Total loss:	6363.187 (rec:599.784, round:5763.402)	b=9.88	count=13000
12/02/2025 12:20:17 - INFO - qdiff.block_recon -   Total loss:	6154.646 (rec:600.552, round:5554.094)	b=9.31	count=13500
12/02/2025 12:20:20 - INFO - qdiff.block_recon -   Total loss:	5932.488 (rec:600.427, round:5332.061)	b=8.75	count=14000
12/02/2025 12:20:23 - INFO - qdiff.block_recon -   Total loss:	5755.686 (rec:652.243, round:5103.442)	b=8.19	count=14500
12/02/2025 12:20:26 - INFO - qdiff.block_recon -   Total loss:	5477.106 (rec:618.105, round:4859.001)	b=7.62	count=15000
12/02/2025 12:20:29 - INFO - qdiff.block_recon -   Total loss:	5219.424 (rec:618.766, round:4600.658)	b=7.06	count=15500
12/02/2025 12:20:32 - INFO - qdiff.block_recon -   Total loss:	4968.725 (rec:641.438, round:4327.287)	b=6.50	count=16000
12/02/2025 12:20:35 - INFO - qdiff.block_recon -   Total loss:	4662.799 (rec:630.304, round:4032.496)	b=5.94	count=16500
12/02/2025 12:20:39 - INFO - qdiff.block_recon -   Total loss:	4328.057 (rec:614.707, round:3713.349)	b=5.38	count=17000
12/02/2025 12:20:42 - INFO - qdiff.block_recon -   Total loss:	3958.319 (rec:592.489, round:3365.830)	b=4.81	count=17500
12/02/2025 12:20:45 - INFO - qdiff.block_recon -   Total loss:	3635.306 (rec:646.970, round:2988.336)	b=4.25	count=18000
12/02/2025 12:20:48 - INFO - qdiff.block_recon -   Total loss:	3178.925 (rec:605.659, round:2573.265)	b=3.69	count=18500
12/02/2025 12:20:51 - INFO - qdiff.block_recon -   Total loss:	2735.637 (rec:622.526, round:2113.111)	b=3.12	count=19000
12/02/2025 12:20:54 - INFO - qdiff.block_recon -   Total loss:	2252.575 (rec:648.208, round:1604.367)	b=2.56	count=19500
12/02/2025 12:20:57 - INFO - qdiff.block_recon -   Total loss:	1649.952 (rec:606.396, round:1043.556)	b=2.00	count=20000
12/02/2025 12:20:57 - INFO - __main__ -   attn_1 True
12/02/2025 12:20:57 - INFO - __main__ -   Reconstruction for block attn_1
12/02/2025 12:21:37 - INFO - qdiff.timestep_aware_utils -   in shape: torch.Size([5120, 256, 4, 4])
12/02/2025 12:21:37 - INFO - qdiff.timestep_aware_utils -   out shape: torch.Size([5120, 256, 4, 4])
12/02/2025 12:21:39 - INFO - qdiff.block_recon -   Total loss:	337.688 (rec:337.688, round:0.000)	b=0.00	count=500
12/02/2025 12:21:42 - INFO - qdiff.block_recon -   Total loss:	369.339 (rec:369.339, round:0.000)	b=0.00	count=1000
12/02/2025 12:21:44 - INFO - qdiff.block_recon -   Total loss:	392.061 (rec:392.061, round:0.000)	b=0.00	count=1500
12/02/2025 12:21:47 - INFO - qdiff.block_recon -   Total loss:	361.311 (rec:361.311, round:0.000)	b=0.00	count=2000
12/02/2025 12:21:49 - INFO - qdiff.block_recon -   Total loss:	348.615 (rec:348.615, round:0.000)	b=0.00	count=2500
12/02/2025 12:21:52 - INFO - qdiff.block_recon -   Total loss:	315.896 (rec:315.896, round:0.000)	b=0.00	count=3000
12/02/2025 12:21:54 - INFO - qdiff.block_recon -   Total loss:	393.544 (rec:393.544, round:0.000)	b=0.00	count=3500
12/02/2025 12:21:57 - INFO - qdiff.block_recon -   Total loss:	2769.204 (rec:340.181, round:2429.023)	b=20.00	count=4000
12/02/2025 12:22:00 - INFO - qdiff.block_recon -   Total loss:	2159.008 (rec:335.065, round:1823.942)	b=19.44	count=4500
12/02/2025 12:22:04 - INFO - qdiff.block_recon -   Total loss:	2061.056 (rec:338.218, round:1722.838)	b=18.88	count=5000
12/02/2025 12:22:07 - INFO - qdiff.block_recon -   Total loss:	2031.447 (rec:371.115, round:1660.332)	b=18.31	count=5500
12/02/2025 12:22:11 - INFO - qdiff.block_recon -   Total loss:	1937.069 (rec:326.433, round:1610.636)	b=17.75	count=6000
12/02/2025 12:22:14 - INFO - qdiff.block_recon -   Total loss:	1928.012 (rec:361.156, round:1566.856)	b=17.19	count=6500
12/02/2025 12:22:18 - INFO - qdiff.block_recon -   Total loss:	1936.677 (rec:409.859, round:1526.818)	b=16.62	count=7000
12/02/2025 12:22:21 - INFO - qdiff.block_recon -   Total loss:	1858.903 (rec:370.365, round:1488.538)	b=16.06	count=7500
12/02/2025 12:22:25 - INFO - qdiff.block_recon -   Total loss:	1806.385 (rec:356.154, round:1450.231)	b=15.50	count=8000
12/02/2025 12:22:28 - INFO - qdiff.block_recon -   Total loss:	1789.207 (rec:376.894, round:1412.313)	b=14.94	count=8500
12/02/2025 12:22:32 - INFO - qdiff.block_recon -   Total loss:	1724.162 (rec:348.692, round:1375.470)	b=14.38	count=9000
12/02/2025 12:22:35 - INFO - qdiff.block_recon -   Total loss:	1684.711 (rec:346.786, round:1337.926)	b=13.81	count=9500
12/02/2025 12:22:39 - INFO - qdiff.block_recon -   Total loss:	1682.073 (rec:381.862, round:1300.212)	b=13.25	count=10000
12/02/2025 12:22:43 - INFO - qdiff.block_recon -   Total loss:	1664.426 (rec:402.672, round:1261.754)	b=12.69	count=10500
12/02/2025 12:22:46 - INFO - qdiff.block_recon -   Total loss:	1547.730 (rec:325.082, round:1222.648)	b=12.12	count=11000
12/02/2025 12:22:50 - INFO - qdiff.block_recon -   Total loss:	1510.594 (rec:328.219, round:1182.375)	b=11.56	count=11500
12/02/2025 12:22:53 - INFO - qdiff.block_recon -   Total loss:	1511.015 (rec:369.516, round:1141.499)	b=11.00	count=12000
12/02/2025 12:22:57 - INFO - qdiff.block_recon -   Total loss:	1513.634 (rec:414.740, round:1098.894)	b=10.44	count=12500
12/02/2025 12:23:00 - INFO - qdiff.block_recon -   Total loss:	1428.407 (rec:374.148, round:1054.260)	b=9.88	count=13000
12/02/2025 12:23:04 - INFO - qdiff.block_recon -   Total loss:	1352.027 (rec:344.243, round:1007.785)	b=9.31	count=13500
12/02/2025 12:23:07 - INFO - qdiff.block_recon -   Total loss:	1283.910 (rec:324.198, round:959.712)	b=8.75	count=14000
12/02/2025 12:23:11 - INFO - qdiff.block_recon -   Total loss:	1271.514 (rec:361.836, round:909.678)	b=8.19	count=14500
12/02/2025 12:23:14 - INFO - qdiff.block_recon -   Total loss:	1194.877 (rec:337.942, round:856.935)	b=7.62	count=15000
12/02/2025 12:23:18 - INFO - qdiff.block_recon -   Total loss:	1184.568 (rec:384.421, round:800.147)	b=7.06	count=15500
12/02/2025 12:23:21 - INFO - qdiff.block_recon -   Total loss:	1112.101 (rec:371.789, round:740.312)	b=6.50	count=16000
12/02/2025 12:23:25 - INFO - qdiff.block_recon -   Total loss:	1044.470 (rec:368.715, round:675.755)	b=5.94	count=16500
12/02/2025 12:23:28 - INFO - qdiff.block_recon -   Total loss:	1009.519 (rec:403.554, round:605.965)	b=5.38	count=17000
12/02/2025 12:23:32 - INFO - qdiff.block_recon -   Total loss:	868.036 (rec:335.745, round:532.290)	b=4.81	count=17500
12/02/2025 12:23:36 - INFO - qdiff.block_recon -   Total loss:	801.133 (rec:350.132, round:451.001)	b=4.25	count=18000
12/02/2025 12:23:39 - INFO - qdiff.block_recon -   Total loss:	755.316 (rec:391.479, round:363.837)	b=3.69	count=18500
12/02/2025 12:23:43 - INFO - qdiff.block_recon -   Total loss:	626.923 (rec:357.165, round:269.758)	b=3.12	count=19000
12/02/2025 12:23:46 - INFO - qdiff.block_recon -   Total loss:	548.909 (rec:378.361, round:170.549)	b=2.56	count=19500
12/02/2025 12:23:50 - INFO - qdiff.block_recon -   Total loss:	451.987 (rec:376.460, round:75.527)	b=2.00	count=20000
12/02/2025 12:23:50 - INFO - __main__ -   block_2 True
12/02/2025 12:23:50 - INFO - __main__ -   Reconstruction for block block_2
12/02/2025 12:24:30 - INFO - qdiff.timestep_aware_utils -   in 1 shape: torch.Size([5120, 256, 4, 4]), in 2 shape: torch.Size([5120, 512])
12/02/2025 12:24:30 - INFO - qdiff.timestep_aware_utils -   out shape: torch.Size([5120, 256, 4, 4])
12/02/2025 12:24:33 - INFO - qdiff.block_recon -   Total loss:	695.312 (rec:695.312, round:0.000)	b=0.00	count=500
12/02/2025 12:24:35 - INFO - qdiff.block_recon -   Total loss:	649.487 (rec:649.487, round:0.000)	b=0.00	count=1000
12/02/2025 12:24:37 - INFO - qdiff.block_recon -   Total loss:	660.657 (rec:660.657, round:0.000)	b=0.00	count=1500
12/02/2025 12:24:39 - INFO - qdiff.block_recon -   Total loss:	673.207 (rec:673.207, round:0.000)	b=0.00	count=2000
12/02/2025 12:24:41 - INFO - qdiff.block_recon -   Total loss:	678.044 (rec:678.044, round:0.000)	b=0.00	count=2500
12/02/2025 12:24:43 - INFO - qdiff.block_recon -   Total loss:	649.867 (rec:649.867, round:0.000)	b=0.00	count=3000
12/02/2025 12:24:46 - INFO - qdiff.block_recon -   Total loss:	679.065 (rec:679.065, round:0.000)	b=0.00	count=3500
12/02/2025 12:24:48 - INFO - qdiff.block_recon -   Total loss:	12779.868 (rec:649.116, round:12130.752)	b=20.00	count=4000
12/02/2025 12:24:51 - INFO - qdiff.block_recon -   Total loss:	10096.296 (rec:591.308, round:9504.988)	b=19.44	count=4500
12/02/2025 12:24:54 - INFO - qdiff.block_recon -   Total loss:	9644.960 (rec:648.538, round:8996.422)	b=18.88	count=5000
12/02/2025 12:24:57 - INFO - qdiff.block_recon -   Total loss:	9305.471 (rec:623.536, round:8681.935)	b=18.31	count=5500
12/02/2025 12:25:00 - INFO - qdiff.block_recon -   Total loss:	9085.403 (rec:650.620, round:8434.783)	b=17.75	count=6000
12/02/2025 12:25:03 - INFO - qdiff.block_recon -   Total loss:	8920.409 (rec:699.031, round:8221.378)	b=17.19	count=6500
12/02/2025 12:25:06 - INFO - qdiff.block_recon -   Total loss:	8670.748 (rec:644.545, round:8026.203)	b=16.62	count=7000
12/02/2025 12:25:09 - INFO - qdiff.block_recon -   Total loss:	8493.957 (rec:655.664, round:7838.293)	b=16.06	count=7500
12/02/2025 12:25:12 - INFO - qdiff.block_recon -   Total loss:	8333.866 (rec:677.193, round:7656.673)	b=15.50	count=8000
12/02/2025 12:25:15 - INFO - qdiff.block_recon -   Total loss:	8084.854 (rec:606.781, round:7478.074)	b=14.94	count=8500
12/02/2025 12:25:18 - INFO - qdiff.block_recon -   Total loss:	7955.486 (rec:652.336, round:7303.150)	b=14.38	count=9000
12/02/2025 12:25:21 - INFO - qdiff.block_recon -   Total loss:	7726.349 (rec:599.455, round:7126.894)	b=13.81	count=9500
12/02/2025 12:25:24 - INFO - qdiff.block_recon -   Total loss:	7508.768 (rec:561.453, round:6947.315)	b=13.25	count=10000
12/02/2025 12:25:27 - INFO - qdiff.block_recon -   Total loss:	7352.305 (rec:585.819, round:6766.485)	b=12.69	count=10500
12/02/2025 12:25:30 - INFO - qdiff.block_recon -   Total loss:	7209.941 (rec:624.399, round:6585.542)	b=12.12	count=11000
12/02/2025 12:25:33 - INFO - qdiff.block_recon -   Total loss:	6989.110 (rec:591.340, round:6397.771)	b=11.56	count=11500
12/02/2025 12:25:36 - INFO - qdiff.block_recon -   Total loss:	6787.131 (rec:580.733, round:6206.398)	b=11.00	count=12000
12/02/2025 12:25:39 - INFO - qdiff.block_recon -   Total loss:	6643.894 (rec:633.947, round:6009.947)	b=10.44	count=12500
12/02/2025 12:25:42 - INFO - qdiff.block_recon -   Total loss:	6424.035 (rec:618.656, round:5805.379)	b=9.88	count=13000
12/02/2025 12:25:45 - INFO - qdiff.block_recon -   Total loss:	6180.371 (rec:586.909, round:5593.462)	b=9.31	count=13500
12/02/2025 12:25:48 - INFO - qdiff.block_recon -   Total loss:	5955.957 (rec:584.758, round:5371.199)	b=8.75	count=14000
12/02/2025 12:25:51 - INFO - qdiff.block_recon -   Total loss:	5788.187 (rec:648.454, round:5139.732)	b=8.19	count=14500
12/02/2025 12:25:54 - INFO - qdiff.block_recon -   Total loss:	5480.000 (rec:584.375, round:4895.625)	b=7.62	count=15000
12/02/2025 12:25:57 - INFO - qdiff.block_recon -   Total loss:	5229.347 (rec:591.921, round:4637.426)	b=7.06	count=15500
12/02/2025 12:26:00 - INFO - qdiff.block_recon -   Total loss:	5005.878 (rec:642.739, round:4363.139)	b=6.50	count=16000
12/02/2025 12:26:03 - INFO - qdiff.block_recon -   Total loss:	4696.924 (rec:628.080, round:4068.844)	b=5.94	count=16500
12/02/2025 12:26:06 - INFO - qdiff.block_recon -   Total loss:	4417.778 (rec:666.046, round:3751.732)	b=5.38	count=17000
12/02/2025 12:26:09 - INFO - qdiff.block_recon -   Total loss:	4013.371 (rec:606.081, round:3407.290)	b=4.81	count=17500
12/02/2025 12:26:12 - INFO - qdiff.block_recon -   Total loss:	3674.535 (rec:643.802, round:3030.732)	b=4.25	count=18000
12/02/2025 12:26:15 - INFO - qdiff.block_recon -   Total loss:	3262.102 (rec:648.579, round:2613.523)	b=3.69	count=18500
12/02/2025 12:26:18 - INFO - qdiff.block_recon -   Total loss:	2776.750 (rec:625.275, round:2151.475)	b=3.12	count=19000
12/02/2025 12:26:21 - INFO - qdiff.block_recon -   Total loss:	2246.346 (rec:606.585, round:1639.761)	b=2.56	count=19500
12/02/2025 12:26:24 - INFO - qdiff.block_recon -   Total loss:	1708.964 (rec:634.575, round:1074.389)	b=2.00	count=20000
12/02/2025 12:26:24 - INFO - __main__ -   up False
12/02/2025 12:26:24 - INFO - __main__ -   0 False
12/02/2025 12:26:24 - INFO - __main__ -   block False
12/02/2025 12:26:24 - INFO - __main__ -   0 True
12/02/2025 12:26:24 - INFO - __main__ -   Reconstruction for block 0
12/02/2025 12:27:40 - INFO - qdiff.timestep_aware_utils -   in 1 shape: torch.Size([5120, 384, 32, 32]), in 2 shape: torch.Size([5120, 512])
12/02/2025 12:27:40 - INFO - qdiff.timestep_aware_utils -   out shape: torch.Size([5120, 128, 32, 32])
12/02/2025 12:27:55 - INFO - qdiff.block_recon -   Total loss:	1338.772 (rec:1338.772, round:0.000)	b=0.00	count=500
12/02/2025 12:28:08 - INFO - qdiff.block_recon -   Total loss:	1188.536 (rec:1188.536, round:0.000)	b=0.00	count=1000
12/02/2025 12:28:21 - INFO - qdiff.block_recon -   Total loss:	1397.005 (rec:1397.005, round:0.000)	b=0.00	count=1500
12/02/2025 12:28:34 - INFO - qdiff.block_recon -   Total loss:	1136.061 (rec:1136.061, round:0.000)	b=0.00	count=2000
12/02/2025 12:28:47 - INFO - qdiff.block_recon -   Total loss:	1112.838 (rec:1112.838, round:0.000)	b=0.00	count=2500
12/02/2025 12:29:00 - INFO - qdiff.block_recon -   Total loss:	1254.432 (rec:1254.432, round:0.000)	b=0.00	count=3000
12/02/2025 12:29:13 - INFO - qdiff.block_recon -   Total loss:	1021.396 (rec:1021.396, round:0.000)	b=0.00	count=3500
12/02/2025 12:29:27 - INFO - qdiff.block_recon -   Total loss:	7612.866 (rec:1338.656, round:6274.210)	b=20.00	count=4000
12/02/2025 12:29:41 - INFO - qdiff.block_recon -   Total loss:	6150.742 (rec:991.842, round:5158.899)	b=19.44	count=4500
12/02/2025 12:29:55 - INFO - qdiff.block_recon -   Total loss:	6185.418 (rec:1288.286, round:4897.132)	b=18.88	count=5000
12/02/2025 12:30:09 - INFO - qdiff.block_recon -   Total loss:	5932.097 (rec:1199.458, round:4732.639)	b=18.31	count=5500
12/02/2025 12:30:23 - INFO - qdiff.block_recon -   Total loss:	5669.733 (rec:1066.969, round:4602.764)	b=17.75	count=6000
12/02/2025 12:30:37 - INFO - qdiff.block_recon -   Total loss:	5817.737 (rec:1326.422, round:4491.315)	b=17.19	count=6500
12/02/2025 12:30:51 - INFO - qdiff.block_recon -   Total loss:	5623.226 (rec:1232.556, round:4390.670)	b=16.62	count=7000
12/02/2025 12:31:05 - INFO - qdiff.block_recon -   Total loss:	5419.977 (rec:1126.175, round:4293.802)	b=16.06	count=7500
12/02/2025 12:31:19 - INFO - qdiff.block_recon -   Total loss:	5500.185 (rec:1299.681, round:4200.504)	b=15.50	count=8000
12/02/2025 12:31:33 - INFO - qdiff.block_recon -   Total loss:	5215.511 (rec:1104.335, round:4111.176)	b=14.94	count=8500
12/02/2025 12:31:47 - INFO - qdiff.block_recon -   Total loss:	5157.971 (rec:1134.475, round:4023.496)	b=14.38	count=9000
12/02/2025 12:32:01 - INFO - qdiff.block_recon -   Total loss:	5176.323 (rec:1239.410, round:3936.914)	b=13.81	count=9500
12/02/2025 12:32:15 - INFO - qdiff.block_recon -   Total loss:	4932.446 (rec:1079.927, round:3852.519)	b=13.25	count=10000
12/02/2025 12:32:30 - INFO - qdiff.block_recon -   Total loss:	4972.480 (rec:1206.164, round:3766.317)	b=12.69	count=10500
12/02/2025 12:32:44 - INFO - qdiff.block_recon -   Total loss:	4760.562 (rec:1081.841, round:3678.720)	b=12.12	count=11000
12/02/2025 12:32:58 - INFO - qdiff.block_recon -   Total loss:	4876.428 (rec:1286.044, round:3590.384)	b=11.56	count=11500
12/02/2025 12:33:12 - INFO - qdiff.block_recon -   Total loss:	4808.584 (rec:1306.846, round:3501.738)	b=11.00	count=12000
12/02/2025 12:33:26 - INFO - qdiff.block_recon -   Total loss:	4805.048 (rec:1395.212, round:3409.836)	b=10.44	count=12500
12/02/2025 12:33:40 - INFO - qdiff.block_recon -   Total loss:	4298.066 (rec:981.711, round:3316.355)	b=9.88	count=13000
12/02/2025 12:33:54 - INFO - qdiff.block_recon -   Total loss:	4437.249 (rec:1219.207, round:3218.042)	b=9.31	count=13500
12/02/2025 12:34:08 - INFO - qdiff.block_recon -   Total loss:	4096.413 (rec:979.325, round:3117.088)	b=8.75	count=14000
12/02/2025 12:34:22 - INFO - qdiff.block_recon -   Total loss:	4038.941 (rec:1027.608, round:3011.333)	b=8.19	count=14500
12/02/2025 12:34:36 - INFO - qdiff.block_recon -   Total loss:	4144.820 (rec:1243.264, round:2901.556)	b=7.62	count=15000
12/02/2025 12:34:50 - INFO - qdiff.block_recon -   Total loss:	3749.271 (rec:964.565, round:2784.706)	b=7.06	count=15500
12/02/2025 12:35:04 - INFO - qdiff.block_recon -   Total loss:	3752.173 (rec:1092.085, round:2660.088)	b=6.50	count=16000
12/02/2025 12:35:19 - INFO - qdiff.block_recon -   Total loss:	3617.640 (rec:1091.610, round:2526.030)	b=5.94	count=16500
12/02/2025 12:35:33 - INFO - qdiff.block_recon -   Total loss:	3378.343 (rec:998.385, round:2379.958)	b=5.38	count=17000
12/02/2025 12:35:47 - INFO - qdiff.block_recon -   Total loss:	3305.563 (rec:1085.958, round:2219.606)	b=4.81	count=17500
12/02/2025 12:36:01 - INFO - qdiff.block_recon -   Total loss:	3289.622 (rec:1247.724, round:2041.898)	b=4.25	count=18000
12/02/2025 12:36:15 - INFO - qdiff.block_recon -   Total loss:	3067.879 (rec:1223.367, round:1844.512)	b=3.69	count=18500
12/02/2025 12:36:29 - INFO - qdiff.block_recon -   Total loss:	2835.552 (rec:1213.911, round:1621.641)	b=3.12	count=19000
12/02/2025 12:36:43 - INFO - qdiff.block_recon -   Total loss:	2684.524 (rec:1319.070, round:1365.454)	b=2.56	count=19500
12/02/2025 12:36:57 - INFO - qdiff.block_recon -   Total loss:	2207.030 (rec:1142.811, round:1064.219)	b=2.00	count=20000
12/02/2025 12:36:58 - INFO - __main__ -   1 True
12/02/2025 12:36:58 - INFO - __main__ -   Reconstruction for block 1
12/02/2025 12:38:15 - INFO - qdiff.timestep_aware_utils -   in 1 shape: torch.Size([5120, 256, 32, 32]), in 2 shape: torch.Size([5120, 512])
12/02/2025 12:38:15 - INFO - qdiff.timestep_aware_utils -   out shape: torch.Size([5120, 128, 32, 32])
12/02/2025 12:38:26 - INFO - qdiff.block_recon -   Total loss:	281.195 (rec:281.195, round:0.000)	b=0.00	count=500
12/02/2025 12:38:38 - INFO - qdiff.block_recon -   Total loss:	282.626 (rec:282.626, round:0.000)	b=0.00	count=1000
12/02/2025 12:38:49 - INFO - qdiff.block_recon -   Total loss:	264.295 (rec:264.295, round:0.000)	b=0.00	count=1500
12/02/2025 12:39:00 - INFO - qdiff.block_recon -   Total loss:	260.505 (rec:260.505, round:0.000)	b=0.00	count=2000
12/02/2025 12:39:11 - INFO - qdiff.block_recon -   Total loss:	222.247 (rec:222.247, round:0.000)	b=0.00	count=2500
12/02/2025 12:39:22 - INFO - qdiff.block_recon -   Total loss:	252.003 (rec:252.003, round:0.000)	b=0.00	count=3000
12/02/2025 12:39:33 - INFO - qdiff.block_recon -   Total loss:	213.799 (rec:213.799, round:0.000)	b=0.00	count=3500
12/02/2025 12:39:44 - INFO - qdiff.block_recon -   Total loss:	5028.326 (rec:229.785, round:4798.541)	b=20.00	count=4000
12/02/2025 12:39:56 - INFO - qdiff.block_recon -   Total loss:	3873.285 (rec:232.072, round:3641.213)	b=19.44	count=4500
12/02/2025 12:40:08 - INFO - qdiff.block_recon -   Total loss:	3641.639 (rec:199.568, round:3442.072)	b=18.88	count=5000
12/02/2025 12:40:20 - INFO - qdiff.block_recon -   Total loss:	3582.497 (rec:263.981, round:3318.516)	b=18.31	count=5500
12/02/2025 12:40:33 - INFO - qdiff.block_recon -   Total loss:	3497.508 (rec:276.272, round:3221.236)	b=17.75	count=6000
12/02/2025 12:40:45 - INFO - qdiff.block_recon -   Total loss:	3448.454 (rec:310.807, round:3137.647)	b=17.19	count=6500
12/02/2025 12:40:56 - INFO - qdiff.block_recon -   Total loss:	3278.724 (rec:218.983, round:3059.741)	b=16.62	count=7000
12/02/2025 12:41:08 - INFO - qdiff.block_recon -   Total loss:	3243.544 (rec:256.942, round:2986.602)	b=16.06	count=7500
12/02/2025 12:41:19 - INFO - qdiff.block_recon -   Total loss:	3172.373 (rec:255.162, round:2917.211)	b=15.50	count=8000
12/02/2025 12:41:31 - INFO - qdiff.block_recon -   Total loss:	3091.164 (rec:244.491, round:2846.673)	b=14.94	count=8500
12/02/2025 12:41:42 - INFO - qdiff.block_recon -   Total loss:	3052.690 (rec:274.113, round:2778.577)	b=14.38	count=9000
12/02/2025 12:41:54 - INFO - qdiff.block_recon -   Total loss:	2965.474 (rec:255.517, round:2709.957)	b=13.81	count=9500
12/02/2025 12:42:06 - INFO - qdiff.block_recon -   Total loss:	2908.624 (rec:267.856, round:2640.768)	b=13.25	count=10000
12/02/2025 12:42:17 - INFO - qdiff.block_recon -   Total loss:	2803.454 (rec:231.813, round:2571.640)	b=12.69	count=10500
12/02/2025 12:42:28 - INFO - qdiff.block_recon -   Total loss:	2720.440 (rec:219.469, round:2500.971)	b=12.12	count=11000
12/02/2025 12:42:40 - INFO - qdiff.block_recon -   Total loss:	2739.097 (rec:309.640, round:2429.458)	b=11.56	count=11500
12/02/2025 12:42:52 - INFO - qdiff.block_recon -   Total loss:	2632.808 (rec:278.056, round:2354.752)	b=11.00	count=12000
12/02/2025 12:43:03 - INFO - qdiff.block_recon -   Total loss:	2500.844 (rec:221.266, round:2279.578)	b=10.44	count=12500
12/02/2025 12:43:15 - INFO - qdiff.block_recon -   Total loss:	2443.185 (rec:242.292, round:2200.893)	b=9.88	count=13000
12/02/2025 12:43:26 - INFO - qdiff.block_recon -   Total loss:	2332.287 (rec:214.173, round:2118.114)	b=9.31	count=13500
12/02/2025 12:43:38 - INFO - qdiff.block_recon -   Total loss:	2265.353 (rec:234.252, round:2031.101)	b=8.75	count=14000
12/02/2025 12:43:50 - INFO - qdiff.block_recon -   Total loss:	2215.619 (rec:276.311, round:1939.308)	b=8.19	count=14500
12/02/2025 12:44:02 - INFO - qdiff.block_recon -   Total loss:	2061.322 (rec:220.197, round:1841.125)	b=7.62	count=15000
12/02/2025 12:44:13 - INFO - qdiff.block_recon -   Total loss:	1970.148 (rec:233.849, round:1736.299)	b=7.06	count=15500
12/02/2025 12:44:25 - INFO - qdiff.block_recon -   Total loss:	1833.295 (rec:209.014, round:1624.281)	b=6.50	count=16000
12/02/2025 12:44:36 - INFO - qdiff.block_recon -   Total loss:	1761.032 (rec:257.849, round:1503.183)	b=5.94	count=16500
12/02/2025 12:44:48 - INFO - qdiff.block_recon -   Total loss:	1614.713 (rec:242.848, round:1371.865)	b=5.38	count=17000
12/02/2025 12:44:59 - INFO - qdiff.block_recon -   Total loss:	1490.423 (rec:261.561, round:1228.862)	b=4.81	count=17500
12/02/2025 12:45:11 - INFO - qdiff.block_recon -   Total loss:	1302.229 (rec:230.009, round:1072.219)	b=4.25	count=18000
12/02/2025 12:45:23 - INFO - qdiff.block_recon -   Total loss:	1150.141 (rec:249.414, round:900.727)	b=3.69	count=18500
12/02/2025 12:45:34 - INFO - qdiff.block_recon -   Total loss:	959.445 (rec:246.842, round:712.603)	b=3.12	count=19000
12/02/2025 12:45:46 - INFO - qdiff.block_recon -   Total loss:	774.273 (rec:263.904, round:510.369)	b=2.56	count=19500
12/02/2025 12:45:57 - INFO - qdiff.block_recon -   Total loss:	575.265 (rec:270.879, round:304.386)	b=2.00	count=20000
12/02/2025 12:45:58 - INFO - __main__ -   2 True
12/02/2025 12:45:58 - INFO - __main__ -   Reconstruction for block 2
12/02/2025 12:47:17 - INFO - qdiff.timestep_aware_utils -   in 1 shape: torch.Size([5120, 256, 32, 32]), in 2 shape: torch.Size([5120, 512])
12/02/2025 12:47:17 - INFO - qdiff.timestep_aware_utils -   out shape: torch.Size([5120, 128, 32, 32])
12/02/2025 12:47:30 - INFO - qdiff.block_recon -   Total loss:	530.094 (rec:530.094, round:0.000)	b=0.00	count=500
12/02/2025 12:47:41 - INFO - qdiff.block_recon -   Total loss:	460.410 (rec:460.410, round:0.000)	b=0.00	count=1000
12/02/2025 12:47:52 - INFO - qdiff.block_recon -   Total loss:	445.416 (rec:445.416, round:0.000)	b=0.00	count=1500
12/02/2025 12:48:03 - INFO - qdiff.block_recon -   Total loss:	462.064 (rec:462.064, round:0.000)	b=0.00	count=2000
12/02/2025 12:48:14 - INFO - qdiff.block_recon -   Total loss:	473.567 (rec:473.567, round:0.000)	b=0.00	count=2500
12/02/2025 12:48:25 - INFO - qdiff.block_recon -   Total loss:	471.905 (rec:471.905, round:0.000)	b=0.00	count=3000
12/02/2025 12:48:36 - INFO - qdiff.block_recon -   Total loss:	517.288 (rec:517.288, round:0.000)	b=0.00	count=3500
12/02/2025 12:48:47 - INFO - qdiff.block_recon -   Total loss:	5216.253 (rec:440.499, round:4775.754)	b=20.00	count=4000
12/02/2025 12:48:59 - INFO - qdiff.block_recon -   Total loss:	4283.650 (rec:538.710, round:3744.940)	b=19.44	count=4500
12/02/2025 12:49:12 - INFO - qdiff.block_recon -   Total loss:	3967.908 (rec:430.752, round:3537.156)	b=18.88	count=5000
12/02/2025 12:49:24 - INFO - qdiff.block_recon -   Total loss:	3839.900 (rec:435.819, round:3404.081)	b=18.31	count=5500
12/02/2025 12:49:36 - INFO - qdiff.block_recon -   Total loss:	3733.629 (rec:433.358, round:3300.271)	b=17.75	count=6000
12/02/2025 12:49:48 - INFO - qdiff.block_recon -   Total loss:	3679.942 (rec:470.015, round:3209.927)	b=17.19	count=6500
12/02/2025 12:50:00 - INFO - qdiff.block_recon -   Total loss:	3508.415 (rec:382.043, round:3126.372)	b=16.62	count=7000
12/02/2025 12:50:12 - INFO - qdiff.block_recon -   Total loss:	3432.724 (rec:384.497, round:3048.227)	b=16.06	count=7500
12/02/2025 12:50:24 - INFO - qdiff.block_recon -   Total loss:	3460.338 (rec:488.822, round:2971.516)	b=15.50	count=8000
12/02/2025 12:50:35 - INFO - qdiff.block_recon -   Total loss:	3284.440 (rec:387.161, round:2897.280)	b=14.94	count=8500
12/02/2025 12:50:47 - INFO - qdiff.block_recon -   Total loss:	3226.989 (rec:402.405, round:2824.584)	b=14.38	count=9000
12/02/2025 12:50:58 - INFO - qdiff.block_recon -   Total loss:	3230.712 (rec:477.140, round:2753.573)	b=13.81	count=9500
12/02/2025 12:51:10 - INFO - qdiff.block_recon -   Total loss:	3082.566 (rec:399.356, round:2683.210)	b=13.25	count=10000
12/02/2025 12:51:22 - INFO - qdiff.block_recon -   Total loss:	3057.855 (rec:444.622, round:2613.233)	b=12.69	count=10500
12/02/2025 12:51:33 - INFO - qdiff.block_recon -   Total loss:	3002.376 (rec:460.106, round:2542.270)	b=12.12	count=11000
12/02/2025 12:51:45 - INFO - qdiff.block_recon -   Total loss:	2922.323 (rec:451.009, round:2471.314)	b=11.56	count=11500
12/02/2025 12:51:56 - INFO - qdiff.block_recon -   Total loss:	2822.468 (rec:424.101, round:2398.367)	b=11.00	count=12000
12/02/2025 12:52:08 - INFO - qdiff.block_recon -   Total loss:	2772.818 (rec:448.453, round:2324.365)	b=10.44	count=12500
12/02/2025 12:52:19 - INFO - qdiff.block_recon -   Total loss:	2706.513 (rec:457.630, round:2248.883)	b=9.88	count=13000
12/02/2025 12:52:31 - INFO - qdiff.block_recon -   Total loss:	2607.418 (rec:435.984, round:2171.434)	b=9.31	count=13500
12/02/2025 12:52:43 - INFO - qdiff.block_recon -   Total loss:	2554.234 (rec:464.315, round:2089.919)	b=8.75	count=14000
12/02/2025 12:52:54 - INFO - qdiff.block_recon -   Total loss:	2423.114 (rec:417.038, round:2006.076)	b=8.19	count=14500
12/02/2025 12:53:06 - INFO - qdiff.block_recon -   Total loss:	2343.003 (rec:425.944, round:1917.060)	b=7.62	count=15000
12/02/2025 12:53:17 - INFO - qdiff.block_recon -   Total loss:	2240.884 (rec:418.237, round:1822.647)	b=7.06	count=15500
12/02/2025 12:53:29 - INFO - qdiff.block_recon -   Total loss:	2149.773 (rec:426.957, round:1722.816)	b=6.50	count=16000
12/02/2025 12:53:40 - INFO - qdiff.block_recon -   Total loss:	1995.150 (rec:378.990, round:1616.160)	b=5.94	count=16500
12/02/2025 12:53:52 - INFO - qdiff.block_recon -   Total loss:	1961.691 (rec:460.851, round:1500.840)	b=5.38	count=17000
12/02/2025 12:54:03 - INFO - qdiff.block_recon -   Total loss:	1786.335 (rec:410.692, round:1375.643)	b=4.81	count=17500
12/02/2025 12:54:15 - INFO - qdiff.block_recon -   Total loss:	1702.824 (rec:464.913, round:1237.911)	b=4.25	count=18000
12/02/2025 12:54:27 - INFO - qdiff.block_recon -   Total loss:	1486.370 (rec:400.434, round:1085.936)	b=3.69	count=18500
12/02/2025 12:54:38 - INFO - qdiff.block_recon -   Total loss:	1332.657 (rec:414.604, round:918.053)	b=3.12	count=19000
12/02/2025 12:54:50 - INFO - qdiff.block_recon -   Total loss:	1218.667 (rec:485.246, round:733.421)	b=2.56	count=19500
12/02/2025 12:55:01 - INFO - qdiff.block_recon -   Total loss:	967.391 (rec:435.305, round:532.086)	b=2.00	count=20000
12/02/2025 12:55:02 - INFO - __main__ -   attn False
12/02/2025 12:55:02 - INFO - __main__ -   1 False
12/02/2025 12:55:02 - INFO - __main__ -   block False
12/02/2025 12:55:02 - INFO - __main__ -   0 True
12/02/2025 12:55:02 - INFO - __main__ -   Reconstruction for block 0
12/02/2025 12:56:01 - INFO - qdiff.timestep_aware_utils -   in 1 shape: torch.Size([5120, 512, 16, 16]), in 2 shape: torch.Size([5120, 512])
12/02/2025 12:56:01 - INFO - qdiff.timestep_aware_utils -   out shape: torch.Size([5120, 256, 16, 16])
12/02/2025 12:56:08 - INFO - qdiff.block_recon -   Total loss:	786.234 (rec:786.234, round:0.000)	b=0.00	count=500
12/02/2025 12:56:15 - INFO - qdiff.block_recon -   Total loss:	679.358 (rec:679.358, round:0.000)	b=0.00	count=1000
12/02/2025 12:56:22 - INFO - qdiff.block_recon -   Total loss:	684.619 (rec:684.619, round:0.000)	b=0.00	count=1500
12/02/2025 12:56:29 - INFO - qdiff.block_recon -   Total loss:	635.838 (rec:635.838, round:0.000)	b=0.00	count=2000
12/02/2025 12:56:35 - INFO - qdiff.block_recon -   Total loss:	693.044 (rec:693.044, round:0.000)	b=0.00	count=2500
12/02/2025 12:56:42 - INFO - qdiff.block_recon -   Total loss:	755.448 (rec:755.448, round:0.000)	b=0.00	count=3000
12/02/2025 12:56:49 - INFO - qdiff.block_recon -   Total loss:	617.603 (rec:617.603, round:0.000)	b=0.00	count=3500
12/02/2025 12:56:55 - INFO - qdiff.block_recon -   Total loss:	18649.564 (rec:731.311, round:17918.254)	b=20.00	count=4000
12/02/2025 12:57:03 - INFO - qdiff.block_recon -   Total loss:	14250.606 (rec:656.460, round:13594.146)	b=19.44	count=4500
12/02/2025 12:57:11 - INFO - qdiff.block_recon -   Total loss:	13467.524 (rec:630.595, round:12836.930)	b=18.88	count=5000
12/02/2025 12:57:19 - INFO - qdiff.block_recon -   Total loss:	12955.981 (rec:592.494, round:12363.487)	b=18.31	count=5500
12/02/2025 12:57:27 - INFO - qdiff.block_recon -   Total loss:	12628.753 (rec:640.535, round:11988.218)	b=17.75	count=6000
12/02/2025 12:57:35 - INFO - qdiff.block_recon -   Total loss:	12336.400 (rec:678.632, round:11657.769)	b=17.19	count=6500
12/02/2025 12:57:43 - INFO - qdiff.block_recon -   Total loss:	12018.933 (rec:668.295, round:11350.638)	b=16.62	count=7000
12/02/2025 12:57:51 - INFO - qdiff.block_recon -   Total loss:	11680.287 (rec:621.350, round:11058.938)	b=16.06	count=7500
12/02/2025 12:57:58 - INFO - qdiff.block_recon -   Total loss:	11367.704 (rec:591.301, round:10776.403)	b=15.50	count=8000
12/02/2025 12:58:06 - INFO - qdiff.block_recon -   Total loss:	11128.085 (rec:629.219, round:10498.865)	b=14.94	count=8500
12/02/2025 12:58:14 - INFO - qdiff.block_recon -   Total loss:	10833.208 (rec:608.514, round:10224.693)	b=14.38	count=9000
12/02/2025 12:58:22 - INFO - qdiff.block_recon -   Total loss:	10531.436 (rec:575.379, round:9956.057)	b=13.81	count=9500
12/02/2025 12:58:29 - INFO - qdiff.block_recon -   Total loss:	10406.657 (rec:721.849, round:9684.808)	b=13.25	count=10000
12/02/2025 12:58:37 - INFO - qdiff.block_recon -   Total loss:	10050.706 (rec:641.082, round:9409.624)	b=12.69	count=10500
12/02/2025 12:58:45 - INFO - qdiff.block_recon -   Total loss:	9881.518 (rec:749.092, round:9132.426)	b=12.12	count=11000
12/02/2025 12:58:53 - INFO - qdiff.block_recon -   Total loss:	9534.120 (rec:687.834, round:8846.286)	b=11.56	count=11500
12/02/2025 12:59:01 - INFO - qdiff.block_recon -   Total loss:	9186.618 (rec:632.750, round:8553.868)	b=11.00	count=12000
12/02/2025 12:59:08 - INFO - qdiff.block_recon -   Total loss:	8858.128 (rec:604.722, round:8253.406)	b=10.44	count=12500
12/02/2025 12:59:16 - INFO - qdiff.block_recon -   Total loss:	8609.593 (rec:663.711, round:7945.882)	b=9.88	count=13000
12/02/2025 12:59:24 - INFO - qdiff.block_recon -   Total loss:	8262.373 (rec:637.043, round:7625.331)	b=9.31	count=13500
12/02/2025 12:59:32 - INFO - qdiff.block_recon -   Total loss:	7930.804 (rec:639.825, round:7290.979)	b=8.75	count=14000
12/02/2025 12:59:40 - INFO - qdiff.block_recon -   Total loss:	7675.438 (rec:737.350, round:6938.088)	b=8.19	count=14500
12/02/2025 12:59:47 - INFO - qdiff.block_recon -   Total loss:	7076.479 (rec:512.183, round:6564.295)	b=7.62	count=15000
12/02/2025 12:59:55 - INFO - qdiff.block_recon -   Total loss:	6812.051 (rec:643.170, round:6168.881)	b=7.06	count=15500
12/02/2025 13:00:03 - INFO - qdiff.block_recon -   Total loss:	6460.682 (rec:714.183, round:5746.499)	b=6.50	count=16000
12/02/2025 13:00:11 - INFO - qdiff.block_recon -   Total loss:	5919.145 (rec:630.177, round:5288.968)	b=5.94	count=16500
12/02/2025 13:00:18 - INFO - qdiff.block_recon -   Total loss:	5503.336 (rec:700.730, round:4802.605)	b=5.38	count=17000
12/02/2025 13:00:26 - INFO - qdiff.block_recon -   Total loss:	4927.222 (rec:656.207, round:4271.015)	b=4.81	count=17500
12/02/2025 13:00:34 - INFO - qdiff.block_recon -   Total loss:	4384.230 (rec:693.409, round:3690.822)	b=4.25	count=18000
12/02/2025 13:00:42 - INFO - qdiff.block_recon -   Total loss:	3699.069 (rec:646.575, round:3052.494)	b=3.69	count=18500
12/02/2025 13:00:49 - INFO - qdiff.block_recon -   Total loss:	3038.716 (rec:685.765, round:2352.951)	b=3.12	count=19000
12/02/2025 13:00:57 - INFO - qdiff.block_recon -   Total loss:	2241.270 (rec:644.153, round:1597.118)	b=2.56	count=19500
12/02/2025 13:01:05 - INFO - qdiff.block_recon -   Total loss:	1527.630 (rec:700.218, round:827.413)	b=2.00	count=20000
12/02/2025 13:01:05 - INFO - __main__ -   1 True
12/02/2025 13:01:05 - INFO - __main__ -   Reconstruction for block 1
12/02/2025 13:02:09 - INFO - qdiff.timestep_aware_utils -   in 1 shape: torch.Size([5120, 512, 16, 16]), in 2 shape: torch.Size([5120, 512])
12/02/2025 13:02:09 - INFO - qdiff.timestep_aware_utils -   out shape: torch.Size([5120, 256, 16, 16])
12/02/2025 13:02:16 - INFO - qdiff.block_recon -   Total loss:	565.361 (rec:565.361, round:0.000)	b=0.00	count=500
12/02/2025 13:02:23 - INFO - qdiff.block_recon -   Total loss:	505.812 (rec:505.812, round:0.000)	b=0.00	count=1000
12/02/2025 13:02:30 - INFO - qdiff.block_recon -   Total loss:	427.059 (rec:427.059, round:0.000)	b=0.00	count=1500
12/02/2025 13:02:37 - INFO - qdiff.block_recon -   Total loss:	485.837 (rec:485.837, round:0.000)	b=0.00	count=2000
12/02/2025 13:02:44 - INFO - qdiff.block_recon -   Total loss:	391.605 (rec:391.605, round:0.000)	b=0.00	count=2500
12/02/2025 13:02:51 - INFO - qdiff.block_recon -   Total loss:	478.982 (rec:478.982, round:0.000)	b=0.00	count=3000
12/02/2025 13:02:59 - INFO - qdiff.block_recon -   Total loss:	478.776 (rec:478.776, round:0.000)	b=0.00	count=3500
12/02/2025 13:03:06 - INFO - qdiff.block_recon -   Total loss:	18534.336 (rec:464.604, round:18069.732)	b=20.00	count=4000
12/02/2025 13:03:14 - INFO - qdiff.block_recon -   Total loss:	13847.129 (rec:410.810, round:13436.319)	b=19.44	count=4500
12/02/2025 13:03:23 - INFO - qdiff.block_recon -   Total loss:	13162.114 (rec:473.518, round:12688.597)	b=18.88	count=5000
12/02/2025 13:03:31 - INFO - qdiff.block_recon -   Total loss:	12754.857 (rec:519.322, round:12235.535)	b=18.31	count=5500
12/02/2025 13:03:40 - INFO - qdiff.block_recon -   Total loss:	12370.952 (rec:493.206, round:11877.746)	b=17.75	count=6000
12/02/2025 13:03:47 - INFO - qdiff.block_recon -   Total loss:	12047.940 (rec:485.803, round:11562.138)	b=17.19	count=6500
12/02/2025 13:03:55 - INFO - qdiff.block_recon -   Total loss:	11688.492 (rec:416.976, round:11271.516)	b=16.62	count=7000
12/02/2025 13:04:03 - INFO - qdiff.block_recon -   Total loss:	11499.645 (rec:504.211, round:10995.434)	b=16.06	count=7500
12/02/2025 13:04:10 - INFO - qdiff.block_recon -   Total loss:	11157.572 (rec:432.354, round:10725.218)	b=15.50	count=8000
12/02/2025 13:04:18 - INFO - qdiff.block_recon -   Total loss:	10911.294 (rec:450.470, round:10460.824)	b=14.94	count=8500
12/02/2025 13:04:26 - INFO - qdiff.block_recon -   Total loss:	10557.718 (rec:361.423, round:10196.295)	b=14.38	count=9000
12/02/2025 13:04:34 - INFO - qdiff.block_recon -   Total loss:	10425.399 (rec:494.691, round:9930.708)	b=13.81	count=9500
12/02/2025 13:04:42 - INFO - qdiff.block_recon -   Total loss:	10106.663 (rec:443.921, round:9662.742)	b=13.25	count=10000
12/02/2025 13:04:49 - INFO - qdiff.block_recon -   Total loss:	9808.904 (rec:416.501, round:9392.403)	b=12.69	count=10500
12/02/2025 13:04:57 - INFO - qdiff.block_recon -   Total loss:	9514.636 (rec:398.723, round:9115.913)	b=12.12	count=11000
12/02/2025 13:05:05 - INFO - qdiff.block_recon -   Total loss:	9213.404 (rec:379.571, round:8833.833)	b=11.56	count=11500
12/02/2025 13:05:12 - INFO - qdiff.block_recon -   Total loss:	8966.384 (rec:424.259, round:8542.125)	b=11.00	count=12000
12/02/2025 13:05:20 - INFO - qdiff.block_recon -   Total loss:	8590.908 (rec:347.470, round:8243.438)	b=10.44	count=12500
12/02/2025 13:05:28 - INFO - qdiff.block_recon -   Total loss:	8353.088 (rec:423.278, round:7929.810)	b=9.88	count=13000
12/02/2025 13:05:35 - INFO - qdiff.block_recon -   Total loss:	8006.064 (rec:405.184, round:7600.880)	b=9.31	count=13500
12/02/2025 13:05:43 - INFO - qdiff.block_recon -   Total loss:	7718.675 (rec:463.811, round:7254.864)	b=8.75	count=14000
12/02/2025 13:05:51 - INFO - qdiff.block_recon -   Total loss:	7393.942 (rec:503.275, round:6890.667)	b=8.19	count=14500
12/02/2025 13:05:59 - INFO - qdiff.block_recon -   Total loss:	6965.434 (rec:460.248, round:6505.185)	b=7.62	count=15000
12/02/2025 13:06:06 - INFO - qdiff.block_recon -   Total loss:	6486.895 (rec:394.157, round:6092.737)	b=7.06	count=15500
12/02/2025 13:06:14 - INFO - qdiff.block_recon -   Total loss:	6159.427 (rec:509.285, round:5650.143)	b=6.50	count=16000
12/02/2025 13:06:22 - INFO - qdiff.block_recon -   Total loss:	5607.920 (rec:434.042, round:5173.879)	b=5.94	count=16500
12/02/2025 13:06:29 - INFO - qdiff.block_recon -   Total loss:	5096.367 (rec:437.855, round:4658.512)	b=5.38	count=17000
12/02/2025 13:06:37 - INFO - qdiff.block_recon -   Total loss:	4540.849 (rec:443.587, round:4097.262)	b=4.81	count=17500
12/02/2025 13:06:45 - INFO - qdiff.block_recon -   Total loss:	3930.860 (rec:441.836, round:3489.025)	b=4.25	count=18000
12/02/2025 13:06:53 - INFO - qdiff.block_recon -   Total loss:	3362.871 (rec:541.435, round:2821.436)	b=3.69	count=18500
12/02/2025 13:07:00 - INFO - qdiff.block_recon -   Total loss:	2572.907 (rec:475.565, round:2097.341)	b=3.12	count=19000
12/02/2025 13:07:08 - INFO - qdiff.block_recon -   Total loss:	1872.321 (rec:540.258, round:1332.063)	b=2.56	count=19500
12/02/2025 13:07:16 - INFO - qdiff.block_recon -   Total loss:	1104.380 (rec:484.896, round:619.484)	b=2.00	count=20000
12/02/2025 13:07:16 - INFO - __main__ -   2 True
12/02/2025 13:07:16 - INFO - __main__ -   Reconstruction for block 2
12/02/2025 13:08:24 - INFO - qdiff.timestep_aware_utils -   in 1 shape: torch.Size([5120, 384, 16, 16]), in 2 shape: torch.Size([5120, 512])
12/02/2025 13:08:24 - INFO - qdiff.timestep_aware_utils -   out shape: torch.Size([5120, 256, 16, 16])
12/02/2025 13:08:30 - INFO - qdiff.block_recon -   Total loss:	398.216 (rec:398.216, round:0.000)	b=0.00	count=500
12/02/2025 13:08:36 - INFO - qdiff.block_recon -   Total loss:	301.572 (rec:301.572, round:0.000)	b=0.00	count=1000
12/02/2025 13:08:42 - INFO - qdiff.block_recon -   Total loss:	322.116 (rec:322.116, round:0.000)	b=0.00	count=1500
12/02/2025 13:08:48 - INFO - qdiff.block_recon -   Total loss:	392.562 (rec:392.562, round:0.000)	b=0.00	count=2000
12/02/2025 13:08:54 - INFO - qdiff.block_recon -   Total loss:	405.522 (rec:405.522, round:0.000)	b=0.00	count=2500
12/02/2025 13:09:00 - INFO - qdiff.block_recon -   Total loss:	352.350 (rec:352.350, round:0.000)	b=0.00	count=3000
12/02/2025 13:09:06 - INFO - qdiff.block_recon -   Total loss:	323.272 (rec:323.272, round:0.000)	b=0.00	count=3500
12/02/2025 13:09:12 - INFO - qdiff.block_recon -   Total loss:	15672.896 (rec:351.759, round:15321.137)	b=20.00	count=4000
12/02/2025 13:09:19 - INFO - qdiff.block_recon -   Total loss:	11544.306 (rec:295.281, round:11249.024)	b=19.44	count=4500
12/02/2025 13:09:26 - INFO - qdiff.block_recon -   Total loss:	11002.823 (rec:387.639, round:10615.185)	b=18.88	count=5000
12/02/2025 13:09:33 - INFO - qdiff.block_recon -   Total loss:	10537.653 (rec:317.175, round:10220.478)	b=18.31	count=5500
12/02/2025 13:09:41 - INFO - qdiff.block_recon -   Total loss:	10233.936 (rec:323.676, round:9910.259)	b=17.75	count=6000
12/02/2025 13:09:48 - INFO - qdiff.block_recon -   Total loss:	9991.203 (rec:359.318, round:9631.885)	b=17.19	count=6500
12/02/2025 13:09:55 - INFO - qdiff.block_recon -   Total loss:	9673.261 (rec:294.938, round:9378.322)	b=16.62	count=7000
12/02/2025 13:10:01 - INFO - qdiff.block_recon -   Total loss:	9463.723 (rec:328.858, round:9134.864)	b=16.06	count=7500
12/02/2025 13:10:08 - INFO - qdiff.block_recon -   Total loss:	9197.890 (rec:299.761, round:8898.129)	b=15.50	count=8000
12/02/2025 13:10:15 - INFO - qdiff.block_recon -   Total loss:	8989.778 (rec:322.119, round:8667.659)	b=14.94	count=8500
12/02/2025 13:10:22 - INFO - qdiff.block_recon -   Total loss:	8771.224 (rec:334.592, round:8436.631)	b=14.38	count=9000
12/02/2025 13:10:29 - INFO - qdiff.block_recon -   Total loss:	8564.541 (rec:361.015, round:8203.526)	b=13.81	count=9500
12/02/2025 13:10:36 - INFO - qdiff.block_recon -   Total loss:	8299.853 (rec:327.857, round:7971.996)	b=13.25	count=10000
12/02/2025 13:10:44 - INFO - qdiff.block_recon -   Total loss:	8055.193 (rec:320.569, round:7734.625)	b=12.69	count=10500
12/02/2025 13:10:50 - INFO - qdiff.block_recon -   Total loss:	7838.203 (rec:342.597, round:7495.606)	b=12.12	count=11000
12/02/2025 13:10:57 - INFO - qdiff.block_recon -   Total loss:	7568.582 (rec:322.107, round:7246.475)	b=11.56	count=11500
12/02/2025 13:11:04 - INFO - qdiff.block_recon -   Total loss:	7333.808 (rec:339.301, round:6994.507)	b=11.00	count=12000
12/02/2025 13:11:11 - INFO - qdiff.block_recon -   Total loss:	7077.666 (rec:342.332, round:6735.334)	b=10.44	count=12500
12/02/2025 13:11:18 - INFO - qdiff.block_recon -   Total loss:	6820.441 (rec:354.446, round:6465.996)	b=9.88	count=13000
12/02/2025 13:11:25 - INFO - qdiff.block_recon -   Total loss:	6516.253 (rec:332.739, round:6183.514)	b=9.31	count=13500
12/02/2025 13:11:32 - INFO - qdiff.block_recon -   Total loss:	6227.573 (rec:341.061, round:5886.512)	b=8.75	count=14000
12/02/2025 13:11:40 - INFO - qdiff.block_recon -   Total loss:	5906.450 (rec:333.846, round:5572.604)	b=8.19	count=14500
12/02/2025 13:11:47 - INFO - qdiff.block_recon -   Total loss:	5592.199 (rec:350.416, round:5241.783)	b=7.62	count=15000
12/02/2025 13:11:54 - INFO - qdiff.block_recon -   Total loss:	5251.289 (rec:361.479, round:4889.810)	b=7.06	count=15500
12/02/2025 13:12:01 - INFO - qdiff.block_recon -   Total loss:	4828.615 (rec:315.066, round:4513.550)	b=6.50	count=16000
12/02/2025 13:12:08 - INFO - qdiff.block_recon -   Total loss:	4460.734 (rec:351.413, round:4109.322)	b=5.94	count=16500
12/02/2025 13:12:15 - INFO - qdiff.block_recon -   Total loss:	4004.916 (rec:332.549, round:3672.367)	b=5.38	count=17000
12/02/2025 13:12:22 - INFO - qdiff.block_recon -   Total loss:	3522.379 (rec:321.460, round:3200.920)	b=4.81	count=17500
12/02/2025 13:12:29 - INFO - qdiff.block_recon -   Total loss:	3022.311 (rec:333.695, round:2688.615)	b=4.25	count=18000
12/02/2025 13:12:36 - INFO - qdiff.block_recon -   Total loss:	2455.680 (rec:323.285, round:2132.396)	b=3.69	count=18500
12/02/2025 13:12:43 - INFO - qdiff.block_recon -   Total loss:	1858.112 (rec:320.954, round:1537.157)	b=3.12	count=19000
12/02/2025 13:12:50 - INFO - qdiff.block_recon -   Total loss:	1345.069 (rec:416.602, round:928.467)	b=2.56	count=19500
12/02/2025 13:12:57 - INFO - qdiff.block_recon -   Total loss:	802.724 (rec:395.275, round:407.448)	b=2.00	count=20000
12/02/2025 13:12:57 - INFO - __main__ -   attn False
12/02/2025 13:12:57 - INFO - __main__ -   0 True
12/02/2025 13:12:57 - INFO - __main__ -   Reconstruction for block 0
12/02/2025 13:13:58 - INFO - qdiff.timestep_aware_utils -   in shape: torch.Size([5120, 256, 16, 16])
12/02/2025 13:13:58 - INFO - qdiff.timestep_aware_utils -   out shape: torch.Size([5120, 256, 16, 16])
12/02/2025 13:14:03 - INFO - qdiff.block_recon -   Total loss:	420.653 (rec:420.653, round:0.000)	b=0.00	count=500
12/02/2025 13:14:08 - INFO - qdiff.block_recon -   Total loss:	454.616 (rec:454.616, round:0.000)	b=0.00	count=1000
12/02/2025 13:14:13 - INFO - qdiff.block_recon -   Total loss:	386.388 (rec:386.388, round:0.000)	b=0.00	count=1500
12/02/2025 13:14:17 - INFO - qdiff.block_recon -   Total loss:	368.278 (rec:368.278, round:0.000)	b=0.00	count=2000
12/02/2025 13:14:22 - INFO - qdiff.block_recon -   Total loss:	414.787 (rec:414.787, round:0.000)	b=0.00	count=2500
12/02/2025 13:14:27 - INFO - qdiff.block_recon -   Total loss:	460.481 (rec:460.481, round:0.000)	b=0.00	count=3000
12/02/2025 13:14:32 - INFO - qdiff.block_recon -   Total loss:	436.330 (rec:436.330, round:0.000)	b=0.00	count=3500
12/02/2025 13:14:37 - INFO - qdiff.block_recon -   Total loss:	2812.751 (rec:400.115, round:2412.636)	b=20.00	count=4000
12/02/2025 13:14:43 - INFO - qdiff.block_recon -   Total loss:	2301.838 (rec:415.861, round:1885.977)	b=19.44	count=4500
12/02/2025 13:14:49 - INFO - qdiff.block_recon -   Total loss:	2283.757 (rec:500.152, round:1783.605)	b=18.88	count=5000
12/02/2025 13:14:55 - INFO - qdiff.block_recon -   Total loss:	2166.404 (rec:445.071, round:1721.333)	b=18.31	count=5500
12/02/2025 13:15:01 - INFO - qdiff.block_recon -   Total loss:	2073.336 (rec:401.135, round:1672.201)	b=17.75	count=6000
12/02/2025 13:15:06 - INFO - qdiff.block_recon -   Total loss:	2081.673 (rec:451.141, round:1630.532)	b=17.19	count=6500
12/02/2025 13:15:12 - INFO - qdiff.block_recon -   Total loss:	1996.472 (rec:404.790, round:1591.683)	b=16.62	count=7000
12/02/2025 13:15:18 - INFO - qdiff.block_recon -   Total loss:	2005.047 (rec:449.521, round:1555.526)	b=16.06	count=7500
12/02/2025 13:15:24 - INFO - qdiff.block_recon -   Total loss:	1884.850 (rec:365.502, round:1519.347)	b=15.50	count=8000
12/02/2025 13:15:30 - INFO - qdiff.block_recon -   Total loss:	1922.383 (rec:437.479, round:1484.904)	b=14.94	count=8500
12/02/2025 13:15:36 - INFO - qdiff.block_recon -   Total loss:	1856.458 (rec:407.173, round:1449.285)	b=14.38	count=9000
12/02/2025 13:15:42 - INFO - qdiff.block_recon -   Total loss:	1796.264 (rec:381.947, round:1414.317)	b=13.81	count=9500
12/02/2025 13:15:48 - INFO - qdiff.block_recon -   Total loss:	1834.677 (rec:456.162, round:1378.515)	b=13.25	count=10000
12/02/2025 13:15:54 - INFO - qdiff.block_recon -   Total loss:	1742.161 (rec:399.739, round:1342.421)	b=12.69	count=10500
12/02/2025 13:15:59 - INFO - qdiff.block_recon -   Total loss:	1746.672 (rec:441.257, round:1305.415)	b=12.12	count=11000
12/02/2025 13:16:05 - INFO - qdiff.block_recon -   Total loss:	1658.089 (rec:390.730, round:1267.359)	b=11.56	count=11500
12/02/2025 13:16:11 - INFO - qdiff.block_recon -   Total loss:	1640.427 (rec:412.237, round:1228.190)	b=11.00	count=12000
12/02/2025 13:16:17 - INFO - qdiff.block_recon -   Total loss:	1601.781 (rec:412.697, round:1189.084)	b=10.44	count=12500
12/02/2025 13:16:23 - INFO - qdiff.block_recon -   Total loss:	1612.962 (rec:465.218, round:1147.744)	b=9.88	count=13000
12/02/2025 13:16:29 - INFO - qdiff.block_recon -   Total loss:	1535.695 (rec:429.814, round:1105.881)	b=9.31	count=13500
12/02/2025 13:16:35 - INFO - qdiff.block_recon -   Total loss:	1442.964 (rec:381.019, round:1061.945)	b=8.75	count=14000
12/02/2025 13:16:41 - INFO - qdiff.block_recon -   Total loss:	1408.992 (rec:394.886, round:1014.107)	b=8.19	count=14500
12/02/2025 13:16:47 - INFO - qdiff.block_recon -   Total loss:	1395.025 (rec:429.707, round:965.318)	b=7.62	count=15000
12/02/2025 13:16:52 - INFO - qdiff.block_recon -   Total loss:	1376.006 (rec:465.103, round:910.903)	b=7.06	count=15500
12/02/2025 13:16:58 - INFO - qdiff.block_recon -   Total loss:	1328.414 (rec:475.585, round:852.829)	b=6.50	count=16000
12/02/2025 13:17:04 - INFO - qdiff.block_recon -   Total loss:	1195.028 (rec:404.239, round:790.788)	b=5.94	count=16500
12/02/2025 13:17:10 - INFO - qdiff.block_recon -   Total loss:	1157.586 (rec:433.426, round:724.160)	b=5.38	count=17000
12/02/2025 13:17:16 - INFO - qdiff.block_recon -   Total loss:	1095.525 (rec:443.728, round:651.797)	b=4.81	count=17500
12/02/2025 13:17:22 - INFO - qdiff.block_recon -   Total loss:	931.028 (rec:360.165, round:570.863)	b=4.25	count=18000
12/02/2025 13:17:28 - INFO - qdiff.block_recon -   Total loss:	863.987 (rec:380.985, round:483.002)	b=3.69	count=18500
12/02/2025 13:17:33 - INFO - qdiff.block_recon -   Total loss:	806.143 (rec:420.345, round:385.798)	b=3.12	count=19000
12/02/2025 13:17:40 - INFO - qdiff.block_recon -   Total loss:	671.316 (rec:395.573, round:275.743)	b=2.56	count=19500
12/02/2025 13:17:45 - INFO - qdiff.block_recon -   Total loss:	623.176 (rec:465.531, round:157.645)	b=2.00	count=20000
12/02/2025 13:17:46 - INFO - __main__ -   1 True
12/02/2025 13:17:46 - INFO - __main__ -   Reconstruction for block 1
12/02/2025 13:18:51 - INFO - qdiff.timestep_aware_utils -   in shape: torch.Size([5120, 256, 16, 16])
12/02/2025 13:18:51 - INFO - qdiff.timestep_aware_utils -   out shape: torch.Size([5120, 256, 16, 16])
12/02/2025 13:18:56 - INFO - qdiff.block_recon -   Total loss:	295.713 (rec:295.713, round:0.000)	b=0.00	count=500
12/02/2025 13:19:01 - INFO - qdiff.block_recon -   Total loss:	297.478 (rec:297.478, round:0.000)	b=0.00	count=1000
12/02/2025 13:19:06 - INFO - qdiff.block_recon -   Total loss:	360.782 (rec:360.782, round:0.000)	b=0.00	count=1500
12/02/2025 13:19:12 - INFO - qdiff.block_recon -   Total loss:	307.990 (rec:307.990, round:0.000)	b=0.00	count=2000
12/02/2025 13:19:17 - INFO - qdiff.block_recon -   Total loss:	343.337 (rec:343.337, round:0.000)	b=0.00	count=2500
12/02/2025 13:19:22 - INFO - qdiff.block_recon -   Total loss:	301.853 (rec:301.853, round:0.000)	b=0.00	count=3000
12/02/2025 13:19:27 - INFO - qdiff.block_recon -   Total loss:	342.039 (rec:342.039, round:0.000)	b=0.00	count=3500
12/02/2025 13:19:32 - INFO - qdiff.block_recon -   Total loss:	2690.706 (rec:307.179, round:2383.526)	b=20.00	count=4000
12/02/2025 13:19:39 - INFO - qdiff.block_recon -   Total loss:	2113.863 (rec:309.335, round:1804.528)	b=19.44	count=4500
12/02/2025 13:19:45 - INFO - qdiff.block_recon -   Total loss:	2025.921 (rec:323.368, round:1702.553)	b=18.88	count=5000
12/02/2025 13:19:51 - INFO - qdiff.block_recon -   Total loss:	1975.727 (rec:336.951, round:1638.776)	b=18.31	count=5500
12/02/2025 13:19:57 - INFO - qdiff.block_recon -   Total loss:	1902.270 (rec:314.381, round:1587.889)	b=17.75	count=6000
12/02/2025 13:20:04 - INFO - qdiff.block_recon -   Total loss:	1830.191 (rec:287.263, round:1542.928)	b=17.19	count=6500
12/02/2025 13:20:10 - INFO - qdiff.block_recon -   Total loss:	1794.259 (rec:293.769, round:1500.490)	b=16.62	count=7000
12/02/2025 13:20:16 - INFO - qdiff.block_recon -   Total loss:	1721.181 (rec:260.306, round:1460.875)	b=16.06	count=7500
12/02/2025 13:20:22 - INFO - qdiff.block_recon -   Total loss:	1700.940 (rec:277.914, round:1423.026)	b=15.50	count=8000
12/02/2025 13:20:28 - INFO - qdiff.block_recon -   Total loss:	1691.595 (rec:307.544, round:1384.051)	b=14.94	count=8500
12/02/2025 13:20:34 - INFO - qdiff.block_recon -   Total loss:	1699.559 (rec:354.217, round:1345.342)	b=14.38	count=9000
12/02/2025 13:20:40 - INFO - qdiff.block_recon -   Total loss:	1656.153 (rec:348.615, round:1307.538)	b=13.81	count=9500
12/02/2025 13:20:47 - INFO - qdiff.block_recon -   Total loss:	1542.829 (rec:274.247, round:1268.582)	b=13.25	count=10000
12/02/2025 13:20:53 - INFO - qdiff.block_recon -   Total loss:	1519.098 (rec:288.824, round:1230.274)	b=12.69	count=10500
12/02/2025 13:20:59 - INFO - qdiff.block_recon -   Total loss:	1538.306 (rec:346.153, round:1192.153)	b=12.12	count=11000
12/02/2025 13:21:06 - INFO - qdiff.block_recon -   Total loss:	1471.083 (rec:318.595, round:1152.487)	b=11.56	count=11500
12/02/2025 13:21:12 - INFO - qdiff.block_recon -   Total loss:	1429.865 (rec:318.541, round:1111.324)	b=11.00	count=12000
12/02/2025 13:21:18 - INFO - qdiff.block_recon -   Total loss:	1395.424 (rec:325.211, round:1070.213)	b=10.44	count=12500
12/02/2025 13:21:24 - INFO - qdiff.block_recon -   Total loss:	1295.923 (rec:267.474, round:1028.449)	b=9.88	count=13000
12/02/2025 13:21:31 - INFO - qdiff.block_recon -   Total loss:	1309.671 (rec:325.669, round:984.002)	b=9.31	count=13500
12/02/2025 13:21:37 - INFO - qdiff.block_recon -   Total loss:	1270.582 (rec:333.097, round:937.485)	b=8.75	count=14000
12/02/2025 13:21:43 - INFO - qdiff.block_recon -   Total loss:	1205.462 (rec:315.850, round:889.612)	b=8.19	count=14500
12/02/2025 13:21:49 - INFO - qdiff.block_recon -   Total loss:	1160.868 (rec:321.715, round:839.153)	b=7.62	count=15000
12/02/2025 13:21:55 - INFO - qdiff.block_recon -   Total loss:	1127.909 (rec:343.296, round:784.613)	b=7.06	count=15500
12/02/2025 13:22:02 - INFO - qdiff.block_recon -   Total loss:	1063.606 (rec:335.516, round:728.090)	b=6.50	count=16000
12/02/2025 13:22:08 - INFO - qdiff.block_recon -   Total loss:	969.530 (rec:303.816, round:665.713)	b=5.94	count=16500
12/02/2025 13:22:14 - INFO - qdiff.block_recon -   Total loss:	919.459 (rec:319.278, round:600.181)	b=5.38	count=17000
12/02/2025 13:22:20 - INFO - qdiff.block_recon -   Total loss:	882.029 (rec:351.960, round:530.068)	b=4.81	count=17500
12/02/2025 13:22:26 - INFO - qdiff.block_recon -   Total loss:	758.282 (rec:304.454, round:453.829)	b=4.25	count=18000
12/02/2025 13:22:33 - INFO - qdiff.block_recon -   Total loss:	671.100 (rec:300.832, round:370.268)	b=3.69	count=18500
12/02/2025 13:22:39 - INFO - qdiff.block_recon -   Total loss:	579.008 (rec:299.990, round:279.018)	b=3.12	count=19000
12/02/2025 13:22:45 - INFO - qdiff.block_recon -   Total loss:	483.898 (rec:301.754, round:182.144)	b=2.56	count=19500
12/02/2025 13:22:51 - INFO - qdiff.block_recon -   Total loss:	367.963 (rec:278.262, round:89.701)	b=2.00	count=20000
12/02/2025 13:22:52 - INFO - __main__ -   2 True
12/02/2025 13:22:52 - INFO - __main__ -   Reconstruction for block 2
12/02/2025 13:24:03 - INFO - qdiff.timestep_aware_utils -   in shape: torch.Size([5120, 256, 16, 16])
12/02/2025 13:24:03 - INFO - qdiff.timestep_aware_utils -   out shape: torch.Size([5120, 256, 16, 16])
12/02/2025 13:24:09 - INFO - qdiff.block_recon -   Total loss:	260.774 (rec:260.774, round:0.000)	b=0.00	count=500
12/02/2025 13:24:14 - INFO - qdiff.block_recon -   Total loss:	263.064 (rec:263.064, round:0.000)	b=0.00	count=1000
12/02/2025 13:24:19 - INFO - qdiff.block_recon -   Total loss:	223.087 (rec:223.087, round:0.000)	b=0.00	count=1500
12/02/2025 13:24:24 - INFO - qdiff.block_recon -   Total loss:	247.263 (rec:247.263, round:0.000)	b=0.00	count=2000
12/02/2025 13:24:30 - INFO - qdiff.block_recon -   Total loss:	239.436 (rec:239.436, round:0.000)	b=0.00	count=2500
12/02/2025 13:24:35 - INFO - qdiff.block_recon -   Total loss:	292.095 (rec:292.095, round:0.000)	b=0.00	count=3000
12/02/2025 13:24:40 - INFO - qdiff.block_recon -   Total loss:	306.857 (rec:306.857, round:0.000)	b=0.00	count=3500
12/02/2025 13:24:45 - INFO - qdiff.block_recon -   Total loss:	2642.576 (rec:268.719, round:2373.857)	b=20.00	count=4000
12/02/2025 13:24:51 - INFO - qdiff.block_recon -   Total loss:	2003.588 (rec:251.605, round:1751.983)	b=19.44	count=4500
12/02/2025 13:24:58 - INFO - qdiff.block_recon -   Total loss:	1909.051 (rec:261.621, round:1647.430)	b=18.88	count=5000
12/02/2025 13:25:04 - INFO - qdiff.block_recon -   Total loss:	1856.915 (rec:274.826, round:1582.089)	b=18.31	count=5500
12/02/2025 13:25:10 - INFO - qdiff.block_recon -   Total loss:	1830.115 (rec:302.501, round:1527.615)	b=17.75	count=6000
12/02/2025 13:25:16 - INFO - qdiff.block_recon -   Total loss:	1753.071 (rec:274.364, round:1478.706)	b=17.19	count=6500
12/02/2025 13:25:22 - INFO - qdiff.block_recon -   Total loss:	1683.094 (rec:249.152, round:1433.941)	b=16.62	count=7000
12/02/2025 13:25:29 - INFO - qdiff.block_recon -   Total loss:	1634.033 (rec:244.045, round:1389.989)	b=16.06	count=7500
12/02/2025 13:25:35 - INFO - qdiff.block_recon -   Total loss:	1570.130 (rec:221.877, round:1348.253)	b=15.50	count=8000
12/02/2025 13:25:41 - INFO - qdiff.block_recon -   Total loss:	1570.681 (rec:262.974, round:1307.706)	b=14.94	count=8500
12/02/2025 13:25:47 - INFO - qdiff.block_recon -   Total loss:	1540.660 (rec:274.466, round:1266.194)	b=14.38	count=9000
12/02/2025 13:25:54 - INFO - qdiff.block_recon -   Total loss:	1508.877 (rec:283.638, round:1225.239)	b=13.81	count=9500
12/02/2025 13:26:00 - INFO - qdiff.block_recon -   Total loss:	1447.855 (rec:263.661, round:1184.194)	b=13.25	count=10000
12/02/2025 13:26:06 - INFO - qdiff.block_recon -   Total loss:	1429.102 (rec:287.079, round:1142.022)	b=12.69	count=10500
12/02/2025 13:26:12 - INFO - qdiff.block_recon -   Total loss:	1370.480 (rec:271.269, round:1099.210)	b=12.12	count=11000
12/02/2025 13:26:18 - INFO - qdiff.block_recon -   Total loss:	1311.311 (rec:253.208, round:1058.103)	b=11.56	count=11500
12/02/2025 13:26:25 - INFO - qdiff.block_recon -   Total loss:	1286.806 (rec:271.217, round:1015.589)	b=11.00	count=12000
12/02/2025 13:26:31 - INFO - qdiff.block_recon -   Total loss:	1220.074 (rec:249.032, round:971.043)	b=10.44	count=12500
12/02/2025 13:26:37 - INFO - qdiff.block_recon -   Total loss:	1190.157 (rec:263.781, round:926.376)	b=9.88	count=13000
12/02/2025 13:26:43 - INFO - qdiff.block_recon -   Total loss:	1139.939 (rec:259.031, round:880.908)	b=9.31	count=13500
12/02/2025 13:26:50 - INFO - qdiff.block_recon -   Total loss:	1093.119 (rec:259.807, round:833.312)	b=8.75	count=14000
12/02/2025 13:26:56 - INFO - qdiff.block_recon -   Total loss:	1026.338 (rec:242.113, round:784.225)	b=8.19	count=14500
12/02/2025 13:27:02 - INFO - qdiff.block_recon -   Total loss:	995.328 (rec:262.336, round:732.992)	b=7.62	count=15000
12/02/2025 13:27:08 - INFO - qdiff.block_recon -   Total loss:	921.392 (rec:241.978, round:679.414)	b=7.06	count=15500
12/02/2025 13:27:15 - INFO - qdiff.block_recon -   Total loss:	869.856 (rec:245.944, round:623.912)	b=6.50	count=16000
12/02/2025 13:27:21 - INFO - qdiff.block_recon -   Total loss:	867.510 (rec:302.176, round:565.334)	b=5.94	count=16500
12/02/2025 13:27:27 - INFO - qdiff.block_recon -   Total loss:	794.014 (rec:290.205, round:503.809)	b=5.38	count=17000
12/02/2025 13:27:33 - INFO - qdiff.block_recon -   Total loss:	729.476 (rec:292.422, round:437.055)	b=4.81	count=17500
12/02/2025 13:27:40 - INFO - qdiff.block_recon -   Total loss:	611.435 (rec:245.236, round:366.199)	b=4.25	count=18000
12/02/2025 13:27:46 - INFO - qdiff.block_recon -   Total loss:	543.173 (rec:252.873, round:290.300)	b=3.69	count=18500
12/02/2025 13:27:52 - INFO - qdiff.block_recon -   Total loss:	461.161 (rec:250.673, round:210.487)	b=3.12	count=19000
12/02/2025 13:27:59 - INFO - qdiff.block_recon -   Total loss:	353.789 (rec:224.064, round:129.725)	b=2.56	count=19500
12/02/2025 13:28:05 - INFO - qdiff.block_recon -   Total loss:	321.470 (rec:260.546, round:60.924)	b=2.00	count=20000
12/02/2025 13:28:05 - INFO - __main__ -   upsample False
12/02/2025 13:28:05 - INFO - __main__ -   conv False
12/02/2025 13:28:05 - INFO - __main__ -   Reconstruction for layer conv
12/02/2025 13:29:19 - INFO - qdiff.timestep_aware_utils -   in shape: torch.Size([5120, 256, 32, 32])
12/02/2025 13:29:19 - INFO - qdiff.timestep_aware_utils -   out shape: torch.Size([5120, 256, 32, 32])
12/02/2025 13:29:32 - INFO - qdiff.layer_recon -   Total loss:	4887.778 (rec:4887.778, round:0.000)	b=0.00	count=500
12/02/2025 13:29:44 - INFO - qdiff.layer_recon -   Total loss:	4520.363 (rec:4520.363, round:0.000)	b=0.00	count=1000
12/02/2025 13:29:55 - INFO - qdiff.layer_recon -   Total loss:	3726.018 (rec:3726.018, round:0.000)	b=0.00	count=1500
12/02/2025 13:30:06 - INFO - qdiff.layer_recon -   Total loss:	4877.914 (rec:4877.914, round:0.000)	b=0.00	count=2000
12/02/2025 13:30:17 - INFO - qdiff.layer_recon -   Total loss:	4289.089 (rec:4289.089, round:0.000)	b=0.00	count=2500
12/02/2025 13:30:28 - INFO - qdiff.layer_recon -   Total loss:	4797.536 (rec:4797.536, round:0.000)	b=0.00	count=3000
12/02/2025 13:30:40 - INFO - qdiff.layer_recon -   Total loss:	4901.957 (rec:4901.957, round:0.000)	b=0.00	count=3500
12/02/2025 13:30:51 - INFO - qdiff.layer_recon -   Total loss:	9933.529 (rec:4530.638, round:5402.891)	b=20.00	count=4000
12/02/2025 13:31:02 - INFO - qdiff.layer_recon -   Total loss:	8965.018 (rec:4141.535, round:4823.482)	b=19.44	count=4500
12/02/2025 13:31:13 - INFO - qdiff.layer_recon -   Total loss:	8180.433 (rec:3555.264, round:4625.168)	b=18.88	count=5000
12/02/2025 13:31:25 - INFO - qdiff.layer_recon -   Total loss:	8553.275 (rec:4053.480, round:4499.795)	b=18.31	count=5500
12/02/2025 13:31:36 - INFO - qdiff.layer_recon -   Total loss:	9228.074 (rec:4824.580, round:4403.494)	b=17.75	count=6000
12/02/2025 13:31:47 - INFO - qdiff.layer_recon -   Total loss:	8749.814 (rec:4426.717, round:4323.098)	b=17.19	count=6500
12/02/2025 13:31:58 - INFO - qdiff.layer_recon -   Total loss:	9068.516 (rec:4815.209, round:4253.307)	b=16.62	count=7000
12/02/2025 13:32:09 - INFO - qdiff.layer_recon -   Total loss:	8302.172 (rec:4113.532, round:4188.639)	b=16.06	count=7500
12/02/2025 13:32:21 - INFO - qdiff.layer_recon -   Total loss:	8568.728 (rec:4439.750, round:4128.978)	b=15.50	count=8000
12/02/2025 13:32:32 - INFO - qdiff.layer_recon -   Total loss:	7986.517 (rec:3915.663, round:4070.854)	b=14.94	count=8500
12/02/2025 13:32:43 - INFO - qdiff.layer_recon -   Total loss:	7815.221 (rec:3799.696, round:4015.525)	b=14.38	count=9000
12/02/2025 13:32:54 - INFO - qdiff.layer_recon -   Total loss:	8742.116 (rec:4781.678, round:3960.438)	b=13.81	count=9500
12/02/2025 13:33:06 - INFO - qdiff.layer_recon -   Total loss:	8243.176 (rec:4337.337, round:3905.839)	b=13.25	count=10000
12/02/2025 13:33:17 - INFO - qdiff.layer_recon -   Total loss:	8129.524 (rec:4277.092, round:3852.432)	b=12.69	count=10500
12/02/2025 13:33:28 - INFO - qdiff.layer_recon -   Total loss:	7954.367 (rec:4155.801, round:3798.566)	b=12.12	count=11000
12/02/2025 13:33:39 - INFO - qdiff.layer_recon -   Total loss:	8352.305 (rec:4608.844, round:3743.461)	b=11.56	count=11500
12/02/2025 13:33:51 - INFO - qdiff.layer_recon -   Total loss:	7118.009 (rec:3432.188, round:3685.821)	b=11.00	count=12000
12/02/2025 13:34:02 - INFO - qdiff.layer_recon -   Total loss:	7544.708 (rec:3916.447, round:3628.261)	b=10.44	count=12500
12/02/2025 13:34:13 - INFO - qdiff.layer_recon -   Total loss:	7697.351 (rec:4128.919, round:3568.431)	b=9.88	count=13000
12/02/2025 13:34:24 - INFO - qdiff.layer_recon -   Total loss:	7348.390 (rec:3842.308, round:3506.083)	b=9.31	count=13500
12/02/2025 13:34:36 - INFO - qdiff.layer_recon -   Total loss:	7458.745 (rec:4017.487, round:3441.258)	b=8.75	count=14000
12/02/2025 13:34:47 - INFO - qdiff.layer_recon -   Total loss:	7823.689 (rec:4450.325, round:3373.365)	b=8.19	count=14500
12/02/2025 13:34:58 - INFO - qdiff.layer_recon -   Total loss:	7737.430 (rec:4436.294, round:3301.136)	b=7.62	count=15000
12/02/2025 13:35:10 - INFO - qdiff.layer_recon -   Total loss:	7172.331 (rec:3948.135, round:3224.196)	b=7.06	count=15500
12/02/2025 13:35:21 - INFO - qdiff.layer_recon -   Total loss:	6974.432 (rec:3833.340, round:3141.092)	b=6.50	count=16000
12/02/2025 13:35:32 - INFO - qdiff.layer_recon -   Total loss:	7078.081 (rec:4026.893, round:3051.189)	b=5.94	count=16500
12/02/2025 13:35:43 - INFO - qdiff.layer_recon -   Total loss:	6510.576 (rec:3558.871, round:2951.705)	b=5.38	count=17000
12/02/2025 13:35:55 - INFO - qdiff.layer_recon -   Total loss:	7490.039 (rec:4649.061, round:2840.978)	b=4.81	count=17500
12/02/2025 13:36:06 - INFO - qdiff.layer_recon -   Total loss:	6976.883 (rec:4260.948, round:2715.934)	b=4.25	count=18000
12/02/2025 13:36:17 - INFO - qdiff.layer_recon -   Total loss:	6522.973 (rec:3950.398, round:2572.574)	b=3.69	count=18500
12/02/2025 13:36:29 - INFO - qdiff.layer_recon -   Total loss:	6865.092 (rec:4460.767, round:2404.326)	b=3.12	count=19000
12/02/2025 13:36:40 - INFO - qdiff.layer_recon -   Total loss:	6946.640 (rec:4746.763, round:2199.877)	b=2.56	count=19500
12/02/2025 13:36:51 - INFO - qdiff.layer_recon -   Total loss:	6989.921 (rec:5049.540, round:1940.381)	b=2.00	count=20000
12/02/2025 13:36:52 - INFO - __main__ -   2 False
12/02/2025 13:36:52 - INFO - __main__ -   block False
12/02/2025 13:36:52 - INFO - __main__ -   0 True
12/02/2025 13:36:52 - INFO - __main__ -   Reconstruction for block 0
12/02/2025 13:37:43 - INFO - qdiff.timestep_aware_utils -   in 1 shape: torch.Size([5120, 512, 8, 8]), in 2 shape: torch.Size([5120, 512])
12/02/2025 13:37:43 - INFO - qdiff.timestep_aware_utils -   out shape: torch.Size([5120, 256, 8, 8])
12/02/2025 13:37:47 - INFO - qdiff.block_recon -   Total loss:	1061.483 (rec:1061.483, round:0.000)	b=0.00	count=500
12/02/2025 13:37:51 - INFO - qdiff.block_recon -   Total loss:	1222.595 (rec:1222.595, round:0.000)	b=0.00	count=1000
12/02/2025 13:37:55 - INFO - qdiff.block_recon -   Total loss:	1088.137 (rec:1088.137, round:0.000)	b=0.00	count=1500
12/02/2025 13:37:59 - INFO - qdiff.block_recon -   Total loss:	1013.212 (rec:1013.212, round:0.000)	b=0.00	count=2000
12/02/2025 13:38:03 - INFO - qdiff.block_recon -   Total loss:	1011.791 (rec:1011.791, round:0.000)	b=0.00	count=2500
12/02/2025 13:38:07 - INFO - qdiff.block_recon -   Total loss:	1012.342 (rec:1012.342, round:0.000)	b=0.00	count=3000
12/02/2025 13:38:11 - INFO - qdiff.block_recon -   Total loss:	953.236 (rec:953.236, round:0.000)	b=0.00	count=3500
12/02/2025 13:38:15 - INFO - qdiff.block_recon -   Total loss:	19087.355 (rec:1006.266, round:18081.090)	b=20.00	count=4000
12/02/2025 13:38:20 - INFO - qdiff.block_recon -   Total loss:	15380.908 (rec:1049.083, round:14331.824)	b=19.44	count=4500
12/02/2025 13:38:25 - INFO - qdiff.block_recon -   Total loss:	14495.898 (rec:924.992, round:13570.907)	b=18.88	count=5000
12/02/2025 13:38:30 - INFO - qdiff.block_recon -   Total loss:	13986.405 (rec:883.918, round:13102.487)	b=18.31	count=5500
12/02/2025 13:38:35 - INFO - qdiff.block_recon -   Total loss:	13689.363 (rec:957.188, round:12732.175)	b=17.75	count=6000
12/02/2025 13:38:41 - INFO - qdiff.block_recon -   Total loss:	13313.340 (rec:902.503, round:12410.836)	b=17.19	count=6500
12/02/2025 13:38:46 - INFO - qdiff.block_recon -   Total loss:	13115.826 (rec:998.096, round:12117.729)	b=16.62	count=7000
12/02/2025 13:38:51 - INFO - qdiff.block_recon -   Total loss:	12827.765 (rec:989.963, round:11837.802)	b=16.06	count=7500
12/02/2025 13:38:56 - INFO - qdiff.block_recon -   Total loss:	12538.055 (rec:973.751, round:11564.304)	b=15.50	count=8000
12/02/2025 13:39:01 - INFO - qdiff.block_recon -   Total loss:	12182.136 (rec:881.327, round:11300.810)	b=14.94	count=8500
12/02/2025 13:39:06 - INFO - qdiff.block_recon -   Total loss:	12045.726 (rec:1004.119, round:11041.606)	b=14.38	count=9000
12/02/2025 13:39:11 - INFO - qdiff.block_recon -   Total loss:	11733.396 (rec:954.286, round:10779.110)	b=13.81	count=9500
12/02/2025 13:39:17 - INFO - qdiff.block_recon -   Total loss:	11434.654 (rec:916.347, round:10518.308)	b=13.25	count=10000
12/02/2025 13:39:22 - INFO - qdiff.block_recon -   Total loss:	11170.697 (rec:915.289, round:10255.408)	b=12.69	count=10500
12/02/2025 13:39:27 - INFO - qdiff.block_recon -   Total loss:	10872.437 (rec:885.178, round:9987.259)	b=12.12	count=11000
12/02/2025 13:39:32 - INFO - qdiff.block_recon -   Total loss:	10632.162 (rec:917.511, round:9714.651)	b=11.56	count=11500
12/02/2025 13:39:37 - INFO - qdiff.block_recon -   Total loss:	10326.557 (rec:892.151, round:9434.406)	b=11.00	count=12000
12/02/2025 13:39:42 - INFO - qdiff.block_recon -   Total loss:	10137.531 (rec:992.884, round:9144.646)	b=10.44	count=12500
12/02/2025 13:39:47 - INFO - qdiff.block_recon -   Total loss:	9811.396 (rec:966.519, round:8844.877)	b=9.88	count=13000
12/02/2025 13:39:52 - INFO - qdiff.block_recon -   Total loss:	9488.983 (rec:952.829, round:8536.154)	b=9.31	count=13500
12/02/2025 13:39:57 - INFO - qdiff.block_recon -   Total loss:	9075.279 (rec:859.331, round:8215.949)	b=8.75	count=14000
12/02/2025 13:40:03 - INFO - qdiff.block_recon -   Total loss:	8816.194 (rec:938.527, round:7877.667)	b=8.19	count=14500
12/02/2025 13:40:08 - INFO - qdiff.block_recon -   Total loss:	8474.249 (rec:952.772, round:7521.477)	b=7.62	count=15000
12/02/2025 13:40:13 - INFO - qdiff.block_recon -   Total loss:	8046.582 (rec:901.274, round:7145.309)	b=7.06	count=15500
12/02/2025 13:40:18 - INFO - qdiff.block_recon -   Total loss:	7752.854 (rec:1008.004, round:6744.850)	b=6.50	count=16000
12/02/2025 13:40:23 - INFO - qdiff.block_recon -   Total loss:	7291.136 (rec:979.322, round:6311.814)	b=5.94	count=16500
12/02/2025 13:40:28 - INFO - qdiff.block_recon -   Total loss:	6760.412 (rec:920.331, round:5840.082)	b=5.38	count=17000
12/02/2025 13:40:33 - INFO - qdiff.block_recon -   Total loss:	6273.271 (rec:949.274, round:5323.997)	b=4.81	count=17500
12/02/2025 13:40:38 - INFO - qdiff.block_recon -   Total loss:	5665.259 (rec:908.490, round:4756.768)	b=4.25	count=18000
12/02/2025 13:40:44 - INFO - qdiff.block_recon -   Total loss:	5079.413 (rec:950.704, round:4128.709)	b=3.69	count=18500
12/02/2025 13:40:49 - INFO - qdiff.block_recon -   Total loss:	4283.150 (rec:857.867, round:3425.284)	b=3.12	count=19000
12/02/2025 13:40:54 - INFO - qdiff.block_recon -   Total loss:	3582.585 (rec:943.675, round:2638.910)	b=2.56	count=19500
12/02/2025 13:40:59 - INFO - qdiff.block_recon -   Total loss:	2778.353 (rec:1021.035, round:1757.317)	b=2.00	count=20000
12/02/2025 13:40:59 - INFO - __main__ -   1 True
12/02/2025 13:40:59 - INFO - __main__ -   Reconstruction for block 1
12/02/2025 13:41:54 - INFO - qdiff.timestep_aware_utils -   in 1 shape: torch.Size([5120, 512, 8, 8]), in 2 shape: torch.Size([5120, 512])
12/02/2025 13:41:54 - INFO - qdiff.timestep_aware_utils -   out shape: torch.Size([5120, 256, 8, 8])
12/02/2025 13:41:58 - INFO - qdiff.block_recon -   Total loss:	491.820 (rec:491.820, round:0.000)	b=0.00	count=500
12/02/2025 13:42:02 - INFO - qdiff.block_recon -   Total loss:	501.318 (rec:501.318, round:0.000)	b=0.00	count=1000
12/02/2025 13:42:06 - INFO - qdiff.block_recon -   Total loss:	490.655 (rec:490.655, round:0.000)	b=0.00	count=1500
12/02/2025 13:42:10 - INFO - qdiff.block_recon -   Total loss:	428.338 (rec:428.338, round:0.000)	b=0.00	count=2000
12/02/2025 13:42:14 - INFO - qdiff.block_recon -   Total loss:	409.963 (rec:409.963, round:0.000)	b=0.00	count=2500
12/02/2025 13:42:18 - INFO - qdiff.block_recon -   Total loss:	413.220 (rec:413.220, round:0.000)	b=0.00	count=3000
12/02/2025 13:42:22 - INFO - qdiff.block_recon -   Total loss:	463.617 (rec:463.617, round:0.000)	b=0.00	count=3500
12/02/2025 13:42:26 - INFO - qdiff.block_recon -   Total loss:	18671.465 (rec:448.156, round:18223.309)	b=20.00	count=4000
12/02/2025 13:42:31 - INFO - qdiff.block_recon -   Total loss:	14257.242 (rec:447.582, round:13809.660)	b=19.44	count=4500
12/02/2025 13:42:37 - INFO - qdiff.block_recon -   Total loss:	13492.551 (rec:437.603, round:13054.947)	b=18.88	count=5000
12/02/2025 13:42:42 - INFO - qdiff.block_recon -   Total loss:	13079.873 (rec:481.001, round:12598.872)	b=18.31	count=5500
12/02/2025 13:42:47 - INFO - qdiff.block_recon -   Total loss:	12698.116 (rec:453.982, round:12244.135)	b=17.75	count=6000
12/02/2025 13:42:52 - INFO - qdiff.block_recon -   Total loss:	12413.284 (rec:476.746, round:11936.538)	b=17.19	count=6500
12/02/2025 13:42:57 - INFO - qdiff.block_recon -   Total loss:	12090.105 (rec:436.506, round:11653.600)	b=16.62	count=7000
12/02/2025 13:43:02 - INFO - qdiff.block_recon -   Total loss:	11836.084 (rec:453.491, round:11382.593)	b=16.06	count=7500
12/02/2025 13:43:07 - INFO - qdiff.block_recon -   Total loss:	11521.143 (rec:403.457, round:11117.686)	b=15.50	count=8000
12/02/2025 13:43:12 - INFO - qdiff.block_recon -   Total loss:	11297.972 (rec:439.653, round:10858.319)	b=14.94	count=8500
12/02/2025 13:43:18 - INFO - qdiff.block_recon -   Total loss:	11079.340 (rec:473.214, round:10606.125)	b=14.38	count=9000
12/02/2025 13:43:23 - INFO - qdiff.block_recon -   Total loss:	10793.279 (rec:442.945, round:10350.334)	b=13.81	count=9500
12/02/2025 13:43:28 - INFO - qdiff.block_recon -   Total loss:	10561.039 (rec:472.457, round:10088.582)	b=13.25	count=10000
12/02/2025 13:43:33 - INFO - qdiff.block_recon -   Total loss:	10263.903 (rec:438.767, round:9825.137)	b=12.69	count=10500
12/02/2025 13:43:38 - INFO - qdiff.block_recon -   Total loss:	9982.007 (rec:427.984, round:9554.023)	b=12.12	count=11000
12/02/2025 13:43:43 - INFO - qdiff.block_recon -   Total loss:	9715.825 (rec:440.756, round:9275.069)	b=11.56	count=11500
12/02/2025 13:43:48 - INFO - qdiff.block_recon -   Total loss:	9413.658 (rec:422.968, round:8990.690)	b=11.00	count=12000
12/02/2025 13:43:54 - INFO - qdiff.block_recon -   Total loss:	9081.482 (rec:384.693, round:8696.790)	b=10.44	count=12500
12/02/2025 13:43:59 - INFO - qdiff.block_recon -   Total loss:	8821.361 (rec:433.860, round:8387.501)	b=9.88	count=13000
12/02/2025 13:44:04 - INFO - qdiff.block_recon -   Total loss:	8482.906 (rec:420.557, round:8062.349)	b=9.31	count=13500
12/02/2025 13:44:09 - INFO - qdiff.block_recon -   Total loss:	8194.491 (rec:467.505, round:7726.986)	b=8.75	count=14000
12/02/2025 13:44:14 - INFO - qdiff.block_recon -   Total loss:	7841.747 (rec:474.606, round:7367.141)	b=8.19	count=14500
12/02/2025 13:44:20 - INFO - qdiff.block_recon -   Total loss:	7468.715 (rec:483.606, round:6985.109)	b=7.62	count=15000
12/02/2025 13:44:25 - INFO - qdiff.block_recon -   Total loss:	7015.739 (rec:438.586, round:6577.153)	b=7.06	count=15500
12/02/2025 13:44:31 - INFO - qdiff.block_recon -   Total loss:	6522.306 (rec:384.876, round:6137.430)	b=6.50	count=16000
12/02/2025 13:44:36 - INFO - qdiff.block_recon -   Total loss:	6097.808 (rec:433.146, round:5664.662)	b=5.94	count=16500
12/02/2025 13:44:41 - INFO - qdiff.block_recon -   Total loss:	5515.001 (rec:362.667, round:5152.334)	b=5.38	count=17000
12/02/2025 13:44:46 - INFO - qdiff.block_recon -   Total loss:	5016.911 (rec:423.676, round:4593.236)	b=4.81	count=17500
12/02/2025 13:44:51 - INFO - qdiff.block_recon -   Total loss:	4441.050 (rec:462.105, round:3978.946)	b=4.25	count=18000
12/02/2025 13:44:56 - INFO - qdiff.block_recon -   Total loss:	3764.301 (rec:463.295, round:3301.006)	b=3.69	count=18500
12/02/2025 13:45:01 - INFO - qdiff.block_recon -   Total loss:	2979.357 (rec:422.891, round:2556.466)	b=3.12	count=19000
12/02/2025 13:45:06 - INFO - qdiff.block_recon -   Total loss:	2206.026 (rec:459.548, round:1746.478)	b=2.56	count=19500
12/02/2025 13:45:11 - INFO - qdiff.block_recon -   Total loss:	1401.173 (rec:491.358, round:909.815)	b=2.00	count=20000
12/02/2025 13:45:11 - INFO - __main__ -   2 True
12/02/2025 13:45:11 - INFO - __main__ -   Reconstruction for block 2
12/02/2025 13:46:07 - INFO - qdiff.timestep_aware_utils -   in 1 shape: torch.Size([5120, 512, 8, 8]), in 2 shape: torch.Size([5120, 512])
12/02/2025 13:46:07 - INFO - qdiff.timestep_aware_utils -   out shape: torch.Size([5120, 256, 8, 8])
12/02/2025 13:46:11 - INFO - qdiff.block_recon -   Total loss:	186.376 (rec:186.376, round:0.000)	b=0.00	count=500
12/02/2025 13:46:15 - INFO - qdiff.block_recon -   Total loss:	193.835 (rec:193.835, round:0.000)	b=0.00	count=1000
12/02/2025 13:46:19 - INFO - qdiff.block_recon -   Total loss:	160.179 (rec:160.179, round:0.000)	b=0.00	count=1500
12/02/2025 13:46:23 - INFO - qdiff.block_recon -   Total loss:	156.920 (rec:156.920, round:0.000)	b=0.00	count=2000
12/02/2025 13:46:27 - INFO - qdiff.block_recon -   Total loss:	151.521 (rec:151.521, round:0.000)	b=0.00	count=2500
12/02/2025 13:46:31 - INFO - qdiff.block_recon -   Total loss:	151.572 (rec:151.572, round:0.000)	b=0.00	count=3000
12/02/2025 13:46:34 - INFO - qdiff.block_recon -   Total loss:	166.550 (rec:166.550, round:0.000)	b=0.00	count=3500
12/02/2025 13:46:38 - INFO - qdiff.block_recon -   Total loss:	18344.625 (rec:171.503, round:18173.121)	b=20.00	count=4000
12/02/2025 13:46:43 - INFO - qdiff.block_recon -   Total loss:	13011.922 (rec:145.445, round:12866.477)	b=19.44	count=4500
12/02/2025 13:46:48 - INFO - qdiff.block_recon -   Total loss:	12280.001 (rec:150.932, round:12129.069)	b=18.88	count=5000
12/02/2025 13:46:53 - INFO - qdiff.block_recon -   Total loss:	11837.683 (rec:161.404, round:11676.278)	b=18.31	count=5500
12/02/2025 13:46:58 - INFO - qdiff.block_recon -   Total loss:	11487.223 (rec:167.891, round:11319.332)	b=17.75	count=6000
12/02/2025 13:47:03 - INFO - qdiff.block_recon -   Total loss:	11157.878 (rec:156.147, round:11001.731)	b=17.19	count=6500
12/02/2025 13:47:08 - INFO - qdiff.block_recon -   Total loss:	10856.771 (rec:152.636, round:10704.134)	b=16.62	count=7000
12/02/2025 13:47:13 - INFO - qdiff.block_recon -   Total loss:	10577.157 (rec:158.853, round:10418.305)	b=16.06	count=7500
12/02/2025 13:47:18 - INFO - qdiff.block_recon -   Total loss:	10310.464 (rec:172.254, round:10138.210)	b=15.50	count=8000
12/02/2025 13:47:23 - INFO - qdiff.block_recon -   Total loss:	10021.443 (rec:158.779, round:9862.664)	b=14.94	count=8500
12/02/2025 13:47:28 - INFO - qdiff.block_recon -   Total loss:	9737.538 (rec:149.685, round:9587.853)	b=14.38	count=9000
12/02/2025 13:47:33 - INFO - qdiff.block_recon -   Total loss:	9458.492 (rec:149.424, round:9309.067)	b=13.81	count=9500
12/02/2025 13:47:38 - INFO - qdiff.block_recon -   Total loss:	9180.265 (rec:150.011, round:9030.254)	b=13.25	count=10000
12/02/2025 13:47:43 - INFO - qdiff.block_recon -   Total loss:	8907.774 (rec:161.911, round:8745.863)	b=12.69	count=10500
12/02/2025 13:47:48 - INFO - qdiff.block_recon -   Total loss:	8599.285 (rec:145.171, round:8454.114)	b=12.12	count=11000
12/02/2025 13:47:53 - INFO - qdiff.block_recon -   Total loss:	8310.012 (rec:155.641, round:8154.370)	b=11.56	count=11500
12/02/2025 13:47:58 - INFO - qdiff.block_recon -   Total loss:	7990.815 (rec:144.160, round:7846.655)	b=11.00	count=12000
12/02/2025 13:48:03 - INFO - qdiff.block_recon -   Total loss:	7694.043 (rec:167.347, round:7526.696)	b=10.44	count=12500
12/02/2025 13:48:08 - INFO - qdiff.block_recon -   Total loss:	7341.262 (rec:146.942, round:7194.319)	b=9.88	count=13000
12/02/2025 13:48:13 - INFO - qdiff.block_recon -   Total loss:	7011.789 (rec:163.117, round:6848.672)	b=9.31	count=13500
12/02/2025 13:48:18 - INFO - qdiff.block_recon -   Total loss:	6633.948 (rec:146.926, round:6487.022)	b=8.75	count=14000
12/02/2025 13:48:23 - INFO - qdiff.block_recon -   Total loss:	6247.321 (rec:143.605, round:6103.715)	b=8.19	count=14500
12/02/2025 13:48:28 - INFO - qdiff.block_recon -   Total loss:	5848.251 (rec:152.714, round:5695.537)	b=7.62	count=15000
12/02/2025 13:48:33 - INFO - qdiff.block_recon -   Total loss:	5425.125 (rec:159.785, round:5265.340)	b=7.06	count=15500
12/02/2025 13:48:37 - INFO - qdiff.block_recon -   Total loss:	4968.886 (rec:162.005, round:4806.881)	b=6.50	count=16000
12/02/2025 13:48:42 - INFO - qdiff.block_recon -   Total loss:	4458.694 (rec:140.133, round:4318.561)	b=5.94	count=16500
12/02/2025 13:48:47 - INFO - qdiff.block_recon -   Total loss:	3941.633 (rec:146.549, round:3795.085)	b=5.38	count=17000
12/02/2025 13:48:52 - INFO - qdiff.block_recon -   Total loss:	3412.133 (rec:178.748, round:3233.385)	b=4.81	count=17500
12/02/2025 13:48:57 - INFO - qdiff.block_recon -   Total loss:	2789.804 (rec:162.126, round:2627.679)	b=4.25	count=18000
12/02/2025 13:49:02 - INFO - qdiff.block_recon -   Total loss:	2152.609 (rec:168.714, round:1983.895)	b=3.69	count=18500
12/02/2025 13:49:07 - INFO - qdiff.block_recon -   Total loss:	1499.192 (rec:178.831, round:1320.360)	b=3.12	count=19000
12/02/2025 13:49:12 - INFO - qdiff.block_recon -   Total loss:	848.368 (rec:172.311, round:676.057)	b=2.56	count=19500
12/02/2025 13:49:17 - INFO - qdiff.block_recon -   Total loss:	372.516 (rec:170.513, round:202.003)	b=2.00	count=20000
12/02/2025 13:49:17 - INFO - __main__ -   attn False
12/02/2025 13:49:17 - INFO - __main__ -   upsample False
12/02/2025 13:49:17 - INFO - __main__ -   conv False
12/02/2025 13:49:17 - INFO - __main__ -   Reconstruction for layer conv
12/02/2025 13:50:14 - INFO - qdiff.timestep_aware_utils -   in shape: torch.Size([5120, 256, 16, 16])
12/02/2025 13:50:14 - INFO - qdiff.timestep_aware_utils -   out shape: torch.Size([5120, 256, 16, 16])
12/02/2025 13:50:18 - INFO - qdiff.layer_recon -   Total loss:	565.122 (rec:565.122, round:0.000)	b=0.00	count=500
12/02/2025 13:50:21 - INFO - qdiff.layer_recon -   Total loss:	527.281 (rec:527.281, round:0.000)	b=0.00	count=1000
12/02/2025 13:50:25 - INFO - qdiff.layer_recon -   Total loss:	526.116 (rec:526.116, round:0.000)	b=0.00	count=1500
12/02/2025 13:50:28 - INFO - qdiff.layer_recon -   Total loss:	616.274 (rec:616.274, round:0.000)	b=0.00	count=2000
12/02/2025 13:50:32 - INFO - qdiff.layer_recon -   Total loss:	562.710 (rec:562.710, round:0.000)	b=0.00	count=2500
12/02/2025 13:50:35 - INFO - qdiff.layer_recon -   Total loss:	563.163 (rec:563.163, round:0.000)	b=0.00	count=3000
12/02/2025 13:50:39 - INFO - qdiff.layer_recon -   Total loss:	523.175 (rec:523.175, round:0.000)	b=0.00	count=3500
12/02/2025 13:50:42 - INFO - qdiff.layer_recon -   Total loss:	5879.493 (rec:521.698, round:5357.795)	b=20.00	count=4000
12/02/2025 13:50:46 - INFO - qdiff.layer_recon -   Total loss:	4906.896 (rec:539.439, round:4367.458)	b=19.44	count=4500
12/02/2025 13:50:50 - INFO - qdiff.layer_recon -   Total loss:	4654.938 (rec:500.893, round:4154.045)	b=18.88	count=5000
12/02/2025 13:50:54 - INFO - qdiff.layer_recon -   Total loss:	4523.703 (rec:502.610, round:4021.093)	b=18.31	count=5500
12/02/2025 13:50:58 - INFO - qdiff.layer_recon -   Total loss:	4525.328 (rec:603.982, round:3921.346)	b=17.75	count=6000
12/02/2025 13:51:02 - INFO - qdiff.layer_recon -   Total loss:	4406.798 (rec:571.019, round:3835.779)	b=17.19	count=6500
12/02/2025 13:51:06 - INFO - qdiff.layer_recon -   Total loss:	4315.937 (rec:557.503, round:3758.433)	b=16.62	count=7000
12/02/2025 13:51:10 - INFO - qdiff.layer_recon -   Total loss:	4222.249 (rec:535.162, round:3687.087)	b=16.06	count=7500
12/02/2025 13:51:14 - INFO - qdiff.layer_recon -   Total loss:	4097.280 (rec:478.585, round:3618.695)	b=15.50	count=8000
12/02/2025 13:51:18 - INFO - qdiff.layer_recon -   Total loss:	4124.715 (rec:572.854, round:3551.861)	b=14.94	count=8500
12/02/2025 13:51:22 - INFO - qdiff.layer_recon -   Total loss:	4073.140 (rec:585.628, round:3487.512)	b=14.38	count=9000
12/02/2025 13:51:26 - INFO - qdiff.layer_recon -   Total loss:	3941.619 (rec:519.461, round:3422.158)	b=13.81	count=9500
12/02/2025 13:51:30 - INFO - qdiff.layer_recon -   Total loss:	3896.983 (rec:541.020, round:3355.963)	b=13.25	count=10000
12/02/2025 13:51:34 - INFO - qdiff.layer_recon -   Total loss:	3831.382 (rec:542.727, round:3288.656)	b=12.69	count=10500
12/02/2025 13:51:38 - INFO - qdiff.layer_recon -   Total loss:	3772.422 (rec:551.831, round:3220.591)	b=12.12	count=11000
12/02/2025 13:51:41 - INFO - qdiff.layer_recon -   Total loss:	3688.263 (rec:536.685, round:3151.578)	b=11.56	count=11500
12/02/2025 13:51:45 - INFO - qdiff.layer_recon -   Total loss:	3700.512 (rec:621.435, round:3079.077)	b=11.00	count=12000
12/02/2025 13:51:49 - INFO - qdiff.layer_recon -   Total loss:	3542.322 (rec:538.203, round:3004.118)	b=10.44	count=12500
12/02/2025 13:51:53 - INFO - qdiff.layer_recon -   Total loss:	3409.774 (rec:482.709, round:2927.065)	b=9.88	count=13000
12/02/2025 13:51:57 - INFO - qdiff.layer_recon -   Total loss:	3393.530 (rec:548.133, round:2845.397)	b=9.31	count=13500
12/02/2025 13:52:01 - INFO - qdiff.layer_recon -   Total loss:	3349.548 (rec:592.828, round:2756.720)	b=8.75	count=14000
12/02/2025 13:52:05 - INFO - qdiff.layer_recon -   Total loss:	3277.993 (rec:617.090, round:2660.902)	b=8.19	count=14500
12/02/2025 13:52:09 - INFO - qdiff.layer_recon -   Total loss:	3150.667 (rec:592.671, round:2557.997)	b=7.62	count=15000
12/02/2025 13:52:13 - INFO - qdiff.layer_recon -   Total loss:	3020.883 (rec:573.025, round:2447.858)	b=7.06	count=15500
12/02/2025 13:52:16 - INFO - qdiff.layer_recon -   Total loss:	2853.271 (rec:523.275, round:2329.996)	b=6.50	count=16000
12/02/2025 13:52:20 - INFO - qdiff.layer_recon -   Total loss:	2778.213 (rec:578.200, round:2200.013)	b=5.94	count=16500
12/02/2025 13:52:24 - INFO - qdiff.layer_recon -   Total loss:	2648.282 (rec:593.506, round:2054.776)	b=5.38	count=17000
12/02/2025 13:52:28 - INFO - qdiff.layer_recon -   Total loss:	2480.222 (rec:586.672, round:1893.550)	b=4.81	count=17500
12/02/2025 13:52:32 - INFO - qdiff.layer_recon -   Total loss:	2239.056 (rec:526.465, round:1712.591)	b=4.25	count=18000
12/02/2025 13:52:36 - INFO - qdiff.layer_recon -   Total loss:	2073.656 (rec:568.079, round:1505.577)	b=3.69	count=18500
12/02/2025 13:52:40 - INFO - qdiff.layer_recon -   Total loss:	1793.629 (rec:525.897, round:1267.732)	b=3.12	count=19000
12/02/2025 13:52:44 - INFO - qdiff.layer_recon -   Total loss:	1576.374 (rec:584.216, round:992.158)	b=2.56	count=19500
12/02/2025 13:52:48 - INFO - qdiff.layer_recon -   Total loss:	1267.996 (rec:591.224, round:676.773)	b=2.00	count=20000
12/02/2025 13:52:48 - INFO - __main__ -   3 False
12/02/2025 13:52:48 - INFO - __main__ -   block False
12/02/2025 13:52:48 - INFO - __main__ -   0 True
12/02/2025 13:52:48 - INFO - __main__ -   Reconstruction for block 0
12/02/2025 13:53:33 - INFO - qdiff.timestep_aware_utils -   in 1 shape: torch.Size([5120, 512, 4, 4]), in 2 shape: torch.Size([5120, 512])
12/02/2025 13:53:33 - INFO - qdiff.timestep_aware_utils -   out shape: torch.Size([5120, 256, 4, 4])
12/02/2025 13:53:36 - INFO - qdiff.block_recon -   Total loss:	1655.369 (rec:1655.369, round:0.000)	b=0.00	count=500
12/02/2025 13:53:40 - INFO - qdiff.block_recon -   Total loss:	1593.730 (rec:1593.730, round:0.000)	b=0.00	count=1000
12/02/2025 13:53:43 - INFO - qdiff.block_recon -   Total loss:	1490.345 (rec:1490.345, round:0.000)	b=0.00	count=1500
12/02/2025 13:53:46 - INFO - qdiff.block_recon -   Total loss:	1433.948 (rec:1433.948, round:0.000)	b=0.00	count=2000
12/02/2025 13:53:50 - INFO - qdiff.block_recon -   Total loss:	1455.917 (rec:1455.917, round:0.000)	b=0.00	count=2500
12/02/2025 13:53:53 - INFO - qdiff.block_recon -   Total loss:	1438.445 (rec:1438.445, round:0.000)	b=0.00	count=3000
12/02/2025 13:53:56 - INFO - qdiff.block_recon -   Total loss:	1371.349 (rec:1371.349, round:0.000)	b=0.00	count=3500
12/02/2025 13:54:00 - INFO - qdiff.block_recon -   Total loss:	19784.580 (rec:1468.661, round:18315.918)	b=20.00	count=4000
12/02/2025 13:54:04 - INFO - qdiff.block_recon -   Total loss:	16552.344 (rec:1418.000, round:15134.344)	b=19.44	count=4500
12/02/2025 13:54:09 - INFO - qdiff.block_recon -   Total loss:	15715.088 (rec:1329.446, round:14385.642)	b=18.88	count=5000
12/02/2025 13:54:13 - INFO - qdiff.block_recon -   Total loss:	15303.459 (rec:1377.227, round:13926.231)	b=18.31	count=5500
12/02/2025 13:54:18 - INFO - qdiff.block_recon -   Total loss:	15019.295 (rec:1447.761, round:13571.534)	b=17.75	count=6000
12/02/2025 13:54:22 - INFO - qdiff.block_recon -   Total loss:	14511.857 (rec:1248.834, round:13263.023)	b=17.19	count=6500
12/02/2025 13:54:26 - INFO - qdiff.block_recon -   Total loss:	14239.444 (rec:1253.940, round:12985.504)	b=16.62	count=7000
12/02/2025 13:54:31 - INFO - qdiff.block_recon -   Total loss:	14090.773 (rec:1365.240, round:12725.533)	b=16.06	count=7500
12/02/2025 13:54:35 - INFO - qdiff.block_recon -   Total loss:	13721.534 (rec:1246.660, round:12474.874)	b=15.50	count=8000
12/02/2025 13:54:40 - INFO - qdiff.block_recon -   Total loss:	13438.740 (rec:1205.640, round:12233.101)	b=14.94	count=8500
12/02/2025 13:54:44 - INFO - qdiff.block_recon -   Total loss:	13352.573 (rec:1359.722, round:11992.852)	b=14.38	count=9000
12/02/2025 13:54:49 - INFO - qdiff.block_recon -   Total loss:	13120.718 (rec:1366.566, round:11754.152)	b=13.81	count=9500
12/02/2025 13:54:53 - INFO - qdiff.block_recon -   Total loss:	12900.342 (rec:1386.643, round:11513.698)	b=13.25	count=10000
12/02/2025 13:54:58 - INFO - qdiff.block_recon -   Total loss:	12654.945 (rec:1382.480, round:11272.466)	b=12.69	count=10500
12/02/2025 13:55:02 - INFO - qdiff.block_recon -   Total loss:	12464.396 (rec:1439.250, round:11025.146)	b=12.12	count=11000
12/02/2025 13:55:07 - INFO - qdiff.block_recon -   Total loss:	12082.425 (rec:1309.734, round:10772.690)	b=11.56	count=11500
12/02/2025 13:55:11 - INFO - qdiff.block_recon -   Total loss:	11902.326 (rec:1391.648, round:10510.678)	b=11.00	count=12000
12/02/2025 13:55:16 - INFO - qdiff.block_recon -   Total loss:	11604.211 (rec:1361.264, round:10242.947)	b=10.44	count=12500
12/02/2025 13:55:20 - INFO - qdiff.block_recon -   Total loss:	11300.723 (rec:1333.296, round:9967.427)	b=9.88	count=13000
12/02/2025 13:55:25 - INFO - qdiff.block_recon -   Total loss:	10993.484 (rec:1313.656, round:9679.828)	b=9.31	count=13500
12/02/2025 13:55:29 - INFO - qdiff.block_recon -   Total loss:	10744.586 (rec:1367.423, round:9377.163)	b=8.75	count=14000
12/02/2025 13:55:34 - INFO - qdiff.block_recon -   Total loss:	10307.666 (rec:1247.264, round:9060.401)	b=8.19	count=14500
12/02/2025 13:55:38 - INFO - qdiff.block_recon -   Total loss:	10024.186 (rec:1298.738, round:8725.448)	b=7.62	count=15000
12/02/2025 13:55:43 - INFO - qdiff.block_recon -   Total loss:	9638.722 (rec:1268.164, round:8370.558)	b=7.06	count=15500
12/02/2025 13:55:47 - INFO - qdiff.block_recon -   Total loss:	9341.189 (rec:1349.035, round:7992.155)	b=6.50	count=16000
12/02/2025 13:55:51 - INFO - qdiff.block_recon -   Total loss:	8852.506 (rec:1269.008, round:7583.499)	b=5.94	count=16500
12/02/2025 13:55:56 - INFO - qdiff.block_recon -   Total loss:	8454.431 (rec:1315.260, round:7139.170)	b=5.38	count=17000
12/02/2025 13:56:00 - INFO - qdiff.block_recon -   Total loss:	7950.400 (rec:1296.994, round:6653.406)	b=4.81	count=17500
12/02/2025 13:56:05 - INFO - qdiff.block_recon -   Total loss:	7441.362 (rec:1323.023, round:6118.339)	b=4.25	count=18000
12/02/2025 13:56:09 - INFO - qdiff.block_recon -   Total loss:	6823.782 (rec:1300.290, round:5523.492)	b=3.69	count=18500
12/02/2025 13:56:14 - INFO - qdiff.block_recon -   Total loss:	6269.783 (rec:1420.191, round:4849.593)	b=3.12	count=19000
12/02/2025 13:56:18 - INFO - qdiff.block_recon -   Total loss:	5477.307 (rec:1404.656, round:4072.651)	b=2.56	count=19500
12/02/2025 13:56:23 - INFO - qdiff.block_recon -   Total loss:	4522.926 (rec:1360.063, round:3162.863)	b=2.00	count=20000
12/02/2025 13:56:23 - INFO - __main__ -   1 True
12/02/2025 13:56:23 - INFO - __main__ -   Reconstruction for block 1
12/02/2025 13:57:10 - INFO - qdiff.timestep_aware_utils -   in 1 shape: torch.Size([5120, 512, 4, 4]), in 2 shape: torch.Size([5120, 512])
12/02/2025 13:57:10 - INFO - qdiff.timestep_aware_utils -   out shape: torch.Size([5120, 256, 4, 4])
12/02/2025 13:57:14 - INFO - qdiff.block_recon -   Total loss:	1528.964 (rec:1528.964, round:0.000)	b=0.00	count=500
12/02/2025 13:57:17 - INFO - qdiff.block_recon -   Total loss:	1591.776 (rec:1591.776, round:0.000)	b=0.00	count=1000
12/02/2025 13:57:20 - INFO - qdiff.block_recon -   Total loss:	1450.261 (rec:1450.261, round:0.000)	b=0.00	count=1500
12/02/2025 13:57:23 - INFO - qdiff.block_recon -   Total loss:	1326.683 (rec:1326.683, round:0.000)	b=0.00	count=2000
12/02/2025 13:57:27 - INFO - qdiff.block_recon -   Total loss:	1379.312 (rec:1379.312, round:0.000)	b=0.00	count=2500
12/02/2025 13:57:30 - INFO - qdiff.block_recon -   Total loss:	1377.140 (rec:1377.140, round:0.000)	b=0.00	count=3000
12/02/2025 13:57:34 - INFO - qdiff.block_recon -   Total loss:	1366.974 (rec:1366.974, round:0.000)	b=0.00	count=3500
12/02/2025 13:57:37 - INFO - qdiff.block_recon -   Total loss:	19675.051 (rec:1388.380, round:18286.672)	b=20.00	count=4000
12/02/2025 13:57:41 - INFO - qdiff.block_recon -   Total loss:	16555.195 (rec:1348.735, round:15206.461)	b=19.44	count=4500
12/02/2025 13:57:46 - INFO - qdiff.block_recon -   Total loss:	15717.394 (rec:1259.336, round:14458.058)	b=18.88	count=5000
12/02/2025 13:57:50 - INFO - qdiff.block_recon -   Total loss:	15299.559 (rec:1302.718, round:13996.841)	b=18.31	count=5500
12/02/2025 13:57:55 - INFO - qdiff.block_recon -   Total loss:	14874.156 (rec:1233.158, round:13640.998)	b=17.75	count=6000
12/02/2025 13:57:59 - INFO - qdiff.block_recon -   Total loss:	14715.112 (rec:1375.231, round:13339.882)	b=17.19	count=6500
12/02/2025 13:58:04 - INFO - qdiff.block_recon -   Total loss:	14389.525 (rec:1323.828, round:13065.697)	b=16.62	count=7000
12/02/2025 13:58:08 - INFO - qdiff.block_recon -   Total loss:	14078.455 (rec:1268.419, round:12810.036)	b=16.06	count=7500
12/02/2025 13:58:13 - INFO - qdiff.block_recon -   Total loss:	13729.776 (rec:1166.410, round:12563.367)	b=15.50	count=8000
12/02/2025 13:58:17 - INFO - qdiff.block_recon -   Total loss:	13656.787 (rec:1333.985, round:12322.803)	b=14.94	count=8500
12/02/2025 13:58:22 - INFO - qdiff.block_recon -   Total loss:	13417.326 (rec:1334.361, round:12082.966)	b=14.38	count=9000
12/02/2025 13:58:26 - INFO - qdiff.block_recon -   Total loss:	13164.521 (rec:1318.965, round:11845.556)	b=13.81	count=9500
12/02/2025 13:58:31 - INFO - qdiff.block_recon -   Total loss:	12802.293 (rec:1193.380, round:11608.913)	b=13.25	count=10000
12/02/2025 13:58:35 - INFO - qdiff.block_recon -   Total loss:	12647.371 (rec:1278.866, round:11368.505)	b=12.69	count=10500
12/02/2025 13:58:40 - INFO - qdiff.block_recon -   Total loss:	12322.266 (rec:1198.458, round:11123.808)	b=12.12	count=11000
12/02/2025 13:58:44 - INFO - qdiff.block_recon -   Total loss:	12113.645 (rec:1239.056, round:10874.589)	b=11.56	count=11500
12/02/2025 13:58:49 - INFO - qdiff.block_recon -   Total loss:	11840.181 (rec:1221.442, round:10618.738)	b=11.00	count=12000
12/02/2025 13:58:53 - INFO - qdiff.block_recon -   Total loss:	11596.326 (rec:1240.316, round:10356.010)	b=10.44	count=12500
12/02/2025 13:58:58 - INFO - qdiff.block_recon -   Total loss:	11318.923 (rec:1233.213, round:10085.710)	b=9.88	count=13000
12/02/2025 13:59:02 - INFO - qdiff.block_recon -   Total loss:	11081.410 (rec:1282.649, round:9798.761)	b=9.31	count=13500
12/02/2025 13:59:07 - INFO - qdiff.block_recon -   Total loss:	10688.033 (rec:1187.750, round:9500.282)	b=8.75	count=14000
12/02/2025 13:59:11 - INFO - qdiff.block_recon -   Total loss:	10455.634 (rec:1269.395, round:9186.239)	b=8.19	count=14500
12/02/2025 13:59:16 - INFO - qdiff.block_recon -   Total loss:	10128.554 (rec:1272.151, round:8856.402)	b=7.62	count=15000
12/02/2025 13:59:20 - INFO - qdiff.block_recon -   Total loss:	9741.553 (rec:1238.774, round:8502.779)	b=7.06	count=15500
12/02/2025 13:59:24 - INFO - qdiff.block_recon -   Total loss:	9306.461 (rec:1181.405, round:8125.056)	b=6.50	count=16000
12/02/2025 13:59:29 - INFO - qdiff.block_recon -   Total loss:	9000.239 (rec:1278.409, round:7721.830)	b=5.94	count=16500
12/02/2025 13:59:33 - INFO - qdiff.block_recon -   Total loss:	8486.087 (rec:1204.422, round:7281.666)	b=5.38	count=17000
12/02/2025 13:59:38 - INFO - qdiff.block_recon -   Total loss:	8125.597 (rec:1327.411, round:6798.186)	b=4.81	count=17500
12/02/2025 13:59:42 - INFO - qdiff.block_recon -   Total loss:	7407.003 (rec:1142.646, round:6264.357)	b=4.25	count=18000
12/02/2025 13:59:46 - INFO - qdiff.block_recon -   Total loss:	6856.739 (rec:1190.499, round:5666.240)	b=3.69	count=18500
12/02/2025 13:59:51 - INFO - qdiff.block_recon -   Total loss:	6203.049 (rec:1215.757, round:4987.292)	b=3.12	count=19000
12/02/2025 13:59:55 - INFO - qdiff.block_recon -   Total loss:	5496.949 (rec:1291.094, round:4205.854)	b=2.56	count=19500
12/02/2025 14:00:00 - INFO - qdiff.block_recon -   Total loss:	4566.716 (rec:1282.562, round:3284.154)	b=2.00	count=20000
12/02/2025 14:00:00 - INFO - __main__ -   2 True
12/02/2025 14:00:00 - INFO - __main__ -   Reconstruction for block 2
12/02/2025 14:00:48 - INFO - qdiff.timestep_aware_utils -   in 1 shape: torch.Size([5120, 512, 4, 4]), in 2 shape: torch.Size([5120, 512])
12/02/2025 14:00:48 - INFO - qdiff.timestep_aware_utils -   out shape: torch.Size([5120, 256, 4, 4])
12/02/2025 14:00:52 - INFO - qdiff.block_recon -   Total loss:	580.288 (rec:580.288, round:0.000)	b=0.00	count=500
12/02/2025 14:00:55 - INFO - qdiff.block_recon -   Total loss:	511.596 (rec:511.596, round:0.000)	b=0.00	count=1000
12/02/2025 14:00:58 - INFO - qdiff.block_recon -   Total loss:	501.914 (rec:501.914, round:0.000)	b=0.00	count=1500
12/02/2025 14:01:02 - INFO - qdiff.block_recon -   Total loss:	493.199 (rec:493.199, round:0.000)	b=0.00	count=2000
12/02/2025 14:01:05 - INFO - qdiff.block_recon -   Total loss:	503.409 (rec:503.409, round:0.000)	b=0.00	count=2500
12/02/2025 14:01:09 - INFO - qdiff.block_recon -   Total loss:	449.261 (rec:449.261, round:0.000)	b=0.00	count=3000
12/02/2025 14:01:12 - INFO - qdiff.block_recon -   Total loss:	495.986 (rec:495.986, round:0.000)	b=0.00	count=3500
12/02/2025 14:01:15 - INFO - qdiff.block_recon -   Total loss:	18809.387 (rec:476.909, round:18332.479)	b=20.00	count=4000
12/02/2025 14:01:20 - INFO - qdiff.block_recon -   Total loss:	14844.366 (rec:484.227, round:14360.139)	b=19.44	count=4500
12/02/2025 14:01:24 - INFO - qdiff.block_recon -   Total loss:	14081.323 (rec:474.932, round:13606.392)	b=18.88	count=5000
12/02/2025 14:01:29 - INFO - qdiff.block_recon -   Total loss:	13585.376 (rec:438.069, round:13147.308)	b=18.31	count=5500
12/02/2025 14:01:33 - INFO - qdiff.block_recon -   Total loss:	13246.626 (rec:450.792, round:12795.834)	b=17.75	count=6000
12/02/2025 14:01:38 - INFO - qdiff.block_recon -   Total loss:	12961.732 (rec:468.699, round:12493.033)	b=17.19	count=6500
12/02/2025 14:01:42 - INFO - qdiff.block_recon -   Total loss:	12628.763 (rec:413.679, round:12215.083)	b=16.62	count=7000
12/02/2025 14:01:47 - INFO - qdiff.block_recon -   Total loss:	12442.404 (rec:489.733, round:11952.671)	b=16.06	count=7500
12/02/2025 14:01:51 - INFO - qdiff.block_recon -   Total loss:	12164.771 (rec:465.901, round:11698.870)	b=15.50	count=8000
12/02/2025 14:01:56 - INFO - qdiff.block_recon -   Total loss:	11893.299 (rec:441.012, round:11452.287)	b=14.94	count=8500
12/02/2025 14:02:01 - INFO - qdiff.block_recon -   Total loss:	11680.852 (rec:476.431, round:11204.420)	b=14.38	count=9000
12/02/2025 14:02:05 - INFO - qdiff.block_recon -   Total loss:	11401.179 (rec:444.453, round:10956.727)	b=13.81	count=9500
12/02/2025 14:02:10 - INFO - qdiff.block_recon -   Total loss:	11176.301 (rec:471.823, round:10704.479)	b=13.25	count=10000
12/02/2025 14:02:14 - INFO - qdiff.block_recon -   Total loss:	10903.266 (rec:455.904, round:10447.362)	b=12.69	count=10500
12/02/2025 14:02:19 - INFO - qdiff.block_recon -   Total loss:	10629.686 (rec:442.939, round:10186.747)	b=12.12	count=11000
12/02/2025 14:02:23 - INFO - qdiff.block_recon -   Total loss:	10365.025 (rec:445.846, round:9919.180)	b=11.56	count=11500
12/02/2025 14:02:28 - INFO - qdiff.block_recon -   Total loss:	10092.685 (rec:451.225, round:9641.459)	b=11.00	count=12000
12/02/2025 14:02:32 - INFO - qdiff.block_recon -   Total loss:	9815.980 (rec:461.830, round:9354.150)	b=10.44	count=12500
12/02/2025 14:02:37 - INFO - qdiff.block_recon -   Total loss:	9495.759 (rec:443.647, round:9052.111)	b=9.88	count=13000
12/02/2025 14:02:41 - INFO - qdiff.block_recon -   Total loss:	9220.184 (rec:482.802, round:8737.382)	b=9.31	count=13500
12/02/2025 14:02:46 - INFO - qdiff.block_recon -   Total loss:	8875.461 (rec:468.005, round:8407.456)	b=8.75	count=14000
12/02/2025 14:02:50 - INFO - qdiff.block_recon -   Total loss:	8489.601 (rec:429.915, round:8059.686)	b=8.19	count=14500
12/02/2025 14:02:55 - INFO - qdiff.block_recon -   Total loss:	8149.424 (rec:458.164, round:7691.260)	b=7.62	count=15000
12/02/2025 14:03:00 - INFO - qdiff.block_recon -   Total loss:	7745.429 (rec:449.223, round:7296.206)	b=7.06	count=15500
12/02/2025 14:03:04 - INFO - qdiff.block_recon -   Total loss:	7284.260 (rec:415.625, round:6868.635)	b=6.50	count=16000
12/02/2025 14:03:09 - INFO - qdiff.block_recon -   Total loss:	6841.668 (rec:431.506, round:6410.163)	b=5.94	count=16500
12/02/2025 14:03:13 - INFO - qdiff.block_recon -   Total loss:	6339.971 (rec:426.404, round:5913.567)	b=5.38	count=17000
12/02/2025 14:03:18 - INFO - qdiff.block_recon -   Total loss:	5834.629 (rec:465.897, round:5368.732)	b=4.81	count=17500
12/02/2025 14:03:22 - INFO - qdiff.block_recon -   Total loss:	5198.896 (rec:432.249, round:4766.648)	b=4.25	count=18000
12/02/2025 14:03:27 - INFO - qdiff.block_recon -   Total loss:	4556.616 (rec:457.540, round:4099.076)	b=3.69	count=18500
12/02/2025 14:03:31 - INFO - qdiff.block_recon -   Total loss:	3826.879 (rec:475.081, round:3351.798)	b=3.12	count=19000
12/02/2025 14:03:36 - INFO - qdiff.block_recon -   Total loss:	2970.718 (rec:455.957, round:2514.761)	b=2.56	count=19500
12/02/2025 14:03:41 - INFO - qdiff.block_recon -   Total loss:	2071.450 (rec:482.392, round:1589.058)	b=2.00	count=20000
12/02/2025 14:03:41 - INFO - __main__ -   attn False
12/02/2025 14:03:41 - INFO - __main__ -   upsample False
12/02/2025 14:03:41 - INFO - __main__ -   conv False
12/02/2025 14:03:41 - INFO - __main__ -   Reconstruction for layer conv
12/02/2025 14:04:31 - INFO - qdiff.timestep_aware_utils -   in shape: torch.Size([5120, 256, 8, 8])
12/02/2025 14:04:31 - INFO - qdiff.timestep_aware_utils -   out shape: torch.Size([5120, 256, 8, 8])
12/02/2025 14:04:33 - INFO - qdiff.layer_recon -   Total loss:	1070.928 (rec:1070.928, round:0.000)	b=0.00	count=500
12/02/2025 14:04:34 - INFO - qdiff.layer_recon -   Total loss:	948.572 (rec:948.572, round:0.000)	b=0.00	count=1000
12/02/2025 14:04:36 - INFO - qdiff.layer_recon -   Total loss:	999.757 (rec:999.757, round:0.000)	b=0.00	count=1500
12/02/2025 14:04:38 - INFO - qdiff.layer_recon -   Total loss:	914.745 (rec:914.745, round:0.000)	b=0.00	count=2000
12/02/2025 14:04:39 - INFO - qdiff.layer_recon -   Total loss:	989.130 (rec:989.130, round:0.000)	b=0.00	count=2500
12/02/2025 14:04:41 - INFO - qdiff.layer_recon -   Total loss:	955.750 (rec:955.750, round:0.000)	b=0.00	count=3000
12/02/2025 14:04:43 - INFO - qdiff.layer_recon -   Total loss:	987.768 (rec:987.768, round:0.000)	b=0.00	count=3500
12/02/2025 14:04:45 - INFO - qdiff.layer_recon -   Total loss:	6339.676 (rec:963.696, round:5375.980)	b=20.00	count=4000
12/02/2025 14:04:47 - INFO - qdiff.layer_recon -   Total loss:	5641.999 (rec:996.627, round:4645.372)	b=19.44	count=4500
12/02/2025 14:04:49 - INFO - qdiff.layer_recon -   Total loss:	5411.474 (rec:973.946, round:4437.528)	b=18.88	count=5000
12/02/2025 14:04:51 - INFO - qdiff.layer_recon -   Total loss:	5260.000 (rec:951.253, round:4308.748)	b=18.31	count=5500
12/02/2025 14:04:53 - INFO - qdiff.layer_recon -   Total loss:	5076.953 (rec:866.221, round:4210.732)	b=17.75	count=6000
12/02/2025 14:04:55 - INFO - qdiff.layer_recon -   Total loss:	5120.773 (rec:992.410, round:4128.363)	b=17.19	count=6500
12/02/2025 14:04:57 - INFO - qdiff.layer_recon -   Total loss:	4939.995 (rec:887.044, round:4052.950)	b=16.62	count=7000
12/02/2025 14:04:59 - INFO - qdiff.layer_recon -   Total loss:	4878.875 (rec:895.396, round:3983.479)	b=16.06	count=7500
12/02/2025 14:05:01 - INFO - qdiff.layer_recon -   Total loss:	4840.493 (rec:921.337, round:3919.156)	b=15.50	count=8000
12/02/2025 14:05:03 - INFO - qdiff.layer_recon -   Total loss:	4843.484 (rec:985.755, round:3857.729)	b=14.94	count=8500
12/02/2025 14:05:05 - INFO - qdiff.layer_recon -   Total loss:	4722.058 (rec:925.813, round:3796.244)	b=14.38	count=9000
12/02/2025 14:05:08 - INFO - qdiff.layer_recon -   Total loss:	4766.799 (rec:1029.865, round:3736.935)	b=13.81	count=9500
12/02/2025 14:05:10 - INFO - qdiff.layer_recon -   Total loss:	4568.196 (rec:890.816, round:3677.379)	b=13.25	count=10000
12/02/2025 14:05:12 - INFO - qdiff.layer_recon -   Total loss:	4531.107 (rec:913.886, round:3617.221)	b=12.69	count=10500
12/02/2025 14:05:14 - INFO - qdiff.layer_recon -   Total loss:	4439.693 (rec:883.020, round:3556.674)	b=12.12	count=11000
12/02/2025 14:05:16 - INFO - qdiff.layer_recon -   Total loss:	4362.124 (rec:867.031, round:3495.093)	b=11.56	count=11500
12/02/2025 14:05:18 - INFO - qdiff.layer_recon -   Total loss:	4393.191 (rec:961.383, round:3431.808)	b=11.00	count=12000
12/02/2025 14:05:20 - INFO - qdiff.layer_recon -   Total loss:	4325.488 (rec:958.573, round:3366.915)	b=10.44	count=12500
12/02/2025 14:05:22 - INFO - qdiff.layer_recon -   Total loss:	4233.454 (rec:934.878, round:3298.575)	b=9.88	count=13000
12/02/2025 14:05:24 - INFO - qdiff.layer_recon -   Total loss:	4216.283 (rec:988.289, round:3227.994)	b=9.31	count=13500
12/02/2025 14:05:26 - INFO - qdiff.layer_recon -   Total loss:	4115.317 (rec:961.662, round:3153.655)	b=8.75	count=14000
12/02/2025 14:05:28 - INFO - qdiff.layer_recon -   Total loss:	4009.237 (rec:933.977, round:3075.260)	b=8.19	count=14500
12/02/2025 14:05:30 - INFO - qdiff.layer_recon -   Total loss:	4001.194 (rec:1009.849, round:2991.345)	b=7.62	count=15000
12/02/2025 14:05:32 - INFO - qdiff.layer_recon -   Total loss:	3919.375 (rec:1017.890, round:2901.485)	b=7.06	count=15500
12/02/2025 14:05:34 - INFO - qdiff.layer_recon -   Total loss:	3858.665 (rec:1053.437, round:2805.228)	b=6.50	count=16000
12/02/2025 14:05:36 - INFO - qdiff.layer_recon -   Total loss:	3637.786 (rec:936.934, round:2700.853)	b=5.94	count=16500
12/02/2025 14:05:38 - INFO - qdiff.layer_recon -   Total loss:	3498.032 (rec:913.224, round:2584.808)	b=5.38	count=17000
12/02/2025 14:05:40 - INFO - qdiff.layer_recon -   Total loss:	3370.065 (rec:913.861, round:2456.205)	b=4.81	count=17500
12/02/2025 14:05:42 - INFO - qdiff.layer_recon -   Total loss:	3209.861 (rec:898.848, round:2311.013)	b=4.25	count=18000
12/02/2025 14:05:45 - INFO - qdiff.layer_recon -   Total loss:	3148.687 (rec:1002.863, round:2145.824)	b=3.69	count=18500
12/02/2025 14:05:47 - INFO - qdiff.layer_recon -   Total loss:	2927.698 (rec:973.500, round:1954.197)	b=3.12	count=19000
12/02/2025 14:05:49 - INFO - qdiff.layer_recon -   Total loss:	2643.131 (rec:917.946, round:1725.185)	b=2.56	count=19500
12/02/2025 14:05:51 - INFO - qdiff.layer_recon -   Total loss:	2503.375 (rec:1061.696, round:1441.680)	b=2.00	count=20000
12/02/2025 14:05:51 - INFO - __main__ -   norm_out False
12/02/2025 14:05:51 - INFO - __main__ -   conv_out False
12/02/2025 14:05:51 - INFO - __main__ -   Reconstruction for layer conv_out
12/02/2025 14:07:10 - INFO - qdiff.timestep_aware_utils -   in shape: torch.Size([5120, 128, 32, 32])
12/02/2025 14:07:10 - INFO - qdiff.timestep_aware_utils -   out shape: torch.Size([5120, 3, 32, 32])
12/02/2025 14:07:14 - INFO - qdiff.layer_recon -   Total loss:	0.002 (rec:0.002, round:0.000)	b=0.00	count=500
12/02/2025 14:07:18 - INFO - qdiff.layer_recon -   Total loss:	0.002 (rec:0.002, round:0.000)	b=0.00	count=1000
12/02/2025 14:07:22 - INFO - qdiff.layer_recon -   Total loss:	0.001 (rec:0.001, round:0.000)	b=0.00	count=1500
12/02/2025 14:07:26 - INFO - qdiff.layer_recon -   Total loss:	0.001 (rec:0.001, round:0.000)	b=0.00	count=2000
12/02/2025 14:07:30 - INFO - qdiff.layer_recon -   Total loss:	0.001 (rec:0.001, round:0.000)	b=0.00	count=2500
12/02/2025 14:07:33 - INFO - qdiff.layer_recon -   Total loss:	0.001 (rec:0.001, round:0.000)	b=0.00	count=3000
12/02/2025 14:07:37 - INFO - qdiff.layer_recon -   Total loss:	0.001 (rec:0.001, round:0.000)	b=0.00	count=3500
12/02/2025 14:07:41 - INFO - qdiff.layer_recon -   Total loss:	31.389 (rec:0.003, round:31.386)	b=20.00	count=4000
12/02/2025 14:07:45 - INFO - qdiff.layer_recon -   Total loss:	15.391 (rec:0.001, round:15.390)	b=19.44	count=4500
12/02/2025 14:07:49 - INFO - qdiff.layer_recon -   Total loss:	14.153 (rec:0.002, round:14.151)	b=18.88	count=5000
12/02/2025 14:07:54 - INFO - qdiff.layer_recon -   Total loss:	13.422 (rec:0.002, round:13.420)	b=18.31	count=5500
12/02/2025 14:07:58 - INFO - qdiff.layer_recon -   Total loss:	12.787 (rec:0.002, round:12.785)	b=17.75	count=6000
12/02/2025 14:08:02 - INFO - qdiff.layer_recon -   Total loss:	12.098 (rec:0.002, round:12.097)	b=17.19	count=6500
12/02/2025 14:08:06 - INFO - qdiff.layer_recon -   Total loss:	11.401 (rec:0.002, round:11.399)	b=16.62	count=7000
12/02/2025 14:08:10 - INFO - qdiff.layer_recon -   Total loss:	10.730 (rec:0.002, round:10.728)	b=16.06	count=7500
12/02/2025 14:08:15 - INFO - qdiff.layer_recon -   Total loss:	10.053 (rec:0.002, round:10.051)	b=15.50	count=8000
12/02/2025 14:08:19 - INFO - qdiff.layer_recon -   Total loss:	9.404 (rec:0.003, round:9.401)	b=14.94	count=8500
12/02/2025 14:08:23 - INFO - qdiff.layer_recon -   Total loss:	8.843 (rec:0.002, round:8.841)	b=14.38	count=9000
12/02/2025 14:08:27 - INFO - qdiff.layer_recon -   Total loss:	8.350 (rec:0.003, round:8.347)	b=13.81	count=9500
12/02/2025 14:08:31 - INFO - qdiff.layer_recon -   Total loss:	7.762 (rec:0.003, round:7.759)	b=13.25	count=10000
12/02/2025 14:08:35 - INFO - qdiff.layer_recon -   Total loss:	7.127 (rec:0.002, round:7.125)	b=12.69	count=10500
12/02/2025 14:08:39 - INFO - qdiff.layer_recon -   Total loss:	6.443 (rec:0.002, round:6.441)	b=12.12	count=11000
12/02/2025 14:08:43 - INFO - qdiff.layer_recon -   Total loss:	5.842 (rec:0.003, round:5.839)	b=11.56	count=11500
12/02/2025 14:08:48 - INFO - qdiff.layer_recon -   Total loss:	5.282 (rec:0.004, round:5.278)	b=11.00	count=12000
12/02/2025 14:08:52 - INFO - qdiff.layer_recon -   Total loss:	4.555 (rec:0.002, round:4.552)	b=10.44	count=12500
12/02/2025 14:08:56 - INFO - qdiff.layer_recon -   Total loss:	3.920 (rec:0.002, round:3.918)	b=9.88	count=13000
12/02/2025 14:09:00 - INFO - qdiff.layer_recon -   Total loss:	3.227 (rec:0.002, round:3.224)	b=9.31	count=13500
12/02/2025 14:09:04 - INFO - qdiff.layer_recon -   Total loss:	2.468 (rec:0.001, round:2.467)	b=8.75	count=14000
12/02/2025 14:09:08 - INFO - qdiff.layer_recon -   Total loss:	1.638 (rec:0.003, round:1.636)	b=8.19	count=14500
12/02/2025 14:09:12 - INFO - qdiff.layer_recon -   Total loss:	0.985 (rec:0.003, round:0.983)	b=7.62	count=15000
12/02/2025 14:09:17 - INFO - qdiff.layer_recon -   Total loss:	0.575 (rec:0.004, round:0.571)	b=7.06	count=15500
12/02/2025 14:09:21 - INFO - qdiff.layer_recon -   Total loss:	0.350 (rec:0.003, round:0.347)	b=6.50	count=16000
12/02/2025 14:09:25 - INFO - qdiff.layer_recon -   Total loss:	0.173 (rec:0.004, round:0.169)	b=5.94	count=16500
12/02/2025 14:09:29 - INFO - qdiff.layer_recon -   Total loss:	0.091 (rec:0.004, round:0.087)	b=5.38	count=17000
12/02/2025 14:09:33 - INFO - qdiff.layer_recon -   Total loss:	0.033 (rec:0.003, round:0.030)	b=4.81	count=17500
12/02/2025 14:09:37 - INFO - qdiff.layer_recon -   Total loss:	0.014 (rec:0.004, round:0.010)	b=4.25	count=18000
12/02/2025 14:09:41 - INFO - qdiff.layer_recon -   Total loss:	0.002 (rec:0.002, round:0.000)	b=3.69	count=18500
12/02/2025 14:09:46 - INFO - qdiff.layer_recon -   Total loss:	0.002 (rec:0.002, round:0.000)	b=3.12	count=19000
12/02/2025 14:09:50 - INFO - qdiff.layer_recon -   Total loss:	0.004 (rec:0.004, round:0.000)	b=2.56	count=19500
12/02/2025 14:09:54 - INFO - qdiff.layer_recon -   Total loss:	0.002 (rec:0.002, round:0.000)	b=2.00	count=20000
12/02/2025 14:09:54 - INFO - __main__ -   UNet model
12/02/2025 14:09:54 - INFO - __main__ -   Model(
  (temb): Module(
    (dense): ModuleList(
      (0): QuantModule(
        in_features=128, out_features=512, bias=True
        (weight_quantizer): AdaRoundQuantizer(bit=4, symmetric=False, round_mode=learned_hard_sigmoid)
        (act_quantizer): UniformAffineQuantizer(bit=8, scale_method=max, symmetric=True, channel_wise=False, leaf_param=True)
        (activation_function): StraightThrough()
      )
      (1): QuantModule(
        in_features=512, out_features=512, bias=True
        (weight_quantizer): AdaRoundQuantizer(bit=4, symmetric=False, round_mode=learned_hard_sigmoid)
        (act_quantizer): UniformAffineQuantizer(bit=8, scale_method=max, symmetric=True, channel_wise=False, leaf_param=True)
        (activation_function): StraightThrough()
      )
    )
  )
  (conv_in): QuantModule(
    3, 128, kernel_size=(3, 3), stride=(1, 1), padding=(1, 1)
    (weight_quantizer): AdaRoundQuantizer(bit=4, symmetric=False, round_mode=learned_hard_sigmoid)
    (act_quantizer): UniformAffineQuantizer(bit=8, scale_method=max, symmetric=True, channel_wise=False, leaf_param=True)
    (activation_function): StraightThrough()
  )
  (down): ModuleList(
    (0): Module(
      (block): ModuleList(
        (0): QuantResnetBlock(
          (act_quantizer): UniformAffineQuantizer(bit=8, scale_method=max, symmetric=True, channel_wise=False, leaf_param=True)
          (activation_function): StraightThrough()
          (norm1): GroupNorm(32, 128, eps=1e-06, affine=True)
          (conv1): QuantModule(
            128, 128, kernel_size=(3, 3), stride=(1, 1), padding=(1, 1)
            (weight_quantizer): AdaRoundQuantizer(bit=4, symmetric=False, round_mode=learned_hard_sigmoid)
            (act_quantizer): UniformAffineQuantizer(bit=8, scale_method=max, symmetric=True, channel_wise=False, leaf_param=True)
            (activation_function): StraightThrough()
          )
          (temb_proj): QuantModule(
            in_features=512, out_features=128, bias=True
            (weight_quantizer): AdaRoundQuantizer(bit=4, symmetric=False, round_mode=learned_hard_sigmoid)
            (act_quantizer): UniformAffineQuantizer(bit=8, scale_method=max, symmetric=True, channel_wise=False, leaf_param=True)
            (activation_function): StraightThrough()
          )
          (norm2): GroupNorm(32, 128, eps=1e-06, affine=True)
          (dropout): Dropout(p=0.1, inplace=False)
          (conv2): QuantModule(
            128, 128, kernel_size=(3, 3), stride=(1, 1), padding=(1, 1)
            (weight_quantizer): AdaRoundQuantizer(bit=4, symmetric=False, round_mode=learned_hard_sigmoid)
            (act_quantizer): UniformAffineQuantizer(bit=8, scale_method=max, symmetric=True, channel_wise=False, leaf_param=True)
            (activation_function): StraightThrough()
          )
        )
        (1): QuantResnetBlock(
          (act_quantizer): UniformAffineQuantizer(bit=8, scale_method=max, symmetric=True, channel_wise=False, leaf_param=True)
          (activation_function): StraightThrough()
          (norm1): GroupNorm(32, 128, eps=1e-06, affine=True)
          (conv1): QuantModule(
            128, 128, kernel_size=(3, 3), stride=(1, 1), padding=(1, 1)
            (weight_quantizer): AdaRoundQuantizer(bit=4, symmetric=False, round_mode=learned_hard_sigmoid)
            (act_quantizer): UniformAffineQuantizer(bit=8, scale_method=max, symmetric=True, channel_wise=False, leaf_param=True)
            (activation_function): StraightThrough()
          )
          (temb_proj): QuantModule(
            in_features=512, out_features=128, bias=True
            (weight_quantizer): AdaRoundQuantizer(bit=4, symmetric=False, round_mode=learned_hard_sigmoid)
            (act_quantizer): UniformAffineQuantizer(bit=8, scale_method=max, symmetric=True, channel_wise=False, leaf_param=True)
            (activation_function): StraightThrough()
          )
          (norm2): GroupNorm(32, 128, eps=1e-06, affine=True)
          (dropout): Dropout(p=0.1, inplace=False)
          (conv2): QuantModule(
            128, 128, kernel_size=(3, 3), stride=(1, 1), padding=(1, 1)
            (weight_quantizer): AdaRoundQuantizer(bit=4, symmetric=False, round_mode=learned_hard_sigmoid)
            (act_quantizer): UniformAffineQuantizer(bit=8, scale_method=max, symmetric=True, channel_wise=False, leaf_param=True)
            (activation_function): StraightThrough()
          )
        )
      )
      (attn): ModuleList()
      (downsample): Downsample(
        (conv): QuantModule(
          128, 128, kernel_size=(3, 3), stride=(2, 2)
          (weight_quantizer): AdaRoundQuantizer(bit=4, symmetric=False, round_mode=learned_hard_sigmoid)
          (act_quantizer): UniformAffineQuantizer(bit=8, scale_method=max, symmetric=True, channel_wise=False, leaf_param=True)
          (activation_function): StraightThrough()
        )
      )
    )
    (1): Module(
      (block): ModuleList(
        (0): QuantResnetBlock(
          (act_quantizer): UniformAffineQuantizer(bit=8, scale_method=max, symmetric=True, channel_wise=False, leaf_param=True)
          (activation_function): StraightThrough()
          (norm1): GroupNorm(32, 128, eps=1e-06, affine=True)
          (conv1): QuantModule(
            128, 256, kernel_size=(3, 3), stride=(1, 1), padding=(1, 1)
            (weight_quantizer): AdaRoundQuantizer(bit=4, symmetric=False, round_mode=learned_hard_sigmoid)
            (act_quantizer): UniformAffineQuantizer(bit=8, scale_method=max, symmetric=True, channel_wise=False, leaf_param=True)
            (activation_function): StraightThrough()
          )
          (temb_proj): QuantModule(
            in_features=512, out_features=256, bias=True
            (weight_quantizer): AdaRoundQuantizer(bit=4, symmetric=False, round_mode=learned_hard_sigmoid)
            (act_quantizer): UniformAffineQuantizer(bit=8, scale_method=max, symmetric=True, channel_wise=False, leaf_param=True)
            (activation_function): StraightThrough()
          )
          (norm2): GroupNorm(32, 256, eps=1e-06, affine=True)
          (dropout): Dropout(p=0.1, inplace=False)
          (conv2): QuantModule(
            256, 256, kernel_size=(3, 3), stride=(1, 1), padding=(1, 1)
            (weight_quantizer): AdaRoundQuantizer(bit=4, symmetric=False, round_mode=learned_hard_sigmoid)
            (act_quantizer): UniformAffineQuantizer(bit=8, scale_method=max, symmetric=True, channel_wise=False, leaf_param=True)
            (activation_function): StraightThrough()
          )
          (nin_shortcut): QuantModule(
            128, 256, kernel_size=(1, 1), stride=(1, 1)
            (weight_quantizer): AdaRoundQuantizer(bit=4, symmetric=False, round_mode=learned_hard_sigmoid)
            (act_quantizer): UniformAffineQuantizer(bit=8, scale_method=max, symmetric=True, channel_wise=False, leaf_param=True)
            (activation_function): StraightThrough()
          )
        )
        (1): QuantResnetBlock(
          (act_quantizer): UniformAffineQuantizer(bit=8, scale_method=max, symmetric=True, channel_wise=False, leaf_param=True)
          (activation_function): StraightThrough()
          (norm1): GroupNorm(32, 256, eps=1e-06, affine=True)
          (conv1): QuantModule(
            256, 256, kernel_size=(3, 3), stride=(1, 1), padding=(1, 1)
            (weight_quantizer): AdaRoundQuantizer(bit=4, symmetric=False, round_mode=learned_hard_sigmoid)
            (act_quantizer): UniformAffineQuantizer(bit=8, scale_method=max, symmetric=True, channel_wise=False, leaf_param=True)
            (activation_function): StraightThrough()
          )
          (temb_proj): QuantModule(
            in_features=512, out_features=256, bias=True
            (weight_quantizer): AdaRoundQuantizer(bit=4, symmetric=False, round_mode=learned_hard_sigmoid)
            (act_quantizer): UniformAffineQuantizer(bit=8, scale_method=max, symmetric=True, channel_wise=False, leaf_param=True)
            (activation_function): StraightThrough()
          )
          (norm2): GroupNorm(32, 256, eps=1e-06, affine=True)
          (dropout): Dropout(p=0.1, inplace=False)
          (conv2): QuantModule(
            256, 256, kernel_size=(3, 3), stride=(1, 1), padding=(1, 1)
            (weight_quantizer): AdaRoundQuantizer(bit=4, symmetric=False, round_mode=learned_hard_sigmoid)
            (act_quantizer): UniformAffineQuantizer(bit=8, scale_method=max, symmetric=True, channel_wise=False, leaf_param=True)
            (activation_function): StraightThrough()
          )
        )
      )
      (attn): ModuleList(
        (0): QuantAttnBlock(
          (act_quantizer): UniformAffineQuantizer(bit=8, scale_method=max, symmetric=True, channel_wise=False, leaf_param=True)
          (activation_function): StraightThrough()
          (norm): GroupNorm(32, 256, eps=1e-06, affine=True)
          (q): QuantModule(
            256, 256, kernel_size=(1, 1), stride=(1, 1)
            (weight_quantizer): AdaRoundQuantizer(bit=4, symmetric=False, round_mode=learned_hard_sigmoid)
            (act_quantizer): UniformAffineQuantizer(bit=8, scale_method=max, symmetric=True, channel_wise=False, leaf_param=True)
            (activation_function): StraightThrough()
          )
          (k): QuantModule(
            256, 256, kernel_size=(1, 1), stride=(1, 1)
            (weight_quantizer): AdaRoundQuantizer(bit=4, symmetric=False, round_mode=learned_hard_sigmoid)
            (act_quantizer): UniformAffineQuantizer(bit=8, scale_method=max, symmetric=True, channel_wise=False, leaf_param=True)
            (activation_function): StraightThrough()
          )
          (v): QuantModule(
            256, 256, kernel_size=(1, 1), stride=(1, 1)
            (weight_quantizer): AdaRoundQuantizer(bit=4, symmetric=False, round_mode=learned_hard_sigmoid)
            (act_quantizer): UniformAffineQuantizer(bit=8, scale_method=max, symmetric=True, channel_wise=False, leaf_param=True)
            (activation_function): StraightThrough()
          )
          (proj_out): QuantModule(
            256, 256, kernel_size=(1, 1), stride=(1, 1)
            (weight_quantizer): AdaRoundQuantizer(bit=4, symmetric=False, round_mode=learned_hard_sigmoid)
            (act_quantizer): UniformAffineQuantizer(bit=8, scale_method=max, symmetric=True, channel_wise=False, leaf_param=True)
            (activation_function): StraightThrough()
          )
          (act_quantizer_q): UniformAffineQuantizer(bit=8, scale_method=max, symmetric=True, channel_wise=False, leaf_param=True)
          (act_quantizer_k): UniformAffineQuantizer(bit=8, scale_method=max, symmetric=True, channel_wise=False, leaf_param=True)
          (act_quantizer_v): UniformAffineQuantizer(bit=8, scale_method=max, symmetric=True, channel_wise=False, leaf_param=True)
          (act_quantizer_w): UniformAffineQuantizer(bit=8, scale_method=max, symmetric=True, channel_wise=False, leaf_param=True)
        )
        (1): QuantAttnBlock(
          (act_quantizer): UniformAffineQuantizer(bit=8, scale_method=max, symmetric=True, channel_wise=False, leaf_param=True)
          (activation_function): StraightThrough()
          (norm): GroupNorm(32, 256, eps=1e-06, affine=True)
          (q): QuantModule(
            256, 256, kernel_size=(1, 1), stride=(1, 1)
            (weight_quantizer): AdaRoundQuantizer(bit=4, symmetric=False, round_mode=learned_hard_sigmoid)
            (act_quantizer): UniformAffineQuantizer(bit=8, scale_method=max, symmetric=True, channel_wise=False, leaf_param=True)
            (activation_function): StraightThrough()
          )
          (k): QuantModule(
            256, 256, kernel_size=(1, 1), stride=(1, 1)
            (weight_quantizer): AdaRoundQuantizer(bit=4, symmetric=False, round_mode=learned_hard_sigmoid)
            (act_quantizer): UniformAffineQuantizer(bit=8, scale_method=max, symmetric=True, channel_wise=False, leaf_param=True)
            (activation_function): StraightThrough()
          )
          (v): QuantModule(
            256, 256, kernel_size=(1, 1), stride=(1, 1)
            (weight_quantizer): AdaRoundQuantizer(bit=4, symmetric=False, round_mode=learned_hard_sigmoid)
            (act_quantizer): UniformAffineQuantizer(bit=8, scale_method=max, symmetric=True, channel_wise=False, leaf_param=True)
            (activation_function): StraightThrough()
          )
          (proj_out): QuantModule(
            256, 256, kernel_size=(1, 1), stride=(1, 1)
            (weight_quantizer): AdaRoundQuantizer(bit=4, symmetric=False, round_mode=learned_hard_sigmoid)
            (act_quantizer): UniformAffineQuantizer(bit=8, scale_method=max, symmetric=True, channel_wise=False, leaf_param=True)
            (activation_function): StraightThrough()
          )
          (act_quantizer_q): UniformAffineQuantizer(bit=8, scale_method=max, symmetric=True, channel_wise=False, leaf_param=True)
          (act_quantizer_k): UniformAffineQuantizer(bit=8, scale_method=max, symmetric=True, channel_wise=False, leaf_param=True)
          (act_quantizer_v): UniformAffineQuantizer(bit=8, scale_method=max, symmetric=True, channel_wise=False, leaf_param=True)
          (act_quantizer_w): UniformAffineQuantizer(bit=8, scale_method=max, symmetric=True, channel_wise=False, leaf_param=True)
        )
      )
      (downsample): Downsample(
        (conv): QuantModule(
          256, 256, kernel_size=(3, 3), stride=(2, 2)
          (weight_quantizer): AdaRoundQuantizer(bit=4, symmetric=False, round_mode=learned_hard_sigmoid)
          (act_quantizer): UniformAffineQuantizer(bit=8, scale_method=max, symmetric=True, channel_wise=False, leaf_param=True)
          (activation_function): StraightThrough()
        )
      )
    )
    (2): Module(
      (block): ModuleList(
        (0): QuantResnetBlock(
          (act_quantizer): UniformAffineQuantizer(bit=8, scale_method=max, symmetric=True, channel_wise=False, leaf_param=True)
          (activation_function): StraightThrough()
          (norm1): GroupNorm(32, 256, eps=1e-06, affine=True)
          (conv1): QuantModule(
            256, 256, kernel_size=(3, 3), stride=(1, 1), padding=(1, 1)
            (weight_quantizer): AdaRoundQuantizer(bit=4, symmetric=False, round_mode=learned_hard_sigmoid)
            (act_quantizer): UniformAffineQuantizer(bit=8, scale_method=max, symmetric=True, channel_wise=False, leaf_param=True)
            (activation_function): StraightThrough()
          )
          (temb_proj): QuantModule(
            in_features=512, out_features=256, bias=True
            (weight_quantizer): AdaRoundQuantizer(bit=4, symmetric=False, round_mode=learned_hard_sigmoid)
            (act_quantizer): UniformAffineQuantizer(bit=8, scale_method=max, symmetric=True, channel_wise=False, leaf_param=True)
            (activation_function): StraightThrough()
          )
          (norm2): GroupNorm(32, 256, eps=1e-06, affine=True)
          (dropout): Dropout(p=0.1, inplace=False)
          (conv2): QuantModule(
            256, 256, kernel_size=(3, 3), stride=(1, 1), padding=(1, 1)
            (weight_quantizer): AdaRoundQuantizer(bit=4, symmetric=False, round_mode=learned_hard_sigmoid)
            (act_quantizer): UniformAffineQuantizer(bit=8, scale_method=max, symmetric=True, channel_wise=False, leaf_param=True)
            (activation_function): StraightThrough()
          )
        )
        (1): QuantResnetBlock(
          (act_quantizer): UniformAffineQuantizer(bit=8, scale_method=max, symmetric=True, channel_wise=False, leaf_param=True)
          (activation_function): StraightThrough()
          (norm1): GroupNorm(32, 256, eps=1e-06, affine=True)
          (conv1): QuantModule(
            256, 256, kernel_size=(3, 3), stride=(1, 1), padding=(1, 1)
            (weight_quantizer): AdaRoundQuantizer(bit=4, symmetric=False, round_mode=learned_hard_sigmoid)
            (act_quantizer): UniformAffineQuantizer(bit=8, scale_method=max, symmetric=True, channel_wise=False, leaf_param=True)
            (activation_function): StraightThrough()
          )
          (temb_proj): QuantModule(
            in_features=512, out_features=256, bias=True
            (weight_quantizer): AdaRoundQuantizer(bit=4, symmetric=False, round_mode=learned_hard_sigmoid)
            (act_quantizer): UniformAffineQuantizer(bit=8, scale_method=max, symmetric=True, channel_wise=False, leaf_param=True)
            (activation_function): StraightThrough()
          )
          (norm2): GroupNorm(32, 256, eps=1e-06, affine=True)
          (dropout): Dropout(p=0.1, inplace=False)
          (conv2): QuantModule(
            256, 256, kernel_size=(3, 3), stride=(1, 1), padding=(1, 1)
            (weight_quantizer): AdaRoundQuantizer(bit=4, symmetric=False, round_mode=learned_hard_sigmoid)
            (act_quantizer): UniformAffineQuantizer(bit=8, scale_method=max, symmetric=True, channel_wise=False, leaf_param=True)
            (activation_function): StraightThrough()
          )
        )
      )
      (attn): ModuleList()
      (downsample): Downsample(
        (conv): QuantModule(
          256, 256, kernel_size=(3, 3), stride=(2, 2)
          (weight_quantizer): AdaRoundQuantizer(bit=4, symmetric=False, round_mode=learned_hard_sigmoid)
          (act_quantizer): UniformAffineQuantizer(bit=8, scale_method=max, symmetric=True, channel_wise=False, leaf_param=True)
          (activation_function): StraightThrough()
        )
      )
    )
    (3): Module(
      (block): ModuleList(
        (0): QuantResnetBlock(
          (act_quantizer): UniformAffineQuantizer(bit=8, scale_method=max, symmetric=True, channel_wise=False, leaf_param=True)
          (activation_function): StraightThrough()
          (norm1): GroupNorm(32, 256, eps=1e-06, affine=True)
          (conv1): QuantModule(
            256, 256, kernel_size=(3, 3), stride=(1, 1), padding=(1, 1)
            (weight_quantizer): AdaRoundQuantizer(bit=4, symmetric=False, round_mode=learned_hard_sigmoid)
            (act_quantizer): UniformAffineQuantizer(bit=8, scale_method=max, symmetric=True, channel_wise=False, leaf_param=True)
            (activation_function): StraightThrough()
          )
          (temb_proj): QuantModule(
            in_features=512, out_features=256, bias=True
            (weight_quantizer): AdaRoundQuantizer(bit=4, symmetric=False, round_mode=learned_hard_sigmoid)
            (act_quantizer): UniformAffineQuantizer(bit=8, scale_method=max, symmetric=True, channel_wise=False, leaf_param=True)
            (activation_function): StraightThrough()
          )
          (norm2): GroupNorm(32, 256, eps=1e-06, affine=True)
          (dropout): Dropout(p=0.1, inplace=False)
          (conv2): QuantModule(
            256, 256, kernel_size=(3, 3), stride=(1, 1), padding=(1, 1)
            (weight_quantizer): AdaRoundQuantizer(bit=4, symmetric=False, round_mode=learned_hard_sigmoid)
            (act_quantizer): UniformAffineQuantizer(bit=8, scale_method=max, symmetric=True, channel_wise=False, leaf_param=True)
            (activation_function): StraightThrough()
          )
        )
        (1): QuantResnetBlock(
          (act_quantizer): UniformAffineQuantizer(bit=8, scale_method=max, symmetric=True, channel_wise=False, leaf_param=True)
          (activation_function): StraightThrough()
          (norm1): GroupNorm(32, 256, eps=1e-06, affine=True)
          (conv1): QuantModule(
            256, 256, kernel_size=(3, 3), stride=(1, 1), padding=(1, 1)
            (weight_quantizer): AdaRoundQuantizer(bit=4, symmetric=False, round_mode=learned_hard_sigmoid)
            (act_quantizer): UniformAffineQuantizer(bit=8, scale_method=max, symmetric=True, channel_wise=False, leaf_param=True)
            (activation_function): StraightThrough()
          )
          (temb_proj): QuantModule(
            in_features=512, out_features=256, bias=True
            (weight_quantizer): AdaRoundQuantizer(bit=4, symmetric=False, round_mode=learned_hard_sigmoid)
            (act_quantizer): UniformAffineQuantizer(bit=8, scale_method=max, symmetric=True, channel_wise=False, leaf_param=True)
            (activation_function): StraightThrough()
          )
          (norm2): GroupNorm(32, 256, eps=1e-06, affine=True)
          (dropout): Dropout(p=0.1, inplace=False)
          (conv2): QuantModule(
            256, 256, kernel_size=(3, 3), stride=(1, 1), padding=(1, 1)
            (weight_quantizer): AdaRoundQuantizer(bit=4, symmetric=False, round_mode=learned_hard_sigmoid)
            (act_quantizer): UniformAffineQuantizer(bit=8, scale_method=max, symmetric=True, channel_wise=False, leaf_param=True)
            (activation_function): StraightThrough()
          )
        )
      )
      (attn): ModuleList()
    )
  )
  (mid): Module(
    (block_1): QuantResnetBlock(
      (act_quantizer): UniformAffineQuantizer(bit=8, scale_method=max, symmetric=True, channel_wise=False, leaf_param=True)
      (activation_function): StraightThrough()
      (norm1): GroupNorm(32, 256, eps=1e-06, affine=True)
      (conv1): QuantModule(
        256, 256, kernel_size=(3, 3), stride=(1, 1), padding=(1, 1)
        (weight_quantizer): AdaRoundQuantizer(bit=4, symmetric=False, round_mode=learned_hard_sigmoid)
        (act_quantizer): UniformAffineQuantizer(bit=8, scale_method=max, symmetric=True, channel_wise=False, leaf_param=True)
        (activation_function): StraightThrough()
      )
      (temb_proj): QuantModule(
        in_features=512, out_features=256, bias=True
        (weight_quantizer): AdaRoundQuantizer(bit=4, symmetric=False, round_mode=learned_hard_sigmoid)
        (act_quantizer): UniformAffineQuantizer(bit=8, scale_method=max, symmetric=True, channel_wise=False, leaf_param=True)
        (activation_function): StraightThrough()
      )
      (norm2): GroupNorm(32, 256, eps=1e-06, affine=True)
      (dropout): Dropout(p=0.1, inplace=False)
      (conv2): QuantModule(
        256, 256, kernel_size=(3, 3), stride=(1, 1), padding=(1, 1)
        (weight_quantizer): AdaRoundQuantizer(bit=4, symmetric=False, round_mode=learned_hard_sigmoid)
        (act_quantizer): UniformAffineQuantizer(bit=8, scale_method=max, symmetric=True, channel_wise=False, leaf_param=True)
        (activation_function): StraightThrough()
      )
    )
    (attn_1): QuantAttnBlock(
      (act_quantizer): UniformAffineQuantizer(bit=8, scale_method=max, symmetric=True, channel_wise=False, leaf_param=True)
      (activation_function): StraightThrough()
      (norm): GroupNorm(32, 256, eps=1e-06, affine=True)
      (q): QuantModule(
        256, 256, kernel_size=(1, 1), stride=(1, 1)
        (weight_quantizer): AdaRoundQuantizer(bit=4, symmetric=False, round_mode=learned_hard_sigmoid)
        (act_quantizer): UniformAffineQuantizer(bit=8, scale_method=max, symmetric=True, channel_wise=False, leaf_param=True)
        (activation_function): StraightThrough()
      )
      (k): QuantModule(
        256, 256, kernel_size=(1, 1), stride=(1, 1)
        (weight_quantizer): AdaRoundQuantizer(bit=4, symmetric=False, round_mode=learned_hard_sigmoid)
        (act_quantizer): UniformAffineQuantizer(bit=8, scale_method=max, symmetric=True, channel_wise=False, leaf_param=True)
        (activation_function): StraightThrough()
      )
      (v): QuantModule(
        256, 256, kernel_size=(1, 1), stride=(1, 1)
        (weight_quantizer): AdaRoundQuantizer(bit=4, symmetric=False, round_mode=learned_hard_sigmoid)
        (act_quantizer): UniformAffineQuantizer(bit=8, scale_method=max, symmetric=True, channel_wise=False, leaf_param=True)
        (activation_function): StraightThrough()
      )
      (proj_out): QuantModule(
        256, 256, kernel_size=(1, 1), stride=(1, 1)
        (weight_quantizer): AdaRoundQuantizer(bit=4, symmetric=False, round_mode=learned_hard_sigmoid)
        (act_quantizer): UniformAffineQuantizer(bit=8, scale_method=max, symmetric=True, channel_wise=False, leaf_param=True)
        (activation_function): StraightThrough()
      )
      (act_quantizer_q): UniformAffineQuantizer(bit=8, scale_method=max, symmetric=True, channel_wise=False, leaf_param=True)
      (act_quantizer_k): UniformAffineQuantizer(bit=8, scale_method=max, symmetric=True, channel_wise=False, leaf_param=True)
      (act_quantizer_v): UniformAffineQuantizer(bit=8, scale_method=max, symmetric=True, channel_wise=False, leaf_param=True)
      (act_quantizer_w): UniformAffineQuantizer(bit=8, scale_method=max, symmetric=True, channel_wise=False, leaf_param=True)
    )
    (block_2): QuantResnetBlock(
      (act_quantizer): UniformAffineQuantizer(bit=8, scale_method=max, symmetric=True, channel_wise=False, leaf_param=True)
      (activation_function): StraightThrough()
      (norm1): GroupNorm(32, 256, eps=1e-06, affine=True)
      (conv1): QuantModule(
        256, 256, kernel_size=(3, 3), stride=(1, 1), padding=(1, 1)
        (weight_quantizer): AdaRoundQuantizer(bit=4, symmetric=False, round_mode=learned_hard_sigmoid)
        (act_quantizer): UniformAffineQuantizer(bit=8, scale_method=max, symmetric=True, channel_wise=False, leaf_param=True)
        (activation_function): StraightThrough()
      )
      (temb_proj): QuantModule(
        in_features=512, out_features=256, bias=True
        (weight_quantizer): AdaRoundQuantizer(bit=4, symmetric=False, round_mode=learned_hard_sigmoid)
        (act_quantizer): UniformAffineQuantizer(bit=8, scale_method=max, symmetric=True, channel_wise=False, leaf_param=True)
        (activation_function): StraightThrough()
      )
      (norm2): GroupNorm(32, 256, eps=1e-06, affine=True)
      (dropout): Dropout(p=0.1, inplace=False)
      (conv2): QuantModule(
        256, 256, kernel_size=(3, 3), stride=(1, 1), padding=(1, 1)
        (weight_quantizer): AdaRoundQuantizer(bit=4, symmetric=False, round_mode=learned_hard_sigmoid)
        (act_quantizer): UniformAffineQuantizer(bit=8, scale_method=max, symmetric=True, channel_wise=False, leaf_param=True)
        (activation_function): StraightThrough()
      )
    )
  )
  (up): ModuleList(
    (0): Module(
      (block): ModuleList(
        (0): QuantResnetBlock(
          (act_quantizer): UniformAffineQuantizer(bit=8, scale_method=max, symmetric=True, channel_wise=False, leaf_param=True)
          (activation_function): StraightThrough()
          (norm1): GroupNorm(32, 384, eps=1e-06, affine=True)
          (conv1): QuantModule(
            384, 128, kernel_size=(3, 3), stride=(1, 1), padding=(1, 1)
            (weight_quantizer): AdaRoundQuantizer(bit=4, symmetric=False, round_mode=learned_hard_sigmoid)
            (act_quantizer): UniformAffineQuantizer(bit=8, scale_method=max, symmetric=True, channel_wise=False, leaf_param=True)
            (activation_function): StraightThrough()
          )
          (temb_proj): QuantModule(
            in_features=512, out_features=128, bias=True
            (weight_quantizer): AdaRoundQuantizer(bit=4, symmetric=False, round_mode=learned_hard_sigmoid)
            (act_quantizer): UniformAffineQuantizer(bit=8, scale_method=max, symmetric=True, channel_wise=False, leaf_param=True)
            (activation_function): StraightThrough()
          )
          (norm2): GroupNorm(32, 128, eps=1e-06, affine=True)
          (dropout): Dropout(p=0.1, inplace=False)
          (conv2): QuantModule(
            128, 128, kernel_size=(3, 3), stride=(1, 1), padding=(1, 1)
            (weight_quantizer): AdaRoundQuantizer(bit=4, symmetric=False, round_mode=learned_hard_sigmoid)
            (act_quantizer): UniformAffineQuantizer(bit=8, scale_method=max, symmetric=True, channel_wise=False, leaf_param=True)
            (activation_function): StraightThrough()
          )
          (nin_shortcut): QuantModule(
            384, 128, kernel_size=(1, 1), stride=(1, 1)
            (weight_quantizer): AdaRoundQuantizer(bit=4, symmetric=False, round_mode=learned_hard_sigmoid)
            (act_quantizer): UniformAffineQuantizer(bit=8, scale_method=max, symmetric=True, channel_wise=False, leaf_param=True)
            (activation_function): StraightThrough()
            (weight_quantizer_0): AdaRoundQuantizer(bit=4, symmetric=False, round_mode=learned_hard_sigmoid)
            (act_quantizer_0): UniformAffineQuantizer(bit=8, scale_method=max, symmetric=True, channel_wise=False, leaf_param=True)
          )
        )
        (1): QuantResnetBlock(
          (act_quantizer): UniformAffineQuantizer(bit=8, scale_method=max, symmetric=True, channel_wise=False, leaf_param=True)
          (activation_function): StraightThrough()
          (norm1): GroupNorm(32, 256, eps=1e-06, affine=True)
          (conv1): QuantModule(
            256, 128, kernel_size=(3, 3), stride=(1, 1), padding=(1, 1)
            (weight_quantizer): AdaRoundQuantizer(bit=4, symmetric=False, round_mode=learned_hard_sigmoid)
            (act_quantizer): UniformAffineQuantizer(bit=8, scale_method=max, symmetric=True, channel_wise=False, leaf_param=True)
            (activation_function): StraightThrough()
          )
          (temb_proj): QuantModule(
            in_features=512, out_features=128, bias=True
            (weight_quantizer): AdaRoundQuantizer(bit=4, symmetric=False, round_mode=learned_hard_sigmoid)
            (act_quantizer): UniformAffineQuantizer(bit=8, scale_method=max, symmetric=True, channel_wise=False, leaf_param=True)
            (activation_function): StraightThrough()
          )
          (norm2): GroupNorm(32, 128, eps=1e-06, affine=True)
          (dropout): Dropout(p=0.1, inplace=False)
          (conv2): QuantModule(
            128, 128, kernel_size=(3, 3), stride=(1, 1), padding=(1, 1)
            (weight_quantizer): AdaRoundQuantizer(bit=4, symmetric=False, round_mode=learned_hard_sigmoid)
            (act_quantizer): UniformAffineQuantizer(bit=8, scale_method=max, symmetric=True, channel_wise=False, leaf_param=True)
            (activation_function): StraightThrough()
          )
          (nin_shortcut): QuantModule(
            256, 128, kernel_size=(1, 1), stride=(1, 1)
            (weight_quantizer): AdaRoundQuantizer(bit=4, symmetric=False, round_mode=learned_hard_sigmoid)
            (act_quantizer): UniformAffineQuantizer(bit=8, scale_method=max, symmetric=True, channel_wise=False, leaf_param=True)
            (activation_function): StraightThrough()
            (weight_quantizer_0): AdaRoundQuantizer(bit=4, symmetric=False, round_mode=learned_hard_sigmoid)
            (act_quantizer_0): UniformAffineQuantizer(bit=8, scale_method=max, symmetric=True, channel_wise=False, leaf_param=True)
          )
        )
        (2): QuantResnetBlock(
          (act_quantizer): UniformAffineQuantizer(bit=8, scale_method=max, symmetric=True, channel_wise=False, leaf_param=True)
          (activation_function): StraightThrough()
          (norm1): GroupNorm(32, 256, eps=1e-06, affine=True)
          (conv1): QuantModule(
            256, 128, kernel_size=(3, 3), stride=(1, 1), padding=(1, 1)
            (weight_quantizer): AdaRoundQuantizer(bit=4, symmetric=False, round_mode=learned_hard_sigmoid)
            (act_quantizer): UniformAffineQuantizer(bit=8, scale_method=max, symmetric=True, channel_wise=False, leaf_param=True)
            (activation_function): StraightThrough()
          )
          (temb_proj): QuantModule(
            in_features=512, out_features=128, bias=True
            (weight_quantizer): AdaRoundQuantizer(bit=4, symmetric=False, round_mode=learned_hard_sigmoid)
            (act_quantizer): UniformAffineQuantizer(bit=8, scale_method=max, symmetric=True, channel_wise=False, leaf_param=True)
            (activation_function): StraightThrough()
          )
          (norm2): GroupNorm(32, 128, eps=1e-06, affine=True)
          (dropout): Dropout(p=0.1, inplace=False)
          (conv2): QuantModule(
            128, 128, kernel_size=(3, 3), stride=(1, 1), padding=(1, 1)
            (weight_quantizer): AdaRoundQuantizer(bit=4, symmetric=False, round_mode=learned_hard_sigmoid)
            (act_quantizer): UniformAffineQuantizer(bit=8, scale_method=max, symmetric=True, channel_wise=False, leaf_param=True)
            (activation_function): StraightThrough()
          )
          (nin_shortcut): QuantModule(
            256, 128, kernel_size=(1, 1), stride=(1, 1)
            (weight_quantizer): AdaRoundQuantizer(bit=4, symmetric=False, round_mode=learned_hard_sigmoid)
            (act_quantizer): UniformAffineQuantizer(bit=8, scale_method=max, symmetric=True, channel_wise=False, leaf_param=True)
            (activation_function): StraightThrough()
            (weight_quantizer_0): AdaRoundQuantizer(bit=4, symmetric=False, round_mode=learned_hard_sigmoid)
            (act_quantizer_0): UniformAffineQuantizer(bit=8, scale_method=max, symmetric=True, channel_wise=False, leaf_param=True)
          )
        )
      )
      (attn): ModuleList()
    )
    (1): Module(
      (block): ModuleList(
        (0): QuantResnetBlock(
          (act_quantizer): UniformAffineQuantizer(bit=8, scale_method=max, symmetric=True, channel_wise=False, leaf_param=True)
          (activation_function): StraightThrough()
          (norm1): GroupNorm(32, 512, eps=1e-06, affine=True)
          (conv1): QuantModule(
            512, 256, kernel_size=(3, 3), stride=(1, 1), padding=(1, 1)
            (weight_quantizer): AdaRoundQuantizer(bit=4, symmetric=False, round_mode=learned_hard_sigmoid)
            (act_quantizer): UniformAffineQuantizer(bit=8, scale_method=max, symmetric=True, channel_wise=False, leaf_param=True)
            (activation_function): StraightThrough()
          )
          (temb_proj): QuantModule(
            in_features=512, out_features=256, bias=True
            (weight_quantizer): AdaRoundQuantizer(bit=4, symmetric=False, round_mode=learned_hard_sigmoid)
            (act_quantizer): UniformAffineQuantizer(bit=8, scale_method=max, symmetric=True, channel_wise=False, leaf_param=True)
            (activation_function): StraightThrough()
          )
          (norm2): GroupNorm(32, 256, eps=1e-06, affine=True)
          (dropout): Dropout(p=0.1, inplace=False)
          (conv2): QuantModule(
            256, 256, kernel_size=(3, 3), stride=(1, 1), padding=(1, 1)
            (weight_quantizer): AdaRoundQuantizer(bit=4, symmetric=False, round_mode=learned_hard_sigmoid)
            (act_quantizer): UniformAffineQuantizer(bit=8, scale_method=max, symmetric=True, channel_wise=False, leaf_param=True)
            (activation_function): StraightThrough()
          )
          (nin_shortcut): QuantModule(
            512, 256, kernel_size=(1, 1), stride=(1, 1)
            (weight_quantizer): AdaRoundQuantizer(bit=4, symmetric=False, round_mode=learned_hard_sigmoid)
            (act_quantizer): UniformAffineQuantizer(bit=8, scale_method=max, symmetric=True, channel_wise=False, leaf_param=True)
            (activation_function): StraightThrough()
            (weight_quantizer_0): AdaRoundQuantizer(bit=4, symmetric=False, round_mode=learned_hard_sigmoid)
            (act_quantizer_0): UniformAffineQuantizer(bit=8, scale_method=max, symmetric=True, channel_wise=False, leaf_param=True)
          )
        )
        (1): QuantResnetBlock(
          (act_quantizer): UniformAffineQuantizer(bit=8, scale_method=max, symmetric=True, channel_wise=False, leaf_param=True)
          (activation_function): StraightThrough()
          (norm1): GroupNorm(32, 512, eps=1e-06, affine=True)
          (conv1): QuantModule(
            512, 256, kernel_size=(3, 3), stride=(1, 1), padding=(1, 1)
            (weight_quantizer): AdaRoundQuantizer(bit=4, symmetric=False, round_mode=learned_hard_sigmoid)
            (act_quantizer): UniformAffineQuantizer(bit=8, scale_method=max, symmetric=True, channel_wise=False, leaf_param=True)
            (activation_function): StraightThrough()
          )
          (temb_proj): QuantModule(
            in_features=512, out_features=256, bias=True
            (weight_quantizer): AdaRoundQuantizer(bit=4, symmetric=False, round_mode=learned_hard_sigmoid)
            (act_quantizer): UniformAffineQuantizer(bit=8, scale_method=max, symmetric=True, channel_wise=False, leaf_param=True)
            (activation_function): StraightThrough()
          )
          (norm2): GroupNorm(32, 256, eps=1e-06, affine=True)
          (dropout): Dropout(p=0.1, inplace=False)
          (conv2): QuantModule(
            256, 256, kernel_size=(3, 3), stride=(1, 1), padding=(1, 1)
            (weight_quantizer): AdaRoundQuantizer(bit=4, symmetric=False, round_mode=learned_hard_sigmoid)
            (act_quantizer): UniformAffineQuantizer(bit=8, scale_method=max, symmetric=True, channel_wise=False, leaf_param=True)
            (activation_function): StraightThrough()
          )
          (nin_shortcut): QuantModule(
            512, 256, kernel_size=(1, 1), stride=(1, 1)
            (weight_quantizer): AdaRoundQuantizer(bit=4, symmetric=False, round_mode=learned_hard_sigmoid)
            (act_quantizer): UniformAffineQuantizer(bit=8, scale_method=max, symmetric=True, channel_wise=False, leaf_param=True)
            (activation_function): StraightThrough()
            (weight_quantizer_0): AdaRoundQuantizer(bit=4, symmetric=False, round_mode=learned_hard_sigmoid)
            (act_quantizer_0): UniformAffineQuantizer(bit=8, scale_method=max, symmetric=True, channel_wise=False, leaf_param=True)
          )
        )
        (2): QuantResnetBlock(
          (act_quantizer): UniformAffineQuantizer(bit=8, scale_method=max, symmetric=True, channel_wise=False, leaf_param=True)
          (activation_function): StraightThrough()
          (norm1): GroupNorm(32, 384, eps=1e-06, affine=True)
          (conv1): QuantModule(
            384, 256, kernel_size=(3, 3), stride=(1, 1), padding=(1, 1)
            (weight_quantizer): AdaRoundQuantizer(bit=4, symmetric=False, round_mode=learned_hard_sigmoid)
            (act_quantizer): UniformAffineQuantizer(bit=8, scale_method=max, symmetric=True, channel_wise=False, leaf_param=True)
            (activation_function): StraightThrough()
          )
          (temb_proj): QuantModule(
            in_features=512, out_features=256, bias=True
            (weight_quantizer): AdaRoundQuantizer(bit=4, symmetric=False, round_mode=learned_hard_sigmoid)
            (act_quantizer): UniformAffineQuantizer(bit=8, scale_method=max, symmetric=True, channel_wise=False, leaf_param=True)
            (activation_function): StraightThrough()
          )
          (norm2): GroupNorm(32, 256, eps=1e-06, affine=True)
          (dropout): Dropout(p=0.1, inplace=False)
          (conv2): QuantModule(
            256, 256, kernel_size=(3, 3), stride=(1, 1), padding=(1, 1)
            (weight_quantizer): AdaRoundQuantizer(bit=4, symmetric=False, round_mode=learned_hard_sigmoid)
            (act_quantizer): UniformAffineQuantizer(bit=8, scale_method=max, symmetric=True, channel_wise=False, leaf_param=True)
            (activation_function): StraightThrough()
          )
          (nin_shortcut): QuantModule(
            384, 256, kernel_size=(1, 1), stride=(1, 1)
            (weight_quantizer): AdaRoundQuantizer(bit=4, symmetric=False, round_mode=learned_hard_sigmoid)
            (act_quantizer): UniformAffineQuantizer(bit=8, scale_method=max, symmetric=True, channel_wise=False, leaf_param=True)
            (activation_function): StraightThrough()
            (weight_quantizer_0): AdaRoundQuantizer(bit=4, symmetric=False, round_mode=learned_hard_sigmoid)
            (act_quantizer_0): UniformAffineQuantizer(bit=8, scale_method=max, symmetric=True, channel_wise=False, leaf_param=True)
          )
        )
      )
      (attn): ModuleList(
        (0): QuantAttnBlock(
          (act_quantizer): UniformAffineQuantizer(bit=8, scale_method=max, symmetric=True, channel_wise=False, leaf_param=True)
          (activation_function): StraightThrough()
          (norm): GroupNorm(32, 256, eps=1e-06, affine=True)
          (q): QuantModule(
            256, 256, kernel_size=(1, 1), stride=(1, 1)
            (weight_quantizer): AdaRoundQuantizer(bit=4, symmetric=False, round_mode=learned_hard_sigmoid)
            (act_quantizer): UniformAffineQuantizer(bit=8, scale_method=max, symmetric=True, channel_wise=False, leaf_param=True)
            (activation_function): StraightThrough()
          )
          (k): QuantModule(
            256, 256, kernel_size=(1, 1), stride=(1, 1)
            (weight_quantizer): AdaRoundQuantizer(bit=4, symmetric=False, round_mode=learned_hard_sigmoid)
            (act_quantizer): UniformAffineQuantizer(bit=8, scale_method=max, symmetric=True, channel_wise=False, leaf_param=True)
            (activation_function): StraightThrough()
          )
          (v): QuantModule(
            256, 256, kernel_size=(1, 1), stride=(1, 1)
            (weight_quantizer): AdaRoundQuantizer(bit=4, symmetric=False, round_mode=learned_hard_sigmoid)
            (act_quantizer): UniformAffineQuantizer(bit=8, scale_method=max, symmetric=True, channel_wise=False, leaf_param=True)
            (activation_function): StraightThrough()
          )
          (proj_out): QuantModule(
            256, 256, kernel_size=(1, 1), stride=(1, 1)
            (weight_quantizer): AdaRoundQuantizer(bit=4, symmetric=False, round_mode=learned_hard_sigmoid)
            (act_quantizer): UniformAffineQuantizer(bit=8, scale_method=max, symmetric=True, channel_wise=False, leaf_param=True)
            (activation_function): StraightThrough()
          )
          (act_quantizer_q): UniformAffineQuantizer(bit=8, scale_method=max, symmetric=True, channel_wise=False, leaf_param=True)
          (act_quantizer_k): UniformAffineQuantizer(bit=8, scale_method=max, symmetric=True, channel_wise=False, leaf_param=True)
          (act_quantizer_v): UniformAffineQuantizer(bit=8, scale_method=max, symmetric=True, channel_wise=False, leaf_param=True)
          (act_quantizer_w): UniformAffineQuantizer(bit=8, scale_method=max, symmetric=True, channel_wise=False, leaf_param=True)
        )
        (1): QuantAttnBlock(
          (act_quantizer): UniformAffineQuantizer(bit=8, scale_method=max, symmetric=True, channel_wise=False, leaf_param=True)
          (activation_function): StraightThrough()
          (norm): GroupNorm(32, 256, eps=1e-06, affine=True)
          (q): QuantModule(
            256, 256, kernel_size=(1, 1), stride=(1, 1)
            (weight_quantizer): AdaRoundQuantizer(bit=4, symmetric=False, round_mode=learned_hard_sigmoid)
            (act_quantizer): UniformAffineQuantizer(bit=8, scale_method=max, symmetric=True, channel_wise=False, leaf_param=True)
            (activation_function): StraightThrough()
          )
          (k): QuantModule(
            256, 256, kernel_size=(1, 1), stride=(1, 1)
            (weight_quantizer): AdaRoundQuantizer(bit=4, symmetric=False, round_mode=learned_hard_sigmoid)
            (act_quantizer): UniformAffineQuantizer(bit=8, scale_method=max, symmetric=True, channel_wise=False, leaf_param=True)
            (activation_function): StraightThrough()
          )
          (v): QuantModule(
            256, 256, kernel_size=(1, 1), stride=(1, 1)
            (weight_quantizer): AdaRoundQuantizer(bit=4, symmetric=False, round_mode=learned_hard_sigmoid)
            (act_quantizer): UniformAffineQuantizer(bit=8, scale_method=max, symmetric=True, channel_wise=False, leaf_param=True)
            (activation_function): StraightThrough()
          )
          (proj_out): QuantModule(
            256, 256, kernel_size=(1, 1), stride=(1, 1)
            (weight_quantizer): AdaRoundQuantizer(bit=4, symmetric=False, round_mode=learned_hard_sigmoid)
            (act_quantizer): UniformAffineQuantizer(bit=8, scale_method=max, symmetric=True, channel_wise=False, leaf_param=True)
            (activation_function): StraightThrough()
          )
          (act_quantizer_q): UniformAffineQuantizer(bit=8, scale_method=max, symmetric=True, channel_wise=False, leaf_param=True)
          (act_quantizer_k): UniformAffineQuantizer(bit=8, scale_method=max, symmetric=True, channel_wise=False, leaf_param=True)
          (act_quantizer_v): UniformAffineQuantizer(bit=8, scale_method=max, symmetric=True, channel_wise=False, leaf_param=True)
          (act_quantizer_w): UniformAffineQuantizer(bit=8, scale_method=max, symmetric=True, channel_wise=False, leaf_param=True)
        )
        (2): QuantAttnBlock(
          (act_quantizer): UniformAffineQuantizer(bit=8, scale_method=max, symmetric=True, channel_wise=False, leaf_param=True)
          (activation_function): StraightThrough()
          (norm): GroupNorm(32, 256, eps=1e-06, affine=True)
          (q): QuantModule(
            256, 256, kernel_size=(1, 1), stride=(1, 1)
            (weight_quantizer): AdaRoundQuantizer(bit=4, symmetric=False, round_mode=learned_hard_sigmoid)
            (act_quantizer): UniformAffineQuantizer(bit=8, scale_method=max, symmetric=True, channel_wise=False, leaf_param=True)
            (activation_function): StraightThrough()
          )
          (k): QuantModule(
            256, 256, kernel_size=(1, 1), stride=(1, 1)
            (weight_quantizer): AdaRoundQuantizer(bit=4, symmetric=False, round_mode=learned_hard_sigmoid)
            (act_quantizer): UniformAffineQuantizer(bit=8, scale_method=max, symmetric=True, channel_wise=False, leaf_param=True)
            (activation_function): StraightThrough()
          )
          (v): QuantModule(
            256, 256, kernel_size=(1, 1), stride=(1, 1)
            (weight_quantizer): AdaRoundQuantizer(bit=4, symmetric=False, round_mode=learned_hard_sigmoid)
            (act_quantizer): UniformAffineQuantizer(bit=8, scale_method=max, symmetric=True, channel_wise=False, leaf_param=True)
            (activation_function): StraightThrough()
          )
          (proj_out): QuantModule(
            256, 256, kernel_size=(1, 1), stride=(1, 1)
            (weight_quantizer): AdaRoundQuantizer(bit=4, symmetric=False, round_mode=learned_hard_sigmoid)
            (act_quantizer): UniformAffineQuantizer(bit=8, scale_method=max, symmetric=True, channel_wise=False, leaf_param=True)
            (activation_function): StraightThrough()
          )
          (act_quantizer_q): UniformAffineQuantizer(bit=8, scale_method=max, symmetric=True, channel_wise=False, leaf_param=True)
          (act_quantizer_k): UniformAffineQuantizer(bit=8, scale_method=max, symmetric=True, channel_wise=False, leaf_param=True)
          (act_quantizer_v): UniformAffineQuantizer(bit=8, scale_method=max, symmetric=True, channel_wise=False, leaf_param=True)
          (act_quantizer_w): UniformAffineQuantizer(bit=8, scale_method=max, symmetric=True, channel_wise=False, leaf_param=True)
        )
      )
      (upsample): Upsample(
        (conv): QuantModule(
          256, 256, kernel_size=(3, 3), stride=(1, 1), padding=(1, 1)
          (weight_quantizer): AdaRoundQuantizer(bit=4, symmetric=False, round_mode=learned_hard_sigmoid)
          (act_quantizer): UniformAffineQuantizer(bit=8, scale_method=max, symmetric=True, channel_wise=False, leaf_param=True)
          (activation_function): StraightThrough()
        )
      )
    )
    (2): Module(
      (block): ModuleList(
        (0): QuantResnetBlock(
          (act_quantizer): UniformAffineQuantizer(bit=8, scale_method=max, symmetric=True, channel_wise=False, leaf_param=True)
          (activation_function): StraightThrough()
          (norm1): GroupNorm(32, 512, eps=1e-06, affine=True)
          (conv1): QuantModule(
            512, 256, kernel_size=(3, 3), stride=(1, 1), padding=(1, 1)
            (weight_quantizer): AdaRoundQuantizer(bit=4, symmetric=False, round_mode=learned_hard_sigmoid)
            (act_quantizer): UniformAffineQuantizer(bit=8, scale_method=max, symmetric=True, channel_wise=False, leaf_param=True)
            (activation_function): StraightThrough()
          )
          (temb_proj): QuantModule(
            in_features=512, out_features=256, bias=True
            (weight_quantizer): AdaRoundQuantizer(bit=4, symmetric=False, round_mode=learned_hard_sigmoid)
            (act_quantizer): UniformAffineQuantizer(bit=8, scale_method=max, symmetric=True, channel_wise=False, leaf_param=True)
            (activation_function): StraightThrough()
          )
          (norm2): GroupNorm(32, 256, eps=1e-06, affine=True)
          (dropout): Dropout(p=0.1, inplace=False)
          (conv2): QuantModule(
            256, 256, kernel_size=(3, 3), stride=(1, 1), padding=(1, 1)
            (weight_quantizer): AdaRoundQuantizer(bit=4, symmetric=False, round_mode=learned_hard_sigmoid)
            (act_quantizer): UniformAffineQuantizer(bit=8, scale_method=max, symmetric=True, channel_wise=False, leaf_param=True)
            (activation_function): StraightThrough()
          )
          (nin_shortcut): QuantModule(
            512, 256, kernel_size=(1, 1), stride=(1, 1)
            (weight_quantizer): AdaRoundQuantizer(bit=4, symmetric=False, round_mode=learned_hard_sigmoid)
            (act_quantizer): UniformAffineQuantizer(bit=8, scale_method=max, symmetric=True, channel_wise=False, leaf_param=True)
            (activation_function): StraightThrough()
            (weight_quantizer_0): AdaRoundQuantizer(bit=4, symmetric=False, round_mode=learned_hard_sigmoid)
            (act_quantizer_0): UniformAffineQuantizer(bit=8, scale_method=max, symmetric=True, channel_wise=False, leaf_param=True)
          )
        )
        (1): QuantResnetBlock(
          (act_quantizer): UniformAffineQuantizer(bit=8, scale_method=max, symmetric=True, channel_wise=False, leaf_param=True)
          (activation_function): StraightThrough()
          (norm1): GroupNorm(32, 512, eps=1e-06, affine=True)
          (conv1): QuantModule(
            512, 256, kernel_size=(3, 3), stride=(1, 1), padding=(1, 1)
            (weight_quantizer): AdaRoundQuantizer(bit=4, symmetric=False, round_mode=learned_hard_sigmoid)
            (act_quantizer): UniformAffineQuantizer(bit=8, scale_method=max, symmetric=True, channel_wise=False, leaf_param=True)
            (activation_function): StraightThrough()
          )
          (temb_proj): QuantModule(
            in_features=512, out_features=256, bias=True
            (weight_quantizer): AdaRoundQuantizer(bit=4, symmetric=False, round_mode=learned_hard_sigmoid)
            (act_quantizer): UniformAffineQuantizer(bit=8, scale_method=max, symmetric=True, channel_wise=False, leaf_param=True)
            (activation_function): StraightThrough()
          )
          (norm2): GroupNorm(32, 256, eps=1e-06, affine=True)
          (dropout): Dropout(p=0.1, inplace=False)
          (conv2): QuantModule(
            256, 256, kernel_size=(3, 3), stride=(1, 1), padding=(1, 1)
            (weight_quantizer): AdaRoundQuantizer(bit=4, symmetric=False, round_mode=learned_hard_sigmoid)
            (act_quantizer): UniformAffineQuantizer(bit=8, scale_method=max, symmetric=True, channel_wise=False, leaf_param=True)
            (activation_function): StraightThrough()
          )
          (nin_shortcut): QuantModule(
            512, 256, kernel_size=(1, 1), stride=(1, 1)
            (weight_quantizer): AdaRoundQuantizer(bit=4, symmetric=False, round_mode=learned_hard_sigmoid)
            (act_quantizer): UniformAffineQuantizer(bit=8, scale_method=max, symmetric=True, channel_wise=False, leaf_param=True)
            (activation_function): StraightThrough()
            (weight_quantizer_0): AdaRoundQuantizer(bit=4, symmetric=False, round_mode=learned_hard_sigmoid)
            (act_quantizer_0): UniformAffineQuantizer(bit=8, scale_method=max, symmetric=True, channel_wise=False, leaf_param=True)
          )
        )
        (2): QuantResnetBlock(
          (act_quantizer): UniformAffineQuantizer(bit=8, scale_method=max, symmetric=True, channel_wise=False, leaf_param=True)
          (activation_function): StraightThrough()
          (norm1): GroupNorm(32, 512, eps=1e-06, affine=True)
          (conv1): QuantModule(
            512, 256, kernel_size=(3, 3), stride=(1, 1), padding=(1, 1)
            (weight_quantizer): AdaRoundQuantizer(bit=4, symmetric=False, round_mode=learned_hard_sigmoid)
            (act_quantizer): UniformAffineQuantizer(bit=8, scale_method=max, symmetric=True, channel_wise=False, leaf_param=True)
            (activation_function): StraightThrough()
          )
          (temb_proj): QuantModule(
            in_features=512, out_features=256, bias=True
            (weight_quantizer): AdaRoundQuantizer(bit=4, symmetric=False, round_mode=learned_hard_sigmoid)
            (act_quantizer): UniformAffineQuantizer(bit=8, scale_method=max, symmetric=True, channel_wise=False, leaf_param=True)
            (activation_function): StraightThrough()
          )
          (norm2): GroupNorm(32, 256, eps=1e-06, affine=True)
          (dropout): Dropout(p=0.1, inplace=False)
          (conv2): QuantModule(
            256, 256, kernel_size=(3, 3), stride=(1, 1), padding=(1, 1)
            (weight_quantizer): AdaRoundQuantizer(bit=4, symmetric=False, round_mode=learned_hard_sigmoid)
            (act_quantizer): UniformAffineQuantizer(bit=8, scale_method=max, symmetric=True, channel_wise=False, leaf_param=True)
            (activation_function): StraightThrough()
          )
          (nin_shortcut): QuantModule(
            512, 256, kernel_size=(1, 1), stride=(1, 1)
            (weight_quantizer): AdaRoundQuantizer(bit=4, symmetric=False, round_mode=learned_hard_sigmoid)
            (act_quantizer): UniformAffineQuantizer(bit=8, scale_method=max, symmetric=True, channel_wise=False, leaf_param=True)
            (activation_function): StraightThrough()
            (weight_quantizer_0): AdaRoundQuantizer(bit=4, symmetric=False, round_mode=learned_hard_sigmoid)
            (act_quantizer_0): UniformAffineQuantizer(bit=8, scale_method=max, symmetric=True, channel_wise=False, leaf_param=True)
          )
        )
      )
      (attn): ModuleList()
      (upsample): Upsample(
        (conv): QuantModule(
          256, 256, kernel_size=(3, 3), stride=(1, 1), padding=(1, 1)
          (weight_quantizer): AdaRoundQuantizer(bit=4, symmetric=False, round_mode=learned_hard_sigmoid)
          (act_quantizer): UniformAffineQuantizer(bit=8, scale_method=max, symmetric=True, channel_wise=False, leaf_param=True)
          (activation_function): StraightThrough()
        )
      )
    )
    (3): Module(
      (block): ModuleList(
        (0): QuantResnetBlock(
          (act_quantizer): UniformAffineQuantizer(bit=8, scale_method=max, symmetric=True, channel_wise=False, leaf_param=True)
          (activation_function): StraightThrough()
          (norm1): GroupNorm(32, 512, eps=1e-06, affine=True)
          (conv1): QuantModule(
            512, 256, kernel_size=(3, 3), stride=(1, 1), padding=(1, 1)
            (weight_quantizer): AdaRoundQuantizer(bit=4, symmetric=False, round_mode=learned_hard_sigmoid)
            (act_quantizer): UniformAffineQuantizer(bit=8, scale_method=max, symmetric=True, channel_wise=False, leaf_param=True)
            (activation_function): StraightThrough()
          )
          (temb_proj): QuantModule(
            in_features=512, out_features=256, bias=True
            (weight_quantizer): AdaRoundQuantizer(bit=4, symmetric=False, round_mode=learned_hard_sigmoid)
            (act_quantizer): UniformAffineQuantizer(bit=8, scale_method=max, symmetric=True, channel_wise=False, leaf_param=True)
            (activation_function): StraightThrough()
          )
          (norm2): GroupNorm(32, 256, eps=1e-06, affine=True)
          (dropout): Dropout(p=0.1, inplace=False)
          (conv2): QuantModule(
            256, 256, kernel_size=(3, 3), stride=(1, 1), padding=(1, 1)
            (weight_quantizer): AdaRoundQuantizer(bit=4, symmetric=False, round_mode=learned_hard_sigmoid)
            (act_quantizer): UniformAffineQuantizer(bit=8, scale_method=max, symmetric=True, channel_wise=False, leaf_param=True)
            (activation_function): StraightThrough()
          )
          (nin_shortcut): QuantModule(
            512, 256, kernel_size=(1, 1), stride=(1, 1)
            (weight_quantizer): AdaRoundQuantizer(bit=4, symmetric=False, round_mode=learned_hard_sigmoid)
            (act_quantizer): UniformAffineQuantizer(bit=8, scale_method=max, symmetric=True, channel_wise=False, leaf_param=True)
            (activation_function): StraightThrough()
            (weight_quantizer_0): AdaRoundQuantizer(bit=4, symmetric=False, round_mode=learned_hard_sigmoid)
            (act_quantizer_0): UniformAffineQuantizer(bit=8, scale_method=max, symmetric=True, channel_wise=False, leaf_param=True)
          )
        )
        (1): QuantResnetBlock(
          (act_quantizer): UniformAffineQuantizer(bit=8, scale_method=max, symmetric=True, channel_wise=False, leaf_param=True)
          (activation_function): StraightThrough()
          (norm1): GroupNorm(32, 512, eps=1e-06, affine=True)
          (conv1): QuantModule(
            512, 256, kernel_size=(3, 3), stride=(1, 1), padding=(1, 1)
            (weight_quantizer): AdaRoundQuantizer(bit=4, symmetric=False, round_mode=learned_hard_sigmoid)
            (act_quantizer): UniformAffineQuantizer(bit=8, scale_method=max, symmetric=True, channel_wise=False, leaf_param=True)
            (activation_function): StraightThrough()
          )
          (temb_proj): QuantModule(
            in_features=512, out_features=256, bias=True
            (weight_quantizer): AdaRoundQuantizer(bit=4, symmetric=False, round_mode=learned_hard_sigmoid)
            (act_quantizer): UniformAffineQuantizer(bit=8, scale_method=max, symmetric=True, channel_wise=False, leaf_param=True)
            (activation_function): StraightThrough()
          )
          (norm2): GroupNorm(32, 256, eps=1e-06, affine=True)
          (dropout): Dropout(p=0.1, inplace=False)
          (conv2): QuantModule(
            256, 256, kernel_size=(3, 3), stride=(1, 1), padding=(1, 1)
            (weight_quantizer): AdaRoundQuantizer(bit=4, symmetric=False, round_mode=learned_hard_sigmoid)
            (act_quantizer): UniformAffineQuantizer(bit=8, scale_method=max, symmetric=True, channel_wise=False, leaf_param=True)
            (activation_function): StraightThrough()
          )
          (nin_shortcut): QuantModule(
            512, 256, kernel_size=(1, 1), stride=(1, 1)
            (weight_quantizer): AdaRoundQuantizer(bit=4, symmetric=False, round_mode=learned_hard_sigmoid)
            (act_quantizer): UniformAffineQuantizer(bit=8, scale_method=max, symmetric=True, channel_wise=False, leaf_param=True)
            (activation_function): StraightThrough()
            (weight_quantizer_0): AdaRoundQuantizer(bit=4, symmetric=False, round_mode=learned_hard_sigmoid)
            (act_quantizer_0): UniformAffineQuantizer(bit=8, scale_method=max, symmetric=True, channel_wise=False, leaf_param=True)
          )
        )
        (2): QuantResnetBlock(
          (act_quantizer): UniformAffineQuantizer(bit=8, scale_method=max, symmetric=True, channel_wise=False, leaf_param=True)
          (activation_function): StraightThrough()
          (norm1): GroupNorm(32, 512, eps=1e-06, affine=True)
          (conv1): QuantModule(
            512, 256, kernel_size=(3, 3), stride=(1, 1), padding=(1, 1)
            (weight_quantizer): AdaRoundQuantizer(bit=4, symmetric=False, round_mode=learned_hard_sigmoid)
            (act_quantizer): UniformAffineQuantizer(bit=8, scale_method=max, symmetric=True, channel_wise=False, leaf_param=True)
            (activation_function): StraightThrough()
          )
          (temb_proj): QuantModule(
            in_features=512, out_features=256, bias=True
            (weight_quantizer): AdaRoundQuantizer(bit=4, symmetric=False, round_mode=learned_hard_sigmoid)
            (act_quantizer): UniformAffineQuantizer(bit=8, scale_method=max, symmetric=True, channel_wise=False, leaf_param=True)
            (activation_function): StraightThrough()
          )
          (norm2): GroupNorm(32, 256, eps=1e-06, affine=True)
          (dropout): Dropout(p=0.1, inplace=False)
          (conv2): QuantModule(
            256, 256, kernel_size=(3, 3), stride=(1, 1), padding=(1, 1)
            (weight_quantizer): AdaRoundQuantizer(bit=4, symmetric=False, round_mode=learned_hard_sigmoid)
            (act_quantizer): UniformAffineQuantizer(bit=8, scale_method=max, symmetric=True, channel_wise=False, leaf_param=True)
            (activation_function): StraightThrough()
          )
          (nin_shortcut): QuantModule(
            512, 256, kernel_size=(1, 1), stride=(1, 1)
            (weight_quantizer): AdaRoundQuantizer(bit=4, symmetric=False, round_mode=learned_hard_sigmoid)
            (act_quantizer): UniformAffineQuantizer(bit=8, scale_method=max, symmetric=True, channel_wise=False, leaf_param=True)
            (activation_function): StraightThrough()
            (weight_quantizer_0): AdaRoundQuantizer(bit=4, symmetric=False, round_mode=learned_hard_sigmoid)
            (act_quantizer_0): UniformAffineQuantizer(bit=8, scale_method=max, symmetric=True, channel_wise=False, leaf_param=True)
          )
        )
      )
      (attn): ModuleList()
      (upsample): Upsample(
        (conv): QuantModule(
          256, 256, kernel_size=(3, 3), stride=(1, 1), padding=(1, 1)
          (weight_quantizer): AdaRoundQuantizer(bit=4, symmetric=False, round_mode=learned_hard_sigmoid)
          (act_quantizer): UniformAffineQuantizer(bit=8, scale_method=max, symmetric=True, channel_wise=False, leaf_param=True)
          (activation_function): StraightThrough()
        )
      )
    )
  )
  (norm_out): GroupNorm(32, 128, eps=1e-06, affine=True)
  (conv_out): QuantModule(
    128, 3, kernel_size=(3, 3), stride=(1, 1), padding=(1, 1)
    (weight_quantizer): AdaRoundQuantizer(bit=4, symmetric=False, round_mode=learned_hard_sigmoid)
    (act_quantizer): UniformAffineQuantizer(bit=8, scale_method=max, symmetric=True, channel_wise=False, leaf_param=True)
    (activation_function): StraightThrough()
  )
)
12/02/2025 14:09:54 - INFO - __main__ -   Doing activation calibration
12/02/2025 14:09:55 - INFO - __main__ -   model False
12/02/2025 14:09:55 - INFO - __main__ -   temb False
12/02/2025 14:09:55 - INFO - __main__ -   dense False
12/02/2025 14:09:55 - INFO - __main__ -   0 False
12/02/2025 14:09:55 - INFO - __main__ -   Reconstruction for layer 0
12/02/2025 14:10:07 - INFO - qdiff.timestep_aware_utils -   in shape: torch.Size([5120, 128])
12/02/2025 14:10:07 - INFO - qdiff.timestep_aware_utils -   out shape: torch.Size([5120, 512])
12/02/2025 14:10:08 - INFO - qdiff.layer_recon -   Total loss:	0.025 (rec:0.025, round:0.000)	b=0.00	count=500
12/02/2025 14:10:09 - INFO - qdiff.layer_recon -   Total loss:	0.025 (rec:0.025, round:0.000)	b=0.00	count=1000
12/02/2025 14:10:10 - INFO - qdiff.layer_recon -   Total loss:	0.024 (rec:0.024, round:0.000)	b=0.00	count=1500
12/02/2025 14:10:11 - INFO - qdiff.layer_recon -   Total loss:	0.026 (rec:0.026, round:0.000)	b=0.00	count=2000
12/02/2025 14:10:12 - INFO - qdiff.layer_recon -   Total loss:	0.026 (rec:0.026, round:0.000)	b=0.00	count=2500
12/02/2025 14:10:13 - INFO - qdiff.layer_recon -   Total loss:	0.023 (rec:0.023, round:0.000)	b=0.00	count=3000
12/02/2025 14:10:14 - INFO - qdiff.layer_recon -   Total loss:	0.027 (rec:0.027, round:0.000)	b=0.00	count=3500
12/02/2025 14:10:15 - INFO - qdiff.layer_recon -   Total loss:	0.028 (rec:0.028, round:0.000)	b=0.00	count=4000
12/02/2025 14:10:16 - INFO - qdiff.layer_recon -   Total loss:	0.024 (rec:0.024, round:0.000)	b=0.00	count=4500
12/02/2025 14:10:17 - INFO - qdiff.layer_recon -   Total loss:	0.025 (rec:0.025, round:0.000)	b=0.00	count=5000
12/02/2025 14:10:17 - INFO - __main__ -   1 False
12/02/2025 14:10:17 - INFO - __main__ -   Reconstruction for layer 1
12/02/2025 14:10:30 - INFO - qdiff.timestep_aware_utils -   in shape: torch.Size([5120, 512])
12/02/2025 14:10:30 - INFO - qdiff.timestep_aware_utils -   out shape: torch.Size([5120, 512])
12/02/2025 14:10:31 - INFO - qdiff.layer_recon -   Total loss:	0.091 (rec:0.091, round:0.000)	b=0.00	count=500
12/02/2025 14:10:32 - INFO - qdiff.layer_recon -   Total loss:	0.074 (rec:0.074, round:0.000)	b=0.00	count=1000
12/02/2025 14:10:33 - INFO - qdiff.layer_recon -   Total loss:	0.079 (rec:0.079, round:0.000)	b=0.00	count=1500
12/02/2025 14:10:34 - INFO - qdiff.layer_recon -   Total loss:	0.087 (rec:0.087, round:0.000)	b=0.00	count=2000
12/02/2025 14:10:35 - INFO - qdiff.layer_recon -   Total loss:	0.090 (rec:0.090, round:0.000)	b=0.00	count=2500
12/02/2025 14:10:36 - INFO - qdiff.layer_recon -   Total loss:	0.083 (rec:0.083, round:0.000)	b=0.00	count=3000
12/02/2025 14:10:37 - INFO - qdiff.layer_recon -   Total loss:	0.095 (rec:0.095, round:0.000)	b=0.00	count=3500
12/02/2025 14:10:38 - INFO - qdiff.layer_recon -   Total loss:	0.074 (rec:0.074, round:0.000)	b=0.00	count=4000
12/02/2025 14:10:39 - INFO - qdiff.layer_recon -   Total loss:	0.081 (rec:0.081, round:0.000)	b=0.00	count=4500
12/02/2025 14:10:40 - INFO - qdiff.layer_recon -   Total loss:	0.089 (rec:0.089, round:0.000)	b=0.00	count=5000
12/02/2025 14:10:40 - INFO - __main__ -   conv_in False
12/02/2025 14:10:40 - INFO - __main__ -   Reconstruction for layer conv_in
12/02/2025 14:10:54 - INFO - qdiff.timestep_aware_utils -   in shape: torch.Size([5120, 3, 32, 32])
12/02/2025 14:10:54 - INFO - qdiff.timestep_aware_utils -   out shape: torch.Size([5120, 128, 32, 32])
12/02/2025 14:10:59 - INFO - qdiff.layer_recon -   Total loss:	0.353 (rec:0.353, round:0.000)	b=0.00	count=500
12/02/2025 14:11:03 - INFO - qdiff.layer_recon -   Total loss:	0.532 (rec:0.532, round:0.000)	b=0.00	count=1000
12/02/2025 14:11:07 - INFO - qdiff.layer_recon -   Total loss:	0.576 (rec:0.576, round:0.000)	b=0.00	count=1500
12/02/2025 14:11:12 - INFO - qdiff.layer_recon -   Total loss:	0.440 (rec:0.440, round:0.000)	b=0.00	count=2000
12/02/2025 14:11:16 - INFO - qdiff.layer_recon -   Total loss:	0.441 (rec:0.441, round:0.000)	b=0.00	count=2500
12/02/2025 14:11:20 - INFO - qdiff.layer_recon -   Total loss:	0.761 (rec:0.761, round:0.000)	b=0.00	count=3000
12/02/2025 14:11:24 - INFO - qdiff.layer_recon -   Total loss:	0.625 (rec:0.625, round:0.000)	b=0.00	count=3500
12/02/2025 14:11:29 - INFO - qdiff.layer_recon -   Total loss:	0.492 (rec:0.492, round:0.000)	b=0.00	count=4000
12/02/2025 14:11:33 - INFO - qdiff.layer_recon -   Total loss:	0.419 (rec:0.419, round:0.000)	b=0.00	count=4500
12/02/2025 14:11:37 - INFO - qdiff.layer_recon -   Total loss:	0.554 (rec:0.554, round:0.000)	b=0.00	count=5000
12/02/2025 14:11:38 - INFO - __main__ -   down False
12/02/2025 14:11:38 - INFO - __main__ -   0 False
12/02/2025 14:11:38 - INFO - __main__ -   block False
12/02/2025 14:11:38 - INFO - __main__ -   0 True
12/02/2025 14:11:38 - INFO - __main__ -   Reconstruction for block 0
12/02/2025 14:11:54 - INFO - qdiff.timestep_aware_utils -   in 1 shape: torch.Size([5120, 128, 32, 32]), in 2 shape: torch.Size([5120, 512])
12/02/2025 14:11:54 - INFO - qdiff.timestep_aware_utils -   out shape: torch.Size([5120, 128, 32, 32])
12/02/2025 14:12:04 - INFO - qdiff.block_recon -   Total loss:	1.486 (rec:1.486, round:0.000)	b=0.00	count=500
12/02/2025 14:12:14 - INFO - qdiff.block_recon -   Total loss:	1.553 (rec:1.553, round:0.000)	b=0.00	count=1000
12/02/2025 14:12:24 - INFO - qdiff.block_recon -   Total loss:	1.487 (rec:1.487, round:0.000)	b=0.00	count=1500
12/02/2025 14:12:34 - INFO - qdiff.block_recon -   Total loss:	1.702 (rec:1.702, round:0.000)	b=0.00	count=2000
12/02/2025 14:12:43 - INFO - qdiff.block_recon -   Total loss:	1.528 (rec:1.528, round:0.000)	b=0.00	count=2500
12/02/2025 14:12:53 - INFO - qdiff.block_recon -   Total loss:	1.600 (rec:1.600, round:0.000)	b=0.00	count=3000
12/02/2025 14:13:03 - INFO - qdiff.block_recon -   Total loss:	1.571 (rec:1.571, round:0.000)	b=0.00	count=3500
12/02/2025 14:13:12 - INFO - qdiff.block_recon -   Total loss:	1.590 (rec:1.590, round:0.000)	b=0.00	count=4000
12/02/2025 14:13:22 - INFO - qdiff.block_recon -   Total loss:	1.377 (rec:1.377, round:0.000)	b=0.00	count=4500
12/02/2025 14:13:32 - INFO - qdiff.block_recon -   Total loss:	1.497 (rec:1.497, round:0.000)	b=0.00	count=5000
12/02/2025 14:13:32 - INFO - __main__ -   1 True
12/02/2025 14:13:32 - INFO - __main__ -   Reconstruction for block 1
12/02/2025 14:13:48 - INFO - qdiff.timestep_aware_utils -   in 1 shape: torch.Size([5120, 128, 32, 32]), in 2 shape: torch.Size([5120, 512])
12/02/2025 14:13:48 - INFO - qdiff.timestep_aware_utils -   out shape: torch.Size([5120, 128, 32, 32])
12/02/2025 14:13:58 - INFO - qdiff.block_recon -   Total loss:	2.040 (rec:2.040, round:0.000)	b=0.00	count=500
12/02/2025 14:14:07 - INFO - qdiff.block_recon -   Total loss:	2.252 (rec:2.252, round:0.000)	b=0.00	count=1000
12/02/2025 14:14:16 - INFO - qdiff.block_recon -   Total loss:	1.569 (rec:1.569, round:0.000)	b=0.00	count=1500
12/02/2025 14:14:24 - INFO - qdiff.block_recon -   Total loss:	2.542 (rec:2.542, round:0.000)	b=0.00	count=2000
12/02/2025 14:14:33 - INFO - qdiff.block_recon -   Total loss:	2.195 (rec:2.195, round:0.000)	b=0.00	count=2500
12/02/2025 14:14:42 - INFO - qdiff.block_recon -   Total loss:	2.172 (rec:2.172, round:0.000)	b=0.00	count=3000
12/02/2025 14:14:51 - INFO - qdiff.block_recon -   Total loss:	1.965 (rec:1.965, round:0.000)	b=0.00	count=3500
12/02/2025 14:15:00 - INFO - qdiff.block_recon -   Total loss:	1.846 (rec:1.846, round:0.000)	b=0.00	count=4000
12/02/2025 14:15:09 - INFO - qdiff.block_recon -   Total loss:	1.788 (rec:1.788, round:0.000)	b=0.00	count=4500
12/02/2025 14:15:18 - INFO - qdiff.block_recon -   Total loss:	1.687 (rec:1.687, round:0.000)	b=0.00	count=5000
12/02/2025 14:15:18 - INFO - __main__ -   attn False
12/02/2025 14:15:18 - INFO - __main__ -   downsample False
12/02/2025 14:15:18 - INFO - __main__ -   conv False
12/02/2025 14:15:18 - INFO - __main__ -   Reconstruction for layer conv
12/02/2025 14:15:34 - INFO - qdiff.timestep_aware_utils -   in shape: torch.Size([5120, 128, 33, 33])
12/02/2025 14:15:34 - INFO - qdiff.timestep_aware_utils -   out shape: torch.Size([5120, 128, 16, 16])
12/02/2025 14:15:39 - INFO - qdiff.layer_recon -   Total loss:	1.632 (rec:1.632, round:0.000)	b=0.00	count=500
12/02/2025 14:15:43 - INFO - qdiff.layer_recon -   Total loss:	1.905 (rec:1.905, round:0.000)	b=0.00	count=1000
12/02/2025 14:15:48 - INFO - qdiff.layer_recon -   Total loss:	1.302 (rec:1.302, round:0.000)	b=0.00	count=1500
12/02/2025 14:15:53 - INFO - qdiff.layer_recon -   Total loss:	1.367 (rec:1.367, round:0.000)	b=0.00	count=2000
12/02/2025 14:15:57 - INFO - qdiff.layer_recon -   Total loss:	1.568 (rec:1.568, round:0.000)	b=0.00	count=2500
12/02/2025 14:16:02 - INFO - qdiff.layer_recon -   Total loss:	1.220 (rec:1.220, round:0.000)	b=0.00	count=3000
12/02/2025 14:16:06 - INFO - qdiff.layer_recon -   Total loss:	1.477 (rec:1.477, round:0.000)	b=0.00	count=3500
12/02/2025 14:16:11 - INFO - qdiff.layer_recon -   Total loss:	1.888 (rec:1.888, round:0.000)	b=0.00	count=4000
12/02/2025 14:16:15 - INFO - qdiff.layer_recon -   Total loss:	2.541 (rec:2.541, round:0.000)	b=0.00	count=4500
12/02/2025 14:16:20 - INFO - qdiff.layer_recon -   Total loss:	1.201 (rec:1.201, round:0.000)	b=0.00	count=5000
12/02/2025 14:16:20 - INFO - __main__ -   1 False
12/02/2025 14:16:20 - INFO - __main__ -   block False
12/02/2025 14:16:20 - INFO - __main__ -   0 True
12/02/2025 14:16:20 - INFO - __main__ -   Reconstruction for block 0
12/02/2025 14:16:36 - INFO - qdiff.timestep_aware_utils -   in 1 shape: torch.Size([5120, 128, 16, 16]), in 2 shape: torch.Size([5120, 512])
12/02/2025 14:16:36 - INFO - qdiff.timestep_aware_utils -   out shape: torch.Size([5120, 256, 16, 16])
12/02/2025 14:16:41 - INFO - qdiff.block_recon -   Total loss:	3.653 (rec:3.653, round:0.000)	b=0.00	count=500
12/02/2025 14:16:46 - INFO - qdiff.block_recon -   Total loss:	4.403 (rec:4.403, round:0.000)	b=0.00	count=1000
12/02/2025 14:16:51 - INFO - qdiff.block_recon -   Total loss:	3.983 (rec:3.983, round:0.000)	b=0.00	count=1500
12/02/2025 14:16:57 - INFO - qdiff.block_recon -   Total loss:	4.004 (rec:4.004, round:0.000)	b=0.00	count=2000
12/02/2025 14:17:02 - INFO - qdiff.block_recon -   Total loss:	3.740 (rec:3.740, round:0.000)	b=0.00	count=2500
12/02/2025 14:17:07 - INFO - qdiff.block_recon -   Total loss:	3.538 (rec:3.538, round:0.000)	b=0.00	count=3000
12/02/2025 14:17:12 - INFO - qdiff.block_recon -   Total loss:	3.973 (rec:3.973, round:0.000)	b=0.00	count=3500
12/02/2025 14:17:17 - INFO - qdiff.block_recon -   Total loss:	4.141 (rec:4.141, round:0.000)	b=0.00	count=4000
12/02/2025 14:17:22 - INFO - qdiff.block_recon -   Total loss:	4.419 (rec:4.419, round:0.000)	b=0.00	count=4500
12/02/2025 14:17:28 - INFO - qdiff.block_recon -   Total loss:	3.498 (rec:3.498, round:0.000)	b=0.00	count=5000
12/02/2025 14:17:28 - INFO - __main__ -   1 True
12/02/2025 14:17:28 - INFO - __main__ -   Reconstruction for block 1
12/02/2025 14:17:45 - INFO - qdiff.timestep_aware_utils -   in 1 shape: torch.Size([5120, 256, 16, 16]), in 2 shape: torch.Size([5120, 512])
12/02/2025 14:17:45 - INFO - qdiff.timestep_aware_utils -   out shape: torch.Size([5120, 256, 16, 16])
12/02/2025 14:17:50 - INFO - qdiff.block_recon -   Total loss:	7.131 (rec:7.131, round:0.000)	b=0.00	count=500
12/02/2025 14:17:56 - INFO - qdiff.block_recon -   Total loss:	7.101 (rec:7.101, round:0.000)	b=0.00	count=1000
12/02/2025 14:18:01 - INFO - qdiff.block_recon -   Total loss:	5.874 (rec:5.874, round:0.000)	b=0.00	count=1500
12/02/2025 14:18:07 - INFO - qdiff.block_recon -   Total loss:	7.542 (rec:7.542, round:0.000)	b=0.00	count=2000
12/02/2025 14:18:12 - INFO - qdiff.block_recon -   Total loss:	6.727 (rec:6.727, round:0.000)	b=0.00	count=2500
12/02/2025 14:18:17 - INFO - qdiff.block_recon -   Total loss:	5.980 (rec:5.980, round:0.000)	b=0.00	count=3000
12/02/2025 14:18:23 - INFO - qdiff.block_recon -   Total loss:	6.707 (rec:6.707, round:0.000)	b=0.00	count=3500
12/02/2025 14:18:28 - INFO - qdiff.block_recon -   Total loss:	7.152 (rec:7.152, round:0.000)	b=0.00	count=4000
12/02/2025 14:18:34 - INFO - qdiff.block_recon -   Total loss:	6.695 (rec:6.695, round:0.000)	b=0.00	count=4500
12/02/2025 14:18:39 - INFO - qdiff.block_recon -   Total loss:	7.471 (rec:7.471, round:0.000)	b=0.00	count=5000
12/02/2025 14:18:39 - INFO - __main__ -   attn False
12/02/2025 14:18:39 - INFO - __main__ -   0 True
12/02/2025 14:18:39 - INFO - __main__ -   Reconstruction for block 0
12/02/2025 14:18:55 - INFO - qdiff.timestep_aware_utils -   in shape: torch.Size([5120, 256, 16, 16])
12/02/2025 14:18:55 - INFO - qdiff.timestep_aware_utils -   out shape: torch.Size([5120, 256, 16, 16])
12/02/2025 14:19:03 - INFO - qdiff.block_recon -   Total loss:	0.478 (rec:0.478, round:0.000)	b=0.00	count=500
12/02/2025 14:19:11 - INFO - qdiff.block_recon -   Total loss:	0.443 (rec:0.443, round:0.000)	b=0.00	count=1000
12/02/2025 14:19:18 - INFO - qdiff.block_recon -   Total loss:	0.712 (rec:0.712, round:0.000)	b=0.00	count=1500
12/02/2025 14:19:26 - INFO - qdiff.block_recon -   Total loss:	0.434 (rec:0.434, round:0.000)	b=0.00	count=2000
12/02/2025 14:19:33 - INFO - qdiff.block_recon -   Total loss:	0.538 (rec:0.538, round:0.000)	b=0.00	count=2500
12/02/2025 14:19:41 - INFO - qdiff.block_recon -   Total loss:	0.414 (rec:0.414, round:0.000)	b=0.00	count=3000
12/02/2025 14:19:49 - INFO - qdiff.block_recon -   Total loss:	0.589 (rec:0.589, round:0.000)	b=0.00	count=3500
12/02/2025 14:19:56 - INFO - qdiff.block_recon -   Total loss:	0.584 (rec:0.584, round:0.000)	b=0.00	count=4000
12/02/2025 14:20:04 - INFO - qdiff.block_recon -   Total loss:	0.515 (rec:0.515, round:0.000)	b=0.00	count=4500
12/02/2025 14:20:11 - INFO - qdiff.block_recon -   Total loss:	0.642 (rec:0.642, round:0.000)	b=0.00	count=5000
12/02/2025 14:20:11 - INFO - __main__ -   1 True
12/02/2025 14:20:11 - INFO - __main__ -   Reconstruction for block 1
12/02/2025 14:20:28 - INFO - qdiff.timestep_aware_utils -   in shape: torch.Size([5120, 256, 16, 16])
12/02/2025 14:20:28 - INFO - qdiff.timestep_aware_utils -   out shape: torch.Size([5120, 256, 16, 16])
12/02/2025 14:20:35 - INFO - qdiff.block_recon -   Total loss:	1.361 (rec:1.361, round:0.000)	b=0.00	count=500
12/02/2025 14:20:43 - INFO - qdiff.block_recon -   Total loss:	1.364 (rec:1.364, round:0.000)	b=0.00	count=1000
12/02/2025 14:20:51 - INFO - qdiff.block_recon -   Total loss:	1.238 (rec:1.238, round:0.000)	b=0.00	count=1500
12/02/2025 14:20:58 - INFO - qdiff.block_recon -   Total loss:	1.748 (rec:1.748, round:0.000)	b=0.00	count=2000
12/02/2025 14:21:06 - INFO - qdiff.block_recon -   Total loss:	1.359 (rec:1.359, round:0.000)	b=0.00	count=2500
12/02/2025 14:21:13 - INFO - qdiff.block_recon -   Total loss:	1.191 (rec:1.191, round:0.000)	b=0.00	count=3000
12/02/2025 14:21:21 - INFO - qdiff.block_recon -   Total loss:	1.314 (rec:1.314, round:0.000)	b=0.00	count=3500
12/02/2025 14:21:29 - INFO - qdiff.block_recon -   Total loss:	1.453 (rec:1.453, round:0.000)	b=0.00	count=4000
12/02/2025 14:21:36 - INFO - qdiff.block_recon -   Total loss:	1.454 (rec:1.454, round:0.000)	b=0.00	count=4500
12/02/2025 14:21:44 - INFO - qdiff.block_recon -   Total loss:	1.204 (rec:1.204, round:0.000)	b=0.00	count=5000
12/02/2025 14:21:44 - INFO - __main__ -   downsample False
12/02/2025 14:21:44 - INFO - __main__ -   conv False
12/02/2025 14:21:44 - INFO - __main__ -   Reconstruction for layer conv
12/02/2025 14:22:00 - INFO - qdiff.timestep_aware_utils -   in shape: torch.Size([5120, 256, 17, 17])
12/02/2025 14:22:00 - INFO - qdiff.timestep_aware_utils -   out shape: torch.Size([5120, 256, 8, 8])
12/02/2025 14:22:04 - INFO - qdiff.layer_recon -   Total loss:	7.966 (rec:7.966, round:0.000)	b=0.00	count=500
12/02/2025 14:22:07 - INFO - qdiff.layer_recon -   Total loss:	7.218 (rec:7.218, round:0.000)	b=0.00	count=1000
12/02/2025 14:22:09 - INFO - qdiff.layer_recon -   Total loss:	7.447 (rec:7.447, round:0.000)	b=0.00	count=1500
12/02/2025 14:22:12 - INFO - qdiff.layer_recon -   Total loss:	7.484 (rec:7.484, round:0.000)	b=0.00	count=2000
12/02/2025 14:22:15 - INFO - qdiff.layer_recon -   Total loss:	6.939 (rec:6.939, round:0.000)	b=0.00	count=2500
12/02/2025 14:22:18 - INFO - qdiff.layer_recon -   Total loss:	7.525 (rec:7.525, round:0.000)	b=0.00	count=3000
12/02/2025 14:22:21 - INFO - qdiff.layer_recon -   Total loss:	6.919 (rec:6.919, round:0.000)	b=0.00	count=3500
12/02/2025 14:22:24 - INFO - qdiff.layer_recon -   Total loss:	5.772 (rec:5.772, round:0.000)	b=0.00	count=4000
12/02/2025 14:22:27 - INFO - qdiff.layer_recon -   Total loss:	9.077 (rec:9.077, round:0.000)	b=0.00	count=4500
12/02/2025 14:22:30 - INFO - qdiff.layer_recon -   Total loss:	8.316 (rec:8.316, round:0.000)	b=0.00	count=5000
12/02/2025 14:22:30 - INFO - __main__ -   2 False
12/02/2025 14:22:30 - INFO - __main__ -   block False
12/02/2025 14:22:30 - INFO - __main__ -   0 True
12/02/2025 14:22:30 - INFO - __main__ -   Reconstruction for block 0
12/02/2025 14:22:46 - INFO - qdiff.timestep_aware_utils -   in 1 shape: torch.Size([5120, 256, 8, 8]), in 2 shape: torch.Size([5120, 512])
12/02/2025 14:22:46 - INFO - qdiff.timestep_aware_utils -   out shape: torch.Size([5120, 256, 8, 8])
12/02/2025 14:22:49 - INFO - qdiff.block_recon -   Total loss:	44.925 (rec:44.925, round:0.000)	b=0.00	count=500
12/02/2025 14:22:53 - INFO - qdiff.block_recon -   Total loss:	46.781 (rec:46.781, round:0.000)	b=0.00	count=1000
12/02/2025 14:22:56 - INFO - qdiff.block_recon -   Total loss:	41.397 (rec:41.397, round:0.000)	b=0.00	count=1500
12/02/2025 14:22:59 - INFO - qdiff.block_recon -   Total loss:	45.451 (rec:45.451, round:0.000)	b=0.00	count=2000
12/02/2025 14:23:02 - INFO - qdiff.block_recon -   Total loss:	44.526 (rec:44.526, round:0.000)	b=0.00	count=2500
12/02/2025 14:23:05 - INFO - qdiff.block_recon -   Total loss:	42.709 (rec:42.709, round:0.000)	b=0.00	count=3000
12/02/2025 14:23:09 - INFO - qdiff.block_recon -   Total loss:	43.300 (rec:43.300, round:0.000)	b=0.00	count=3500
12/02/2025 14:23:12 - INFO - qdiff.block_recon -   Total loss:	46.356 (rec:46.356, round:0.000)	b=0.00	count=4000
12/02/2025 14:23:15 - INFO - qdiff.block_recon -   Total loss:	42.666 (rec:42.666, round:0.000)	b=0.00	count=4500
12/02/2025 14:23:18 - INFO - qdiff.block_recon -   Total loss:	44.200 (rec:44.200, round:0.000)	b=0.00	count=5000
12/02/2025 14:23:18 - INFO - __main__ -   1 True
12/02/2025 14:23:18 - INFO - __main__ -   Reconstruction for block 1
12/02/2025 14:23:35 - INFO - qdiff.timestep_aware_utils -   in 1 shape: torch.Size([5120, 256, 8, 8]), in 2 shape: torch.Size([5120, 512])
12/02/2025 14:23:35 - INFO - qdiff.timestep_aware_utils -   out shape: torch.Size([5120, 256, 8, 8])
12/02/2025 14:23:38 - INFO - qdiff.block_recon -   Total loss:	37.983 (rec:37.983, round:0.000)	b=0.00	count=500
12/02/2025 14:23:41 - INFO - qdiff.block_recon -   Total loss:	39.201 (rec:39.201, round:0.000)	b=0.00	count=1000
12/02/2025 14:23:45 - INFO - qdiff.block_recon -   Total loss:	34.482 (rec:34.482, round:0.000)	b=0.00	count=1500
12/02/2025 14:23:48 - INFO - qdiff.block_recon -   Total loss:	36.846 (rec:36.846, round:0.000)	b=0.00	count=2000
12/02/2025 14:23:51 - INFO - qdiff.block_recon -   Total loss:	29.762 (rec:29.762, round:0.000)	b=0.00	count=2500
12/02/2025 14:23:54 - INFO - qdiff.block_recon -   Total loss:	37.197 (rec:37.197, round:0.000)	b=0.00	count=3000
12/02/2025 14:23:58 - INFO - qdiff.block_recon -   Total loss:	38.549 (rec:38.549, round:0.000)	b=0.00	count=3500
12/02/2025 14:24:01 - INFO - qdiff.block_recon -   Total loss:	35.529 (rec:35.529, round:0.000)	b=0.00	count=4000
12/02/2025 14:24:04 - INFO - qdiff.block_recon -   Total loss:	36.523 (rec:36.523, round:0.000)	b=0.00	count=4500
12/02/2025 14:24:07 - INFO - qdiff.block_recon -   Total loss:	36.967 (rec:36.967, round:0.000)	b=0.00	count=5000
12/02/2025 14:24:07 - INFO - __main__ -   attn False
12/02/2025 14:24:07 - INFO - __main__ -   downsample False
12/02/2025 14:24:07 - INFO - __main__ -   conv False
12/02/2025 14:24:07 - INFO - __main__ -   Reconstruction for layer conv
12/02/2025 14:24:24 - INFO - qdiff.timestep_aware_utils -   in shape: torch.Size([5120, 256, 9, 9])
12/02/2025 14:24:24 - INFO - qdiff.timestep_aware_utils -   out shape: torch.Size([5120, 256, 4, 4])
12/02/2025 14:24:25 - INFO - qdiff.layer_recon -   Total loss:	232.608 (rec:232.608, round:0.000)	b=0.00	count=500
12/02/2025 14:24:27 - INFO - qdiff.layer_recon -   Total loss:	263.601 (rec:263.601, round:0.000)	b=0.00	count=1000
12/02/2025 14:24:29 - INFO - qdiff.layer_recon -   Total loss:	241.992 (rec:241.992, round:0.000)	b=0.00	count=1500
12/02/2025 14:24:30 - INFO - qdiff.layer_recon -   Total loss:	205.559 (rec:205.559, round:0.000)	b=0.00	count=2000
12/02/2025 14:24:32 - INFO - qdiff.layer_recon -   Total loss:	222.157 (rec:222.157, round:0.000)	b=0.00	count=2500
12/02/2025 14:24:33 - INFO - qdiff.layer_recon -   Total loss:	250.071 (rec:250.071, round:0.000)	b=0.00	count=3000
12/02/2025 14:24:35 - INFO - qdiff.layer_recon -   Total loss:	249.695 (rec:249.695, round:0.000)	b=0.00	count=3500
12/02/2025 14:24:36 - INFO - qdiff.layer_recon -   Total loss:	225.990 (rec:225.990, round:0.000)	b=0.00	count=4000
12/02/2025 14:24:38 - INFO - qdiff.layer_recon -   Total loss:	211.926 (rec:211.926, round:0.000)	b=0.00	count=4500
12/02/2025 14:24:39 - INFO - qdiff.layer_recon -   Total loss:	218.391 (rec:218.391, round:0.000)	b=0.00	count=5000
12/02/2025 14:24:39 - INFO - __main__ -   3 False
12/02/2025 14:24:39 - INFO - __main__ -   block False
12/02/2025 14:24:39 - INFO - __main__ -   0 True
12/02/2025 14:24:39 - INFO - __main__ -   Reconstruction for block 0
12/02/2025 14:24:56 - INFO - qdiff.timestep_aware_utils -   in 1 shape: torch.Size([5120, 256, 4, 4]), in 2 shape: torch.Size([5120, 512])
12/02/2025 14:24:56 - INFO - qdiff.timestep_aware_utils -   out shape: torch.Size([5120, 256, 4, 4])
12/02/2025 14:24:59 - INFO - qdiff.block_recon -   Total loss:	672.143 (rec:672.143, round:0.000)	b=0.00	count=500
12/02/2025 14:25:02 - INFO - qdiff.block_recon -   Total loss:	599.972 (rec:599.972, round:0.000)	b=0.00	count=1000
12/02/2025 14:25:04 - INFO - qdiff.block_recon -   Total loss:	615.850 (rec:615.850, round:0.000)	b=0.00	count=1500
12/02/2025 14:25:07 - INFO - qdiff.block_recon -   Total loss:	666.449 (rec:666.449, round:0.000)	b=0.00	count=2000
12/02/2025 14:25:09 - INFO - qdiff.block_recon -   Total loss:	667.772 (rec:667.772, round:0.000)	b=0.00	count=2500
12/02/2025 14:25:12 - INFO - qdiff.block_recon -   Total loss:	559.881 (rec:559.881, round:0.000)	b=0.00	count=3000
12/02/2025 14:25:15 - INFO - qdiff.block_recon -   Total loss:	653.498 (rec:653.498, round:0.000)	b=0.00	count=3500
12/02/2025 14:25:17 - INFO - qdiff.block_recon -   Total loss:	681.295 (rec:681.295, round:0.000)	b=0.00	count=4000
12/02/2025 14:25:20 - INFO - qdiff.block_recon -   Total loss:	661.201 (rec:661.201, round:0.000)	b=0.00	count=4500
12/02/2025 14:25:22 - INFO - qdiff.block_recon -   Total loss:	652.131 (rec:652.131, round:0.000)	b=0.00	count=5000
12/02/2025 14:25:22 - INFO - __main__ -   1 True
12/02/2025 14:25:22 - INFO - __main__ -   Reconstruction for block 1
12/02/2025 14:25:40 - INFO - qdiff.timestep_aware_utils -   in 1 shape: torch.Size([5120, 256, 4, 4]), in 2 shape: torch.Size([5120, 512])
12/02/2025 14:25:40 - INFO - qdiff.timestep_aware_utils -   out shape: torch.Size([5120, 256, 4, 4])
12/02/2025 14:25:43 - INFO - qdiff.block_recon -   Total loss:	625.264 (rec:625.264, round:0.000)	b=0.00	count=500
12/02/2025 14:25:45 - INFO - qdiff.block_recon -   Total loss:	575.867 (rec:575.867, round:0.000)	b=0.00	count=1000
12/02/2025 14:25:48 - INFO - qdiff.block_recon -   Total loss:	575.426 (rec:575.426, round:0.000)	b=0.00	count=1500
12/02/2025 14:25:50 - INFO - qdiff.block_recon -   Total loss:	578.763 (rec:578.763, round:0.000)	b=0.00	count=2000
12/02/2025 14:25:53 - INFO - qdiff.block_recon -   Total loss:	579.760 (rec:579.760, round:0.000)	b=0.00	count=2500
12/02/2025 14:25:56 - INFO - qdiff.block_recon -   Total loss:	591.862 (rec:591.862, round:0.000)	b=0.00	count=3000
12/02/2025 14:25:58 - INFO - qdiff.block_recon -   Total loss:	562.200 (rec:562.200, round:0.000)	b=0.00	count=3500
12/02/2025 14:26:01 - INFO - qdiff.block_recon -   Total loss:	527.855 (rec:527.855, round:0.000)	b=0.00	count=4000
12/02/2025 14:26:03 - INFO - qdiff.block_recon -   Total loss:	504.853 (rec:504.853, round:0.000)	b=0.00	count=4500
12/02/2025 14:26:06 - INFO - qdiff.block_recon -   Total loss:	648.035 (rec:648.035, round:0.000)	b=0.00	count=5000
12/02/2025 14:26:06 - INFO - __main__ -   attn False
12/02/2025 14:26:06 - INFO - __main__ -   mid False
12/02/2025 14:26:06 - INFO - __main__ -   block_1 True
12/02/2025 14:26:06 - INFO - __main__ -   Reconstruction for block block_1
12/02/2025 14:26:24 - INFO - qdiff.timestep_aware_utils -   in 1 shape: torch.Size([5120, 256, 4, 4]), in 2 shape: torch.Size([5120, 512])
12/02/2025 14:26:24 - INFO - qdiff.timestep_aware_utils -   out shape: torch.Size([5120, 256, 4, 4])
12/02/2025 14:26:27 - INFO - qdiff.block_recon -   Total loss:	610.753 (rec:610.753, round:0.000)	b=0.00	count=500
12/02/2025 14:26:29 - INFO - qdiff.block_recon -   Total loss:	653.860 (rec:653.860, round:0.000)	b=0.00	count=1000
12/02/2025 14:26:32 - INFO - qdiff.block_recon -   Total loss:	647.064 (rec:647.064, round:0.000)	b=0.00	count=1500
12/02/2025 14:26:35 - INFO - qdiff.block_recon -   Total loss:	662.976 (rec:662.976, round:0.000)	b=0.00	count=2000
12/02/2025 14:26:37 - INFO - qdiff.block_recon -   Total loss:	632.055 (rec:632.055, round:0.000)	b=0.00	count=2500
12/02/2025 14:26:40 - INFO - qdiff.block_recon -   Total loss:	691.732 (rec:691.732, round:0.000)	b=0.00	count=3000
12/02/2025 14:26:42 - INFO - qdiff.block_recon -   Total loss:	668.987 (rec:668.987, round:0.000)	b=0.00	count=3500
12/02/2025 14:26:45 - INFO - qdiff.block_recon -   Total loss:	654.829 (rec:654.829, round:0.000)	b=0.00	count=4000
12/02/2025 14:26:47 - INFO - qdiff.block_recon -   Total loss:	639.434 (rec:639.434, round:0.000)	b=0.00	count=4500
12/02/2025 14:26:50 - INFO - qdiff.block_recon -   Total loss:	639.803 (rec:639.803, round:0.000)	b=0.00	count=5000
12/02/2025 14:26:50 - INFO - __main__ -   attn_1 True
12/02/2025 14:26:50 - INFO - __main__ -   Reconstruction for block attn_1
12/02/2025 14:27:09 - INFO - qdiff.timestep_aware_utils -   in shape: torch.Size([5120, 256, 4, 4])
12/02/2025 14:27:09 - INFO - qdiff.timestep_aware_utils -   out shape: torch.Size([5120, 256, 4, 4])
12/02/2025 14:27:13 - INFO - qdiff.block_recon -   Total loss:	8.283 (rec:8.283, round:0.000)	b=0.00	count=500
12/02/2025 14:27:17 - INFO - qdiff.block_recon -   Total loss:	7.561 (rec:7.561, round:0.000)	b=0.00	count=1000
12/02/2025 14:27:21 - INFO - qdiff.block_recon -   Total loss:	9.690 (rec:9.690, round:0.000)	b=0.00	count=1500
12/02/2025 14:27:25 - INFO - qdiff.block_recon -   Total loss:	6.968 (rec:6.968, round:0.000)	b=0.00	count=2000
12/02/2025 14:27:29 - INFO - qdiff.block_recon -   Total loss:	7.292 (rec:7.292, round:0.000)	b=0.00	count=2500
12/02/2025 14:27:33 - INFO - qdiff.block_recon -   Total loss:	7.672 (rec:7.672, round:0.000)	b=0.00	count=3000
12/02/2025 14:27:37 - INFO - qdiff.block_recon -   Total loss:	7.835 (rec:7.835, round:0.000)	b=0.00	count=3500
12/02/2025 14:27:41 - INFO - qdiff.block_recon -   Total loss:	8.745 (rec:8.745, round:0.000)	b=0.00	count=4000
12/02/2025 14:27:45 - INFO - qdiff.block_recon -   Total loss:	8.103 (rec:8.103, round:0.000)	b=0.00	count=4500
12/02/2025 14:27:49 - INFO - qdiff.block_recon -   Total loss:	7.971 (rec:7.971, round:0.000)	b=0.00	count=5000
12/02/2025 14:27:49 - INFO - __main__ -   block_2 True
12/02/2025 14:27:49 - INFO - __main__ -   Reconstruction for block block_2
12/02/2025 14:28:09 - INFO - qdiff.timestep_aware_utils -   in 1 shape: torch.Size([5120, 256, 4, 4]), in 2 shape: torch.Size([5120, 512])
12/02/2025 14:28:09 - INFO - qdiff.timestep_aware_utils -   out shape: torch.Size([5120, 256, 4, 4])
12/02/2025 14:28:11 - INFO - qdiff.block_recon -   Total loss:	596.783 (rec:596.783, round:0.000)	b=0.00	count=500
12/02/2025 14:28:14 - INFO - qdiff.block_recon -   Total loss:	597.913 (rec:597.913, round:0.000)	b=0.00	count=1000
12/02/2025 14:28:16 - INFO - qdiff.block_recon -   Total loss:	559.931 (rec:559.931, round:0.000)	b=0.00	count=1500
12/02/2025 14:28:19 - INFO - qdiff.block_recon -   Total loss:	525.767 (rec:525.767, round:0.000)	b=0.00	count=2000
12/02/2025 14:28:22 - INFO - qdiff.block_recon -   Total loss:	608.677 (rec:608.677, round:0.000)	b=0.00	count=2500
12/02/2025 14:28:24 - INFO - qdiff.block_recon -   Total loss:	584.882 (rec:584.882, round:0.000)	b=0.00	count=3000
12/02/2025 14:28:27 - INFO - qdiff.block_recon -   Total loss:	555.404 (rec:555.404, round:0.000)	b=0.00	count=3500
12/02/2025 14:28:29 - INFO - qdiff.block_recon -   Total loss:	537.517 (rec:537.517, round:0.000)	b=0.00	count=4000
12/02/2025 14:28:32 - INFO - qdiff.block_recon -   Total loss:	583.690 (rec:583.690, round:0.000)	b=0.00	count=4500
12/02/2025 14:28:35 - INFO - qdiff.block_recon -   Total loss:	588.302 (rec:588.302, round:0.000)	b=0.00	count=5000
12/02/2025 14:28:35 - INFO - __main__ -   up False
12/02/2025 14:28:35 - INFO - __main__ -   0 False
12/02/2025 14:28:35 - INFO - __main__ -   block False
12/02/2025 14:28:35 - INFO - __main__ -   0 True
12/02/2025 14:28:35 - INFO - __main__ -   Reconstruction for block 0
12/02/2025 14:29:08 - INFO - qdiff.timestep_aware_utils -   in 1 shape: torch.Size([5120, 384, 32, 32]), in 2 shape: torch.Size([5120, 512])
12/02/2025 14:29:08 - INFO - qdiff.timestep_aware_utils -   out shape: torch.Size([5120, 128, 32, 32])
12/02/2025 14:29:27 - INFO - qdiff.block_recon -   Total loss:	2972.986 (rec:2972.986, round:0.000)	b=0.00	count=500
12/02/2025 14:29:45 - INFO - qdiff.block_recon -   Total loss:	2919.058 (rec:2919.058, round:0.000)	b=0.00	count=1000
12/02/2025 14:30:04 - INFO - qdiff.block_recon -   Total loss:	2782.497 (rec:2782.497, round:0.000)	b=0.00	count=1500
12/02/2025 14:30:22 - INFO - qdiff.block_recon -   Total loss:	2676.739 (rec:2676.739, round:0.000)	b=0.00	count=2000
12/02/2025 14:30:40 - INFO - qdiff.block_recon -   Total loss:	2857.496 (rec:2857.496, round:0.000)	b=0.00	count=2500
12/02/2025 14:30:58 - INFO - qdiff.block_recon -   Total loss:	2844.724 (rec:2844.724, round:0.000)	b=0.00	count=3000
12/02/2025 14:31:16 - INFO - qdiff.block_recon -   Total loss:	2792.336 (rec:2792.336, round:0.000)	b=0.00	count=3500
12/02/2025 14:31:34 - INFO - qdiff.block_recon -   Total loss:	2814.659 (rec:2814.659, round:0.000)	b=0.00	count=4000
12/02/2025 14:31:52 - INFO - qdiff.block_recon -   Total loss:	2949.174 (rec:2949.174, round:0.000)	b=0.00	count=4500
12/02/2025 14:32:10 - INFO - qdiff.block_recon -   Total loss:	2697.797 (rec:2697.797, round:0.000)	b=0.00	count=5000
12/02/2025 14:32:11 - INFO - __main__ -   1 True
12/02/2025 14:32:11 - INFO - __main__ -   Reconstruction for block 1
12/02/2025 14:32:43 - INFO - qdiff.timestep_aware_utils -   in 1 shape: torch.Size([5120, 256, 32, 32]), in 2 shape: torch.Size([5120, 512])
12/02/2025 14:32:43 - INFO - qdiff.timestep_aware_utils -   out shape: torch.Size([5120, 128, 32, 32])
12/02/2025 14:32:58 - INFO - qdiff.block_recon -   Total loss:	441.323 (rec:441.323, round:0.000)	b=0.00	count=500
12/02/2025 14:33:12 - INFO - qdiff.block_recon -   Total loss:	464.953 (rec:464.953, round:0.000)	b=0.00	count=1000
12/02/2025 14:33:26 - INFO - qdiff.block_recon -   Total loss:	462.000 (rec:462.000, round:0.000)	b=0.00	count=1500
12/02/2025 14:33:40 - INFO - qdiff.block_recon -   Total loss:	440.274 (rec:440.274, round:0.000)	b=0.00	count=2000
12/02/2025 14:33:54 - INFO - qdiff.block_recon -   Total loss:	448.006 (rec:448.006, round:0.000)	b=0.00	count=2500
12/02/2025 14:34:09 - INFO - qdiff.block_recon -   Total loss:	455.100 (rec:455.100, round:0.000)	b=0.00	count=3000
12/02/2025 14:34:23 - INFO - qdiff.block_recon -   Total loss:	465.105 (rec:465.105, round:0.000)	b=0.00	count=3500
12/02/2025 14:34:37 - INFO - qdiff.block_recon -   Total loss:	434.245 (rec:434.245, round:0.000)	b=0.00	count=4000
12/02/2025 14:34:52 - INFO - qdiff.block_recon -   Total loss:	437.704 (rec:437.704, round:0.000)	b=0.00	count=4500
12/02/2025 14:35:06 - INFO - qdiff.block_recon -   Total loss:	430.141 (rec:430.141, round:0.000)	b=0.00	count=5000
12/02/2025 14:35:07 - INFO - __main__ -   2 True
12/02/2025 14:35:07 - INFO - __main__ -   Reconstruction for block 2
12/02/2025 14:35:39 - INFO - qdiff.timestep_aware_utils -   in 1 shape: torch.Size([5120, 256, 32, 32]), in 2 shape: torch.Size([5120, 512])
12/02/2025 14:35:39 - INFO - qdiff.timestep_aware_utils -   out shape: torch.Size([5120, 128, 32, 32])
12/02/2025 14:35:54 - INFO - qdiff.block_recon -   Total loss:	2023.961 (rec:2023.961, round:0.000)	b=0.00	count=500
12/02/2025 14:36:09 - INFO - qdiff.block_recon -   Total loss:	2085.301 (rec:2085.301, round:0.000)	b=0.00	count=1000
12/02/2025 14:36:23 - INFO - qdiff.block_recon -   Total loss:	2447.405 (rec:2447.405, round:0.000)	b=0.00	count=1500
12/02/2025 14:36:38 - INFO - qdiff.block_recon -   Total loss:	2103.523 (rec:2103.523, round:0.000)	b=0.00	count=2000
12/02/2025 14:36:52 - INFO - qdiff.block_recon -   Total loss:	2460.604 (rec:2460.604, round:0.000)	b=0.00	count=2500
12/02/2025 14:37:06 - INFO - qdiff.block_recon -   Total loss:	2194.892 (rec:2194.892, round:0.000)	b=0.00	count=3000
12/02/2025 14:37:21 - INFO - qdiff.block_recon -   Total loss:	2304.771 (rec:2304.771, round:0.000)	b=0.00	count=3500
12/02/2025 14:37:35 - INFO - qdiff.block_recon -   Total loss:	2056.144 (rec:2056.144, round:0.000)	b=0.00	count=4000
12/02/2025 14:37:49 - INFO - qdiff.block_recon -   Total loss:	2204.456 (rec:2204.456, round:0.000)	b=0.00	count=4500
12/02/2025 14:38:04 - INFO - qdiff.block_recon -   Total loss:	1957.000 (rec:1957.000, round:0.000)	b=0.00	count=5000
12/02/2025 14:38:04 - INFO - __main__ -   attn False
12/02/2025 14:38:04 - INFO - __main__ -   1 False
12/02/2025 14:38:04 - INFO - __main__ -   block False
12/02/2025 14:38:04 - INFO - __main__ -   0 True
12/02/2025 14:38:04 - INFO - __main__ -   Reconstruction for block 0
12/02/2025 14:38:31 - INFO - qdiff.timestep_aware_utils -   in 1 shape: torch.Size([5120, 512, 16, 16]), in 2 shape: torch.Size([5120, 512])
12/02/2025 14:38:31 - INFO - qdiff.timestep_aware_utils -   out shape: torch.Size([5120, 256, 16, 16])
12/02/2025 14:38:39 - INFO - qdiff.block_recon -   Total loss:	986.827 (rec:986.827, round:0.000)	b=0.00	count=500
12/02/2025 14:38:47 - INFO - qdiff.block_recon -   Total loss:	799.822 (rec:799.822, round:0.000)	b=0.00	count=1000
12/02/2025 14:38:56 - INFO - qdiff.block_recon -   Total loss:	800.401 (rec:800.401, round:0.000)	b=0.00	count=1500
12/02/2025 14:39:04 - INFO - qdiff.block_recon -   Total loss:	727.885 (rec:727.885, round:0.000)	b=0.00	count=2000
12/02/2025 14:39:12 - INFO - qdiff.block_recon -   Total loss:	899.285 (rec:899.285, round:0.000)	b=0.00	count=2500
12/02/2025 14:39:21 - INFO - qdiff.block_recon -   Total loss:	939.128 (rec:939.128, round:0.000)	b=0.00	count=3000
12/02/2025 14:39:29 - INFO - qdiff.block_recon -   Total loss:	806.003 (rec:806.003, round:0.000)	b=0.00	count=3500
12/02/2025 14:39:38 - INFO - qdiff.block_recon -   Total loss:	801.451 (rec:801.451, round:0.000)	b=0.00	count=4000
12/02/2025 14:39:46 - INFO - qdiff.block_recon -   Total loss:	877.138 (rec:877.138, round:0.000)	b=0.00	count=4500
12/02/2025 14:39:54 - INFO - qdiff.block_recon -   Total loss:	954.029 (rec:954.029, round:0.000)	b=0.00	count=5000
12/02/2025 14:39:55 - INFO - __main__ -   1 True
12/02/2025 14:39:55 - INFO - __main__ -   Reconstruction for block 1
12/02/2025 14:40:22 - INFO - qdiff.timestep_aware_utils -   in 1 shape: torch.Size([5120, 512, 16, 16]), in 2 shape: torch.Size([5120, 512])
12/02/2025 14:40:22 - INFO - qdiff.timestep_aware_utils -   out shape: torch.Size([5120, 256, 16, 16])
12/02/2025 14:40:30 - INFO - qdiff.block_recon -   Total loss:	587.252 (rec:587.252, round:0.000)	b=0.00	count=500
12/02/2025 14:40:39 - INFO - qdiff.block_recon -   Total loss:	649.484 (rec:649.484, round:0.000)	b=0.00	count=1000
12/02/2025 14:40:47 - INFO - qdiff.block_recon -   Total loss:	629.183 (rec:629.183, round:0.000)	b=0.00	count=1500
12/02/2025 14:40:56 - INFO - qdiff.block_recon -   Total loss:	611.747 (rec:611.747, round:0.000)	b=0.00	count=2000
12/02/2025 14:41:04 - INFO - qdiff.block_recon -   Total loss:	718.322 (rec:718.322, round:0.000)	b=0.00	count=2500
12/02/2025 14:41:12 - INFO - qdiff.block_recon -   Total loss:	658.030 (rec:658.030, round:0.000)	b=0.00	count=3000
12/02/2025 14:41:21 - INFO - qdiff.block_recon -   Total loss:	628.737 (rec:628.737, round:0.000)	b=0.00	count=3500
12/02/2025 14:41:29 - INFO - qdiff.block_recon -   Total loss:	747.487 (rec:747.487, round:0.000)	b=0.00	count=4000
12/02/2025 14:41:38 - INFO - qdiff.block_recon -   Total loss:	631.009 (rec:631.009, round:0.000)	b=0.00	count=4500
12/02/2025 14:41:46 - INFO - qdiff.block_recon -   Total loss:	731.078 (rec:731.078, round:0.000)	b=0.00	count=5000
12/02/2025 14:41:46 - INFO - __main__ -   2 True
12/02/2025 14:41:46 - INFO - __main__ -   Reconstruction for block 2
12/02/2025 14:42:16 - INFO - qdiff.timestep_aware_utils -   in 1 shape: torch.Size([5120, 384, 16, 16]), in 2 shape: torch.Size([5120, 512])
12/02/2025 14:42:16 - INFO - qdiff.timestep_aware_utils -   out shape: torch.Size([5120, 256, 16, 16])
12/02/2025 14:42:24 - INFO - qdiff.block_recon -   Total loss:	436.850 (rec:436.850, round:0.000)	b=0.00	count=500
12/02/2025 14:42:31 - INFO - qdiff.block_recon -   Total loss:	448.947 (rec:448.947, round:0.000)	b=0.00	count=1000
12/02/2025 14:42:38 - INFO - qdiff.block_recon -   Total loss:	415.788 (rec:415.788, round:0.000)	b=0.00	count=1500
12/02/2025 14:42:46 - INFO - qdiff.block_recon -   Total loss:	383.930 (rec:383.930, round:0.000)	b=0.00	count=2000
12/02/2025 14:42:53 - INFO - qdiff.block_recon -   Total loss:	385.078 (rec:385.078, round:0.000)	b=0.00	count=2500
12/02/2025 14:43:00 - INFO - qdiff.block_recon -   Total loss:	455.926 (rec:455.926, round:0.000)	b=0.00	count=3000
12/02/2025 14:43:08 - INFO - qdiff.block_recon -   Total loss:	437.828 (rec:437.828, round:0.000)	b=0.00	count=3500
12/02/2025 14:43:15 - INFO - qdiff.block_recon -   Total loss:	397.738 (rec:397.738, round:0.000)	b=0.00	count=4000
12/02/2025 14:43:22 - INFO - qdiff.block_recon -   Total loss:	419.796 (rec:419.796, round:0.000)	b=0.00	count=4500
12/02/2025 14:43:30 - INFO - qdiff.block_recon -   Total loss:	454.838 (rec:454.838, round:0.000)	b=0.00	count=5000
12/02/2025 14:43:30 - INFO - __main__ -   attn False
12/02/2025 14:43:30 - INFO - __main__ -   0 True
12/02/2025 14:43:30 - INFO - __main__ -   Reconstruction for block 0
12/02/2025 14:43:56 - INFO - qdiff.timestep_aware_utils -   in shape: torch.Size([5120, 256, 16, 16])
12/02/2025 14:43:56 - INFO - qdiff.timestep_aware_utils -   out shape: torch.Size([5120, 256, 16, 16])
12/02/2025 14:44:04 - INFO - qdiff.block_recon -   Total loss:	126.370 (rec:126.370, round:0.000)	b=0.00	count=500
12/02/2025 14:44:11 - INFO - qdiff.block_recon -   Total loss:	144.445 (rec:144.445, round:0.000)	b=0.00	count=1000
12/02/2025 14:44:19 - INFO - qdiff.block_recon -   Total loss:	135.034 (rec:135.034, round:0.000)	b=0.00	count=1500
12/02/2025 14:44:26 - INFO - qdiff.block_recon -   Total loss:	127.327 (rec:127.327, round:0.000)	b=0.00	count=2000
12/02/2025 14:44:34 - INFO - qdiff.block_recon -   Total loss:	159.400 (rec:159.400, round:0.000)	b=0.00	count=2500
12/02/2025 14:44:42 - INFO - qdiff.block_recon -   Total loss:	127.337 (rec:127.337, round:0.000)	b=0.00	count=3000
12/02/2025 14:44:49 - INFO - qdiff.block_recon -   Total loss:	121.691 (rec:121.691, round:0.000)	b=0.00	count=3500
12/02/2025 14:44:57 - INFO - qdiff.block_recon -   Total loss:	126.956 (rec:126.956, round:0.000)	b=0.00	count=4000
12/02/2025 14:45:04 - INFO - qdiff.block_recon -   Total loss:	131.143 (rec:131.143, round:0.000)	b=0.00	count=4500
12/02/2025 14:45:12 - INFO - qdiff.block_recon -   Total loss:	122.957 (rec:122.957, round:0.000)	b=0.00	count=5000
12/02/2025 14:45:12 - INFO - __main__ -   1 True
12/02/2025 14:45:12 - INFO - __main__ -   Reconstruction for block 1
12/02/2025 14:45:40 - INFO - qdiff.timestep_aware_utils -   in shape: torch.Size([5120, 256, 16, 16])
12/02/2025 14:45:40 - INFO - qdiff.timestep_aware_utils -   out shape: torch.Size([5120, 256, 16, 16])
12/02/2025 14:45:47 - INFO - qdiff.block_recon -   Total loss:	129.641 (rec:129.641, round:0.000)	b=0.00	count=500
12/02/2025 14:45:55 - INFO - qdiff.block_recon -   Total loss:	116.349 (rec:116.349, round:0.000)	b=0.00	count=1000
12/02/2025 14:46:03 - INFO - qdiff.block_recon -   Total loss:	129.503 (rec:129.503, round:0.000)	b=0.00	count=1500
12/02/2025 14:46:10 - INFO - qdiff.block_recon -   Total loss:	110.293 (rec:110.293, round:0.000)	b=0.00	count=2000
12/02/2025 14:46:18 - INFO - qdiff.block_recon -   Total loss:	122.560 (rec:122.560, round:0.000)	b=0.00	count=2500
12/02/2025 14:46:26 - INFO - qdiff.block_recon -   Total loss:	135.388 (rec:135.388, round:0.000)	b=0.00	count=3000
12/02/2025 14:46:33 - INFO - qdiff.block_recon -   Total loss:	128.532 (rec:128.532, round:0.000)	b=0.00	count=3500
12/02/2025 14:46:41 - INFO - qdiff.block_recon -   Total loss:	110.192 (rec:110.192, round:0.000)	b=0.00	count=4000
12/02/2025 14:46:49 - INFO - qdiff.block_recon -   Total loss:	118.833 (rec:118.833, round:0.000)	b=0.00	count=4500
12/02/2025 14:46:56 - INFO - qdiff.block_recon -   Total loss:	127.829 (rec:127.829, round:0.000)	b=0.00	count=5000
12/02/2025 14:46:56 - INFO - __main__ -   2 True
12/02/2025 14:46:56 - INFO - __main__ -   Reconstruction for block 2
12/02/2025 14:47:26 - INFO - qdiff.timestep_aware_utils -   in shape: torch.Size([5120, 256, 16, 16])
12/02/2025 14:47:26 - INFO - qdiff.timestep_aware_utils -   out shape: torch.Size([5120, 256, 16, 16])
12/02/2025 14:47:33 - INFO - qdiff.block_recon -   Total loss:	94.307 (rec:94.307, round:0.000)	b=0.00	count=500
12/02/2025 14:47:41 - INFO - qdiff.block_recon -   Total loss:	81.914 (rec:81.914, round:0.000)	b=0.00	count=1000
12/02/2025 14:47:49 - INFO - qdiff.block_recon -   Total loss:	73.455 (rec:73.455, round:0.000)	b=0.00	count=1500
12/02/2025 14:47:56 - INFO - qdiff.block_recon -   Total loss:	92.723 (rec:92.723, round:0.000)	b=0.00	count=2000
12/02/2025 14:48:04 - INFO - qdiff.block_recon -   Total loss:	91.647 (rec:91.647, round:0.000)	b=0.00	count=2500
12/02/2025 14:48:12 - INFO - qdiff.block_recon -   Total loss:	92.795 (rec:92.795, round:0.000)	b=0.00	count=3000
12/02/2025 14:48:19 - INFO - qdiff.block_recon -   Total loss:	76.697 (rec:76.697, round:0.000)	b=0.00	count=3500
12/02/2025 14:48:27 - INFO - qdiff.block_recon -   Total loss:	77.951 (rec:77.951, round:0.000)	b=0.00	count=4000
12/02/2025 14:48:35 - INFO - qdiff.block_recon -   Total loss:	102.871 (rec:102.871, round:0.000)	b=0.00	count=4500
12/02/2025 14:48:42 - INFO - qdiff.block_recon -   Total loss:	84.533 (rec:84.533, round:0.000)	b=0.00	count=5000
12/02/2025 14:48:43 - INFO - __main__ -   upsample False
12/02/2025 14:48:43 - INFO - __main__ -   conv False
12/02/2025 14:48:43 - INFO - __main__ -   Reconstruction for layer conv
12/02/2025 14:49:14 - INFO - qdiff.timestep_aware_utils -   in shape: torch.Size([5120, 256, 32, 32])
12/02/2025 14:49:14 - INFO - qdiff.timestep_aware_utils -   out shape: torch.Size([5120, 256, 32, 32])
12/02/2025 14:49:28 - INFO - qdiff.layer_recon -   Total loss:	9535.334 (rec:9535.334, round:0.000)	b=0.00	count=500
12/02/2025 14:49:41 - INFO - qdiff.layer_recon -   Total loss:	9266.000 (rec:9266.000, round:0.000)	b=0.00	count=1000
12/02/2025 14:49:54 - INFO - qdiff.layer_recon -   Total loss:	8912.829 (rec:8912.829, round:0.000)	b=0.00	count=1500
12/02/2025 14:50:07 - INFO - qdiff.layer_recon -   Total loss:	8689.633 (rec:8689.633, round:0.000)	b=0.00	count=2000
12/02/2025 14:50:21 - INFO - qdiff.layer_recon -   Total loss:	9070.275 (rec:9070.275, round:0.000)	b=0.00	count=2500
12/02/2025 14:50:34 - INFO - qdiff.layer_recon -   Total loss:	9113.265 (rec:9113.265, round:0.000)	b=0.00	count=3000
12/02/2025 14:50:47 - INFO - qdiff.layer_recon -   Total loss:	9570.860 (rec:9570.860, round:0.000)	b=0.00	count=3500
12/02/2025 14:51:00 - INFO - qdiff.layer_recon -   Total loss:	8999.740 (rec:8999.740, round:0.000)	b=0.00	count=4000
12/02/2025 14:51:13 - INFO - qdiff.layer_recon -   Total loss:	8996.576 (rec:8996.576, round:0.000)	b=0.00	count=4500
12/02/2025 14:51:26 - INFO - qdiff.layer_recon -   Total loss:	9428.298 (rec:9428.298, round:0.000)	b=0.00	count=5000
12/02/2025 14:51:27 - INFO - __main__ -   2 False
12/02/2025 14:51:27 - INFO - __main__ -   block False
12/02/2025 14:51:27 - INFO - __main__ -   0 True
12/02/2025 14:51:27 - INFO - __main__ -   Reconstruction for block 0
12/02/2025 14:51:50 - INFO - qdiff.timestep_aware_utils -   in 1 shape: torch.Size([5120, 512, 8, 8]), in 2 shape: torch.Size([5120, 512])
12/02/2025 14:51:50 - INFO - qdiff.timestep_aware_utils -   out shape: torch.Size([5120, 256, 8, 8])
12/02/2025 14:51:55 - INFO - qdiff.block_recon -   Total loss:	1669.223 (rec:1669.223, round:0.000)	b=0.00	count=500
12/02/2025 14:52:00 - INFO - qdiff.block_recon -   Total loss:	1753.145 (rec:1753.145, round:0.000)	b=0.00	count=1000
12/02/2025 14:52:04 - INFO - qdiff.block_recon -   Total loss:	1724.307 (rec:1724.307, round:0.000)	b=0.00	count=1500
12/02/2025 14:52:09 - INFO - qdiff.block_recon -   Total loss:	1781.793 (rec:1781.793, round:0.000)	b=0.00	count=2000
12/02/2025 14:52:14 - INFO - qdiff.block_recon -   Total loss:	1859.363 (rec:1859.363, round:0.000)	b=0.00	count=2500
12/02/2025 14:52:19 - INFO - qdiff.block_recon -   Total loss:	1760.717 (rec:1760.717, round:0.000)	b=0.00	count=3000
12/02/2025 14:52:23 - INFO - qdiff.block_recon -   Total loss:	1723.485 (rec:1723.485, round:0.000)	b=0.00	count=3500
12/02/2025 14:52:28 - INFO - qdiff.block_recon -   Total loss:	1806.002 (rec:1806.002, round:0.000)	b=0.00	count=4000
12/02/2025 14:52:33 - INFO - qdiff.block_recon -   Total loss:	1621.899 (rec:1621.899, round:0.000)	b=0.00	count=4500
12/02/2025 14:52:37 - INFO - qdiff.block_recon -   Total loss:	1557.416 (rec:1557.416, round:0.000)	b=0.00	count=5000
12/02/2025 14:52:38 - INFO - __main__ -   1 True
12/02/2025 14:52:38 - INFO - __main__ -   Reconstruction for block 1
12/02/2025 14:53:01 - INFO - qdiff.timestep_aware_utils -   in 1 shape: torch.Size([5120, 512, 8, 8]), in 2 shape: torch.Size([5120, 512])
12/02/2025 14:53:01 - INFO - qdiff.timestep_aware_utils -   out shape: torch.Size([5120, 256, 8, 8])
12/02/2025 14:53:06 - INFO - qdiff.block_recon -   Total loss:	695.180 (rec:695.180, round:0.000)	b=0.00	count=500
12/02/2025 14:53:11 - INFO - qdiff.block_recon -   Total loss:	682.693 (rec:682.693, round:0.000)	b=0.00	count=1000
12/02/2025 14:53:15 - INFO - qdiff.block_recon -   Total loss:	650.671 (rec:650.671, round:0.000)	b=0.00	count=1500
12/02/2025 14:53:20 - INFO - qdiff.block_recon -   Total loss:	678.210 (rec:678.210, round:0.000)	b=0.00	count=2000
12/02/2025 14:53:25 - INFO - qdiff.block_recon -   Total loss:	723.871 (rec:723.871, round:0.000)	b=0.00	count=2500
12/02/2025 14:53:30 - INFO - qdiff.block_recon -   Total loss:	684.908 (rec:684.908, round:0.000)	b=0.00	count=3000
12/02/2025 14:53:35 - INFO - qdiff.block_recon -   Total loss:	643.591 (rec:643.591, round:0.000)	b=0.00	count=3500
12/02/2025 14:53:40 - INFO - qdiff.block_recon -   Total loss:	643.923 (rec:643.923, round:0.000)	b=0.00	count=4000
12/02/2025 14:53:44 - INFO - qdiff.block_recon -   Total loss:	610.293 (rec:610.293, round:0.000)	b=0.00	count=4500
12/02/2025 14:53:49 - INFO - qdiff.block_recon -   Total loss:	662.043 (rec:662.043, round:0.000)	b=0.00	count=5000
12/02/2025 14:53:49 - INFO - __main__ -   2 True
12/02/2025 14:53:49 - INFO - __main__ -   Reconstruction for block 2
12/02/2025 14:54:13 - INFO - qdiff.timestep_aware_utils -   in 1 shape: torch.Size([5120, 512, 8, 8]), in 2 shape: torch.Size([5120, 512])
12/02/2025 14:54:13 - INFO - qdiff.timestep_aware_utils -   out shape: torch.Size([5120, 256, 8, 8])
12/02/2025 14:54:18 - INFO - qdiff.block_recon -   Total loss:	175.715 (rec:175.715, round:0.000)	b=0.00	count=500
12/02/2025 14:54:23 - INFO - qdiff.block_recon -   Total loss:	199.028 (rec:199.028, round:0.000)	b=0.00	count=1000
12/02/2025 14:54:28 - INFO - qdiff.block_recon -   Total loss:	165.598 (rec:165.598, round:0.000)	b=0.00	count=1500
12/02/2025 14:54:33 - INFO - qdiff.block_recon -   Total loss:	203.283 (rec:203.283, round:0.000)	b=0.00	count=2000
12/02/2025 14:54:37 - INFO - qdiff.block_recon -   Total loss:	161.793 (rec:161.793, round:0.000)	b=0.00	count=2500
12/02/2025 14:54:42 - INFO - qdiff.block_recon -   Total loss:	172.486 (rec:172.486, round:0.000)	b=0.00	count=3000
12/02/2025 14:54:47 - INFO - qdiff.block_recon -   Total loss:	205.627 (rec:205.627, round:0.000)	b=0.00	count=3500
12/02/2025 14:54:52 - INFO - qdiff.block_recon -   Total loss:	162.309 (rec:162.309, round:0.000)	b=0.00	count=4000
12/02/2025 14:54:56 - INFO - qdiff.block_recon -   Total loss:	181.754 (rec:181.754, round:0.000)	b=0.00	count=4500
12/02/2025 14:55:01 - INFO - qdiff.block_recon -   Total loss:	213.342 (rec:213.342, round:0.000)	b=0.00	count=5000
12/02/2025 14:55:01 - INFO - __main__ -   attn False
12/02/2025 14:55:01 - INFO - __main__ -   upsample False
12/02/2025 14:55:01 - INFO - __main__ -   conv False
12/02/2025 14:55:01 - INFO - __main__ -   Reconstruction for layer conv
12/02/2025 14:55:26 - INFO - qdiff.timestep_aware_utils -   in shape: torch.Size([5120, 256, 16, 16])
12/02/2025 14:55:26 - INFO - qdiff.timestep_aware_utils -   out shape: torch.Size([5120, 256, 16, 16])
12/02/2025 14:55:30 - INFO - qdiff.layer_recon -   Total loss:	604.680 (rec:604.680, round:0.000)	b=0.00	count=500
12/02/2025 14:55:34 - INFO - qdiff.layer_recon -   Total loss:	573.227 (rec:573.227, round:0.000)	b=0.00	count=1000
12/02/2025 14:55:38 - INFO - qdiff.layer_recon -   Total loss:	592.887 (rec:592.887, round:0.000)	b=0.00	count=1500
12/02/2025 14:55:41 - INFO - qdiff.layer_recon -   Total loss:	611.728 (rec:611.728, round:0.000)	b=0.00	count=2000
12/02/2025 14:55:45 - INFO - qdiff.layer_recon -   Total loss:	592.260 (rec:592.260, round:0.000)	b=0.00	count=2500
12/02/2025 14:55:49 - INFO - qdiff.layer_recon -   Total loss:	484.594 (rec:484.594, round:0.000)	b=0.00	count=3000
12/02/2025 14:55:53 - INFO - qdiff.layer_recon -   Total loss:	659.661 (rec:659.661, round:0.000)	b=0.00	count=3500
12/02/2025 14:55:57 - INFO - qdiff.layer_recon -   Total loss:	593.539 (rec:593.539, round:0.000)	b=0.00	count=4000
12/02/2025 14:56:01 - INFO - qdiff.layer_recon -   Total loss:	595.073 (rec:595.073, round:0.000)	b=0.00	count=4500
12/02/2025 14:56:04 - INFO - qdiff.layer_recon -   Total loss:	589.326 (rec:589.326, round:0.000)	b=0.00	count=5000
12/02/2025 14:56:05 - INFO - __main__ -   3 False
12/02/2025 14:56:05 - INFO - __main__ -   block False
12/02/2025 14:56:05 - INFO - __main__ -   0 True
12/02/2025 14:56:05 - INFO - __main__ -   Reconstruction for block 0
12/02/2025 14:56:24 - INFO - qdiff.timestep_aware_utils -   in 1 shape: torch.Size([5120, 512, 4, 4]), in 2 shape: torch.Size([5120, 512])
12/02/2025 14:56:24 - INFO - qdiff.timestep_aware_utils -   out shape: torch.Size([5120, 256, 4, 4])
12/02/2025 14:56:28 - INFO - qdiff.block_recon -   Total loss:	3788.678 (rec:3788.678, round:0.000)	b=0.00	count=500
12/02/2025 14:56:32 - INFO - qdiff.block_recon -   Total loss:	3791.390 (rec:3791.390, round:0.000)	b=0.00	count=1000
12/02/2025 14:56:36 - INFO - qdiff.block_recon -   Total loss:	3575.509 (rec:3575.509, round:0.000)	b=0.00	count=1500
12/02/2025 14:56:40 - INFO - qdiff.block_recon -   Total loss:	3521.003 (rec:3521.003, round:0.000)	b=0.00	count=2000
12/02/2025 14:56:44 - INFO - qdiff.block_recon -   Total loss:	3783.812 (rec:3783.812, round:0.000)	b=0.00	count=2500
12/02/2025 14:56:48 - INFO - qdiff.block_recon -   Total loss:	3610.838 (rec:3610.838, round:0.000)	b=0.00	count=3000
12/02/2025 14:56:52 - INFO - qdiff.block_recon -   Total loss:	3869.031 (rec:3869.031, round:0.000)	b=0.00	count=3500
12/02/2025 14:56:56 - INFO - qdiff.block_recon -   Total loss:	3655.050 (rec:3655.050, round:0.000)	b=0.00	count=4000
12/02/2025 14:57:00 - INFO - qdiff.block_recon -   Total loss:	3820.452 (rec:3820.452, round:0.000)	b=0.00	count=4500
12/02/2025 14:57:04 - INFO - qdiff.block_recon -   Total loss:	3799.834 (rec:3799.834, round:0.000)	b=0.00	count=5000
12/02/2025 14:57:04 - INFO - __main__ -   1 True
12/02/2025 14:57:04 - INFO - __main__ -   Reconstruction for block 1
12/02/2025 14:57:24 - INFO - qdiff.timestep_aware_utils -   in 1 shape: torch.Size([5120, 512, 4, 4]), in 2 shape: torch.Size([5120, 512])
12/02/2025 14:57:24 - INFO - qdiff.timestep_aware_utils -   out shape: torch.Size([5120, 256, 4, 4])
12/02/2025 14:57:28 - INFO - qdiff.block_recon -   Total loss:	3057.779 (rec:3057.779, round:0.000)	b=0.00	count=500
12/02/2025 14:57:32 - INFO - qdiff.block_recon -   Total loss:	3134.818 (rec:3134.818, round:0.000)	b=0.00	count=1000
12/02/2025 14:57:36 - INFO - qdiff.block_recon -   Total loss:	2730.187 (rec:2730.187, round:0.000)	b=0.00	count=1500
12/02/2025 14:57:40 - INFO - qdiff.block_recon -   Total loss:	3105.920 (rec:3105.920, round:0.000)	b=0.00	count=2000
12/02/2025 14:57:44 - INFO - qdiff.block_recon -   Total loss:	3186.384 (rec:3186.384, round:0.000)	b=0.00	count=2500
12/02/2025 14:57:48 - INFO - qdiff.block_recon -   Total loss:	2876.708 (rec:2876.708, round:0.000)	b=0.00	count=3000
12/02/2025 14:57:52 - INFO - qdiff.block_recon -   Total loss:	2960.152 (rec:2960.152, round:0.000)	b=0.00	count=3500
12/02/2025 14:57:56 - INFO - qdiff.block_recon -   Total loss:	2916.048 (rec:2916.048, round:0.000)	b=0.00	count=4000
12/02/2025 14:58:00 - INFO - qdiff.block_recon -   Total loss:	2939.358 (rec:2939.358, round:0.000)	b=0.00	count=4500
12/02/2025 14:58:04 - INFO - qdiff.block_recon -   Total loss:	2884.466 (rec:2884.466, round:0.000)	b=0.00	count=5000
12/02/2025 14:58:04 - INFO - __main__ -   2 True
12/02/2025 14:58:04 - INFO - __main__ -   Reconstruction for block 2
12/02/2025 14:58:25 - INFO - qdiff.timestep_aware_utils -   in 1 shape: torch.Size([5120, 512, 4, 4]), in 2 shape: torch.Size([5120, 512])
12/02/2025 14:58:25 - INFO - qdiff.timestep_aware_utils -   out shape: torch.Size([5120, 256, 4, 4])
12/02/2025 14:58:29 - INFO - qdiff.block_recon -   Total loss:	797.633 (rec:797.633, round:0.000)	b=0.00	count=500
12/02/2025 14:58:33 - INFO - qdiff.block_recon -   Total loss:	852.935 (rec:852.935, round:0.000)	b=0.00	count=1000
12/02/2025 14:58:37 - INFO - qdiff.block_recon -   Total loss:	871.997 (rec:871.997, round:0.000)	b=0.00	count=1500
12/02/2025 14:58:41 - INFO - qdiff.block_recon -   Total loss:	906.588 (rec:906.588, round:0.000)	b=0.00	count=2000
12/02/2025 14:58:45 - INFO - qdiff.block_recon -   Total loss:	782.824 (rec:782.824, round:0.000)	b=0.00	count=2500
12/02/2025 14:58:49 - INFO - qdiff.block_recon -   Total loss:	869.224 (rec:869.224, round:0.000)	b=0.00	count=3000
12/02/2025 14:58:53 - INFO - qdiff.block_recon -   Total loss:	695.348 (rec:695.348, round:0.000)	b=0.00	count=3500
12/02/2025 14:58:57 - INFO - qdiff.block_recon -   Total loss:	761.866 (rec:761.866, round:0.000)	b=0.00	count=4000
12/02/2025 14:59:00 - INFO - qdiff.block_recon -   Total loss:	826.042 (rec:826.042, round:0.000)	b=0.00	count=4500
12/02/2025 14:59:04 - INFO - qdiff.block_recon -   Total loss:	738.969 (rec:738.969, round:0.000)	b=0.00	count=5000
12/02/2025 14:59:04 - INFO - __main__ -   attn False
12/02/2025 14:59:04 - INFO - __main__ -   upsample False
12/02/2025 14:59:04 - INFO - __main__ -   conv False
12/02/2025 14:59:04 - INFO - __main__ -   Reconstruction for layer conv
12/02/2025 14:59:26 - INFO - qdiff.timestep_aware_utils -   in shape: torch.Size([5120, 256, 8, 8])
12/02/2025 14:59:26 - INFO - qdiff.timestep_aware_utils -   out shape: torch.Size([5120, 256, 8, 8])
12/02/2025 14:59:28 - INFO - qdiff.layer_recon -   Total loss:	1999.786 (rec:1999.786, round:0.000)	b=0.00	count=500
12/02/2025 14:59:30 - INFO - qdiff.layer_recon -   Total loss:	2014.600 (rec:2014.600, round:0.000)	b=0.00	count=1000
12/02/2025 14:59:32 - INFO - qdiff.layer_recon -   Total loss:	2196.020 (rec:2196.020, round:0.000)	b=0.00	count=1500
12/02/2025 14:59:34 - INFO - qdiff.layer_recon -   Total loss:	2077.969 (rec:2077.969, round:0.000)	b=0.00	count=2000
12/02/2025 14:59:35 - INFO - qdiff.layer_recon -   Total loss:	2167.545 (rec:2167.545, round:0.000)	b=0.00	count=2500
12/02/2025 14:59:37 - INFO - qdiff.layer_recon -   Total loss:	2183.203 (rec:2183.203, round:0.000)	b=0.00	count=3000
12/02/2025 14:59:39 - INFO - qdiff.layer_recon -   Total loss:	2129.419 (rec:2129.419, round:0.000)	b=0.00	count=3500
12/02/2025 14:59:41 - INFO - qdiff.layer_recon -   Total loss:	2066.655 (rec:2066.655, round:0.000)	b=0.00	count=4000
12/02/2025 14:59:43 - INFO - qdiff.layer_recon -   Total loss:	2177.996 (rec:2177.996, round:0.000)	b=0.00	count=4500
12/02/2025 14:59:45 - INFO - qdiff.layer_recon -   Total loss:	2126.942 (rec:2126.942, round:0.000)	b=0.00	count=5000
12/02/2025 14:59:45 - INFO - __main__ -   norm_out False
12/02/2025 14:59:45 - INFO - __main__ -   conv_out False
12/02/2025 14:59:45 - INFO - __main__ -   Reconstruction for layer conv_out
12/02/2025 15:00:16 - INFO - qdiff.timestep_aware_utils -   in shape: torch.Size([5120, 128, 32, 32])
12/02/2025 15:00:16 - INFO - qdiff.timestep_aware_utils -   out shape: torch.Size([5120, 3, 32, 32])
12/02/2025 15:00:20 - INFO - qdiff.layer_recon -   Total loss:	0.001 (rec:0.001, round:0.000)	b=0.00	count=500
12/02/2025 15:00:23 - INFO - qdiff.layer_recon -   Total loss:	0.001 (rec:0.001, round:0.000)	b=0.00	count=1000
12/02/2025 15:00:27 - INFO - qdiff.layer_recon -   Total loss:	0.000 (rec:0.000, round:0.000)	b=0.00	count=1500
12/02/2025 15:00:30 - INFO - qdiff.layer_recon -   Total loss:	0.001 (rec:0.001, round:0.000)	b=0.00	count=2000
12/02/2025 15:00:34 - INFO - qdiff.layer_recon -   Total loss:	0.001 (rec:0.001, round:0.000)	b=0.00	count=2500
12/02/2025 15:00:38 - INFO - qdiff.layer_recon -   Total loss:	0.001 (rec:0.001, round:0.000)	b=0.00	count=3000
12/02/2025 15:00:41 - INFO - qdiff.layer_recon -   Total loss:	0.000 (rec:0.000, round:0.000)	b=0.00	count=3500
12/02/2025 15:00:45 - INFO - qdiff.layer_recon -   Total loss:	0.001 (rec:0.001, round:0.000)	b=0.00	count=4000
12/02/2025 15:00:49 - INFO - qdiff.layer_recon -   Total loss:	0.001 (rec:0.001, round:0.000)	b=0.00	count=4500
12/02/2025 15:00:52 - INFO - qdiff.layer_recon -   Total loss:	0.000 (rec:0.000, round:0.000)	b=0.00	count=5000
12/02/2025 15:00:53 - INFO - __main__ -   Saving calibrated quantized UNet model
12/02/2025 15:00:53 - INFO - __main__ -   starting from image 0
07/08/2026 20:12:10 - INFO - __main__ -   ===========================================================================
07/08/2026 20:12:10 - INFO - __main__ -   logging to:
07/08/2026 20:12:10 - INFO - __main__ -   C:\Users\wsh\Desktop\q-diffusion-master\two_quant_output_w4a8\samples\2025-12-02-11-26-18
07/08/2026 20:12:10 - INFO - __main__ -   image folder: C:\Users\wsh\Desktop\q-diffusion-master\two_quant_output_w4a8\samples\2025-12-02-11-26-18\images
07/08/2026 20:12:10 - INFO - __main__ -   ===========================================================================
07/08/2026 20:12:11 - INFO - __main__ -   Loading checkpoint C:\Users\wsh/.cache\diffusion_models_converted\ema_diffusion_cifar10_model/model-790000.ckpt
07/08/2026 20:12:11 - WARNING - __main__ -   Delta weights file  not found. Skipping delta compensation.
07/08/2026 20:12:11 - INFO - __main__ -   Load with min-max quick initialization
07/08/2026 20:12:24 - INFO - qdiff.quant_layer -   split at 256!
07/08/2026 20:12:25 - INFO - qdiff.quant_layer -   split at 256!
07/08/2026 20:12:26 - INFO - qdiff.quant_layer -   split at 256!
07/08/2026 20:12:28 - INFO - qdiff.quant_layer -   split at 256!
07/08/2026 20:12:29 - INFO - qdiff.quant_layer -   split at 256!
07/08/2026 20:12:30 - INFO - qdiff.quant_layer -   split at 256!
07/08/2026 20:12:31 - INFO - qdiff.quant_layer -   split at 256!
07/08/2026 20:12:33 - INFO - qdiff.quant_layer -   split at 256!
07/08/2026 20:12:35 - INFO - qdiff.quant_layer -   split at 256!
07/08/2026 20:12:37 - INFO - qdiff.quant_layer -   split at 256!
07/08/2026 20:12:38 - INFO - qdiff.quant_layer -   split at 128!
07/08/2026 20:12:39 - INFO - qdiff.quant_layer -   split at 128!
07/08/2026 20:12:40 - INFO - __main__ -   starting from image 0
07/09/2026 09:34:09 - INFO - __main__ -   ===========================================================================
07/09/2026 09:34:09 - INFO - __main__ -   logging to:
07/09/2026 09:34:09 - INFO - __main__ -   C:\Users\wsh\Desktop\q-diffusion-master\two_quant_output_w4a8\samples\2025-12-02-11-26-18
07/09/2026 09:34:09 - INFO - __main__ -   image folder: C:\Users\wsh\Desktop\q-diffusion-master\two_quant_output_w4a8\samples\2025-12-02-11-26-18\images
07/09/2026 09:34:09 - INFO - __main__ -   ===========================================================================
07/09/2026 09:34:10 - INFO - __main__ -   Loading checkpoint C:\Users\wsh/.cache\diffusion_models_converted\ema_diffusion_cifar10_model/model-790000.ckpt
07/09/2026 09:34:11 - WARNING - __main__ -   Delta weights file  not found. Skipping delta compensation.
07/09/2026 09:34:11 - INFO - __main__ -   Load with min-max quick initialization
07/09/2026 09:34:23 - INFO - qdiff.quant_layer -   split at 256!
07/09/2026 09:34:24 - INFO - qdiff.quant_layer -   split at 256!
07/09/2026 09:34:25 - INFO - qdiff.quant_layer -   split at 256!
07/09/2026 09:34:26 - INFO - qdiff.quant_layer -   split at 256!
07/09/2026 09:34:28 - INFO - qdiff.quant_layer -   split at 256!
07/09/2026 09:34:29 - INFO - qdiff.quant_layer -   split at 256!
07/09/2026 09:34:30 - INFO - qdiff.quant_layer -   split at 256!
07/09/2026 09:34:32 - INFO - qdiff.quant_layer -   split at 256!
07/09/2026 09:34:34 - INFO - qdiff.quant_layer -   split at 256!
07/09/2026 09:34:36 - INFO - qdiff.quant_layer -   split at 256!
07/09/2026 09:34:36 - INFO - qdiff.quant_layer -   split at 128!
07/09/2026 09:34:37 - INFO - qdiff.quant_layer -   split at 128!
07/09/2026 09:34:38 - INFO - __main__ -   starting from image 0
