01/19/2026 10:36:38 - INFO - __main__ -   ===========================================================================
01/19/2026 10:36:38 - INFO - __main__ -   logging to:
01/19/2026 10:36:38 - INFO - __main__ -   qdiffusion_w8a8_50000\samples\2026-01-19-10-36-38
01/19/2026 10:36:38 - INFO - __main__ -   ===========================================================================
01/19/2026 10:36:40 - INFO - __main__ -   Loading checkpoint C:\Users\wsh/.cache\diffusion_models_converted\ema_diffusion_cifar10_model/model-790000.ckpt
01/19/2026 10:36:41 - INFO - __main__ -   Sampling data from 20 timesteps for calibration
01/19/2026 10:37:04 - INFO - qdiff.utils -   Selected 20 steps from 100 sampling steps
01/19/2026 10:37:05 - INFO - __main__ -   Calibration data shape: torch.Size([5120, 3, 32, 32]) torch.Size([5120])
01/19/2026 10:37:05 - INFO - __main__ -   Initializing weight quantization parameters
01/19/2026 10:37:17 - INFO - qdiff.quant_layer -   split at 256!
01/19/2026 10:37:18 - INFO - qdiff.quant_layer -   split at 256!
01/19/2026 10:37:19 - INFO - qdiff.quant_layer -   split at 256!
01/19/2026 10:37:20 - INFO - qdiff.quant_layer -   split at 256!
01/19/2026 10:37:21 - INFO - qdiff.quant_layer -   split at 256!
01/19/2026 10:37:22 - INFO - qdiff.quant_layer -   split at 256!
01/19/2026 10:37:23 - INFO - qdiff.quant_layer -   split at 256!
01/19/2026 10:37:25 - INFO - qdiff.quant_layer -   split at 256!
01/19/2026 10:37:27 - INFO - qdiff.quant_layer -   split at 256!
01/19/2026 10:37:29 - INFO - qdiff.quant_layer -   split at 256!
01/19/2026 10:37:29 - INFO - qdiff.quant_layer -   split at 128!
01/19/2026 10:37:30 - INFO - qdiff.quant_layer -   split at 128!
01/19/2026 10:37:30 - INFO - __main__ -   Initializing has done!
01/19/2026 10:37:30 - INFO - __main__ -   Doing weight calibration
01/19/2026 10:37:30 - INFO - __main__ -   model False
01/19/2026 10:37:30 - INFO - __main__ -   temb False
01/19/2026 10:37:30 - INFO - __main__ -   dense False
01/19/2026 10:37:30 - INFO - __main__ -   0 False
01/19/2026 10:37:30 - INFO - __main__ -   Reconstruction for layer 0
01/19/2026 10:37:46 - INFO - qdiff.timestep_aware_utils -   in shape: torch.Size([5120, 128])
01/19/2026 10:37:46 - INFO - qdiff.timestep_aware_utils -   out shape: torch.Size([5120, 512])
01/19/2026 10:37:47 - INFO - qdiff.layer_recon -   Total loss:	0.000 (rec:0.000, round:0.000)	b=0.00	count=500
01/19/2026 10:37:48 - INFO - qdiff.layer_recon -   Total loss:	0.000 (rec:0.000, round:0.000)	b=0.00	count=1000
01/19/2026 10:37:49 - INFO - qdiff.layer_recon -   Total loss:	0.000 (rec:0.000, round:0.000)	b=0.00	count=1500
01/19/2026 10:37:50 - INFO - qdiff.layer_recon -   Total loss:	0.000 (rec:0.000, round:0.000)	b=0.00	count=2000
01/19/2026 10:37:51 - INFO - qdiff.layer_recon -   Total loss:	0.000 (rec:0.000, round:0.000)	b=0.00	count=2500
01/19/2026 10:37:52 - INFO - qdiff.layer_recon -   Total loss:	0.000 (rec:0.000, round:0.000)	b=0.00	count=3000
01/19/2026 10:37:53 - INFO - qdiff.layer_recon -   Total loss:	0.000 (rec:0.000, round:0.000)	b=0.00	count=3500
01/19/2026 10:37:54 - INFO - qdiff.layer_recon -   Total loss:	623.681 (rec:0.000, round:623.681)	b=20.00	count=4000
01/19/2026 10:37:55 - INFO - qdiff.layer_recon -   Total loss:	245.721 (rec:0.000, round:245.721)	b=19.44	count=4500
01/19/2026 10:37:57 - INFO - qdiff.layer_recon -   Total loss:	214.514 (rec:0.000, round:214.514)	b=18.88	count=5000
01/19/2026 10:37:58 - INFO - qdiff.layer_recon -   Total loss:	194.792 (rec:0.000, round:194.792)	b=18.31	count=5500
01/19/2026 10:37:59 - INFO - qdiff.layer_recon -   Total loss:	179.532 (rec:0.000, round:179.532)	b=17.75	count=6000
01/19/2026 10:38:00 - INFO - qdiff.layer_recon -   Total loss:	165.275 (rec:0.000, round:165.275)	b=17.19	count=6500
01/19/2026 10:38:02 - INFO - qdiff.layer_recon -   Total loss:	151.945 (rec:0.000, round:151.945)	b=16.62	count=7000
01/19/2026 10:38:03 - INFO - qdiff.layer_recon -   Total loss:	139.233 (rec:0.000, round:139.233)	b=16.06	count=7500
01/19/2026 10:38:04 - INFO - qdiff.layer_recon -   Total loss:	127.055 (rec:0.000, round:127.055)	b=15.50	count=8000
01/19/2026 10:38:05 - INFO - qdiff.layer_recon -   Total loss:	115.513 (rec:0.000, round:115.513)	b=14.94	count=8500
01/19/2026 10:38:07 - INFO - qdiff.layer_recon -   Total loss:	104.389 (rec:0.000, round:104.389)	b=14.38	count=9000
01/19/2026 10:38:08 - INFO - qdiff.layer_recon -   Total loss:	94.351 (rec:0.000, round:94.351)	b=13.81	count=9500
01/19/2026 10:38:09 - INFO - qdiff.layer_recon -   Total loss:	84.419 (rec:0.000, round:84.419)	b=13.25	count=10000
01/19/2026 10:38:10 - INFO - qdiff.layer_recon -   Total loss:	74.131 (rec:0.000, round:74.131)	b=12.69	count=10500
01/19/2026 10:38:12 - INFO - qdiff.layer_recon -   Total loss:	65.116 (rec:0.000, round:65.116)	b=12.12	count=11000
01/19/2026 10:38:13 - INFO - qdiff.layer_recon -   Total loss:	56.836 (rec:0.000, round:56.836)	b=11.56	count=11500
01/19/2026 10:38:14 - INFO - qdiff.layer_recon -   Total loss:	48.759 (rec:0.000, round:48.759)	b=11.00	count=12000
01/19/2026 10:38:15 - INFO - qdiff.layer_recon -   Total loss:	40.496 (rec:0.000, round:40.496)	b=10.44	count=12500
01/19/2026 10:38:17 - INFO - qdiff.layer_recon -   Total loss:	32.960 (rec:0.000, round:32.960)	b=9.88	count=13000
01/19/2026 10:38:18 - INFO - qdiff.layer_recon -   Total loss:	25.650 (rec:0.000, round:25.650)	b=9.31	count=13500
01/19/2026 10:38:19 - INFO - qdiff.layer_recon -   Total loss:	18.327 (rec:0.000, round:18.327)	b=8.75	count=14000
01/19/2026 10:38:20 - INFO - qdiff.layer_recon -   Total loss:	11.965 (rec:0.000, round:11.965)	b=8.19	count=14500
01/19/2026 10:38:22 - INFO - qdiff.layer_recon -   Total loss:	7.291 (rec:0.000, round:7.290)	b=7.62	count=15000
01/19/2026 10:38:23 - INFO - qdiff.layer_recon -   Total loss:	4.205 (rec:0.000, round:4.205)	b=7.06	count=15500
01/19/2026 10:38:24 - INFO - qdiff.layer_recon -   Total loss:	2.172 (rec:0.000, round:2.172)	b=6.50	count=16000
01/19/2026 10:38:25 - INFO - qdiff.layer_recon -   Total loss:	1.078 (rec:0.000, round:1.078)	b=5.94	count=16500
01/19/2026 10:38:27 - INFO - qdiff.layer_recon -   Total loss:	0.476 (rec:0.000, round:0.475)	b=5.38	count=17000
01/19/2026 10:38:28 - INFO - qdiff.layer_recon -   Total loss:	0.259 (rec:0.000, round:0.259)	b=4.81	count=17500
01/19/2026 10:38:29 - INFO - qdiff.layer_recon -   Total loss:	0.124 (rec:0.000, round:0.123)	b=4.25	count=18000
01/19/2026 10:38:30 - INFO - qdiff.layer_recon -   Total loss:	0.024 (rec:0.000, round:0.024)	b=3.69	count=18500
01/19/2026 10:38:31 - INFO - qdiff.layer_recon -   Total loss:	0.002 (rec:0.000, round:0.001)	b=3.12	count=19000
01/19/2026 10:38:32 - INFO - qdiff.layer_recon -   Total loss:	0.000 (rec:0.000, round:0.000)	b=2.56	count=19500
01/19/2026 10:38:33 - INFO - qdiff.layer_recon -   Total loss:	0.000 (rec:0.000, round:0.000)	b=2.00	count=20000
01/19/2026 10:38:33 - INFO - __main__ -   1 False
01/19/2026 10:38:33 - INFO - __main__ -   Reconstruction for layer 1
01/19/2026 10:38:50 - INFO - qdiff.timestep_aware_utils -   in shape: torch.Size([5120, 512])
01/19/2026 10:38:50 - INFO - qdiff.timestep_aware_utils -   out shape: torch.Size([5120, 512])
01/19/2026 10:38:51 - INFO - qdiff.layer_recon -   Total loss:	0.000 (rec:0.000, round:0.000)	b=0.00	count=500
01/19/2026 10:38:51 - INFO - qdiff.layer_recon -   Total loss:	0.000 (rec:0.000, round:0.000)	b=0.00	count=1000
01/19/2026 10:38:52 - INFO - qdiff.layer_recon -   Total loss:	0.000 (rec:0.000, round:0.000)	b=0.00	count=1500
01/19/2026 10:38:53 - INFO - qdiff.layer_recon -   Total loss:	0.000 (rec:0.000, round:0.000)	b=0.00	count=2000
01/19/2026 10:38:54 - INFO - qdiff.layer_recon -   Total loss:	0.000 (rec:0.000, round:0.000)	b=0.00	count=2500
01/19/2026 10:38:55 - INFO - qdiff.layer_recon -   Total loss:	0.000 (rec:0.000, round:0.000)	b=0.00	count=3000
01/19/2026 10:38:56 - INFO - qdiff.layer_recon -   Total loss:	0.000 (rec:0.000, round:0.000)	b=0.00	count=3500
01/19/2026 10:38:57 - INFO - qdiff.layer_recon -   Total loss:	2492.669 (rec:0.000, round:2492.669)	b=20.00	count=4000
01/19/2026 10:38:58 - INFO - qdiff.layer_recon -   Total loss:	1004.214 (rec:0.000, round:1004.214)	b=19.44	count=4500
01/19/2026 10:38:59 - INFO - qdiff.layer_recon -   Total loss:	915.835 (rec:0.000, round:915.835)	b=18.88	count=5000
01/19/2026 10:39:00 - INFO - qdiff.layer_recon -   Total loss:	862.316 (rec:0.000, round:862.316)	b=18.31	count=5500
01/19/2026 10:39:01 - INFO - qdiff.layer_recon -   Total loss:	817.773 (rec:0.000, round:817.773)	b=17.75	count=6000
01/19/2026 10:39:02 - INFO - qdiff.layer_recon -   Total loss:	776.620 (rec:0.000, round:776.619)	b=17.19	count=6500
01/19/2026 10:39:04 - INFO - qdiff.layer_recon -   Total loss:	737.560 (rec:0.000, round:737.560)	b=16.62	count=7000
01/19/2026 10:39:05 - INFO - qdiff.layer_recon -   Total loss:	698.741 (rec:0.000, round:698.741)	b=16.06	count=7500
01/19/2026 10:39:06 - INFO - qdiff.layer_recon -   Total loss:	659.467 (rec:0.000, round:659.466)	b=15.50	count=8000
01/19/2026 10:39:07 - INFO - qdiff.layer_recon -   Total loss:	620.535 (rec:0.000, round:620.535)	b=14.94	count=8500
01/19/2026 10:39:08 - INFO - qdiff.layer_recon -   Total loss:	580.759 (rec:0.000, round:580.759)	b=14.38	count=9000
01/19/2026 10:39:10 - INFO - qdiff.layer_recon -   Total loss:	540.512 (rec:0.000, round:540.512)	b=13.81	count=9500
01/19/2026 10:39:11 - INFO - qdiff.layer_recon -   Total loss:	499.173 (rec:0.000, round:499.173)	b=13.25	count=10000
01/19/2026 10:39:12 - INFO - qdiff.layer_recon -   Total loss:	457.080 (rec:0.000, round:457.080)	b=12.69	count=10500
01/19/2026 10:39:13 - INFO - qdiff.layer_recon -   Total loss:	414.050 (rec:0.000, round:414.050)	b=12.12	count=11000
01/19/2026 10:39:14 - INFO - qdiff.layer_recon -   Total loss:	371.390 (rec:0.000, round:371.390)	b=11.56	count=11500
01/19/2026 10:39:15 - INFO - qdiff.layer_recon -   Total loss:	328.421 (rec:0.000, round:328.421)	b=11.00	count=12000
01/19/2026 10:39:17 - INFO - qdiff.layer_recon -   Total loss:	288.049 (rec:0.000, round:288.048)	b=10.44	count=12500
01/19/2026 10:39:18 - INFO - qdiff.layer_recon -   Total loss:	247.999 (rec:0.000, round:247.998)	b=9.88	count=13000
01/19/2026 10:39:19 - INFO - qdiff.layer_recon -   Total loss:	209.749 (rec:0.000, round:209.749)	b=9.31	count=13500
01/19/2026 10:39:20 - INFO - qdiff.layer_recon -   Total loss:	172.990 (rec:0.000, round:172.990)	b=8.75	count=14000
01/19/2026 10:39:21 - INFO - qdiff.layer_recon -   Total loss:	137.920 (rec:0.000, round:137.920)	b=8.19	count=14500
01/19/2026 10:39:23 - INFO - qdiff.layer_recon -   Total loss:	106.547 (rec:0.000, round:106.547)	b=7.62	count=15000
01/19/2026 10:39:24 - INFO - qdiff.layer_recon -   Total loss:	79.104 (rec:0.000, round:79.103)	b=7.06	count=15500
01/19/2026 10:39:25 - INFO - qdiff.layer_recon -   Total loss:	54.987 (rec:0.000, round:54.987)	b=6.50	count=16000
01/19/2026 10:39:26 - INFO - qdiff.layer_recon -   Total loss:	35.203 (rec:0.000, round:35.203)	b=5.94	count=16500
01/19/2026 10:39:27 - INFO - qdiff.layer_recon -   Total loss:	20.298 (rec:0.000, round:20.297)	b=5.38	count=17000
01/19/2026 10:39:28 - INFO - qdiff.layer_recon -   Total loss:	9.760 (rec:0.001, round:9.760)	b=4.81	count=17500
01/19/2026 10:39:30 - INFO - qdiff.layer_recon -   Total loss:	3.368 (rec:0.001, round:3.367)	b=4.25	count=18000
01/19/2026 10:39:31 - INFO - qdiff.layer_recon -   Total loss:	0.768 (rec:0.001, round:0.768)	b=3.69	count=18500
01/19/2026 10:39:32 - INFO - qdiff.layer_recon -   Total loss:	0.102 (rec:0.001, round:0.101)	b=3.12	count=19000
01/19/2026 10:39:33 - INFO - qdiff.layer_recon -   Total loss:	0.003 (rec:0.001, round:0.003)	b=2.56	count=19500
01/19/2026 10:39:34 - INFO - qdiff.layer_recon -   Total loss:	0.001 (rec:0.001, round:0.000)	b=2.00	count=20000
01/19/2026 10:39:34 - INFO - __main__ -   conv_in False
01/19/2026 10:39:34 - INFO - __main__ -   Reconstruction for layer conv_in
01/19/2026 10:39:52 - INFO - qdiff.timestep_aware_utils -   in shape: torch.Size([5120, 3, 32, 32])
01/19/2026 10:39:52 - INFO - qdiff.timestep_aware_utils -   out shape: torch.Size([5120, 128, 32, 32])
01/19/2026 10:39:57 - INFO - qdiff.layer_recon -   Total loss:	0.000 (rec:0.000, round:0.000)	b=0.00	count=500
01/19/2026 10:40:02 - INFO - qdiff.layer_recon -   Total loss:	0.000 (rec:0.000, round:0.000)	b=0.00	count=1000
01/19/2026 10:40:07 - INFO - qdiff.layer_recon -   Total loss:	0.000 (rec:0.000, round:0.000)	b=0.00	count=1500
01/19/2026 10:40:11 - INFO - qdiff.layer_recon -   Total loss:	0.000 (rec:0.000, round:0.000)	b=0.00	count=2000
01/19/2026 10:40:16 - INFO - qdiff.layer_recon -   Total loss:	0.000 (rec:0.000, round:0.000)	b=0.00	count=2500
01/19/2026 10:40:20 - INFO - qdiff.layer_recon -   Total loss:	0.000 (rec:0.000, round:0.000)	b=0.00	count=3000
01/19/2026 10:40:25 - INFO - qdiff.layer_recon -   Total loss:	0.000 (rec:0.000, round:0.000)	b=0.00	count=3500
01/19/2026 10:40:30 - INFO - qdiff.layer_recon -   Total loss:	32.830 (rec:0.000, round:32.830)	b=20.00	count=4000
01/19/2026 10:40:35 - INFO - qdiff.layer_recon -   Total loss:	15.355 (rec:0.001, round:15.354)	b=19.44	count=4500
01/19/2026 10:40:39 - INFO - qdiff.layer_recon -   Total loss:	14.980 (rec:0.001, round:14.979)	b=18.88	count=5000
01/19/2026 10:40:44 - INFO - qdiff.layer_recon -   Total loss:	14.648 (rec:0.001, round:14.647)	b=18.31	count=5500
01/19/2026 10:40:49 - INFO - qdiff.layer_recon -   Total loss:	14.283 (rec:0.001, round:14.282)	b=17.75	count=6000
01/19/2026 10:40:54 - INFO - qdiff.layer_recon -   Total loss:	14.038 (rec:0.001, round:14.037)	b=17.19	count=6500
01/19/2026 10:40:59 - INFO - qdiff.layer_recon -   Total loss:	13.699 (rec:0.001, round:13.698)	b=16.62	count=7000
01/19/2026 10:41:04 - INFO - qdiff.layer_recon -   Total loss:	13.157 (rec:0.001, round:13.156)	b=16.06	count=7500
01/19/2026 10:41:09 - INFO - qdiff.layer_recon -   Total loss:	12.666 (rec:0.001, round:12.665)	b=15.50	count=8000
01/19/2026 10:41:13 - INFO - qdiff.layer_recon -   Total loss:	12.210 (rec:0.001, round:12.209)	b=14.94	count=8500
01/19/2026 10:41:18 - INFO - qdiff.layer_recon -   Total loss:	11.779 (rec:0.001, round:11.778)	b=14.38	count=9000
01/19/2026 10:41:23 - INFO - qdiff.layer_recon -   Total loss:	11.182 (rec:0.001, round:11.181)	b=13.81	count=9500
01/19/2026 10:41:28 - INFO - qdiff.layer_recon -   Total loss:	10.613 (rec:0.001, round:10.612)	b=13.25	count=10000
01/19/2026 10:41:33 - INFO - qdiff.layer_recon -   Total loss:	10.090 (rec:0.001, round:10.089)	b=12.69	count=10500
01/19/2026 10:41:38 - INFO - qdiff.layer_recon -   Total loss:	9.628 (rec:0.001, round:9.627)	b=12.12	count=11000
01/19/2026 10:41:43 - INFO - qdiff.layer_recon -   Total loss:	9.094 (rec:0.001, round:9.093)	b=11.56	count=11500
01/19/2026 10:41:48 - INFO - qdiff.layer_recon -   Total loss:	8.376 (rec:0.002, round:8.374)	b=11.00	count=12000
01/19/2026 10:41:52 - INFO - qdiff.layer_recon -   Total loss:	7.778 (rec:0.002, round:7.776)	b=10.44	count=12500
01/19/2026 10:41:57 - INFO - qdiff.layer_recon -   Total loss:	7.054 (rec:0.002, round:7.052)	b=9.88	count=13000
01/19/2026 10:42:02 - INFO - qdiff.layer_recon -   Total loss:	6.298 (rec:0.002, round:6.296)	b=9.31	count=13500
01/19/2026 10:42:07 - INFO - qdiff.layer_recon -   Total loss:	5.703 (rec:0.002, round:5.700)	b=8.75	count=14000
01/19/2026 10:42:12 - INFO - qdiff.layer_recon -   Total loss:	4.966 (rec:0.002, round:4.963)	b=8.19	count=14500
01/19/2026 10:42:17 - INFO - qdiff.layer_recon -   Total loss:	4.294 (rec:0.002, round:4.291)	b=7.62	count=15000
01/19/2026 10:42:21 - INFO - qdiff.layer_recon -   Total loss:	3.499 (rec:0.003, round:3.497)	b=7.06	count=15500
01/19/2026 10:42:26 - INFO - qdiff.layer_recon -   Total loss:	2.605 (rec:0.003, round:2.602)	b=6.50	count=16000
01/19/2026 10:42:31 - INFO - qdiff.layer_recon -   Total loss:	1.737 (rec:0.003, round:1.734)	b=5.94	count=16500
01/19/2026 10:42:36 - INFO - qdiff.layer_recon -   Total loss:	1.056 (rec:0.003, round:1.054)	b=5.38	count=17000
01/19/2026 10:42:41 - INFO - qdiff.layer_recon -   Total loss:	0.575 (rec:0.004, round:0.571)	b=4.81	count=17500
01/19/2026 10:42:46 - INFO - qdiff.layer_recon -   Total loss:	0.202 (rec:0.003, round:0.199)	b=4.25	count=18000
01/19/2026 10:42:51 - INFO - qdiff.layer_recon -   Total loss:	0.071 (rec:0.003, round:0.068)	b=3.69	count=18500
01/19/2026 10:42:56 - INFO - qdiff.layer_recon -   Total loss:	0.012 (rec:0.003, round:0.009)	b=3.12	count=19000
01/19/2026 10:43:01 - INFO - qdiff.layer_recon -   Total loss:	0.004 (rec:0.004, round:0.000)	b=2.56	count=19500
01/19/2026 10:43:06 - INFO - qdiff.layer_recon -   Total loss:	0.005 (rec:0.005, round:0.000)	b=2.00	count=20000
01/19/2026 10:43:06 - INFO - __main__ -   down False
01/19/2026 10:43:06 - INFO - __main__ -   0 False
01/19/2026 10:43:06 - INFO - __main__ -   block False
01/19/2026 10:43:06 - INFO - __main__ -   0 True
01/19/2026 10:43:06 - INFO - __main__ -   Reconstruction for block 0
01/19/2026 10:43:30 - INFO - qdiff.timestep_aware_utils -   in 1 shape: torch.Size([5120, 128, 32, 32]), in 2 shape: torch.Size([5120, 512])
01/19/2026 10:43:30 - INFO - qdiff.timestep_aware_utils -   out shape: torch.Size([5120, 128, 32, 32])
01/19/2026 10:43:41 - INFO - qdiff.block_recon -   Total loss:	1.595 (rec:1.595, round:0.000)	b=0.00	count=500
01/19/2026 10:43:50 - INFO - qdiff.block_recon -   Total loss:	1.264 (rec:1.264, round:0.000)	b=0.00	count=1000
01/19/2026 10:44:00 - INFO - qdiff.block_recon -   Total loss:	1.557 (rec:1.557, round:0.000)	b=0.00	count=1500
01/19/2026 10:44:09 - INFO - qdiff.block_recon -   Total loss:	1.520 (rec:1.520, round:0.000)	b=0.00	count=2000
01/19/2026 10:44:19 - INFO - qdiff.block_recon -   Total loss:	1.386 (rec:1.386, round:0.000)	b=0.00	count=2500
01/19/2026 10:44:28 - INFO - qdiff.block_recon -   Total loss:	1.558 (rec:1.558, round:0.000)	b=0.00	count=3000
01/19/2026 10:44:38 - INFO - qdiff.block_recon -   Total loss:	1.394 (rec:1.394, round:0.000)	b=0.00	count=3500
01/19/2026 10:44:47 - INFO - qdiff.block_recon -   Total loss:	2831.482 (rec:1.387, round:2830.095)	b=20.00	count=4000
01/19/2026 10:44:57 - INFO - qdiff.block_recon -   Total loss:	1102.707 (rec:1.484, round:1101.223)	b=19.44	count=4500
01/19/2026 10:45:07 - INFO - qdiff.block_recon -   Total loss:	975.870 (rec:1.577, round:974.293)	b=18.88	count=5000
01/19/2026 10:45:17 - INFO - qdiff.block_recon -   Total loss:	883.734 (rec:1.359, round:882.375)	b=18.31	count=5500
01/19/2026 10:45:28 - INFO - qdiff.block_recon -   Total loss:	804.635 (rec:1.403, round:803.232)	b=17.75	count=6000
01/19/2026 10:45:38 - INFO - qdiff.block_recon -   Total loss:	733.800 (rec:1.412, round:732.388)	b=17.19	count=6500
01/19/2026 10:45:48 - INFO - qdiff.block_recon -   Total loss:	671.362 (rec:1.493, round:669.868)	b=16.62	count=7000
01/19/2026 10:45:58 - INFO - qdiff.block_recon -   Total loss:	612.747 (rec:1.467, round:611.280)	b=16.06	count=7500
01/19/2026 10:46:08 - INFO - qdiff.block_recon -   Total loss:	561.700 (rec:1.298, round:560.402)	b=15.50	count=8000
01/19/2026 10:46:18 - INFO - qdiff.block_recon -   Total loss:	512.957 (rec:1.386, round:511.571)	b=14.94	count=8500
01/19/2026 10:46:28 - INFO - qdiff.block_recon -   Total loss:	468.792 (rec:1.411, round:467.381)	b=14.38	count=9000
01/19/2026 10:46:38 - INFO - qdiff.block_recon -   Total loss:	426.725 (rec:1.440, round:425.286)	b=13.81	count=9500
01/19/2026 10:46:48 - INFO - qdiff.block_recon -   Total loss:	387.484 (rec:1.415, round:386.069)	b=13.25	count=10000
01/19/2026 10:46:58 - INFO - qdiff.block_recon -   Total loss:	351.102 (rec:1.429, round:349.674)	b=12.69	count=10500
01/19/2026 10:47:08 - INFO - qdiff.block_recon -   Total loss:	316.931 (rec:1.498, round:315.433)	b=12.12	count=11000
01/19/2026 10:47:18 - INFO - qdiff.block_recon -   Total loss:	285.488 (rec:1.370, round:284.118)	b=11.56	count=11500
01/19/2026 10:47:28 - INFO - qdiff.block_recon -   Total loss:	255.773 (rec:1.479, round:254.294)	b=11.00	count=12000
01/19/2026 10:47:39 - INFO - qdiff.block_recon -   Total loss:	226.478 (rec:1.518, round:224.960)	b=10.44	count=12500
01/19/2026 10:47:49 - INFO - qdiff.block_recon -   Total loss:	198.431 (rec:1.535, round:196.895)	b=9.88	count=13000
01/19/2026 10:47:59 - INFO - qdiff.block_recon -   Total loss:	172.436 (rec:1.265, round:171.171)	b=9.31	count=13500
01/19/2026 10:48:09 - INFO - qdiff.block_recon -   Total loss:	147.220 (rec:1.396, round:145.824)	b=8.75	count=14000
01/19/2026 10:48:19 - INFO - qdiff.block_recon -   Total loss:	123.186 (rec:1.519, round:121.668)	b=8.19	count=14500
01/19/2026 10:48:29 - INFO - qdiff.block_recon -   Total loss:	100.589 (rec:1.354, round:99.235)	b=7.62	count=15000
01/19/2026 10:48:39 - INFO - qdiff.block_recon -   Total loss:	79.542 (rec:1.565, round:77.977)	b=7.06	count=15500
01/19/2026 10:48:49 - INFO - qdiff.block_recon -   Total loss:	60.100 (rec:1.426, round:58.674)	b=6.50	count=16000
01/19/2026 10:48:59 - INFO - qdiff.block_recon -   Total loss:	42.560 (rec:1.482, round:41.078)	b=5.94	count=16500
01/19/2026 10:49:09 - INFO - qdiff.block_recon -   Total loss:	27.514 (rec:1.450, round:26.064)	b=5.38	count=17000
01/19/2026 10:49:19 - INFO - qdiff.block_recon -   Total loss:	15.797 (rec:1.537, round:14.260)	b=4.81	count=17500
01/19/2026 10:49:29 - INFO - qdiff.block_recon -   Total loss:	7.006 (rec:1.370, round:5.636)	b=4.25	count=18000
01/19/2026 10:49:39 - INFO - qdiff.block_recon -   Total loss:	2.687 (rec:1.498, round:1.188)	b=3.69	count=18500
01/19/2026 10:49:49 - INFO - qdiff.block_recon -   Total loss:	1.563 (rec:1.457, round:0.106)	b=3.12	count=19000
01/19/2026 10:49:59 - INFO - qdiff.block_recon -   Total loss:	1.538 (rec:1.538, round:0.000)	b=2.56	count=19500
01/19/2026 10:50:09 - INFO - qdiff.block_recon -   Total loss:	1.380 (rec:1.380, round:0.000)	b=2.00	count=20000
01/19/2026 10:50:09 - INFO - __main__ -   1 True
01/19/2026 10:50:09 - INFO - __main__ -   Reconstruction for block 1
01/19/2026 10:50:32 - INFO - qdiff.timestep_aware_utils -   in 1 shape: torch.Size([5120, 128, 32, 32]), in 2 shape: torch.Size([5120, 512])
01/19/2026 10:50:32 - INFO - qdiff.timestep_aware_utils -   out shape: torch.Size([5120, 128, 32, 32])
01/19/2026 10:50:43 - INFO - qdiff.block_recon -   Total loss:	2.661 (rec:2.661, round:0.000)	b=0.00	count=500
01/19/2026 10:50:52 - INFO - qdiff.block_recon -   Total loss:	2.935 (rec:2.935, round:0.000)	b=0.00	count=1000
01/19/2026 10:51:02 - INFO - qdiff.block_recon -   Total loss:	2.646 (rec:2.646, round:0.000)	b=0.00	count=1500
01/19/2026 10:51:11 - INFO - qdiff.block_recon -   Total loss:	2.321 (rec:2.321, round:0.000)	b=0.00	count=2000
01/19/2026 10:51:20 - INFO - qdiff.block_recon -   Total loss:	2.579 (rec:2.579, round:0.000)	b=0.00	count=2500
01/19/2026 10:51:29 - INFO - qdiff.block_recon -   Total loss:	2.806 (rec:2.806, round:0.000)	b=0.00	count=3000
01/19/2026 10:51:39 - INFO - qdiff.block_recon -   Total loss:	2.413 (rec:2.413, round:0.000)	b=0.00	count=3500
01/19/2026 10:51:48 - INFO - qdiff.block_recon -   Total loss:	2834.034 (rec:2.745, round:2831.289)	b=20.00	count=4000
01/19/2026 10:51:58 - INFO - qdiff.block_recon -   Total loss:	1162.469 (rec:2.553, round:1159.916)	b=19.44	count=4500
01/19/2026 10:52:09 - INFO - qdiff.block_recon -   Total loss:	1030.218 (rec:2.394, round:1027.824)	b=18.88	count=5000
01/19/2026 10:52:19 - INFO - qdiff.block_recon -   Total loss:	933.419 (rec:2.525, round:930.894)	b=18.31	count=5500
01/19/2026 10:52:29 - INFO - qdiff.block_recon -   Total loss:	851.165 (rec:2.459, round:848.705)	b=17.75	count=6000
01/19/2026 10:52:39 - INFO - qdiff.block_recon -   Total loss:	777.323 (rec:2.520, round:774.803)	b=17.19	count=6500
01/19/2026 10:52:49 - INFO - qdiff.block_recon -   Total loss:	710.148 (rec:2.660, round:707.488)	b=16.62	count=7000
01/19/2026 10:52:59 - INFO - qdiff.block_recon -   Total loss:	649.514 (rec:2.683, round:646.830)	b=16.06	count=7500
01/19/2026 10:53:09 - INFO - qdiff.block_recon -   Total loss:	594.039 (rec:2.659, round:591.380)	b=15.50	count=8000
01/19/2026 10:53:20 - INFO - qdiff.block_recon -   Total loss:	542.078 (rec:2.461, round:539.617)	b=14.94	count=8500
01/19/2026 10:53:30 - INFO - qdiff.block_recon -   Total loss:	494.172 (rec:2.301, round:491.871)	b=14.38	count=9000
01/19/2026 10:53:40 - INFO - qdiff.block_recon -   Total loss:	450.746 (rec:2.476, round:448.270)	b=13.81	count=9500
01/19/2026 10:53:50 - INFO - qdiff.block_recon -   Total loss:	410.561 (rec:2.608, round:407.953)	b=13.25	count=10000
01/19/2026 10:54:00 - INFO - qdiff.block_recon -   Total loss:	373.024 (rec:2.509, round:370.515)	b=12.69	count=10500
01/19/2026 10:54:11 - INFO - qdiff.block_recon -   Total loss:	337.440 (rec:2.653, round:334.787)	b=12.12	count=11000
01/19/2026 10:54:21 - INFO - qdiff.block_recon -   Total loss:	304.171 (rec:2.386, round:301.785)	b=11.56	count=11500
01/19/2026 10:54:31 - INFO - qdiff.block_recon -   Total loss:	272.741 (rec:2.659, round:270.082)	b=11.00	count=12000
01/19/2026 10:54:41 - INFO - qdiff.block_recon -   Total loss:	242.743 (rec:2.333, round:240.410)	b=10.44	count=12500
01/19/2026 10:54:51 - INFO - qdiff.block_recon -   Total loss:	214.074 (rec:2.688, round:211.386)	b=9.88	count=13000
01/19/2026 10:55:01 - INFO - qdiff.block_recon -   Total loss:	186.080 (rec:2.672, round:183.408)	b=9.31	count=13500
01/19/2026 10:55:11 - INFO - qdiff.block_recon -   Total loss:	160.058 (rec:2.778, round:157.280)	b=8.75	count=14000
01/19/2026 10:55:22 - INFO - qdiff.block_recon -   Total loss:	136.150 (rec:2.878, round:133.272)	b=8.19	count=14500
01/19/2026 10:55:32 - INFO - qdiff.block_recon -   Total loss:	112.639 (rec:2.396, round:110.243)	b=7.62	count=15000
01/19/2026 10:55:42 - INFO - qdiff.block_recon -   Total loss:	90.891 (rec:2.674, round:88.217)	b=7.06	count=15500
01/19/2026 10:55:52 - INFO - qdiff.block_recon -   Total loss:	70.811 (rec:2.483, round:68.328)	b=6.50	count=16000
01/19/2026 10:56:02 - INFO - qdiff.block_recon -   Total loss:	51.666 (rec:2.581, round:49.085)	b=5.94	count=16500
01/19/2026 10:56:12 - INFO - qdiff.block_recon -   Total loss:	34.482 (rec:2.647, round:31.834)	b=5.38	count=17000
01/19/2026 10:56:22 - INFO - qdiff.block_recon -   Total loss:	19.919 (rec:2.492, round:17.427)	b=4.81	count=17500
01/19/2026 10:56:33 - INFO - qdiff.block_recon -   Total loss:	8.638 (rec:2.697, round:5.941)	b=4.25	count=18000
01/19/2026 10:56:43 - INFO - qdiff.block_recon -   Total loss:	3.421 (rec:2.395, round:1.026)	b=3.69	count=18500
01/19/2026 10:56:53 - INFO - qdiff.block_recon -   Total loss:	2.729 (rec:2.669, round:0.060)	b=3.12	count=19000
01/19/2026 10:57:03 - INFO - qdiff.block_recon -   Total loss:	2.660 (rec:2.657, round:0.002)	b=2.56	count=19500
01/19/2026 10:57:13 - INFO - qdiff.block_recon -   Total loss:	2.540 (rec:2.540, round:0.000)	b=2.00	count=20000
01/19/2026 10:57:13 - INFO - __main__ -   attn False
01/19/2026 10:57:13 - INFO - __main__ -   downsample False
01/19/2026 10:57:13 - INFO - __main__ -   conv False
01/19/2026 10:57:13 - INFO - __main__ -   Reconstruction for layer conv
01/19/2026 10:57:36 - INFO - qdiff.timestep_aware_utils -   in shape: torch.Size([5120, 128, 33, 33])
01/19/2026 10:57:36 - INFO - qdiff.timestep_aware_utils -   out shape: torch.Size([5120, 128, 16, 16])
01/19/2026 10:57:42 - INFO - qdiff.layer_recon -   Total loss:	0.229 (rec:0.229, round:0.000)	b=0.00	count=500
01/19/2026 10:57:48 - INFO - qdiff.layer_recon -   Total loss:	0.231 (rec:0.231, round:0.000)	b=0.00	count=1000
01/19/2026 10:57:53 - INFO - qdiff.layer_recon -   Total loss:	0.185 (rec:0.185, round:0.000)	b=0.00	count=1500
01/19/2026 10:57:59 - INFO - qdiff.layer_recon -   Total loss:	0.170 (rec:0.170, round:0.000)	b=0.00	count=2000
01/19/2026 10:58:04 - INFO - qdiff.layer_recon -   Total loss:	0.280 (rec:0.280, round:0.000)	b=0.00	count=2500
01/19/2026 10:58:10 - INFO - qdiff.layer_recon -   Total loss:	0.195 (rec:0.195, round:0.000)	b=0.00	count=3000
01/19/2026 10:58:15 - INFO - qdiff.layer_recon -   Total loss:	0.191 (rec:0.191, round:0.000)	b=0.00	count=3500
01/19/2026 10:58:21 - INFO - qdiff.layer_recon -   Total loss:	1014.044 (rec:0.188, round:1013.856)	b=20.00	count=4000
01/19/2026 10:58:27 - INFO - qdiff.layer_recon -   Total loss:	371.168 (rec:0.142, round:371.027)	b=19.44	count=4500
01/19/2026 10:58:32 - INFO - qdiff.layer_recon -   Total loss:	319.440 (rec:0.175, round:319.266)	b=18.88	count=5000
01/19/2026 10:58:38 - INFO - qdiff.layer_recon -   Total loss:	282.991 (rec:0.139, round:282.852)	b=18.31	count=5500
01/19/2026 10:58:44 - INFO - qdiff.layer_recon -   Total loss:	251.441 (rec:0.133, round:251.308)	b=17.75	count=6000
01/19/2026 10:58:50 - INFO - qdiff.layer_recon -   Total loss:	225.862 (rec:0.139, round:225.722)	b=17.19	count=6500
01/19/2026 10:58:56 - INFO - qdiff.layer_recon -   Total loss:	202.551 (rec:0.149, round:202.402)	b=16.62	count=7000
01/19/2026 10:59:01 - INFO - qdiff.layer_recon -   Total loss:	182.098 (rec:0.130, round:181.968)	b=16.06	count=7500
01/19/2026 10:59:07 - INFO - qdiff.layer_recon -   Total loss:	164.532 (rec:0.153, round:164.379)	b=15.50	count=8000
01/19/2026 10:59:13 - INFO - qdiff.layer_recon -   Total loss:	148.155 (rec:0.210, round:147.945)	b=14.94	count=8500
01/19/2026 10:59:19 - INFO - qdiff.layer_recon -   Total loss:	133.303 (rec:0.129, round:133.174)	b=14.38	count=9000
01/19/2026 10:59:25 - INFO - qdiff.layer_recon -   Total loss:	120.512 (rec:0.174, round:120.339)	b=13.81	count=9500
01/19/2026 10:59:30 - INFO - qdiff.layer_recon -   Total loss:	107.963 (rec:0.135, round:107.829)	b=13.25	count=10000
01/19/2026 10:59:36 - INFO - qdiff.layer_recon -   Total loss:	96.130 (rec:0.140, round:95.990)	b=12.69	count=10500
01/19/2026 10:59:42 - INFO - qdiff.layer_recon -   Total loss:	84.968 (rec:0.160, round:84.809)	b=12.12	count=11000
01/19/2026 10:59:48 - INFO - qdiff.layer_recon -   Total loss:	75.240 (rec:0.182, round:75.058)	b=11.56	count=11500
01/19/2026 10:59:54 - INFO - qdiff.layer_recon -   Total loss:	65.957 (rec:0.205, round:65.752)	b=11.00	count=12000
01/19/2026 10:59:59 - INFO - qdiff.layer_recon -   Total loss:	56.997 (rec:0.121, round:56.876)	b=10.44	count=12500
01/19/2026 11:00:05 - INFO - qdiff.layer_recon -   Total loss:	48.845 (rec:0.172, round:48.673)	b=9.88	count=13000
01/19/2026 11:00:11 - INFO - qdiff.layer_recon -   Total loss:	40.857 (rec:0.124, round:40.733)	b=9.31	count=13500
01/19/2026 11:00:16 - INFO - qdiff.layer_recon -   Total loss:	33.272 (rec:0.142, round:33.130)	b=8.75	count=14000
01/19/2026 11:00:22 - INFO - qdiff.layer_recon -   Total loss:	26.146 (rec:0.181, round:25.965)	b=8.19	count=14500
01/19/2026 11:00:28 - INFO - qdiff.layer_recon -   Total loss:	20.112 (rec:0.177, round:19.935)	b=7.62	count=15000
01/19/2026 11:00:34 - INFO - qdiff.layer_recon -   Total loss:	14.713 (rec:0.171, round:14.542)	b=7.06	count=15500
01/19/2026 11:00:40 - INFO - qdiff.layer_recon -   Total loss:	9.938 (rec:0.150, round:9.788)	b=6.50	count=16000
01/19/2026 11:00:45 - INFO - qdiff.layer_recon -   Total loss:	6.516 (rec:0.149, round:6.367)	b=5.94	count=16500
01/19/2026 11:00:51 - INFO - qdiff.layer_recon -   Total loss:	3.654 (rec:0.149, round:3.505)	b=5.38	count=17000
01/19/2026 11:00:57 - INFO - qdiff.layer_recon -   Total loss:	1.951 (rec:0.148, round:1.803)	b=4.81	count=17500
01/19/2026 11:01:03 - INFO - qdiff.layer_recon -   Total loss:	0.896 (rec:0.183, round:0.713)	b=4.25	count=18000
01/19/2026 11:01:09 - INFO - qdiff.layer_recon -   Total loss:	0.384 (rec:0.189, round:0.195)	b=3.69	count=18500
01/19/2026 11:01:15 - INFO - qdiff.layer_recon -   Total loss:	0.158 (rec:0.136, round:0.022)	b=3.12	count=19000
01/19/2026 11:01:20 - INFO - qdiff.layer_recon -   Total loss:	0.158 (rec:0.158, round:0.000)	b=2.56	count=19500
01/19/2026 11:01:26 - INFO - qdiff.layer_recon -   Total loss:	0.185 (rec:0.185, round:0.000)	b=2.00	count=20000
01/19/2026 11:01:27 - INFO - __main__ -   1 False
01/19/2026 11:01:27 - INFO - __main__ -   block False
01/19/2026 11:01:27 - INFO - __main__ -   0 True
01/19/2026 11:01:27 - INFO - __main__ -   Reconstruction for block 0
01/19/2026 11:01:51 - INFO - qdiff.timestep_aware_utils -   in 1 shape: torch.Size([5120, 128, 16, 16]), in 2 shape: torch.Size([5120, 512])
01/19/2026 11:01:51 - INFO - qdiff.timestep_aware_utils -   out shape: torch.Size([5120, 256, 16, 16])
01/19/2026 11:01:56 - INFO - qdiff.block_recon -   Total loss:	5.961 (rec:5.961, round:0.000)	b=0.00	count=500
01/19/2026 11:02:02 - INFO - qdiff.block_recon -   Total loss:	5.822 (rec:5.822, round:0.000)	b=0.00	count=1000
01/19/2026 11:02:07 - INFO - qdiff.block_recon -   Total loss:	5.420 (rec:5.420, round:0.000)	b=0.00	count=1500
01/19/2026 11:02:13 - INFO - qdiff.block_recon -   Total loss:	5.967 (rec:5.967, round:0.000)	b=0.00	count=2000
01/19/2026 11:02:18 - INFO - qdiff.block_recon -   Total loss:	5.286 (rec:5.286, round:0.000)	b=0.00	count=2500
01/19/2026 11:02:24 - INFO - qdiff.block_recon -   Total loss:	5.960 (rec:5.960, round:0.000)	b=0.00	count=3000
01/19/2026 11:02:29 - INFO - qdiff.block_recon -   Total loss:	6.232 (rec:6.232, round:0.000)	b=0.00	count=3500
01/19/2026 11:02:35 - INFO - qdiff.block_recon -   Total loss:	8872.196 (rec:5.472, round:8866.725)	b=20.00	count=4000
01/19/2026 11:02:42 - INFO - qdiff.block_recon -   Total loss:	3945.240 (rec:5.682, round:3939.558)	b=19.44	count=4500
01/19/2026 11:02:48 - INFO - qdiff.block_recon -   Total loss:	3521.380 (rec:5.415, round:3515.965)	b=18.88	count=5000
01/19/2026 11:02:55 - INFO - qdiff.block_recon -   Total loss:	3203.613 (rec:5.530, round:3198.083)	b=18.31	count=5500
01/19/2026 11:03:01 - INFO - qdiff.block_recon -   Total loss:	2919.846 (rec:5.258, round:2914.588)	b=17.75	count=6000
01/19/2026 11:03:08 - INFO - qdiff.block_recon -   Total loss:	2660.375 (rec:6.035, round:2654.339)	b=17.19	count=6500
01/19/2026 11:03:14 - INFO - qdiff.block_recon -   Total loss:	2419.875 (rec:5.767, round:2414.109)	b=16.62	count=7000
01/19/2026 11:03:21 - INFO - qdiff.block_recon -   Total loss:	2199.125 (rec:5.456, round:2193.669)	b=16.06	count=7500
01/19/2026 11:03:27 - INFO - qdiff.block_recon -   Total loss:	1995.239 (rec:5.742, round:1989.497)	b=15.50	count=8000
01/19/2026 11:03:34 - INFO - qdiff.block_recon -   Total loss:	1805.073 (rec:5.709, round:1799.364)	b=14.94	count=8500
01/19/2026 11:03:41 - INFO - qdiff.block_recon -   Total loss:	1629.592 (rec:5.841, round:1623.750)	b=14.38	count=9000
01/19/2026 11:03:48 - INFO - qdiff.block_recon -   Total loss:	1469.013 (rec:5.605, round:1463.408)	b=13.81	count=9500
01/19/2026 11:03:54 - INFO - qdiff.block_recon -   Total loss:	1320.820 (rec:6.154, round:1314.666)	b=13.25	count=10000
01/19/2026 11:04:01 - INFO - qdiff.block_recon -   Total loss:	1184.229 (rec:5.355, round:1178.874)	b=12.69	count=10500
01/19/2026 11:04:08 - INFO - qdiff.block_recon -   Total loss:	1059.268 (rec:5.745, round:1053.523)	b=12.12	count=11000
01/19/2026 11:04:14 - INFO - qdiff.block_recon -   Total loss:	943.600 (rec:5.233, round:938.366)	b=11.56	count=11500
01/19/2026 11:04:21 - INFO - qdiff.block_recon -   Total loss:	836.306 (rec:5.736, round:830.570)	b=11.00	count=12000
01/19/2026 11:04:28 - INFO - qdiff.block_recon -   Total loss:	735.036 (rec:5.432, round:729.604)	b=10.44	count=12500
01/19/2026 11:04:34 - INFO - qdiff.block_recon -   Total loss:	642.090 (rec:5.451, round:636.639)	b=9.88	count=13000
01/19/2026 11:04:41 - INFO - qdiff.block_recon -   Total loss:	554.318 (rec:5.558, round:548.761)	b=9.31	count=13500
01/19/2026 11:04:48 - INFO - qdiff.block_recon -   Total loss:	474.576 (rec:5.266, round:469.310)	b=8.75	count=14000
01/19/2026 11:04:54 - INFO - qdiff.block_recon -   Total loss:	399.534 (rec:6.007, round:393.527)	b=8.19	count=14500
01/19/2026 11:05:01 - INFO - qdiff.block_recon -   Total loss:	328.199 (rec:5.821, round:322.378)	b=7.62	count=15000
01/19/2026 11:05:07 - INFO - qdiff.block_recon -   Total loss:	263.203 (rec:5.479, round:257.724)	b=7.06	count=15500
01/19/2026 11:05:14 - INFO - qdiff.block_recon -   Total loss:	203.854 (rec:5.645, round:198.208)	b=6.50	count=16000
01/19/2026 11:05:20 - INFO - qdiff.block_recon -   Total loss:	150.482 (rec:5.818, round:144.664)	b=5.94	count=16500
01/19/2026 11:05:27 - INFO - qdiff.block_recon -   Total loss:	102.250 (rec:5.624, round:96.627)	b=5.38	count=17000
01/19/2026 11:05:34 - INFO - qdiff.block_recon -   Total loss:	62.315 (rec:5.807, round:56.508)	b=4.81	count=17500
01/19/2026 11:05:40 - INFO - qdiff.block_recon -   Total loss:	31.384 (rec:5.465, round:25.919)	b=4.25	count=18000
01/19/2026 11:05:47 - INFO - qdiff.block_recon -   Total loss:	13.849 (rec:5.552, round:8.297)	b=3.69	count=18500
01/19/2026 11:05:53 - INFO - qdiff.block_recon -   Total loss:	7.171 (rec:6.001, round:1.171)	b=3.12	count=19000
01/19/2026 11:06:00 - INFO - qdiff.block_recon -   Total loss:	5.516 (rec:5.460, round:0.056)	b=2.56	count=19500
01/19/2026 11:06:07 - INFO - qdiff.block_recon -   Total loss:	5.521 (rec:5.520, round:0.001)	b=2.00	count=20000
01/19/2026 11:06:07 - INFO - __main__ -   1 True
01/19/2026 11:06:07 - INFO - __main__ -   Reconstruction for block 1
01/19/2026 11:06:35 - INFO - qdiff.timestep_aware_utils -   in 1 shape: torch.Size([5120, 256, 16, 16]), in 2 shape: torch.Size([5120, 512])
01/19/2026 11:06:35 - INFO - qdiff.timestep_aware_utils -   out shape: torch.Size([5120, 256, 16, 16])
01/19/2026 11:06:41 - INFO - qdiff.block_recon -   Total loss:	8.003 (rec:8.003, round:0.000)	b=0.00	count=500
01/19/2026 11:06:48 - INFO - qdiff.block_recon -   Total loss:	7.662 (rec:7.662, round:0.000)	b=0.00	count=1000
01/19/2026 11:06:54 - INFO - qdiff.block_recon -   Total loss:	7.577 (rec:7.577, round:0.000)	b=0.00	count=1500
01/19/2026 11:07:00 - INFO - qdiff.block_recon -   Total loss:	7.679 (rec:7.679, round:0.000)	b=0.00	count=2000
01/19/2026 11:07:06 - INFO - qdiff.block_recon -   Total loss:	7.464 (rec:7.464, round:0.000)	b=0.00	count=2500
01/19/2026 11:07:12 - INFO - qdiff.block_recon -   Total loss:	6.749 (rec:6.749, round:0.000)	b=0.00	count=3000
01/19/2026 11:07:18 - INFO - qdiff.block_recon -   Total loss:	6.759 (rec:6.759, round:0.000)	b=0.00	count=3500
01/19/2026 11:07:24 - INFO - qdiff.block_recon -   Total loss:	10959.977 (rec:7.399, round:10952.578)	b=20.00	count=4000
01/19/2026 11:07:32 - INFO - qdiff.block_recon -   Total loss:	4929.692 (rec:7.945, round:4921.747)	b=19.44	count=4500
01/19/2026 11:07:39 - INFO - qdiff.block_recon -   Total loss:	4410.033 (rec:7.970, round:4402.062)	b=18.88	count=5000
01/19/2026 11:07:46 - INFO - qdiff.block_recon -   Total loss:	4019.066 (rec:6.971, round:4012.096)	b=18.31	count=5500
01/19/2026 11:07:53 - INFO - qdiff.block_recon -   Total loss:	3670.358 (rec:6.597, round:3663.760)	b=17.75	count=6000
01/19/2026 11:08:00 - INFO - qdiff.block_recon -   Total loss:	3355.201 (rec:7.180, round:3348.021)	b=17.19	count=6500
01/19/2026 11:08:07 - INFO - qdiff.block_recon -   Total loss:	3064.274 (rec:7.701, round:3056.573)	b=16.62	count=7000
01/19/2026 11:08:14 - INFO - qdiff.block_recon -   Total loss:	2793.328 (rec:6.804, round:2786.524)	b=16.06	count=7500
01/19/2026 11:08:21 - INFO - qdiff.block_recon -   Total loss:	2540.777 (rec:7.309, round:2533.468)	b=15.50	count=8000
01/19/2026 11:08:28 - INFO - qdiff.block_recon -   Total loss:	2306.217 (rec:6.621, round:2299.596)	b=14.94	count=8500
01/19/2026 11:08:35 - INFO - qdiff.block_recon -   Total loss:	2093.348 (rec:7.082, round:2086.266)	b=14.38	count=9000
01/19/2026 11:08:42 - INFO - qdiff.block_recon -   Total loss:	1893.586 (rec:6.793, round:1886.793)	b=13.81	count=9500
01/19/2026 11:08:49 - INFO - qdiff.block_recon -   Total loss:	1712.518 (rec:7.063, round:1705.455)	b=13.25	count=10000
01/19/2026 11:08:56 - INFO - qdiff.block_recon -   Total loss:	1542.532 (rec:6.419, round:1536.113)	b=12.69	count=10500
01/19/2026 11:09:03 - INFO - qdiff.block_recon -   Total loss:	1385.325 (rec:7.115, round:1378.210)	b=12.12	count=11000
01/19/2026 11:09:10 - INFO - qdiff.block_recon -   Total loss:	1240.860 (rec:7.143, round:1233.717)	b=11.56	count=11500
01/19/2026 11:09:17 - INFO - qdiff.block_recon -   Total loss:	1107.595 (rec:7.037, round:1100.558)	b=11.00	count=12000
01/19/2026 11:09:24 - INFO - qdiff.block_recon -   Total loss:	981.046 (rec:7.561, round:973.484)	b=10.44	count=12500
01/19/2026 11:09:31 - INFO - qdiff.block_recon -   Total loss:	860.684 (rec:6.612, round:854.073)	b=9.88	count=13000
01/19/2026 11:09:38 - INFO - qdiff.block_recon -   Total loss:	749.640 (rec:7.723, round:741.917)	b=9.31	count=13500
01/19/2026 11:09:45 - INFO - qdiff.block_recon -   Total loss:	644.503 (rec:7.026, round:637.477)	b=8.75	count=14000
01/19/2026 11:09:53 - INFO - qdiff.block_recon -   Total loss:	544.511 (rec:6.373, round:538.139)	b=8.19	count=14500
01/19/2026 11:10:00 - INFO - qdiff.block_recon -   Total loss:	453.769 (rec:7.292, round:446.477)	b=7.62	count=15000
01/19/2026 11:10:06 - INFO - qdiff.block_recon -   Total loss:	368.280 (rec:7.297, round:360.983)	b=7.06	count=15500
01/19/2026 11:10:13 - INFO - qdiff.block_recon -   Total loss:	288.881 (rec:7.267, round:281.615)	b=6.50	count=16000
01/19/2026 11:10:21 - INFO - qdiff.block_recon -   Total loss:	216.768 (rec:7.757, round:209.011)	b=5.94	count=16500
01/19/2026 11:10:28 - INFO - qdiff.block_recon -   Total loss:	150.358 (rec:6.823, round:143.535)	b=5.38	count=17000
01/19/2026 11:10:35 - INFO - qdiff.block_recon -   Total loss:	93.231 (rec:7.302, round:85.928)	b=4.81	count=17500
01/19/2026 11:10:42 - INFO - qdiff.block_recon -   Total loss:	47.795 (rec:6.509, round:41.285)	b=4.25	count=18000
01/19/2026 11:10:49 - INFO - qdiff.block_recon -   Total loss:	21.105 (rec:8.124, round:12.981)	b=3.69	count=18500
01/19/2026 11:10:56 - INFO - qdiff.block_recon -   Total loss:	9.153 (rec:7.302, round:1.851)	b=3.12	count=19000
01/19/2026 11:11:03 - INFO - qdiff.block_recon -   Total loss:	7.569 (rec:7.498, round:0.070)	b=2.56	count=19500
01/19/2026 11:11:11 - INFO - qdiff.block_recon -   Total loss:	7.516 (rec:7.515, round:0.001)	b=2.00	count=20000
01/19/2026 11:11:11 - INFO - __main__ -   attn False
01/19/2026 11:11:11 - INFO - __main__ -   0 True
01/19/2026 11:11:11 - INFO - __main__ -   Reconstruction for block 0
01/19/2026 11:11:38 - INFO - qdiff.timestep_aware_utils -   in shape: torch.Size([5120, 256, 16, 16])
01/19/2026 11:11:38 - INFO - qdiff.timestep_aware_utils -   out shape: torch.Size([5120, 256, 16, 16])
01/19/2026 11:11:45 - INFO - qdiff.block_recon -   Total loss:	0.122 (rec:0.122, round:0.000)	b=0.00	count=500
01/19/2026 11:11:52 - INFO - qdiff.block_recon -   Total loss:	0.132 (rec:0.132, round:0.000)	b=0.00	count=1000
01/19/2026 11:11:58 - INFO - qdiff.block_recon -   Total loss:	0.129 (rec:0.129, round:0.000)	b=0.00	count=1500
01/19/2026 11:12:05 - INFO - qdiff.block_recon -   Total loss:	0.125 (rec:0.125, round:0.000)	b=0.00	count=2000
01/19/2026 11:12:12 - INFO - qdiff.block_recon -   Total loss:	0.127 (rec:0.127, round:0.000)	b=0.00	count=2500
01/19/2026 11:12:19 - INFO - qdiff.block_recon -   Total loss:	0.099 (rec:0.099, round:0.000)	b=0.00	count=3000
01/19/2026 11:12:26 - INFO - qdiff.block_recon -   Total loss:	0.100 (rec:0.100, round:0.000)	b=0.00	count=3500
01/19/2026 11:12:33 - INFO - qdiff.block_recon -   Total loss:	2229.282 (rec:0.119, round:2229.163)	b=20.00	count=4000
01/19/2026 11:12:41 - INFO - qdiff.block_recon -   Total loss:	953.113 (rec:0.108, round:953.005)	b=19.44	count=4500
01/19/2026 11:12:49 - INFO - qdiff.block_recon -   Total loss:	857.467 (rec:0.101, round:857.366)	b=18.88	count=5000
01/19/2026 11:12:56 - INFO - qdiff.block_recon -   Total loss:	787.051 (rec:0.109, round:786.942)	b=18.31	count=5500
01/19/2026 11:13:04 - INFO - qdiff.block_recon -   Total loss:	724.952 (rec:0.123, round:724.829)	b=17.75	count=6000
01/19/2026 11:13:12 - INFO - qdiff.block_recon -   Total loss:	667.771 (rec:0.120, round:667.651)	b=17.19	count=6500
01/19/2026 11:13:20 - INFO - qdiff.block_recon -   Total loss:	611.836 (rec:0.101, round:611.735)	b=16.62	count=7000
01/19/2026 11:13:27 - INFO - qdiff.block_recon -   Total loss:	560.734 (rec:0.112, round:560.622)	b=16.06	count=7500
01/19/2026 11:13:35 - INFO - qdiff.block_recon -   Total loss:	512.138 (rec:0.115, round:512.023)	b=15.50	count=8000
01/19/2026 11:13:42 - INFO - qdiff.block_recon -   Total loss:	466.912 (rec:0.121, round:466.791)	b=14.94	count=8500
01/19/2026 11:13:50 - INFO - qdiff.block_recon -   Total loss:	425.616 (rec:0.107, round:425.509)	b=14.38	count=9000
01/19/2026 11:13:57 - INFO - qdiff.block_recon -   Total loss:	385.397 (rec:0.104, round:385.292)	b=13.81	count=9500
01/19/2026 11:14:04 - INFO - qdiff.block_recon -   Total loss:	349.135 (rec:0.121, round:349.013)	b=13.25	count=10000
01/19/2026 11:14:12 - INFO - qdiff.block_recon -   Total loss:	314.251 (rec:0.104, round:314.147)	b=12.69	count=10500
01/19/2026 11:14:20 - INFO - qdiff.block_recon -   Total loss:	281.185 (rec:0.115, round:281.070)	b=12.12	count=11000
01/19/2026 11:14:27 - INFO - qdiff.block_recon -   Total loss:	250.177 (rec:0.124, round:250.053)	b=11.56	count=11500
01/19/2026 11:14:35 - INFO - qdiff.block_recon -   Total loss:	220.882 (rec:0.110, round:220.772)	b=11.00	count=12000
01/19/2026 11:14:43 - INFO - qdiff.block_recon -   Total loss:	193.523 (rec:0.113, round:193.410)	b=10.44	count=12500
01/19/2026 11:14:50 - INFO - qdiff.block_recon -   Total loss:	167.991 (rec:0.101, round:167.890)	b=9.88	count=13000
01/19/2026 11:14:58 - INFO - qdiff.block_recon -   Total loss:	143.203 (rec:0.117, round:143.086)	b=9.31	count=13500
01/19/2026 11:15:05 - INFO - qdiff.block_recon -   Total loss:	119.640 (rec:0.100, round:119.541)	b=8.75	count=14000
01/19/2026 11:15:13 - INFO - qdiff.block_recon -   Total loss:	97.120 (rec:0.098, round:97.022)	b=8.19	count=14500
01/19/2026 11:15:20 - INFO - qdiff.block_recon -   Total loss:	76.613 (rec:0.117, round:76.496)	b=7.62	count=15000
01/19/2026 11:15:28 - INFO - qdiff.block_recon -   Total loss:	57.835 (rec:0.104, round:57.732)	b=7.06	count=15500
01/19/2026 11:15:35 - INFO - qdiff.block_recon -   Total loss:	41.087 (rec:0.124, round:40.964)	b=6.50	count=16000
01/19/2026 11:15:43 - INFO - qdiff.block_recon -   Total loss:	26.170 (rec:0.106, round:26.064)	b=5.94	count=16500
01/19/2026 11:15:50 - INFO - qdiff.block_recon -   Total loss:	13.459 (rec:0.107, round:13.352)	b=5.38	count=17000
01/19/2026 11:15:58 - INFO - qdiff.block_recon -   Total loss:	5.379 (rec:0.107, round:5.273)	b=4.81	count=17500
01/19/2026 11:16:05 - INFO - qdiff.block_recon -   Total loss:	1.518 (rec:0.133, round:1.384)	b=4.25	count=18000
01/19/2026 11:16:13 - INFO - qdiff.block_recon -   Total loss:	0.345 (rec:0.104, round:0.241)	b=3.69	count=18500
01/19/2026 11:16:20 - INFO - qdiff.block_recon -   Total loss:	0.132 (rec:0.117, round:0.015)	b=3.12	count=19000
01/19/2026 11:16:28 - INFO - qdiff.block_recon -   Total loss:	0.096 (rec:0.096, round:0.000)	b=2.56	count=19500
01/19/2026 11:16:35 - INFO - qdiff.block_recon -   Total loss:	0.124 (rec:0.124, round:0.000)	b=2.00	count=20000
01/19/2026 11:16:35 - INFO - __main__ -   1 True
01/19/2026 11:16:35 - INFO - __main__ -   Reconstruction for block 1
01/19/2026 11:17:07 - INFO - qdiff.timestep_aware_utils -   in shape: torch.Size([5120, 256, 16, 16])
01/19/2026 11:17:07 - INFO - qdiff.timestep_aware_utils -   out shape: torch.Size([5120, 256, 16, 16])
01/19/2026 11:17:14 - INFO - qdiff.block_recon -   Total loss:	0.215 (rec:0.215, round:0.000)	b=0.00	count=500
01/19/2026 11:17:20 - INFO - qdiff.block_recon -   Total loss:	0.199 (rec:0.199, round:0.000)	b=0.00	count=1000
01/19/2026 11:17:26 - INFO - qdiff.block_recon -   Total loss:	0.247 (rec:0.247, round:0.000)	b=0.00	count=1500
01/19/2026 11:17:33 - INFO - qdiff.block_recon -   Total loss:	0.230 (rec:0.230, round:0.000)	b=0.00	count=2000
01/19/2026 11:17:39 - INFO - qdiff.block_recon -   Total loss:	0.195 (rec:0.195, round:0.000)	b=0.00	count=2500
01/19/2026 11:17:45 - INFO - qdiff.block_recon -   Total loss:	0.245 (rec:0.245, round:0.000)	b=0.00	count=3000
01/19/2026 11:17:52 - INFO - qdiff.block_recon -   Total loss:	0.182 (rec:0.182, round:0.000)	b=0.00	count=3500
01/19/2026 11:17:58 - INFO - qdiff.block_recon -   Total loss:	2231.198 (rec:0.212, round:2230.986)	b=20.00	count=4000
01/19/2026 11:18:06 - INFO - qdiff.block_recon -   Total loss:	1004.022 (rec:0.233, round:1003.789)	b=19.44	count=4500
01/19/2026 11:18:13 - INFO - qdiff.block_recon -   Total loss:	905.458 (rec:0.225, round:905.233)	b=18.88	count=5000
01/19/2026 11:18:21 - INFO - qdiff.block_recon -   Total loss:	833.162 (rec:0.231, round:832.931)	b=18.31	count=5500
01/19/2026 11:18:28 - INFO - qdiff.block_recon -   Total loss:	767.346 (rec:0.194, round:767.152)	b=17.75	count=6000
01/19/2026 11:18:36 - INFO - qdiff.block_recon -   Total loss:	707.045 (rec:0.186, round:706.860)	b=17.19	count=6500
01/19/2026 11:18:44 - INFO - qdiff.block_recon -   Total loss:	650.045 (rec:0.189, round:649.857)	b=16.62	count=7000
01/19/2026 11:18:51 - INFO - qdiff.block_recon -   Total loss:	597.861 (rec:0.242, round:597.619)	b=16.06	count=7500
01/19/2026 11:18:59 - INFO - qdiff.block_recon -   Total loss:	548.251 (rec:0.245, round:548.006)	b=15.50	count=8000
01/19/2026 11:19:06 - INFO - qdiff.block_recon -   Total loss:	500.191 (rec:0.221, round:499.970)	b=14.94	count=8500
01/19/2026 11:19:14 - INFO - qdiff.block_recon -   Total loss:	455.722 (rec:0.221, round:455.501)	b=14.38	count=9000
01/19/2026 11:19:21 - INFO - qdiff.block_recon -   Total loss:	413.094 (rec:0.230, round:412.864)	b=13.81	count=9500
01/19/2026 11:19:29 - INFO - qdiff.block_recon -   Total loss:	373.352 (rec:0.182, round:373.170)	b=13.25	count=10000
01/19/2026 11:19:36 - INFO - qdiff.block_recon -   Total loss:	337.528 (rec:0.200, round:337.328)	b=12.69	count=10500
01/19/2026 11:19:44 - INFO - qdiff.block_recon -   Total loss:	302.492 (rec:0.203, round:302.288)	b=12.12	count=11000
01/19/2026 11:19:52 - INFO - qdiff.block_recon -   Total loss:	269.729 (rec:0.216, round:269.513)	b=11.56	count=11500
01/19/2026 11:19:59 - INFO - qdiff.block_recon -   Total loss:	238.631 (rec:0.202, round:238.429)	b=11.00	count=12000
01/19/2026 11:20:07 - INFO - qdiff.block_recon -   Total loss:	209.544 (rec:0.244, round:209.300)	b=10.44	count=12500
01/19/2026 11:20:14 - INFO - qdiff.block_recon -   Total loss:	181.620 (rec:0.218, round:181.402)	b=9.88	count=13000
01/19/2026 11:20:22 - INFO - qdiff.block_recon -   Total loss:	155.304 (rec:0.202, round:155.102)	b=9.31	count=13500
01/19/2026 11:20:30 - INFO - qdiff.block_recon -   Total loss:	130.528 (rec:0.220, round:130.309)	b=8.75	count=14000
01/19/2026 11:20:37 - INFO - qdiff.block_recon -   Total loss:	107.749 (rec:0.239, round:107.510)	b=8.19	count=14500
01/19/2026 11:20:45 - INFO - qdiff.block_recon -   Total loss:	86.174 (rec:0.235, round:85.939)	b=7.62	count=15000
01/19/2026 11:20:52 - INFO - qdiff.block_recon -   Total loss:	66.340 (rec:0.243, round:66.097)	b=7.06	count=15500
01/19/2026 11:21:00 - INFO - qdiff.block_recon -   Total loss:	48.327 (rec:0.168, round:48.160)	b=6.50	count=16000
01/19/2026 11:21:08 - INFO - qdiff.block_recon -   Total loss:	31.716 (rec:0.193, round:31.523)	b=5.94	count=16500
01/19/2026 11:21:15 - INFO - qdiff.block_recon -   Total loss:	18.339 (rec:0.236, round:18.102)	b=5.38	count=17000
01/19/2026 11:21:23 - INFO - qdiff.block_recon -   Total loss:	8.784 (rec:0.230, round:8.554)	b=4.81	count=17500
01/19/2026 11:21:30 - INFO - qdiff.block_recon -   Total loss:	3.018 (rec:0.199, round:2.819)	b=4.25	count=18000
01/19/2026 11:21:38 - INFO - qdiff.block_recon -   Total loss:	0.780 (rec:0.257, round:0.523)	b=3.69	count=18500
01/19/2026 11:21:45 - INFO - qdiff.block_recon -   Total loss:	0.249 (rec:0.203, round:0.046)	b=3.12	count=19000
01/19/2026 11:21:53 - INFO - qdiff.block_recon -   Total loss:	0.187 (rec:0.185, round:0.002)	b=2.56	count=19500
01/19/2026 11:22:00 - INFO - qdiff.block_recon -   Total loss:	0.260 (rec:0.260, round:0.000)	b=2.00	count=20000
01/19/2026 11:22:01 - INFO - __main__ -   downsample False
01/19/2026 11:22:01 - INFO - __main__ -   conv False
01/19/2026 11:22:01 - INFO - __main__ -   Reconstruction for layer conv
01/19/2026 11:22:32 - INFO - qdiff.timestep_aware_utils -   in shape: torch.Size([5120, 256, 17, 17])
01/19/2026 11:22:32 - INFO - qdiff.timestep_aware_utils -   out shape: torch.Size([5120, 256, 8, 8])
01/19/2026 11:22:36 - INFO - qdiff.layer_recon -   Total loss:	0.925 (rec:0.925, round:0.000)	b=0.00	count=500
01/19/2026 11:22:39 - INFO - qdiff.layer_recon -   Total loss:	0.811 (rec:0.811, round:0.000)	b=0.00	count=1000
01/19/2026 11:22:43 - INFO - qdiff.layer_recon -   Total loss:	0.815 (rec:0.815, round:0.000)	b=0.00	count=1500
01/19/2026 11:22:46 - INFO - qdiff.layer_recon -   Total loss:	0.723 (rec:0.723, round:0.000)	b=0.00	count=2000
01/19/2026 11:22:50 - INFO - qdiff.layer_recon -   Total loss:	0.871 (rec:0.871, round:0.000)	b=0.00	count=2500
01/19/2026 11:22:53 - INFO - qdiff.layer_recon -   Total loss:	0.926 (rec:0.926, round:0.000)	b=0.00	count=3000
01/19/2026 11:22:56 - INFO - qdiff.layer_recon -   Total loss:	0.706 (rec:0.706, round:0.000)	b=0.00	count=3500
01/19/2026 11:23:00 - INFO - qdiff.layer_recon -   Total loss:	4699.583 (rec:0.646, round:4698.938)	b=20.00	count=4000
01/19/2026 11:23:03 - INFO - qdiff.layer_recon -   Total loss:	2211.899 (rec:0.570, round:2211.329)	b=19.44	count=4500
01/19/2026 11:23:07 - INFO - qdiff.layer_recon -   Total loss:	1985.967 (rec:0.599, round:1985.368)	b=18.88	count=5000
01/19/2026 11:23:11 - INFO - qdiff.layer_recon -   Total loss:	1817.141 (rec:0.524, round:1816.617)	b=18.31	count=5500
01/19/2026 11:23:15 - INFO - qdiff.layer_recon -   Total loss:	1670.749 (rec:0.656, round:1670.093)	b=17.75	count=6000
01/19/2026 11:23:18 - INFO - qdiff.layer_recon -   Total loss:	1540.781 (rec:0.619, round:1540.162)	b=17.19	count=6500
01/19/2026 11:23:22 - INFO - qdiff.layer_recon -   Total loss:	1420.628 (rec:0.499, round:1420.128)	b=16.62	count=7000
01/19/2026 11:23:26 - INFO - qdiff.layer_recon -   Total loss:	1310.788 (rec:0.781, round:1310.007)	b=16.06	count=7500
01/19/2026 11:23:30 - INFO - qdiff.layer_recon -   Total loss:	1209.145 (rec:0.576, round:1208.569)	b=15.50	count=8000
01/19/2026 11:23:33 - INFO - qdiff.layer_recon -   Total loss:	1113.919 (rec:0.579, round:1113.339)	b=14.94	count=8500
01/19/2026 11:23:37 - INFO - qdiff.layer_recon -   Total loss:	1023.536 (rec:0.666, round:1022.870)	b=14.38	count=9000
01/19/2026 11:23:41 - INFO - qdiff.layer_recon -   Total loss:	940.361 (rec:0.776, round:939.585)	b=13.81	count=9500
01/19/2026 11:23:45 - INFO - qdiff.layer_recon -   Total loss:	861.556 (rec:0.493, round:861.063)	b=13.25	count=10000
01/19/2026 11:23:49 - INFO - qdiff.layer_recon -   Total loss:	787.181 (rec:0.585, round:786.597)	b=12.69	count=10500
01/19/2026 11:23:52 - INFO - qdiff.layer_recon -   Total loss:	717.466 (rec:0.554, round:716.911)	b=12.12	count=11000
01/19/2026 11:23:56 - INFO - qdiff.layer_recon -   Total loss:	649.285 (rec:0.558, round:648.727)	b=11.56	count=11500
01/19/2026 11:24:00 - INFO - qdiff.layer_recon -   Total loss:	585.628 (rec:0.656, round:584.972)	b=11.00	count=12000
01/19/2026 11:24:04 - INFO - qdiff.layer_recon -   Total loss:	522.405 (rec:0.554, round:521.851)	b=10.44	count=12500
01/19/2026 11:24:08 - INFO - qdiff.layer_recon -   Total loss:	463.851 (rec:0.683, round:463.168)	b=9.88	count=13000
01/19/2026 11:24:12 - INFO - qdiff.layer_recon -   Total loss:	408.763 (rec:0.645, round:408.117)	b=9.31	count=13500
01/19/2026 11:24:16 - INFO - qdiff.layer_recon -   Total loss:	354.499 (rec:0.721, round:353.778)	b=8.75	count=14000
01/19/2026 11:24:19 - INFO - qdiff.layer_recon -   Total loss:	301.842 (rec:0.753, round:301.089)	b=8.19	count=14500
01/19/2026 11:24:23 - INFO - qdiff.layer_recon -   Total loss:	251.647 (rec:0.681, round:250.966)	b=7.62	count=15000
01/19/2026 11:24:27 - INFO - qdiff.layer_recon -   Total loss:	202.181 (rec:0.573, round:201.608)	b=7.06	count=15500
01/19/2026 11:24:31 - INFO - qdiff.layer_recon -   Total loss:	156.780 (rec:0.711, round:156.068)	b=6.50	count=16000
01/19/2026 11:24:35 - INFO - qdiff.layer_recon -   Total loss:	114.066 (rec:0.696, round:113.370)	b=5.94	count=16500
01/19/2026 11:24:39 - INFO - qdiff.layer_recon -   Total loss:	76.190 (rec:0.609, round:75.582)	b=5.38	count=17000
01/19/2026 11:24:43 - INFO - qdiff.layer_recon -   Total loss:	43.469 (rec:0.661, round:42.808)	b=4.81	count=17500
01/19/2026 11:24:46 - INFO - qdiff.layer_recon -   Total loss:	20.151 (rec:0.813, round:19.338)	b=4.25	count=18000
01/19/2026 11:24:50 - INFO - qdiff.layer_recon -   Total loss:	6.402 (rec:0.626, round:5.776)	b=3.69	count=18500
01/19/2026 11:24:54 - INFO - qdiff.layer_recon -   Total loss:	1.349 (rec:0.590, round:0.759)	b=3.12	count=19000
01/19/2026 11:24:58 - INFO - qdiff.layer_recon -   Total loss:	0.670 (rec:0.648, round:0.022)	b=2.56	count=19500
01/19/2026 11:25:02 - INFO - qdiff.layer_recon -   Total loss:	0.697 (rec:0.697, round:0.000)	b=2.00	count=20000
01/19/2026 11:25:02 - INFO - __main__ -   2 False
01/19/2026 11:25:02 - INFO - __main__ -   block False
01/19/2026 11:25:02 - INFO - __main__ -   0 True
01/19/2026 11:25:02 - INFO - __main__ -   Reconstruction for block 0
01/19/2026 11:25:35 - INFO - qdiff.timestep_aware_utils -   in 1 shape: torch.Size([5120, 256, 8, 8]), in 2 shape: torch.Size([5120, 512])
01/19/2026 11:25:35 - INFO - qdiff.timestep_aware_utils -   out shape: torch.Size([5120, 256, 8, 8])
01/19/2026 11:25:39 - INFO - qdiff.block_recon -   Total loss:	51.010 (rec:51.010, round:0.000)	b=0.00	count=500
01/19/2026 11:25:42 - INFO - qdiff.block_recon -   Total loss:	49.668 (rec:49.668, round:0.000)	b=0.00	count=1000
01/19/2026 11:25:46 - INFO - qdiff.block_recon -   Total loss:	49.611 (rec:49.611, round:0.000)	b=0.00	count=1500
01/19/2026 11:25:49 - INFO - qdiff.block_recon -   Total loss:	51.393 (rec:51.393, round:0.000)	b=0.00	count=2000
01/19/2026 11:25:53 - INFO - qdiff.block_recon -   Total loss:	51.009 (rec:51.009, round:0.000)	b=0.00	count=2500
01/19/2026 11:25:56 - INFO - qdiff.block_recon -   Total loss:	50.570 (rec:50.570, round:0.000)	b=0.00	count=3000
01/19/2026 11:25:59 - INFO - qdiff.block_recon -   Total loss:	49.781 (rec:49.781, round:0.000)	b=0.00	count=3500
01/19/2026 11:26:03 - INFO - qdiff.block_recon -   Total loss:	11156.816 (rec:50.265, round:11106.551)	b=20.00	count=4000
01/19/2026 11:26:07 - INFO - qdiff.block_recon -   Total loss:	5837.965 (rec:49.840, round:5788.125)	b=19.44	count=4500
01/19/2026 11:26:12 - INFO - qdiff.block_recon -   Total loss:	5296.006 (rec:50.115, round:5245.891)	b=18.88	count=5000
01/19/2026 11:26:16 - INFO - qdiff.block_recon -   Total loss:	4890.109 (rec:48.695, round:4841.414)	b=18.31	count=5500
01/19/2026 11:26:20 - INFO - qdiff.block_recon -   Total loss:	4528.006 (rec:50.065, round:4477.941)	b=17.75	count=6000
01/19/2026 11:26:25 - INFO - qdiff.block_recon -   Total loss:	4191.678 (rec:51.041, round:4140.637)	b=17.19	count=6500
01/19/2026 11:26:29 - INFO - qdiff.block_recon -   Total loss:	3875.261 (rec:50.336, round:3824.925)	b=16.62	count=7000
01/19/2026 11:26:34 - INFO - qdiff.block_recon -   Total loss:	3578.532 (rec:50.233, round:3528.299)	b=16.06	count=7500
01/19/2026 11:26:38 - INFO - qdiff.block_recon -   Total loss:	3299.264 (rec:51.413, round:3247.852)	b=15.50	count=8000
01/19/2026 11:26:43 - INFO - qdiff.block_recon -   Total loss:	3031.848 (rec:50.693, round:2981.156)	b=14.94	count=8500
01/19/2026 11:26:47 - INFO - qdiff.block_recon -   Total loss:	2785.282 (rec:51.839, round:2733.442)	b=14.38	count=9000
01/19/2026 11:26:52 - INFO - qdiff.block_recon -   Total loss:	2550.245 (rec:49.224, round:2501.021)	b=13.81	count=9500
01/19/2026 11:26:56 - INFO - qdiff.block_recon -   Total loss:	2328.410 (rec:47.768, round:2280.643)	b=13.25	count=10000
01/19/2026 11:27:00 - INFO - qdiff.block_recon -   Total loss:	2126.204 (rec:48.588, round:2077.616)	b=12.69	count=10500
01/19/2026 11:27:05 - INFO - qdiff.block_recon -   Total loss:	1938.699 (rec:52.656, round:1886.043)	b=12.12	count=11000
01/19/2026 11:27:09 - INFO - qdiff.block_recon -   Total loss:	1752.716 (rec:48.077, round:1704.640)	b=11.56	count=11500
01/19/2026 11:27:14 - INFO - qdiff.block_recon -   Total loss:	1588.106 (rec:50.258, round:1537.848)	b=11.00	count=12000
01/19/2026 11:27:18 - INFO - qdiff.block_recon -   Total loss:	1426.433 (rec:47.326, round:1379.106)	b=10.44	count=12500
01/19/2026 11:27:23 - INFO - qdiff.block_recon -   Total loss:	1278.515 (rec:49.264, round:1229.250)	b=9.88	count=13000
01/19/2026 11:27:27 - INFO - qdiff.block_recon -   Total loss:	1138.957 (rec:52.185, round:1086.771)	b=9.31	count=13500
01/19/2026 11:27:32 - INFO - qdiff.block_recon -   Total loss:	1002.172 (rec:49.973, round:952.199)	b=8.75	count=14000
01/19/2026 11:27:36 - INFO - qdiff.block_recon -   Total loss:	875.634 (rec:50.865, round:824.769)	b=8.19	count=14500
01/19/2026 11:27:40 - INFO - qdiff.block_recon -   Total loss:	751.162 (rec:47.163, round:703.999)	b=7.62	count=15000
01/19/2026 11:27:45 - INFO - qdiff.block_recon -   Total loss:	638.640 (rec:47.978, round:590.662)	b=7.06	count=15500
01/19/2026 11:27:49 - INFO - qdiff.block_recon -   Total loss:	532.986 (rec:49.520, round:483.466)	b=6.50	count=16000
01/19/2026 11:27:54 - INFO - qdiff.block_recon -   Total loss:	432.113 (rec:49.065, round:383.048)	b=5.94	count=16500
01/19/2026 11:27:58 - INFO - qdiff.block_recon -   Total loss:	338.052 (rec:49.156, round:288.896)	b=5.38	count=17000
01/19/2026 11:28:03 - INFO - qdiff.block_recon -   Total loss:	252.205 (rec:49.443, round:202.762)	b=4.81	count=17500
01/19/2026 11:28:07 - INFO - qdiff.block_recon -   Total loss:	176.124 (rec:49.270, round:126.854)	b=4.25	count=18000
01/19/2026 11:28:12 - INFO - qdiff.block_recon -   Total loss:	111.471 (rec:46.696, round:64.775)	b=3.69	count=18500
01/19/2026 11:28:16 - INFO - qdiff.block_recon -   Total loss:	69.257 (rec:48.613, round:20.644)	b=3.12	count=19000
01/19/2026 11:28:20 - INFO - qdiff.block_recon -   Total loss:	51.608 (rec:49.091, round:2.517)	b=2.56	count=19500
01/19/2026 11:28:25 - INFO - qdiff.block_recon -   Total loss:	49.372 (rec:49.288, round:0.085)	b=2.00	count=20000
01/19/2026 11:28:25 - INFO - __main__ -   1 True
01/19/2026 11:28:25 - INFO - __main__ -   Reconstruction for block 1
01/19/2026 11:29:00 - INFO - qdiff.timestep_aware_utils -   in 1 shape: torch.Size([5120, 256, 8, 8]), in 2 shape: torch.Size([5120, 512])
01/19/2026 11:29:00 - INFO - qdiff.timestep_aware_utils -   out shape: torch.Size([5120, 256, 8, 8])
01/19/2026 11:29:03 - INFO - qdiff.block_recon -   Total loss:	41.644 (rec:41.644, round:0.000)	b=0.00	count=500
01/19/2026 11:29:07 - INFO - qdiff.block_recon -   Total loss:	39.573 (rec:39.573, round:0.000)	b=0.00	count=1000
01/19/2026 11:29:10 - INFO - qdiff.block_recon -   Total loss:	37.761 (rec:37.761, round:0.000)	b=0.00	count=1500
01/19/2026 11:29:13 - INFO - qdiff.block_recon -   Total loss:	40.588 (rec:40.588, round:0.000)	b=0.00	count=2000
01/19/2026 11:29:17 - INFO - qdiff.block_recon -   Total loss:	41.467 (rec:41.467, round:0.000)	b=0.00	count=2500
01/19/2026 11:29:20 - INFO - qdiff.block_recon -   Total loss:	41.399 (rec:41.399, round:0.000)	b=0.00	count=3000
01/19/2026 11:29:23 - INFO - qdiff.block_recon -   Total loss:	39.300 (rec:39.300, round:0.000)	b=0.00	count=3500
01/19/2026 11:29:27 - INFO - qdiff.block_recon -   Total loss:	11134.237 (rec:37.701, round:11096.536)	b=20.00	count=4000
01/19/2026 11:29:31 - INFO - qdiff.block_recon -   Total loss:	5769.402 (rec:37.272, round:5732.130)	b=19.44	count=4500
01/19/2026 11:29:36 - INFO - qdiff.block_recon -   Total loss:	5248.751 (rec:42.570, round:5206.181)	b=18.88	count=5000
01/19/2026 11:29:40 - INFO - qdiff.block_recon -   Total loss:	4847.589 (rec:40.840, round:4806.749)	b=18.31	count=5500
01/19/2026 11:29:44 - INFO - qdiff.block_recon -   Total loss:	4489.192 (rec:41.897, round:4447.295)	b=17.75	count=6000
01/19/2026 11:29:49 - INFO - qdiff.block_recon -   Total loss:	4149.089 (rec:38.070, round:4111.019)	b=17.19	count=6500
01/19/2026 11:29:53 - INFO - qdiff.block_recon -   Total loss:	3838.047 (rec:40.790, round:3797.257)	b=16.62	count=7000
01/19/2026 11:29:57 - INFO - qdiff.block_recon -   Total loss:	3542.550 (rec:42.460, round:3500.091)	b=16.06	count=7500
01/19/2026 11:30:01 - INFO - qdiff.block_recon -   Total loss:	3258.090 (rec:37.663, round:3220.426)	b=15.50	count=8000
01/19/2026 11:30:06 - INFO - qdiff.block_recon -   Total loss:	2996.232 (rec:38.342, round:2957.890)	b=14.94	count=8500
01/19/2026 11:30:10 - INFO - qdiff.block_recon -   Total loss:	2749.401 (rec:39.751, round:2709.650)	b=14.38	count=9000
01/19/2026 11:30:14 - INFO - qdiff.block_recon -   Total loss:	2514.008 (rec:37.939, round:2476.069)	b=13.81	count=9500
01/19/2026 11:30:19 - INFO - qdiff.block_recon -   Total loss:	2297.752 (rec:39.220, round:2258.532)	b=13.25	count=10000
01/19/2026 11:30:23 - INFO - qdiff.block_recon -   Total loss:	2092.340 (rec:38.618, round:2053.722)	b=12.69	count=10500
01/19/2026 11:30:27 - INFO - qdiff.block_recon -   Total loss:	1898.855 (rec:37.870, round:1860.984)	b=12.12	count=11000
01/19/2026 11:30:31 - INFO - qdiff.block_recon -   Total loss:	1724.983 (rec:42.569, round:1682.414)	b=11.56	count=11500
01/19/2026 11:30:36 - INFO - qdiff.block_recon -   Total loss:	1552.426 (rec:37.941, round:1514.485)	b=11.00	count=12000
01/19/2026 11:30:40 - INFO - qdiff.block_recon -   Total loss:	1394.792 (rec:38.656, round:1356.136)	b=10.44	count=12500
01/19/2026 11:30:44 - INFO - qdiff.block_recon -   Total loss:	1246.278 (rec:40.121, round:1206.157)	b=9.88	count=13000
01/19/2026 11:30:48 - INFO - qdiff.block_recon -   Total loss:	1105.620 (rec:38.678, round:1066.943)	b=9.31	count=13500
01/19/2026 11:30:53 - INFO - qdiff.block_recon -   Total loss:	971.389 (rec:38.423, round:932.966)	b=8.75	count=14000
01/19/2026 11:30:57 - INFO - qdiff.block_recon -   Total loss:	845.637 (rec:39.344, round:806.292)	b=8.19	count=14500
01/19/2026 11:31:01 - INFO - qdiff.block_recon -   Total loss:	728.192 (rec:40.800, round:687.391)	b=7.62	count=15000
01/19/2026 11:31:06 - INFO - qdiff.block_recon -   Total loss:	619.448 (rec:43.129, round:576.319)	b=7.06	count=15500
01/19/2026 11:31:10 - INFO - qdiff.block_recon -   Total loss:	509.645 (rec:41.101, round:468.545)	b=6.50	count=16000
01/19/2026 11:31:14 - INFO - qdiff.block_recon -   Total loss:	407.567 (rec:38.944, round:368.623)	b=5.94	count=16500
01/19/2026 11:31:18 - INFO - qdiff.block_recon -   Total loss:	315.174 (rec:39.475, round:275.700)	b=5.38	count=17000
01/19/2026 11:31:23 - INFO - qdiff.block_recon -   Total loss:	232.205 (rec:40.893, round:191.313)	b=4.81	count=17500
01/19/2026 11:31:27 - INFO - qdiff.block_recon -   Total loss:	159.045 (rec:41.096, round:117.949)	b=4.25	count=18000
01/19/2026 11:31:31 - INFO - qdiff.block_recon -   Total loss:	98.687 (rec:40.352, round:58.335)	b=3.69	count=18500
01/19/2026 11:31:36 - INFO - qdiff.block_recon -   Total loss:	56.926 (rec:39.253, round:17.673)	b=3.12	count=19000
01/19/2026 11:31:40 - INFO - qdiff.block_recon -   Total loss:	41.405 (rec:39.359, round:2.046)	b=2.56	count=19500
01/19/2026 11:31:44 - INFO - qdiff.block_recon -   Total loss:	44.333 (rec:44.276, round:0.057)	b=2.00	count=20000
01/19/2026 11:31:44 - INFO - __main__ -   attn False
01/19/2026 11:31:44 - INFO - __main__ -   downsample False
01/19/2026 11:31:44 - INFO - __main__ -   conv False
01/19/2026 11:31:44 - INFO - __main__ -   Reconstruction for layer conv
01/19/2026 11:32:18 - INFO - qdiff.timestep_aware_utils -   in shape: torch.Size([5120, 256, 9, 9])
01/19/2026 11:32:18 - INFO - qdiff.timestep_aware_utils -   out shape: torch.Size([5120, 256, 4, 4])
01/19/2026 11:32:20 - INFO - qdiff.layer_recon -   Total loss:	19.501 (rec:19.501, round:0.000)	b=0.00	count=500
01/19/2026 11:32:21 - INFO - qdiff.layer_recon -   Total loss:	19.277 (rec:19.277, round:0.000)	b=0.00	count=1000
01/19/2026 11:32:23 - INFO - qdiff.layer_recon -   Total loss:	20.295 (rec:20.295, round:0.000)	b=0.00	count=1500
01/19/2026 11:32:25 - INFO - qdiff.layer_recon -   Total loss:	16.141 (rec:16.141, round:0.000)	b=0.00	count=2000
01/19/2026 11:32:26 - INFO - qdiff.layer_recon -   Total loss:	13.521 (rec:13.521, round:0.000)	b=0.00	count=2500
01/19/2026 11:32:28 - INFO - qdiff.layer_recon -   Total loss:	16.182 (rec:16.182, round:0.000)	b=0.00	count=3000
01/19/2026 11:32:29 - INFO - qdiff.layer_recon -   Total loss:	15.333 (rec:15.333, round:0.000)	b=0.00	count=3500
01/19/2026 11:32:31 - INFO - qdiff.layer_recon -   Total loss:	4761.776 (rec:16.780, round:4744.996)	b=20.00	count=4000
01/19/2026 11:32:33 - INFO - qdiff.layer_recon -   Total loss:	2741.174 (rec:13.374, round:2727.799)	b=19.44	count=4500
01/19/2026 11:32:35 - INFO - qdiff.layer_recon -   Total loss:	2477.812 (rec:12.991, round:2464.821)	b=18.88	count=5000
01/19/2026 11:32:37 - INFO - qdiff.layer_recon -   Total loss:	2282.476 (rec:13.276, round:2269.200)	b=18.31	count=5500
01/19/2026 11:32:39 - INFO - qdiff.layer_recon -   Total loss:	2112.962 (rec:14.965, round:2097.997)	b=17.75	count=6000
01/19/2026 11:32:41 - INFO - qdiff.layer_recon -   Total loss:	1957.481 (rec:13.515, round:1943.966)	b=17.19	count=6500
01/19/2026 11:32:43 - INFO - qdiff.layer_recon -   Total loss:	1816.197 (rec:11.378, round:1804.819)	b=16.62	count=7000
01/19/2026 11:32:45 - INFO - qdiff.layer_recon -   Total loss:	1691.374 (rec:13.596, round:1677.778)	b=16.06	count=7500
01/19/2026 11:32:46 - INFO - qdiff.layer_recon -   Total loss:	1574.047 (rec:13.194, round:1560.853)	b=15.50	count=8000
01/19/2026 11:32:48 - INFO - qdiff.layer_recon -   Total loss:	1464.334 (rec:11.840, round:1452.494)	b=14.94	count=8500
01/19/2026 11:32:50 - INFO - qdiff.layer_recon -   Total loss:	1364.059 (rec:13.766, round:1350.292)	b=14.38	count=9000
01/19/2026 11:32:52 - INFO - qdiff.layer_recon -   Total loss:	1268.976 (rec:13.585, round:1255.391)	b=13.81	count=9500
01/19/2026 11:32:54 - INFO - qdiff.layer_recon -   Total loss:	1178.700 (rec:12.789, round:1165.911)	b=13.25	count=10000
01/19/2026 11:32:56 - INFO - qdiff.layer_recon -   Total loss:	1097.031 (rec:15.206, round:1081.825)	b=12.69	count=10500
01/19/2026 11:32:58 - INFO - qdiff.layer_recon -   Total loss:	1016.536 (rec:13.472, round:1003.064)	b=12.12	count=11000
01/19/2026 11:33:00 - INFO - qdiff.layer_recon -   Total loss:	940.898 (rec:14.806, round:926.092)	b=11.56	count=11500
01/19/2026 11:33:02 - INFO - qdiff.layer_recon -   Total loss:	865.552 (rec:12.093, round:853.459)	b=11.00	count=12000
01/19/2026 11:33:04 - INFO - qdiff.layer_recon -   Total loss:	796.443 (rec:12.424, round:784.020)	b=10.44	count=12500
01/19/2026 11:33:06 - INFO - qdiff.layer_recon -   Total loss:	729.115 (rec:12.659, round:716.456)	b=9.88	count=13000
01/19/2026 11:33:08 - INFO - qdiff.layer_recon -   Total loss:	665.826 (rec:12.974, round:652.852)	b=9.31	count=13500
01/19/2026 11:33:10 - INFO - qdiff.layer_recon -   Total loss:	603.083 (rec:13.080, round:590.003)	b=8.75	count=14000
01/19/2026 11:33:12 - INFO - qdiff.layer_recon -   Total loss:	540.676 (rec:11.863, round:528.813)	b=8.19	count=14500
01/19/2026 11:33:13 - INFO - qdiff.layer_recon -   Total loss:	480.436 (rec:12.544, round:467.892)	b=7.62	count=15000
01/19/2026 11:33:15 - INFO - qdiff.layer_recon -   Total loss:	422.689 (rec:13.573, round:409.116)	b=7.06	count=15500
01/19/2026 11:33:17 - INFO - qdiff.layer_recon -   Total loss:	365.339 (rec:14.675, round:350.664)	b=6.50	count=16000
01/19/2026 11:33:19 - INFO - qdiff.layer_recon -   Total loss:	307.305 (rec:13.021, round:294.284)	b=5.94	count=16500
01/19/2026 11:33:21 - INFO - qdiff.layer_recon -   Total loss:	251.708 (rec:14.294, round:237.414)	b=5.38	count=17000
01/19/2026 11:33:23 - INFO - qdiff.layer_recon -   Total loss:	193.942 (rec:12.046, round:181.896)	b=4.81	count=17500
01/19/2026 11:33:25 - INFO - qdiff.layer_recon -   Total loss:	140.385 (rec:12.250, round:128.135)	b=4.25	count=18000
01/19/2026 11:33:27 - INFO - qdiff.layer_recon -   Total loss:	91.121 (rec:12.819, round:78.302)	b=3.69	count=18500
01/19/2026 11:33:29 - INFO - qdiff.layer_recon -   Total loss:	49.314 (rec:12.972, round:36.342)	b=3.12	count=19000
01/19/2026 11:33:31 - INFO - qdiff.layer_recon -   Total loss:	20.473 (rec:11.420, round:9.053)	b=2.56	count=19500
01/19/2026 11:33:33 - INFO - qdiff.layer_recon -   Total loss:	13.490 (rec:12.682, round:0.808)	b=2.00	count=20000
01/19/2026 11:33:33 - INFO - __main__ -   3 False
01/19/2026 11:33:33 - INFO - __main__ -   block False
01/19/2026 11:33:33 - INFO - __main__ -   0 True
01/19/2026 11:33:33 - INFO - __main__ -   Reconstruction for block 0
01/19/2026 11:34:08 - INFO - qdiff.timestep_aware_utils -   in 1 shape: torch.Size([5120, 256, 4, 4]), in 2 shape: torch.Size([5120, 512])
01/19/2026 11:34:08 - INFO - qdiff.timestep_aware_utils -   out shape: torch.Size([5120, 256, 4, 4])
01/19/2026 11:34:11 - INFO - qdiff.block_recon -   Total loss:	400.198 (rec:400.198, round:0.000)	b=0.00	count=500
01/19/2026 11:34:13 - INFO - qdiff.block_recon -   Total loss:	409.942 (rec:409.942, round:0.000)	b=0.00	count=1000
01/19/2026 11:34:16 - INFO - qdiff.block_recon -   Total loss:	379.691 (rec:379.691, round:0.000)	b=0.00	count=1500
01/19/2026 11:34:18 - INFO - qdiff.block_recon -   Total loss:	386.842 (rec:386.842, round:0.000)	b=0.00	count=2000
01/19/2026 11:34:20 - INFO - qdiff.block_recon -   Total loss:	444.478 (rec:444.478, round:0.000)	b=0.00	count=2500
01/19/2026 11:34:23 - INFO - qdiff.block_recon -   Total loss:	392.406 (rec:392.406, round:0.000)	b=0.00	count=3000
01/19/2026 11:34:25 - INFO - qdiff.block_recon -   Total loss:	383.919 (rec:383.919, round:0.000)	b=0.00	count=3500
01/19/2026 11:34:27 - INFO - qdiff.block_recon -   Total loss:	12081.363 (rec:403.104, round:11678.260)	b=20.00	count=4000
01/19/2026 11:34:31 - INFO - qdiff.block_recon -   Total loss:	7898.780 (rec:399.167, round:7499.613)	b=19.44	count=4500
01/19/2026 11:34:34 - INFO - qdiff.block_recon -   Total loss:	7363.119 (rec:398.219, round:6964.899)	b=18.88	count=5000
01/19/2026 11:34:38 - INFO - qdiff.block_recon -   Total loss:	6999.064 (rec:406.075, round:6592.989)	b=18.31	count=5500
01/19/2026 11:34:41 - INFO - qdiff.block_recon -   Total loss:	6639.627 (rec:371.164, round:6268.463)	b=17.75	count=6000
01/19/2026 11:34:44 - INFO - qdiff.block_recon -   Total loss:	6362.203 (rec:396.158, round:5966.045)	b=17.19	count=6500
01/19/2026 11:34:48 - INFO - qdiff.block_recon -   Total loss:	6047.798 (rec:371.892, round:5675.906)	b=16.62	count=7000
01/19/2026 11:34:51 - INFO - qdiff.block_recon -   Total loss:	5787.588 (rec:393.005, round:5394.583)	b=16.06	count=7500
01/19/2026 11:34:54 - INFO - qdiff.block_recon -   Total loss:	5509.950 (rec:390.654, round:5119.296)	b=15.50	count=8000
01/19/2026 11:34:57 - INFO - qdiff.block_recon -   Total loss:	5262.898 (rec:410.527, round:4852.372)	b=14.94	count=8500
01/19/2026 11:35:00 - INFO - qdiff.block_recon -   Total loss:	4987.888 (rec:396.959, round:4590.929)	b=14.38	count=9000
01/19/2026 11:35:04 - INFO - qdiff.block_recon -   Total loss:	4747.563 (rec:414.286, round:4333.277)	b=13.81	count=9500
01/19/2026 11:35:07 - INFO - qdiff.block_recon -   Total loss:	4469.595 (rec:385.800, round:4083.795)	b=13.25	count=10000
01/19/2026 11:35:10 - INFO - qdiff.block_recon -   Total loss:	4188.085 (rec:356.084, round:3832.000)	b=12.69	count=10500
01/19/2026 11:35:13 - INFO - qdiff.block_recon -   Total loss:	3967.881 (rec:378.550, round:3589.331)	b=12.12	count=11000
01/19/2026 11:35:17 - INFO - qdiff.block_recon -   Total loss:	3732.511 (rec:379.653, round:3352.858)	b=11.56	count=11500
01/19/2026 11:35:20 - INFO - qdiff.block_recon -   Total loss:	3483.264 (rec:365.745, round:3117.519)	b=11.00	count=12000
01/19/2026 11:35:23 - INFO - qdiff.block_recon -   Total loss:	3273.105 (rec:386.419, round:2886.687)	b=10.44	count=12500
01/19/2026 11:35:26 - INFO - qdiff.block_recon -   Total loss:	3092.903 (rec:432.810, round:2660.093)	b=9.88	count=13000
01/19/2026 11:35:29 - INFO - qdiff.block_recon -   Total loss:	2820.167 (rec:385.997, round:2434.170)	b=9.31	count=13500
01/19/2026 11:35:33 - INFO - qdiff.block_recon -   Total loss:	2591.479 (rec:376.969, round:2214.511)	b=8.75	count=14000
01/19/2026 11:35:36 - INFO - qdiff.block_recon -   Total loss:	2408.978 (rec:408.078, round:2000.900)	b=8.19	count=14500
01/19/2026 11:35:39 - INFO - qdiff.block_recon -   Total loss:	2169.307 (rec:379.158, round:1790.149)	b=7.62	count=15000
01/19/2026 11:35:43 - INFO - qdiff.block_recon -   Total loss:	1937.021 (rec:356.238, round:1580.783)	b=7.06	count=15500
01/19/2026 11:35:46 - INFO - qdiff.block_recon -   Total loss:	1777.335 (rec:403.211, round:1374.124)	b=6.50	count=16000
01/19/2026 11:35:49 - INFO - qdiff.block_recon -   Total loss:	1578.845 (rec:409.554, round:1169.291)	b=5.94	count=16500
01/19/2026 11:35:52 - INFO - qdiff.block_recon -   Total loss:	1327.484 (rec:360.187, round:967.297)	b=5.38	count=17000
01/19/2026 11:35:56 - INFO - qdiff.block_recon -   Total loss:	1169.866 (rec:400.058, round:769.808)	b=4.81	count=17500
01/19/2026 11:35:59 - INFO - qdiff.block_recon -   Total loss:	967.635 (rec:389.057, round:578.578)	b=4.25	count=18000
01/19/2026 11:36:03 - INFO - qdiff.block_recon -   Total loss:	789.767 (rec:395.569, round:394.198)	b=3.69	count=18500
01/19/2026 11:36:06 - INFO - qdiff.block_recon -   Total loss:	613.414 (rec:388.536, round:224.878)	b=3.12	count=19000
01/19/2026 11:36:09 - INFO - qdiff.block_recon -   Total loss:	458.651 (rec:370.711, round:87.940)	b=2.56	count=19500
01/19/2026 11:36:13 - INFO - qdiff.block_recon -   Total loss:	434.080 (rec:418.796, round:15.284)	b=2.00	count=20000
01/19/2026 11:36:13 - INFO - __main__ -   1 True
01/19/2026 11:36:13 - INFO - __main__ -   Reconstruction for block 1
01/19/2026 11:36:51 - INFO - qdiff.timestep_aware_utils -   in 1 shape: torch.Size([5120, 256, 4, 4]), in 2 shape: torch.Size([5120, 512])
01/19/2026 11:36:51 - INFO - qdiff.timestep_aware_utils -   out shape: torch.Size([5120, 256, 4, 4])
01/19/2026 11:36:54 - INFO - qdiff.block_recon -   Total loss:	396.000 (rec:396.000, round:0.000)	b=0.00	count=500
01/19/2026 11:36:56 - INFO - qdiff.block_recon -   Total loss:	364.451 (rec:364.451, round:0.000)	b=0.00	count=1000
01/19/2026 11:36:59 - INFO - qdiff.block_recon -   Total loss:	374.943 (rec:374.943, round:0.000)	b=0.00	count=1500
01/19/2026 11:37:01 - INFO - qdiff.block_recon -   Total loss:	410.815 (rec:410.815, round:0.000)	b=0.00	count=2000
01/19/2026 11:37:04 - INFO - qdiff.block_recon -   Total loss:	358.202 (rec:358.202, round:0.000)	b=0.00	count=2500
01/19/2026 11:37:06 - INFO - qdiff.block_recon -   Total loss:	393.731 (rec:393.731, round:0.000)	b=0.00	count=3000
01/19/2026 11:37:09 - INFO - qdiff.block_recon -   Total loss:	394.206 (rec:394.206, round:0.000)	b=0.00	count=3500
01/19/2026 11:37:11 - INFO - qdiff.block_recon -   Total loss:	11990.700 (rec:406.036, round:11584.664)	b=20.00	count=4000
01/19/2026 11:37:14 - INFO - qdiff.block_recon -   Total loss:	7754.949 (rec:360.244, round:7394.705)	b=19.44	count=4500
01/19/2026 11:37:18 - INFO - qdiff.block_recon -   Total loss:	7226.288 (rec:371.809, round:6854.479)	b=18.88	count=5000
01/19/2026 11:37:21 - INFO - qdiff.block_recon -   Total loss:	6864.543 (rec:384.916, round:6479.628)	b=18.31	count=5500
01/19/2026 11:37:25 - INFO - qdiff.block_recon -   Total loss:	6525.826 (rec:376.689, round:6149.138)	b=17.75	count=6000
01/19/2026 11:37:28 - INFO - qdiff.block_recon -   Total loss:	6198.856 (rec:356.424, round:5842.432)	b=17.19	count=6500
01/19/2026 11:37:31 - INFO - qdiff.block_recon -   Total loss:	5954.172 (rec:407.569, round:5546.603)	b=16.62	count=7000
01/19/2026 11:37:35 - INFO - qdiff.block_recon -   Total loss:	5630.486 (rec:371.350, round:5259.137)	b=16.06	count=7500
01/19/2026 11:37:38 - INFO - qdiff.block_recon -   Total loss:	5349.262 (rec:369.716, round:4979.546)	b=15.50	count=8000
01/19/2026 11:37:42 - INFO - qdiff.block_recon -   Total loss:	5075.982 (rec:368.116, round:4707.866)	b=14.94	count=8500
01/19/2026 11:37:45 - INFO - qdiff.block_recon -   Total loss:	4817.125 (rec:373.646, round:4443.479)	b=14.38	count=9000
01/19/2026 11:37:48 - INFO - qdiff.block_recon -   Total loss:	4578.572 (rec:391.475, round:4187.097)	b=13.81	count=9500
01/19/2026 11:37:52 - INFO - qdiff.block_recon -   Total loss:	4318.328 (rec:386.756, round:3931.572)	b=13.25	count=10000
01/19/2026 11:37:55 - INFO - qdiff.block_recon -   Total loss:	4039.138 (rec:356.689, round:3682.449)	b=12.69	count=10500
01/19/2026 11:37:58 - INFO - qdiff.block_recon -   Total loss:	3837.763 (rec:396.814, round:3440.949)	b=12.12	count=11000
01/19/2026 11:38:02 - INFO - qdiff.block_recon -   Total loss:	3558.721 (rec:352.867, round:3205.854)	b=11.56	count=11500
01/19/2026 11:38:05 - INFO - qdiff.block_recon -   Total loss:	3368.514 (rec:392.918, round:2975.596)	b=11.00	count=12000
01/19/2026 11:38:09 - INFO - qdiff.block_recon -   Total loss:	3113.565 (rec:364.800, round:2748.766)	b=10.44	count=12500
01/19/2026 11:38:12 - INFO - qdiff.block_recon -   Total loss:	2913.765 (rec:384.321, round:2529.444)	b=9.88	count=13000
01/19/2026 11:38:15 - INFO - qdiff.block_recon -   Total loss:	2715.218 (rec:401.739, round:2313.479)	b=9.31	count=13500
01/19/2026 11:38:19 - INFO - qdiff.block_recon -   Total loss:	2496.576 (rec:394.191, round:2102.385)	b=8.75	count=14000
01/19/2026 11:38:22 - INFO - qdiff.block_recon -   Total loss:	2299.897 (rec:404.898, round:1894.999)	b=8.19	count=14500
01/19/2026 11:38:26 - INFO - qdiff.block_recon -   Total loss:	2066.017 (rec:374.401, round:1691.616)	b=7.62	count=15000
01/19/2026 11:38:29 - INFO - qdiff.block_recon -   Total loss:	1836.393 (rec:347.358, round:1489.035)	b=7.06	count=15500
01/19/2026 11:38:32 - INFO - qdiff.block_recon -   Total loss:	1661.552 (rec:369.708, round:1291.844)	b=6.50	count=16000
01/19/2026 11:38:36 - INFO - qdiff.block_recon -   Total loss:	1468.399 (rec:370.940, round:1097.459)	b=5.94	count=16500
01/19/2026 11:38:39 - INFO - qdiff.block_recon -   Total loss:	1261.941 (rec:355.938, round:906.003)	b=5.38	count=17000
01/19/2026 11:38:42 - INFO - qdiff.block_recon -   Total loss:	1094.776 (rec:375.730, round:719.046)	b=4.81	count=17500
01/19/2026 11:38:46 - INFO - qdiff.block_recon -   Total loss:	886.632 (rec:349.065, round:537.566)	b=4.25	count=18000
01/19/2026 11:38:49 - INFO - qdiff.block_recon -   Total loss:	760.686 (rec:395.924, round:364.762)	b=3.69	count=18500
01/19/2026 11:38:53 - INFO - qdiff.block_recon -   Total loss:	617.692 (rec:410.490, round:207.202)	b=3.12	count=19000
01/19/2026 11:38:56 - INFO - qdiff.block_recon -   Total loss:	436.645 (rec:355.889, round:80.756)	b=2.56	count=19500
01/19/2026 11:38:59 - INFO - qdiff.block_recon -   Total loss:	371.769 (rec:357.819, round:13.950)	b=2.00	count=20000
01/19/2026 11:38:59 - INFO - __main__ -   attn False
01/19/2026 11:38:59 - INFO - __main__ -   mid False
01/19/2026 11:38:59 - INFO - __main__ -   block_1 True
01/19/2026 11:38:59 - INFO - __main__ -   Reconstruction for block block_1
01/19/2026 11:39:39 - INFO - qdiff.timestep_aware_utils -   in 1 shape: torch.Size([5120, 256, 4, 4]), in 2 shape: torch.Size([5120, 512])
01/19/2026 11:39:39 - INFO - qdiff.timestep_aware_utils -   out shape: torch.Size([5120, 256, 4, 4])
01/19/2026 11:39:42 - INFO - qdiff.block_recon -   Total loss:	452.502 (rec:452.502, round:0.000)	b=0.00	count=500
01/19/2026 11:39:44 - INFO - qdiff.block_recon -   Total loss:	419.567 (rec:419.567, round:0.000)	b=0.00	count=1000
01/19/2026 11:39:47 - INFO - qdiff.block_recon -   Total loss:	415.489 (rec:415.489, round:0.000)	b=0.00	count=1500
01/19/2026 11:39:49 - INFO - qdiff.block_recon -   Total loss:	440.742 (rec:440.742, round:0.000)	b=0.00	count=2000
01/19/2026 11:39:52 - INFO - qdiff.block_recon -   Total loss:	395.826 (rec:395.826, round:0.000)	b=0.00	count=2500
01/19/2026 11:39:54 - INFO - qdiff.block_recon -   Total loss:	415.185 (rec:415.185, round:0.000)	b=0.00	count=3000
01/19/2026 11:39:57 - INFO - qdiff.block_recon -   Total loss:	401.865 (rec:401.865, round:0.000)	b=0.00	count=3500
01/19/2026 11:39:59 - INFO - qdiff.block_recon -   Total loss:	12002.660 (rec:396.400, round:11606.260)	b=20.00	count=4000
01/19/2026 11:40:03 - INFO - qdiff.block_recon -   Total loss:	7920.788 (rec:446.681, round:7474.107)	b=19.44	count=4500
01/19/2026 11:40:06 - INFO - qdiff.block_recon -   Total loss:	7373.818 (rec:444.251, round:6929.567)	b=18.88	count=5000
01/19/2026 11:40:09 - INFO - qdiff.block_recon -   Total loss:	6931.574 (rec:380.282, round:6551.292)	b=18.31	count=5500
01/19/2026 11:40:13 - INFO - qdiff.block_recon -   Total loss:	6616.917 (rec:396.724, round:6220.193)	b=17.75	count=6000
01/19/2026 11:40:16 - INFO - qdiff.block_recon -   Total loss:	6317.253 (rec:406.884, round:5910.369)	b=17.19	count=6500
01/19/2026 11:40:20 - INFO - qdiff.block_recon -   Total loss:	6037.296 (rec:424.926, round:5612.370)	b=16.62	count=7000
01/19/2026 11:40:23 - INFO - qdiff.block_recon -   Total loss:	5751.998 (rec:428.047, round:5323.950)	b=16.06	count=7500
01/19/2026 11:40:26 - INFO - qdiff.block_recon -   Total loss:	5418.127 (rec:375.667, round:5042.460)	b=15.50	count=8000
01/19/2026 11:40:30 - INFO - qdiff.block_recon -   Total loss:	5173.525 (rec:402.583, round:4770.942)	b=14.94	count=8500
01/19/2026 11:40:33 - INFO - qdiff.block_recon -   Total loss:	4903.312 (rec:395.258, round:4508.055)	b=14.38	count=9000
01/19/2026 11:40:36 - INFO - qdiff.block_recon -   Total loss:	4616.950 (rec:365.900, round:4251.050)	b=13.81	count=9500
01/19/2026 11:40:40 - INFO - qdiff.block_recon -   Total loss:	4393.396 (rec:395.707, round:3997.689)	b=13.25	count=10000
01/19/2026 11:40:43 - INFO - qdiff.block_recon -   Total loss:	4163.196 (rec:413.280, round:3749.916)	b=12.69	count=10500
01/19/2026 11:40:46 - INFO - qdiff.block_recon -   Total loss:	3878.292 (rec:373.309, round:3504.983)	b=12.12	count=11000
01/19/2026 11:40:50 - INFO - qdiff.block_recon -   Total loss:	3696.196 (rec:429.861, round:3266.335)	b=11.56	count=11500
01/19/2026 11:40:53 - INFO - qdiff.block_recon -   Total loss:	3419.080 (rec:385.031, round:3034.049)	b=11.00	count=12000
01/19/2026 11:40:56 - INFO - qdiff.block_recon -   Total loss:	3192.472 (rec:384.639, round:2807.833)	b=10.44	count=12500
01/19/2026 11:41:00 - INFO - qdiff.block_recon -   Total loss:	2989.112 (rec:402.715, round:2586.398)	b=9.88	count=13000
01/19/2026 11:41:03 - INFO - qdiff.block_recon -   Total loss:	2773.601 (rec:402.787, round:2370.813)	b=9.31	count=13500
01/19/2026 11:41:06 - INFO - qdiff.block_recon -   Total loss:	2523.490 (rec:364.913, round:2158.577)	b=8.75	count=14000
01/19/2026 11:41:10 - INFO - qdiff.block_recon -   Total loss:	2375.737 (rec:426.169, round:1949.568)	b=8.19	count=14500
01/19/2026 11:41:13 - INFO - qdiff.block_recon -   Total loss:	2145.719 (rec:401.744, round:1743.975)	b=7.62	count=15000
01/19/2026 11:41:16 - INFO - qdiff.block_recon -   Total loss:	1943.515 (rec:402.583, round:1540.932)	b=7.06	count=15500
01/19/2026 11:41:19 - INFO - qdiff.block_recon -   Total loss:	1732.857 (rec:391.385, round:1341.472)	b=6.50	count=16000
01/19/2026 11:41:23 - INFO - qdiff.block_recon -   Total loss:	1550.039 (rec:407.438, round:1142.601)	b=5.94	count=16500
01/19/2026 11:41:26 - INFO - qdiff.block_recon -   Total loss:	1346.490 (rec:399.360, round:947.129)	b=5.38	count=17000
01/19/2026 11:41:29 - INFO - qdiff.block_recon -   Total loss:	1145.894 (rec:391.571, round:754.323)	b=4.81	count=17500
01/19/2026 11:41:33 - INFO - qdiff.block_recon -   Total loss:	988.099 (rec:419.909, round:568.190)	b=4.25	count=18000
01/19/2026 11:41:36 - INFO - qdiff.block_recon -   Total loss:	790.151 (rec:399.928, round:390.223)	b=3.69	count=18500
01/19/2026 11:41:39 - INFO - qdiff.block_recon -   Total loss:	613.260 (rec:385.167, round:228.093)	b=3.12	count=19000
01/19/2026 11:41:43 - INFO - qdiff.block_recon -   Total loss:	505.292 (rec:412.035, round:93.257)	b=2.56	count=19500
01/19/2026 11:41:46 - INFO - qdiff.block_recon -   Total loss:	398.454 (rec:380.973, round:17.482)	b=2.00	count=20000
01/19/2026 11:41:46 - INFO - __main__ -   attn_1 True
01/19/2026 11:41:46 - INFO - __main__ -   Reconstruction for block attn_1
01/19/2026 11:42:27 - INFO - qdiff.timestep_aware_utils -   in shape: torch.Size([5120, 256, 4, 4])
01/19/2026 11:42:27 - INFO - qdiff.timestep_aware_utils -   out shape: torch.Size([5120, 256, 4, 4])
01/19/2026 11:42:30 - INFO - qdiff.block_recon -   Total loss:	33.279 (rec:33.279, round:0.000)	b=0.00	count=500
01/19/2026 11:42:33 - INFO - qdiff.block_recon -   Total loss:	34.880 (rec:34.880, round:0.000)	b=0.00	count=1000
01/19/2026 11:42:36 - INFO - qdiff.block_recon -   Total loss:	35.189 (rec:35.189, round:0.000)	b=0.00	count=1500
01/19/2026 11:42:38 - INFO - qdiff.block_recon -   Total loss:	34.523 (rec:34.523, round:0.000)	b=0.00	count=2000
01/19/2026 11:42:41 - INFO - qdiff.block_recon -   Total loss:	33.715 (rec:33.715, round:0.000)	b=0.00	count=2500
01/19/2026 11:42:44 - INFO - qdiff.block_recon -   Total loss:	32.675 (rec:32.675, round:0.000)	b=0.00	count=3000
01/19/2026 11:42:46 - INFO - qdiff.block_recon -   Total loss:	35.192 (rec:35.192, round:0.000)	b=0.00	count=3500
01/19/2026 11:42:49 - INFO - qdiff.block_recon -   Total loss:	2265.951 (rec:33.469, round:2232.482)	b=20.00	count=4000
01/19/2026 11:42:53 - INFO - qdiff.block_recon -   Total loss:	1298.041 (rec:32.522, round:1265.518)	b=19.44	count=4500
01/19/2026 11:42:57 - INFO - qdiff.block_recon -   Total loss:	1187.093 (rec:32.595, round:1154.498)	b=18.88	count=5000
01/19/2026 11:43:01 - INFO - qdiff.block_recon -   Total loss:	1107.190 (rec:34.074, round:1073.116)	b=18.31	count=5500
01/19/2026 11:43:05 - INFO - qdiff.block_recon -   Total loss:	1032.479 (rec:31.457, round:1001.023)	b=17.75	count=6000
01/19/2026 11:43:10 - INFO - qdiff.block_recon -   Total loss:	967.296 (rec:32.802, round:934.494)	b=17.19	count=6500
01/19/2026 11:43:14 - INFO - qdiff.block_recon -   Total loss:	906.338 (rec:35.944, round:870.394)	b=16.62	count=7000
01/19/2026 11:43:18 - INFO - qdiff.block_recon -   Total loss:	845.000 (rec:33.831, round:811.169)	b=16.06	count=7500
01/19/2026 11:43:22 - INFO - qdiff.block_recon -   Total loss:	787.401 (rec:33.019, round:754.382)	b=15.50	count=8000
01/19/2026 11:43:26 - INFO - qdiff.block_recon -   Total loss:	735.041 (rec:33.948, round:701.093)	b=14.94	count=8500
01/19/2026 11:43:30 - INFO - qdiff.block_recon -   Total loss:	682.724 (rec:33.070, round:649.654)	b=14.38	count=9000
01/19/2026 11:43:34 - INFO - qdiff.block_recon -   Total loss:	632.581 (rec:32.499, round:600.082)	b=13.81	count=9500
01/19/2026 11:43:38 - INFO - qdiff.block_recon -   Total loss:	587.796 (rec:34.601, round:553.195)	b=13.25	count=10000
01/19/2026 11:43:42 - INFO - qdiff.block_recon -   Total loss:	542.481 (rec:34.088, round:508.393)	b=12.69	count=10500
01/19/2026 11:43:47 - INFO - qdiff.block_recon -   Total loss:	498.150 (rec:31.955, round:466.195)	b=12.12	count=11000
01/19/2026 11:43:51 - INFO - qdiff.block_recon -   Total loss:	458.076 (rec:32.482, round:425.594)	b=11.56	count=11500
01/19/2026 11:43:55 - INFO - qdiff.block_recon -   Total loss:	420.879 (rec:33.875, round:387.004)	b=11.00	count=12000
01/19/2026 11:43:59 - INFO - qdiff.block_recon -   Total loss:	384.404 (rec:35.384, round:349.020)	b=10.44	count=12500
01/19/2026 11:44:03 - INFO - qdiff.block_recon -   Total loss:	348.347 (rec:33.603, round:314.744)	b=9.88	count=13000
01/19/2026 11:44:07 - INFO - qdiff.block_recon -   Total loss:	314.906 (rec:33.061, round:281.845)	b=9.31	count=13500
01/19/2026 11:44:11 - INFO - qdiff.block_recon -   Total loss:	281.780 (rec:32.095, round:249.684)	b=8.75	count=14000
01/19/2026 11:44:16 - INFO - qdiff.block_recon -   Total loss:	254.746 (rec:34.608, round:220.138)	b=8.19	count=14500
01/19/2026 11:44:20 - INFO - qdiff.block_recon -   Total loss:	223.136 (rec:31.781, round:191.354)	b=7.62	count=15000
01/19/2026 11:44:24 - INFO - qdiff.block_recon -   Total loss:	198.730 (rec:35.427, round:163.303)	b=7.06	count=15500
01/19/2026 11:44:28 - INFO - qdiff.block_recon -   Total loss:	169.373 (rec:33.368, round:136.005)	b=6.50	count=16000
01/19/2026 11:44:32 - INFO - qdiff.block_recon -   Total loss:	143.378 (rec:33.756, round:109.622)	b=5.94	count=16500
01/19/2026 11:44:36 - INFO - qdiff.block_recon -   Total loss:	120.061 (rec:34.500, round:85.560)	b=5.38	count=17000
01/19/2026 11:44:40 - INFO - qdiff.block_recon -   Total loss:	94.588 (rec:32.286, round:62.302)	b=4.81	count=17500
01/19/2026 11:44:44 - INFO - qdiff.block_recon -   Total loss:	75.320 (rec:33.415, round:41.905)	b=4.25	count=18000
01/19/2026 11:44:47 - INFO - qdiff.block_recon -   Total loss:	58.599 (rec:35.079, round:23.520)	b=3.69	count=18500
01/19/2026 11:44:51 - INFO - qdiff.block_recon -   Total loss:	42.574 (rec:33.428, round:9.146)	b=3.12	count=19000
01/19/2026 11:44:55 - INFO - qdiff.block_recon -   Total loss:	35.527 (rec:33.840, round:1.686)	b=2.56	count=19500
01/19/2026 11:44:59 - INFO - qdiff.block_recon -   Total loss:	34.285 (rec:34.187, round:0.098)	b=2.00	count=20000
01/19/2026 11:44:59 - INFO - __main__ -   block_2 True
01/19/2026 11:44:59 - INFO - __main__ -   Reconstruction for block block_2
01/19/2026 11:45:43 - INFO - qdiff.timestep_aware_utils -   in 1 shape: torch.Size([5120, 256, 4, 4]), in 2 shape: torch.Size([5120, 512])
01/19/2026 11:45:43 - INFO - qdiff.timestep_aware_utils -   out shape: torch.Size([5120, 256, 4, 4])
01/19/2026 11:45:45 - INFO - qdiff.block_recon -   Total loss:	365.339 (rec:365.339, round:0.000)	b=0.00	count=500
01/19/2026 11:45:48 - INFO - qdiff.block_recon -   Total loss:	369.650 (rec:369.650, round:0.000)	b=0.00	count=1000
01/19/2026 11:45:50 - INFO - qdiff.block_recon -   Total loss:	350.642 (rec:350.642, round:0.000)	b=0.00	count=1500
01/19/2026 11:45:53 - INFO - qdiff.block_recon -   Total loss:	358.563 (rec:358.563, round:0.000)	b=0.00	count=2000
01/19/2026 11:45:56 - INFO - qdiff.block_recon -   Total loss:	391.777 (rec:391.777, round:0.000)	b=0.00	count=2500
01/19/2026 11:45:58 - INFO - qdiff.block_recon -   Total loss:	367.499 (rec:367.499, round:0.000)	b=0.00	count=3000
01/19/2026 11:46:01 - INFO - qdiff.block_recon -   Total loss:	399.635 (rec:399.635, round:0.000)	b=0.00	count=3500
01/19/2026 11:46:03 - INFO - qdiff.block_recon -   Total loss:	12008.751 (rec:360.080, round:11648.671)	b=20.00	count=4000
01/19/2026 11:46:06 - INFO - qdiff.block_recon -   Total loss:	7854.963 (rec:342.370, round:7512.594)	b=19.44	count=4500
01/19/2026 11:46:10 - INFO - qdiff.block_recon -   Total loss:	7315.502 (rec:343.573, round:6971.930)	b=18.88	count=5000
01/19/2026 11:46:13 - INFO - qdiff.block_recon -   Total loss:	6951.436 (rec:351.795, round:6599.641)	b=18.31	count=5500
01/19/2026 11:46:17 - INFO - qdiff.block_recon -   Total loss:	6688.809 (rec:414.208, round:6274.602)	b=17.75	count=6000
01/19/2026 11:46:20 - INFO - qdiff.block_recon -   Total loss:	6376.049 (rec:403.208, round:5972.841)	b=17.19	count=6500
01/19/2026 11:46:23 - INFO - qdiff.block_recon -   Total loss:	6074.855 (rec:394.696, round:5680.159)	b=16.62	count=7000
01/19/2026 11:46:27 - INFO - qdiff.block_recon -   Total loss:	5761.812 (rec:362.054, round:5399.758)	b=16.06	count=7500
01/19/2026 11:46:30 - INFO - qdiff.block_recon -   Total loss:	5504.216 (rec:378.324, round:5125.892)	b=15.50	count=8000
01/19/2026 11:46:33 - INFO - qdiff.block_recon -   Total loss:	5221.311 (rec:364.369, round:4856.941)	b=14.94	count=8500
01/19/2026 11:46:37 - INFO - qdiff.block_recon -   Total loss:	4978.008 (rec:382.711, round:4595.297)	b=14.38	count=9000
01/19/2026 11:46:40 - INFO - qdiff.block_recon -   Total loss:	4689.526 (rec:346.784, round:4342.742)	b=13.81	count=9500
01/19/2026 11:46:44 - INFO - qdiff.block_recon -   Total loss:	4430.026 (rec:335.368, round:4094.658)	b=13.25	count=10000
01/19/2026 11:46:47 - INFO - qdiff.block_recon -   Total loss:	4205.373 (rec:358.150, round:3847.223)	b=12.69	count=10500
01/19/2026 11:46:50 - INFO - qdiff.block_recon -   Total loss:	3981.155 (rec:376.012, round:3605.143)	b=12.12	count=11000
01/19/2026 11:46:54 - INFO - qdiff.block_recon -   Total loss:	3746.105 (rec:377.085, round:3369.020)	b=11.56	count=11500
01/19/2026 11:46:57 - INFO - qdiff.block_recon -   Total loss:	3483.790 (rec:345.319, round:3138.471)	b=11.00	count=12000
01/19/2026 11:47:01 - INFO - qdiff.block_recon -   Total loss:	3267.665 (rec:358.290, round:2909.375)	b=10.44	count=12500
01/19/2026 11:47:04 - INFO - qdiff.block_recon -   Total loss:	3032.932 (rec:349.181, round:2683.751)	b=9.88	count=13000
01/19/2026 11:47:07 - INFO - qdiff.block_recon -   Total loss:	2837.041 (rec:374.268, round:2462.773)	b=9.31	count=13500
01/19/2026 11:47:11 - INFO - qdiff.block_recon -   Total loss:	2597.579 (rec:350.951, round:2246.628)	b=8.75	count=14000
01/19/2026 11:47:14 - INFO - qdiff.block_recon -   Total loss:	2395.381 (rec:365.079, round:2030.302)	b=8.19	count=14500
01/19/2026 11:47:18 - INFO - qdiff.block_recon -   Total loss:	2184.167 (rec:364.675, round:1819.492)	b=7.62	count=15000
01/19/2026 11:47:21 - INFO - qdiff.block_recon -   Total loss:	1948.950 (rec:336.050, round:1612.900)	b=7.06	count=15500
01/19/2026 11:47:24 - INFO - qdiff.block_recon -   Total loss:	1767.939 (rec:360.867, round:1407.072)	b=6.50	count=16000
01/19/2026 11:47:28 - INFO - qdiff.block_recon -   Total loss:	1556.155 (rec:353.634, round:1202.521)	b=5.94	count=16500
01/19/2026 11:47:31 - INFO - qdiff.block_recon -   Total loss:	1375.148 (rec:375.290, round:999.858)	b=5.38	count=17000
01/19/2026 11:47:34 - INFO - qdiff.block_recon -   Total loss:	1154.537 (rec:353.805, round:800.732)	b=4.81	count=17500
01/19/2026 11:47:38 - INFO - qdiff.block_recon -   Total loss:	980.000 (rec:374.100, round:605.900)	b=4.25	count=18000
01/19/2026 11:47:41 - INFO - qdiff.block_recon -   Total loss:	784.734 (rec:366.954, round:417.780)	b=3.69	count=18500
01/19/2026 11:47:45 - INFO - qdiff.block_recon -   Total loss:	608.203 (rec:363.123, round:245.081)	b=3.12	count=19000
01/19/2026 11:47:48 - INFO - qdiff.block_recon -   Total loss:	467.158 (rec:365.498, round:101.660)	b=2.56	count=19500
01/19/2026 11:47:51 - INFO - qdiff.block_recon -   Total loss:	394.996 (rec:374.770, round:20.226)	b=2.00	count=20000
01/19/2026 11:47:51 - INFO - __main__ -   up False
01/19/2026 11:47:51 - INFO - __main__ -   0 False
01/19/2026 11:47:51 - INFO - __main__ -   block False
01/19/2026 11:47:51 - INFO - __main__ -   0 True
01/19/2026 11:47:51 - INFO - __main__ -   Reconstruction for block 0
01/19/2026 11:49:15 - INFO - qdiff.timestep_aware_utils -   in 1 shape: torch.Size([5120, 384, 32, 32]), in 2 shape: torch.Size([5120, 512])
01/19/2026 11:49:15 - INFO - qdiff.timestep_aware_utils -   out shape: torch.Size([5120, 128, 32, 32])
01/19/2026 11:49:36 - INFO - qdiff.block_recon -   Total loss:	452.106 (rec:452.106, round:0.000)	b=0.00	count=500
01/19/2026 11:49:54 - INFO - qdiff.block_recon -   Total loss:	367.118 (rec:367.118, round:0.000)	b=0.00	count=1000
01/19/2026 11:50:11 - INFO - qdiff.block_recon -   Total loss:	477.367 (rec:477.367, round:0.000)	b=0.00	count=1500
01/19/2026 11:50:29 - INFO - qdiff.block_recon -   Total loss:	350.407 (rec:350.407, round:0.000)	b=0.00	count=2000
01/19/2026 11:50:47 - INFO - qdiff.block_recon -   Total loss:	387.876 (rec:387.876, round:0.000)	b=0.00	count=2500
01/19/2026 11:51:05 - INFO - qdiff.block_recon -   Total loss:	418.249 (rec:418.249, round:0.000)	b=0.00	count=3000
01/19/2026 11:51:22 - INFO - qdiff.block_recon -   Total loss:	380.770 (rec:380.770, round:0.000)	b=0.00	count=3500
01/19/2026 11:51:40 - INFO - qdiff.block_recon -   Total loss:	6056.807 (rec:423.534, round:5633.273)	b=20.00	count=4000
01/19/2026 11:51:59 - INFO - qdiff.block_recon -   Total loss:	3750.755 (rec:338.215, round:3412.540)	b=19.44	count=4500
01/19/2026 11:52:17 - INFO - qdiff.block_recon -   Total loss:	3580.655 (rec:472.010, round:3108.645)	b=18.88	count=5000
01/19/2026 11:52:36 - INFO - qdiff.block_recon -   Total loss:	3298.914 (rec:409.475, round:2889.439)	b=18.31	count=5500
01/19/2026 11:52:55 - INFO - qdiff.block_recon -   Total loss:	3049.354 (rec:348.940, round:2700.413)	b=17.75	count=6000
01/19/2026 11:53:13 - INFO - qdiff.block_recon -   Total loss:	2968.222 (rec:436.710, round:2531.512)	b=17.19	count=6500
01/19/2026 11:53:32 - INFO - qdiff.block_recon -   Total loss:	2820.501 (rec:443.673, round:2376.828)	b=16.62	count=7000
01/19/2026 11:53:50 - INFO - qdiff.block_recon -   Total loss:	2651.783 (rec:416.605, round:2235.178)	b=16.06	count=7500
01/19/2026 11:54:09 - INFO - qdiff.block_recon -   Total loss:	2554.604 (rec:452.928, round:2101.676)	b=15.50	count=8000
01/19/2026 11:54:28 - INFO - qdiff.block_recon -   Total loss:	2374.919 (rec:399.326, round:1975.594)	b=14.94	count=8500
01/19/2026 11:54:46 - INFO - qdiff.block_recon -   Total loss:	2258.887 (rec:402.197, round:1856.689)	b=14.38	count=9000
01/19/2026 11:55:05 - INFO - qdiff.block_recon -   Total loss:	2176.988 (rec:433.014, round:1743.974)	b=13.81	count=9500
01/19/2026 11:55:23 - INFO - qdiff.block_recon -   Total loss:	1998.988 (rec:361.055, round:1637.932)	b=13.25	count=10000
01/19/2026 11:55:42 - INFO - qdiff.block_recon -   Total loss:	1936.288 (rec:401.100, round:1535.187)	b=12.69	count=10500
01/19/2026 11:56:00 - INFO - qdiff.block_recon -   Total loss:	1795.468 (rec:358.650, round:1436.818)	b=12.12	count=11000
01/19/2026 11:56:19 - INFO - qdiff.block_recon -   Total loss:	1791.313 (rec:447.134, round:1344.179)	b=11.56	count=11500
01/19/2026 11:56:38 - INFO - qdiff.block_recon -   Total loss:	1717.683 (rec:464.653, round:1253.030)	b=11.00	count=12000
01/19/2026 11:56:56 - INFO - qdiff.block_recon -   Total loss:	1646.720 (rec:482.262, round:1164.458)	b=10.44	count=12500
01/19/2026 11:57:15 - INFO - qdiff.block_recon -   Total loss:	1410.908 (rec:333.301, round:1077.607)	b=9.88	count=13000
01/19/2026 11:57:33 - INFO - qdiff.block_recon -   Total loss:	1416.119 (rec:425.376, round:990.743)	b=9.31	count=13500
01/19/2026 11:57:51 - INFO - qdiff.block_recon -   Total loss:	1223.696 (rec:316.651, round:907.045)	b=8.75	count=14000
01/19/2026 11:58:10 - INFO - qdiff.block_recon -   Total loss:	1196.203 (rec:370.512, round:825.690)	b=8.19	count=14500
01/19/2026 11:58:28 - INFO - qdiff.block_recon -   Total loss:	1155.407 (rec:411.470, round:743.937)	b=7.62	count=15000
01/19/2026 11:58:46 - INFO - qdiff.block_recon -   Total loss:	1011.036 (rec:348.327, round:662.708)	b=7.06	count=15500
01/19/2026 11:59:04 - INFO - qdiff.block_recon -   Total loss:	951.780 (rec:370.817, round:580.963)	b=6.50	count=16000
01/19/2026 11:59:22 - INFO - qdiff.block_recon -   Total loss:	874.397 (rec:373.421, round:500.976)	b=5.94	count=16500
01/19/2026 11:59:41 - INFO - qdiff.block_recon -   Total loss:	770.183 (rec:349.877, round:420.307)	b=5.38	count=17000
01/19/2026 11:59:59 - INFO - qdiff.block_recon -   Total loss:	705.922 (rec:366.971, round:338.951)	b=4.81	count=17500
01/19/2026 12:00:18 - INFO - qdiff.block_recon -   Total loss:	678.891 (rec:420.928, round:257.963)	b=4.25	count=18000
01/19/2026 12:00:36 - INFO - qdiff.block_recon -   Total loss:	603.376 (rec:425.618, round:177.759)	b=3.69	count=18500
01/19/2026 12:00:55 - INFO - qdiff.block_recon -   Total loss:	538.553 (rec:434.673, round:103.879)	b=3.12	count=19000
01/19/2026 12:01:13 - INFO - qdiff.block_recon -   Total loss:	473.537 (rec:432.875, round:40.662)	b=2.56	count=19500
01/19/2026 12:01:31 - INFO - qdiff.block_recon -   Total loss:	393.524 (rec:385.946, round:7.578)	b=2.00	count=20000
01/19/2026 12:01:33 - INFO - __main__ -   1 True
01/19/2026 12:01:33 - INFO - __main__ -   Reconstruction for block 1
01/19/2026 12:02:54 - INFO - qdiff.timestep_aware_utils -   in 1 shape: torch.Size([5120, 256, 32, 32]), in 2 shape: torch.Size([5120, 512])
01/19/2026 12:02:54 - INFO - qdiff.timestep_aware_utils -   out shape: torch.Size([5120, 128, 32, 32])
01/19/2026 12:03:08 - INFO - qdiff.block_recon -   Total loss:	94.254 (rec:94.254, round:0.000)	b=0.00	count=500
01/19/2026 12:03:21 - INFO - qdiff.block_recon -   Total loss:	96.479 (rec:96.479, round:0.000)	b=0.00	count=1000
01/19/2026 12:03:34 - INFO - qdiff.block_recon -   Total loss:	92.792 (rec:92.792, round:0.000)	b=0.00	count=1500
01/19/2026 12:03:46 - INFO - qdiff.block_recon -   Total loss:	104.990 (rec:104.990, round:0.000)	b=0.00	count=2000
01/19/2026 12:03:59 - INFO - qdiff.block_recon -   Total loss:	83.985 (rec:83.985, round:0.000)	b=0.00	count=2500
01/19/2026 12:04:12 - INFO - qdiff.block_recon -   Total loss:	96.768 (rec:96.768, round:0.000)	b=0.00	count=3000
01/19/2026 12:04:26 - INFO - qdiff.block_recon -   Total loss:	88.129 (rec:88.129, round:0.000)	b=0.00	count=3500
01/19/2026 12:04:39 - INFO - qdiff.block_recon -   Total loss:	4294.794 (rec:81.928, round:4212.866)	b=20.00	count=4000
01/19/2026 12:04:53 - INFO - qdiff.block_recon -   Total loss:	2397.271 (rec:86.807, round:2310.464)	b=19.44	count=4500
01/19/2026 12:05:07 - INFO - qdiff.block_recon -   Total loss:	2174.624 (rec:84.580, round:2090.044)	b=18.88	count=5000
01/19/2026 12:05:21 - INFO - qdiff.block_recon -   Total loss:	2024.187 (rec:91.503, round:1932.684)	b=18.31	count=5500
01/19/2026 12:05:36 - INFO - qdiff.block_recon -   Total loss:	1903.047 (rec:105.784, round:1797.263)	b=17.75	count=6000
01/19/2026 12:05:50 - INFO - qdiff.block_recon -   Total loss:	1780.932 (rec:104.505, round:1676.428)	b=17.19	count=6500
01/19/2026 12:06:04 - INFO - qdiff.block_recon -   Total loss:	1651.818 (rec:85.020, round:1566.798)	b=16.62	count=7000
01/19/2026 12:06:18 - INFO - qdiff.block_recon -   Total loss:	1552.104 (rec:89.272, round:1462.832)	b=16.06	count=7500
01/19/2026 12:06:32 - INFO - qdiff.block_recon -   Total loss:	1466.938 (rec:99.550, round:1367.388)	b=15.50	count=8000
01/19/2026 12:06:46 - INFO - qdiff.block_recon -   Total loss:	1368.229 (rec:88.514, round:1279.715)	b=14.94	count=8500
01/19/2026 12:07:00 - INFO - qdiff.block_recon -   Total loss:	1306.772 (rec:110.292, round:1196.480)	b=14.38	count=9000
01/19/2026 12:07:14 - INFO - qdiff.block_recon -   Total loss:	1222.599 (rec:104.897, round:1117.703)	b=13.81	count=9500
01/19/2026 12:07:28 - INFO - qdiff.block_recon -   Total loss:	1145.422 (rec:101.701, round:1043.721)	b=13.25	count=10000
01/19/2026 12:07:42 - INFO - qdiff.block_recon -   Total loss:	1060.349 (rec:88.114, round:972.236)	b=12.69	count=10500
01/19/2026 12:07:56 - INFO - qdiff.block_recon -   Total loss:	994.108 (rec:90.947, round:903.161)	b=12.12	count=11000
01/19/2026 12:08:10 - INFO - qdiff.block_recon -   Total loss:	947.454 (rec:109.037, round:838.417)	b=11.56	count=11500
01/19/2026 12:08:24 - INFO - qdiff.block_recon -   Total loss:	874.186 (rec:99.007, round:775.179)	b=11.00	count=12000
01/19/2026 12:08:38 - INFO - qdiff.block_recon -   Total loss:	800.003 (rec:86.646, round:713.357)	b=10.44	count=12500
01/19/2026 12:08:52 - INFO - qdiff.block_recon -   Total loss:	743.344 (rec:89.116, round:654.228)	b=9.88	count=13000
01/19/2026 12:09:06 - INFO - qdiff.block_recon -   Total loss:	682.092 (rec:85.824, round:596.268)	b=9.31	count=13500
01/19/2026 12:09:20 - INFO - qdiff.block_recon -   Total loss:	631.691 (rec:91.470, round:540.220)	b=8.75	count=14000
01/19/2026 12:09:34 - INFO - qdiff.block_recon -   Total loss:	577.863 (rec:92.717, round:485.146)	b=8.19	count=14500
01/19/2026 12:09:48 - INFO - qdiff.block_recon -   Total loss:	515.462 (rec:85.399, round:430.064)	b=7.62	count=15000
01/19/2026 12:10:02 - INFO - qdiff.block_recon -   Total loss:	457.825 (rec:83.416, round:374.409)	b=7.06	count=15500
01/19/2026 12:10:16 - INFO - qdiff.block_recon -   Total loss:	407.600 (rec:86.819, round:320.781)	b=6.50	count=16000
01/19/2026 12:10:30 - INFO - qdiff.block_recon -   Total loss:	363.884 (rec:96.088, round:267.796)	b=5.94	count=16500
01/19/2026 12:10:44 - INFO - qdiff.block_recon -   Total loss:	303.265 (rec:87.528, round:215.736)	b=5.38	count=17000
01/19/2026 12:10:58 - INFO - qdiff.block_recon -   Total loss:	258.513 (rec:93.829, round:164.684)	b=4.81	count=17500
01/19/2026 12:11:12 - INFO - qdiff.block_recon -   Total loss:	203.049 (rec:87.949, round:115.100)	b=4.25	count=18000
01/19/2026 12:11:26 - INFO - qdiff.block_recon -   Total loss:	161.953 (rec:92.361, round:69.592)	b=3.69	count=18500
01/19/2026 12:11:40 - INFO - qdiff.block_recon -   Total loss:	116.770 (rec:86.122, round:30.648)	b=3.12	count=19000
01/19/2026 12:11:55 - INFO - qdiff.block_recon -   Total loss:	98.327 (rec:91.310, round:7.017)	b=2.56	count=19500
01/19/2026 12:12:09 - INFO - qdiff.block_recon -   Total loss:	94.674 (rec:94.019, round:0.655)	b=2.00	count=20000
01/19/2026 12:12:10 - INFO - __main__ -   2 True
01/19/2026 12:12:10 - INFO - __main__ -   Reconstruction for block 2
01/19/2026 12:13:33 - INFO - qdiff.timestep_aware_utils -   in 1 shape: torch.Size([5120, 256, 32, 32]), in 2 shape: torch.Size([5120, 512])
01/19/2026 12:13:33 - INFO - qdiff.timestep_aware_utils -   out shape: torch.Size([5120, 128, 32, 32])
01/19/2026 12:13:47 - INFO - qdiff.block_recon -   Total loss:	193.215 (rec:193.215, round:0.000)	b=0.00	count=500
01/19/2026 12:14:00 - INFO - qdiff.block_recon -   Total loss:	181.242 (rec:181.242, round:0.000)	b=0.00	count=1000
01/19/2026 12:14:13 - INFO - qdiff.block_recon -   Total loss:	195.773 (rec:195.773, round:0.000)	b=0.00	count=1500
01/19/2026 12:14:26 - INFO - qdiff.block_recon -   Total loss:	172.571 (rec:172.571, round:0.000)	b=0.00	count=2000
01/19/2026 12:14:39 - INFO - qdiff.block_recon -   Total loss:	168.088 (rec:168.088, round:0.000)	b=0.00	count=2500
01/19/2026 12:14:52 - INFO - qdiff.block_recon -   Total loss:	178.555 (rec:178.555, round:0.000)	b=0.00	count=3000
01/19/2026 12:15:06 - INFO - qdiff.block_recon -   Total loss:	171.332 (rec:171.332, round:0.000)	b=0.00	count=3500
01/19/2026 12:15:19 - INFO - qdiff.block_recon -   Total loss:	4486.913 (rec:175.011, round:4311.902)	b=20.00	count=4000
01/19/2026 12:15:33 - INFO - qdiff.block_recon -   Total loss:	2747.846 (rec:198.597, round:2549.249)	b=19.44	count=4500
01/19/2026 12:15:47 - INFO - qdiff.block_recon -   Total loss:	2506.864 (rec:185.391, round:2321.473)	b=18.88	count=5000
01/19/2026 12:16:01 - INFO - qdiff.block_recon -   Total loss:	2331.728 (rec:168.797, round:2162.931)	b=18.31	count=5500
01/19/2026 12:16:15 - INFO - qdiff.block_recon -   Total loss:	2198.055 (rec:171.120, round:2026.935)	b=17.75	count=6000
01/19/2026 12:16:29 - INFO - qdiff.block_recon -   Total loss:	2094.970 (rec:188.375, round:1906.596)	b=17.19	count=6500
01/19/2026 12:16:44 - INFO - qdiff.block_recon -   Total loss:	1973.102 (rec:176.480, round:1796.622)	b=16.62	count=7000
01/19/2026 12:16:58 - INFO - qdiff.block_recon -   Total loss:	1880.622 (rec:185.039, round:1695.583)	b=16.06	count=7500
01/19/2026 12:17:12 - INFO - qdiff.block_recon -   Total loss:	1783.873 (rec:183.452, round:1600.421)	b=15.50	count=8000
01/19/2026 12:17:27 - INFO - qdiff.block_recon -   Total loss:	1685.223 (rec:175.209, round:1510.013)	b=14.94	count=8500
01/19/2026 12:17:41 - INFO - qdiff.block_recon -   Total loss:	1624.604 (rec:199.161, round:1425.444)	b=14.38	count=9000
01/19/2026 12:17:55 - INFO - qdiff.block_recon -   Total loss:	1526.933 (rec:182.073, round:1344.859)	b=13.81	count=9500
01/19/2026 12:18:09 - INFO - qdiff.block_recon -   Total loss:	1455.010 (rec:186.216, round:1268.793)	b=13.25	count=10000
01/19/2026 12:18:23 - INFO - qdiff.block_recon -   Total loss:	1380.392 (rec:185.532, round:1194.860)	b=12.69	count=10500
01/19/2026 12:18:37 - INFO - qdiff.block_recon -   Total loss:	1292.616 (rec:169.044, round:1123.572)	b=12.12	count=11000
01/19/2026 12:18:51 - INFO - qdiff.block_recon -   Total loss:	1231.204 (rec:177.009, round:1054.195)	b=11.56	count=11500
01/19/2026 12:19:05 - INFO - qdiff.block_recon -   Total loss:	1173.026 (rec:186.572, round:986.454)	b=11.00	count=12000
01/19/2026 12:19:19 - INFO - qdiff.block_recon -   Total loss:	1094.196 (rec:172.947, round:921.249)	b=10.44	count=12500
01/19/2026 12:19:33 - INFO - qdiff.block_recon -   Total loss:	1036.666 (rec:180.964, round:855.703)	b=9.88	count=13000
01/19/2026 12:19:47 - INFO - qdiff.block_recon -   Total loss:	976.751 (rec:185.513, round:791.238)	b=9.31	count=13500
01/19/2026 12:20:02 - INFO - qdiff.block_recon -   Total loss:	925.458 (rec:198.567, round:726.891)	b=8.75	count=14000
01/19/2026 12:20:16 - INFO - qdiff.block_recon -   Total loss:	850.484 (rec:188.797, round:661.687)	b=8.19	count=14500
01/19/2026 12:20:30 - INFO - qdiff.block_recon -   Total loss:	768.431 (rec:170.696, round:597.735)	b=7.62	count=15000
01/19/2026 12:20:44 - INFO - qdiff.block_recon -   Total loss:	721.367 (rec:188.058, round:533.308)	b=7.06	count=15500
01/19/2026 12:20:59 - INFO - qdiff.block_recon -   Total loss:	664.050 (rec:196.121, round:467.929)	b=6.50	count=16000
01/19/2026 12:21:13 - INFO - qdiff.block_recon -   Total loss:	580.323 (rec:177.304, round:403.019)	b=5.94	count=16500
01/19/2026 12:21:28 - INFO - qdiff.block_recon -   Total loss:	510.929 (rec:175.574, round:335.355)	b=5.38	count=17000
01/19/2026 12:21:42 - INFO - qdiff.block_recon -   Total loss:	451.850 (rec:184.577, round:267.273)	b=4.81	count=17500
01/19/2026 12:21:57 - INFO - qdiff.block_recon -   Total loss:	364.185 (rec:164.431, round:199.754)	b=4.25	count=18000
01/19/2026 12:22:12 - INFO - qdiff.block_recon -   Total loss:	318.832 (rec:184.338, round:134.493)	b=3.69	count=18500
01/19/2026 12:22:26 - INFO - qdiff.block_recon -   Total loss:	259.267 (rec:184.951, round:74.316)	b=3.12	count=19000
01/19/2026 12:22:41 - INFO - qdiff.block_recon -   Total loss:	194.639 (rec:166.941, round:27.698)	b=2.56	count=19500
01/19/2026 12:22:55 - INFO - qdiff.block_recon -   Total loss:	198.148 (rec:192.391, round:5.756)	b=2.00	count=20000
01/19/2026 12:22:56 - INFO - __main__ -   attn False
01/19/2026 12:22:56 - INFO - __main__ -   1 False
01/19/2026 12:22:56 - INFO - __main__ -   block False
01/19/2026 12:22:56 - INFO - __main__ -   0 True
01/19/2026 12:22:56 - INFO - __main__ -   Reconstruction for block 0
01/19/2026 12:23:59 - INFO - qdiff.timestep_aware_utils -   in 1 shape: torch.Size([5120, 512, 16, 16]), in 2 shape: torch.Size([5120, 512])
01/19/2026 12:23:59 - INFO - qdiff.timestep_aware_utils -   out shape: torch.Size([5120, 256, 16, 16])
01/19/2026 12:24:08 - INFO - qdiff.block_recon -   Total loss:	466.681 (rec:466.681, round:0.000)	b=0.00	count=500
01/19/2026 12:24:16 - INFO - qdiff.block_recon -   Total loss:	405.860 (rec:405.860, round:0.000)	b=0.00	count=1000
01/19/2026 12:24:25 - INFO - qdiff.block_recon -   Total loss:	431.076 (rec:431.076, round:0.000)	b=0.00	count=1500
01/19/2026 12:24:33 - INFO - qdiff.block_recon -   Total loss:	417.392 (rec:417.392, round:0.000)	b=0.00	count=2000
01/19/2026 12:24:41 - INFO - qdiff.block_recon -   Total loss:	415.969 (rec:415.969, round:0.000)	b=0.00	count=2500
01/19/2026 12:24:50 - INFO - qdiff.block_recon -   Total loss:	471.618 (rec:471.618, round:0.000)	b=0.00	count=3000
01/19/2026 12:24:59 - INFO - qdiff.block_recon -   Total loss:	413.076 (rec:413.076, round:0.000)	b=0.00	count=3500
01/19/2026 12:25:07 - INFO - qdiff.block_recon -   Total loss:	16949.186 (rec:482.265, round:16466.920)	b=20.00	count=4000
01/19/2026 12:25:17 - INFO - qdiff.block_recon -   Total loss:	9989.992 (rec:418.969, round:9571.023)	b=19.44	count=4500
01/19/2026 12:25:27 - INFO - qdiff.block_recon -   Total loss:	9118.602 (rec:398.039, round:8720.562)	b=18.88	count=5000
01/19/2026 12:25:36 - INFO - qdiff.block_recon -   Total loss:	8498.805 (rec:390.751, round:8108.054)	b=18.31	count=5500
01/19/2026 12:25:46 - INFO - qdiff.block_recon -   Total loss:	7998.760 (rec:426.175, round:7572.585)	b=17.75	count=6000
01/19/2026 12:25:55 - INFO - qdiff.block_recon -   Total loss:	7524.843 (rec:440.702, round:7084.142)	b=17.19	count=6500
01/19/2026 12:26:05 - INFO - qdiff.block_recon -   Total loss:	7047.302 (rec:415.902, round:6631.399)	b=16.62	count=7000
01/19/2026 12:26:15 - INFO - qdiff.block_recon -   Total loss:	6634.774 (rec:422.838, round:6211.936)	b=16.06	count=7500
01/19/2026 12:26:24 - INFO - qdiff.block_recon -   Total loss:	6218.720 (rec:405.255, round:5813.465)	b=15.50	count=8000
01/19/2026 12:26:34 - INFO - qdiff.block_recon -   Total loss:	5851.507 (rec:411.949, round:5439.558)	b=14.94	count=8500
01/19/2026 12:26:43 - INFO - qdiff.block_recon -   Total loss:	5492.978 (rec:409.613, round:5083.365)	b=14.38	count=9000
01/19/2026 12:26:53 - INFO - qdiff.block_recon -   Total loss:	5146.259 (rec:396.221, round:4750.038)	b=13.81	count=9500
01/19/2026 12:27:03 - INFO - qdiff.block_recon -   Total loss:	4917.488 (rec:488.527, round:4428.961)	b=13.25	count=10000
01/19/2026 12:27:12 - INFO - qdiff.block_recon -   Total loss:	4533.829 (rec:414.279, round:4119.549)	b=12.69	count=10500
01/19/2026 12:27:22 - INFO - qdiff.block_recon -   Total loss:	4291.506 (rec:466.639, round:3824.867)	b=12.12	count=11000
01/19/2026 12:27:31 - INFO - qdiff.block_recon -   Total loss:	3996.190 (rec:453.799, round:3542.391)	b=11.56	count=11500
01/19/2026 12:27:41 - INFO - qdiff.block_recon -   Total loss:	3702.631 (rec:433.329, round:3269.302)	b=11.00	count=12000
01/19/2026 12:27:50 - INFO - qdiff.block_recon -   Total loss:	3426.656 (rec:418.707, round:3007.949)	b=10.44	count=12500
01/19/2026 12:28:00 - INFO - qdiff.block_recon -   Total loss:	3200.769 (rec:448.575, round:2752.194)	b=9.88	count=13000
01/19/2026 12:28:10 - INFO - qdiff.block_recon -   Total loss:	2936.083 (rec:433.073, round:2503.010)	b=9.31	count=13500
01/19/2026 12:28:19 - INFO - qdiff.block_recon -   Total loss:	2692.909 (rec:435.429, round:2257.480)	b=8.75	count=14000
01/19/2026 12:28:29 - INFO - qdiff.block_recon -   Total loss:	2475.896 (rec:458.470, round:2017.426)	b=8.19	count=14500
01/19/2026 12:28:38 - INFO - qdiff.block_recon -   Total loss:	2143.335 (rec:355.981, round:1787.354)	b=7.62	count=15000
01/19/2026 12:28:48 - INFO - qdiff.block_recon -   Total loss:	1991.091 (rec:426.745, round:1564.346)	b=7.06	count=15500
01/19/2026 12:28:57 - INFO - qdiff.block_recon -   Total loss:	1814.029 (rec:473.677, round:1340.352)	b=6.50	count=16000
01/19/2026 12:29:07 - INFO - qdiff.block_recon -   Total loss:	1531.386 (rec:408.077, round:1123.309)	b=5.94	count=16500
01/19/2026 12:29:17 - INFO - qdiff.block_recon -   Total loss:	1370.132 (rec:460.157, round:909.975)	b=5.38	count=17000
01/19/2026 12:29:26 - INFO - qdiff.block_recon -   Total loss:	1133.594 (rec:431.000, round:702.594)	b=4.81	count=17500
01/19/2026 12:29:36 - INFO - qdiff.block_recon -   Total loss:	937.397 (rec:433.751, round:503.646)	b=4.25	count=18000
01/19/2026 12:29:45 - INFO - qdiff.block_recon -   Total loss:	733.160 (rec:414.727, round:318.433)	b=3.69	count=18500
01/19/2026 12:29:55 - INFO - qdiff.block_recon -   Total loss:	580.277 (rec:419.425, round:160.852)	b=3.12	count=19000
01/19/2026 12:30:04 - INFO - qdiff.block_recon -   Total loss:	451.695 (rec:403.302, round:48.392)	b=2.56	count=19500
01/19/2026 12:30:14 - INFO - qdiff.block_recon -   Total loss:	433.137 (rec:427.237, round:5.899)	b=2.00	count=20000
01/19/2026 12:30:14 - INFO - __main__ -   1 True
01/19/2026 12:30:14 - INFO - __main__ -   Reconstruction for block 1
01/19/2026 12:31:22 - INFO - qdiff.timestep_aware_utils -   in 1 shape: torch.Size([5120, 512, 16, 16]), in 2 shape: torch.Size([5120, 512])
01/19/2026 12:31:22 - INFO - qdiff.timestep_aware_utils -   out shape: torch.Size([5120, 256, 16, 16])
01/19/2026 12:31:31 - INFO - qdiff.block_recon -   Total loss:	326.364 (rec:326.364, round:0.000)	b=0.00	count=500
01/19/2026 12:31:39 - INFO - qdiff.block_recon -   Total loss:	292.437 (rec:292.437, round:0.000)	b=0.00	count=1000
01/19/2026 12:31:48 - INFO - qdiff.block_recon -   Total loss:	257.247 (rec:257.247, round:0.000)	b=0.00	count=1500
01/19/2026 12:31:56 - INFO - qdiff.block_recon -   Total loss:	305.867 (rec:305.867, round:0.000)	b=0.00	count=2000
01/19/2026 12:32:04 - INFO - qdiff.block_recon -   Total loss:	242.553 (rec:242.553, round:0.000)	b=0.00	count=2500
01/19/2026 12:32:13 - INFO - qdiff.block_recon -   Total loss:	288.286 (rec:288.286, round:0.000)	b=0.00	count=3000
01/19/2026 12:32:21 - INFO - qdiff.block_recon -   Total loss:	301.097 (rec:301.097, round:0.000)	b=0.00	count=3500
01/19/2026 12:32:30 - INFO - qdiff.block_recon -   Total loss:	16759.443 (rec:302.241, round:16457.203)	b=20.00	count=4000
01/19/2026 12:32:39 - INFO - qdiff.block_recon -   Total loss:	9674.799 (rec:255.333, round:9419.466)	b=19.44	count=4500
01/19/2026 12:32:48 - INFO - qdiff.block_recon -   Total loss:	8891.638 (rec:311.213, round:8580.425)	b=18.88	count=5000
01/19/2026 12:32:58 - INFO - qdiff.block_recon -   Total loss:	8304.356 (rec:338.177, round:7966.179)	b=18.31	count=5500
01/19/2026 12:33:08 - INFO - qdiff.block_recon -   Total loss:	7744.143 (rec:316.489, round:7427.654)	b=17.75	count=6000
01/19/2026 12:33:17 - INFO - qdiff.block_recon -   Total loss:	7255.119 (rec:317.010, round:6938.109)	b=17.19	count=6500
01/19/2026 12:33:27 - INFO - qdiff.block_recon -   Total loss:	6745.394 (rec:265.114, round:6480.280)	b=16.62	count=7000
01/19/2026 12:33:37 - INFO - qdiff.block_recon -   Total loss:	6363.524 (rec:310.356, round:6053.168)	b=16.06	count=7500
01/19/2026 12:33:46 - INFO - qdiff.block_recon -   Total loss:	5926.495 (rec:276.119, round:5650.376)	b=15.50	count=8000
01/19/2026 12:33:56 - INFO - qdiff.block_recon -   Total loss:	5557.593 (rec:289.215, round:5268.378)	b=14.94	count=8500
01/19/2026 12:34:05 - INFO - qdiff.block_recon -   Total loss:	5136.636 (rec:230.703, round:4905.934)	b=14.38	count=9000
01/19/2026 12:34:15 - INFO - qdiff.block_recon -   Total loss:	4879.286 (rec:313.468, round:4565.817)	b=13.81	count=9500
01/19/2026 12:34:25 - INFO - qdiff.block_recon -   Total loss:	4521.693 (rec:280.065, round:4241.628)	b=13.25	count=10000
01/19/2026 12:34:34 - INFO - qdiff.block_recon -   Total loss:	4200.236 (rec:268.720, round:3931.516)	b=12.69	count=10500
01/19/2026 12:34:44 - INFO - qdiff.block_recon -   Total loss:	3890.029 (rec:249.075, round:3640.953)	b=12.12	count=11000
01/19/2026 12:34:53 - INFO - qdiff.block_recon -   Total loss:	3611.634 (rec:251.692, round:3359.942)	b=11.56	count=11500
01/19/2026 12:35:03 - INFO - qdiff.block_recon -   Total loss:	3369.718 (rec:277.313, round:3092.405)	b=11.00	count=12000
01/19/2026 12:35:13 - INFO - qdiff.block_recon -   Total loss:	3046.504 (rec:213.095, round:2833.409)	b=10.44	count=12500
01/19/2026 12:35:23 - INFO - qdiff.block_recon -   Total loss:	2857.200 (rec:274.207, round:2582.993)	b=9.88	count=13000
01/19/2026 12:35:32 - INFO - qdiff.block_recon -   Total loss:	2605.414 (rec:264.928, round:2340.486)	b=9.31	count=13500
01/19/2026 12:35:42 - INFO - qdiff.block_recon -   Total loss:	2407.497 (rec:304.786, round:2102.711)	b=8.75	count=14000
01/19/2026 12:35:51 - INFO - qdiff.block_recon -   Total loss:	2197.905 (rec:324.940, round:1872.965)	b=8.19	count=14500
01/19/2026 12:36:01 - INFO - qdiff.block_recon -   Total loss:	1940.530 (rec:289.850, round:1650.680)	b=7.62	count=15000
01/19/2026 12:36:10 - INFO - qdiff.block_recon -   Total loss:	1681.402 (rec:245.956, round:1435.446)	b=7.06	count=15500
01/19/2026 12:36:20 - INFO - qdiff.block_recon -   Total loss:	1543.053 (rec:319.473, round:1223.580)	b=6.50	count=16000
01/19/2026 12:36:29 - INFO - qdiff.block_recon -   Total loss:	1289.011 (rec:269.908, round:1019.103)	b=5.94	count=16500
01/19/2026 12:36:39 - INFO - qdiff.block_recon -   Total loss:	1078.984 (rec:260.660, round:818.324)	b=5.38	count=17000
01/19/2026 12:36:49 - INFO - qdiff.block_recon -   Total loss:	909.874 (rec:285.428, round:624.446)	b=4.81	count=17500
01/19/2026 12:36:58 - INFO - qdiff.block_recon -   Total loss:	725.455 (rec:284.933, round:440.523)	b=4.25	count=18000
01/19/2026 12:37:08 - INFO - qdiff.block_recon -   Total loss:	600.634 (rec:329.574, round:271.061)	b=3.69	count=18500
01/19/2026 12:37:18 - INFO - qdiff.block_recon -   Total loss:	411.250 (rec:281.711, round:129.539)	b=3.12	count=19000
01/19/2026 12:37:27 - INFO - qdiff.block_recon -   Total loss:	347.573 (rec:311.918, round:35.655)	b=2.56	count=19500
01/19/2026 12:37:37 - INFO - qdiff.block_recon -   Total loss:	289.540 (rec:285.593, round:3.947)	b=2.00	count=20000
01/19/2026 12:37:37 - INFO - __main__ -   2 True
01/19/2026 12:37:37 - INFO - __main__ -   Reconstruction for block 2
01/19/2026 12:38:49 - INFO - qdiff.timestep_aware_utils -   in 1 shape: torch.Size([5120, 384, 16, 16]), in 2 shape: torch.Size([5120, 512])
01/19/2026 12:38:49 - INFO - qdiff.timestep_aware_utils -   out shape: torch.Size([5120, 256, 16, 16])
01/19/2026 12:38:57 - INFO - qdiff.block_recon -   Total loss:	201.354 (rec:201.354, round:0.000)	b=0.00	count=500
01/19/2026 12:39:05 - INFO - qdiff.block_recon -   Total loss:	161.767 (rec:161.767, round:0.000)	b=0.00	count=1000
01/19/2026 12:39:12 - INFO - qdiff.block_recon -   Total loss:	170.673 (rec:170.673, round:0.000)	b=0.00	count=1500
01/19/2026 12:39:20 - INFO - qdiff.block_recon -   Total loss:	202.687 (rec:202.687, round:0.000)	b=0.00	count=2000
01/19/2026 12:39:27 - INFO - qdiff.block_recon -   Total loss:	207.841 (rec:207.841, round:0.000)	b=0.00	count=2500
01/19/2026 12:39:35 - INFO - qdiff.block_recon -   Total loss:	184.723 (rec:184.723, round:0.000)	b=0.00	count=3000
01/19/2026 12:39:42 - INFO - qdiff.block_recon -   Total loss:	170.205 (rec:170.205, round:0.000)	b=0.00	count=3500
01/19/2026 12:39:50 - INFO - qdiff.block_recon -   Total loss:	14132.120 (rec:187.001, round:13945.119)	b=20.00	count=4000
01/19/2026 12:39:59 - INFO - qdiff.block_recon -   Total loss:	8001.294 (rec:155.585, round:7845.709)	b=19.44	count=4500
01/19/2026 12:40:07 - INFO - qdiff.block_recon -   Total loss:	7324.048 (rec:194.082, round:7129.966)	b=18.88	count=5000
01/19/2026 12:40:16 - INFO - qdiff.block_recon -   Total loss:	6765.264 (rec:168.698, round:6596.566)	b=18.31	count=5500
01/19/2026 12:40:25 - INFO - qdiff.block_recon -   Total loss:	6300.000 (rec:171.843, round:6128.158)	b=17.75	count=6000
01/19/2026 12:40:34 - INFO - qdiff.block_recon -   Total loss:	5895.698 (rec:188.257, round:5707.441)	b=17.19	count=6500
01/19/2026 12:40:42 - INFO - qdiff.block_recon -   Total loss:	5472.879 (rec:159.078, round:5313.801)	b=16.62	count=7000
01/19/2026 12:40:51 - INFO - qdiff.block_recon -   Total loss:	5113.576 (rec:170.057, round:4943.519)	b=16.06	count=7500
01/19/2026 12:41:00 - INFO - qdiff.block_recon -   Total loss:	4765.346 (rec:164.715, round:4600.631)	b=15.50	count=8000
01/19/2026 12:41:09 - INFO - qdiff.block_recon -   Total loss:	4448.898 (rec:172.483, round:4276.416)	b=14.94	count=8500
01/19/2026 12:41:17 - INFO - qdiff.block_recon -   Total loss:	4155.710 (rec:184.044, round:3971.667)	b=14.38	count=9000
01/19/2026 12:41:26 - INFO - qdiff.block_recon -   Total loss:	3863.492 (rec:181.750, round:3681.742)	b=13.81	count=9500
01/19/2026 12:41:35 - INFO - qdiff.block_recon -   Total loss:	3585.698 (rec:176.576, round:3409.123)	b=13.25	count=10000
01/19/2026 12:41:44 - INFO - qdiff.block_recon -   Total loss:	3317.873 (rec:166.772, round:3151.101)	b=12.69	count=10500
01/19/2026 12:41:52 - INFO - qdiff.block_recon -   Total loss:	3083.664 (rec:179.402, round:2904.262)	b=12.12	count=11000
01/19/2026 12:42:01 - INFO - qdiff.block_recon -   Total loss:	2851.284 (rec:178.209, round:2673.075)	b=11.56	count=11500
01/19/2026 12:42:10 - INFO - qdiff.block_recon -   Total loss:	2627.392 (rec:176.797, round:2450.595)	b=11.00	count=12000
01/19/2026 12:42:19 - INFO - qdiff.block_recon -   Total loss:	2420.012 (rec:181.778, round:2238.235)	b=10.44	count=12500
01/19/2026 12:42:27 - INFO - qdiff.block_recon -   Total loss:	2215.452 (rec:181.698, round:2033.754)	b=9.88	count=13000
01/19/2026 12:42:36 - INFO - qdiff.block_recon -   Total loss:	2014.511 (rec:177.021, round:1837.491)	b=9.31	count=13500
01/19/2026 12:42:45 - INFO - qdiff.block_recon -   Total loss:	1829.381 (rec:182.306, round:1647.075)	b=8.75	count=14000
01/19/2026 12:42:54 - INFO - qdiff.block_recon -   Total loss:	1636.510 (rec:173.855, round:1462.656)	b=8.19	count=14500
01/19/2026 12:43:03 - INFO - qdiff.block_recon -   Total loss:	1466.566 (rec:182.915, round:1283.650)	b=7.62	count=15000
01/19/2026 12:43:12 - INFO - qdiff.block_recon -   Total loss:	1295.808 (rec:184.495, round:1111.313)	b=7.06	count=15500
01/19/2026 12:43:20 - INFO - qdiff.block_recon -   Total loss:	1109.437 (rec:166.254, round:943.183)	b=6.50	count=16000
01/19/2026 12:43:29 - INFO - qdiff.block_recon -   Total loss:	967.740 (rec:186.258, round:781.482)	b=5.94	count=16500
01/19/2026 12:43:38 - INFO - qdiff.block_recon -   Total loss:	800.916 (rec:176.199, round:624.717)	b=5.38	count=17000
01/19/2026 12:43:46 - INFO - qdiff.block_recon -   Total loss:	639.548 (rec:166.641, round:472.907)	b=4.81	count=17500
01/19/2026 12:43:55 - INFO - qdiff.block_recon -   Total loss:	504.941 (rec:176.803, round:328.138)	b=4.25	count=18000
01/19/2026 12:44:04 - INFO - qdiff.block_recon -   Total loss:	366.021 (rec:167.792, round:198.229)	b=3.69	count=18500
01/19/2026 12:44:13 - INFO - qdiff.block_recon -   Total loss:	258.870 (rec:167.718, round:91.152)	b=3.12	count=19000
01/19/2026 12:44:21 - INFO - qdiff.block_recon -   Total loss:	227.401 (rec:203.269, round:24.132)	b=2.56	count=19500
01/19/2026 12:44:30 - INFO - qdiff.block_recon -   Total loss:	185.712 (rec:183.133, round:2.580)	b=2.00	count=20000
01/19/2026 12:44:30 - INFO - __main__ -   attn False
01/19/2026 12:44:30 - INFO - __main__ -   0 True
01/19/2026 12:44:30 - INFO - __main__ -   Reconstruction for block 0
01/19/2026 12:45:35 - INFO - qdiff.timestep_aware_utils -   in shape: torch.Size([5120, 256, 16, 16])
01/19/2026 12:45:35 - INFO - qdiff.timestep_aware_utils -   out shape: torch.Size([5120, 256, 16, 16])
01/19/2026 12:45:41 - INFO - qdiff.block_recon -   Total loss:	18.643 (rec:18.643, round:0.000)	b=0.00	count=500
01/19/2026 12:45:47 - INFO - qdiff.block_recon -   Total loss:	19.693 (rec:19.693, round:0.000)	b=0.00	count=1000
01/19/2026 12:45:53 - INFO - qdiff.block_recon -   Total loss:	19.741 (rec:19.741, round:0.000)	b=0.00	count=1500
01/19/2026 12:46:00 - INFO - qdiff.block_recon -   Total loss:	16.818 (rec:16.818, round:0.000)	b=0.00	count=2000
01/19/2026 12:46:06 - INFO - qdiff.block_recon -   Total loss:	17.686 (rec:17.686, round:0.000)	b=0.00	count=2500
01/19/2026 12:46:12 - INFO - qdiff.block_recon -   Total loss:	21.375 (rec:21.375, round:0.000)	b=0.00	count=3000
01/19/2026 12:46:18 - INFO - qdiff.block_recon -   Total loss:	21.533 (rec:21.533, round:0.000)	b=0.00	count=3500
01/19/2026 12:46:24 - INFO - qdiff.block_recon -   Total loss:	2211.277 (rec:18.042, round:2193.235)	b=20.00	count=4000
01/19/2026 12:46:31 - INFO - qdiff.block_recon -   Total loss:	1277.042 (rec:17.855, round:1259.187)	b=19.44	count=4500
01/19/2026 12:46:39 - INFO - qdiff.block_recon -   Total loss:	1170.000 (rec:21.879, round:1148.121)	b=18.88	count=5000
01/19/2026 12:46:46 - INFO - qdiff.block_recon -   Total loss:	1088.362 (rec:18.828, round:1069.534)	b=18.31	count=5500
01/19/2026 12:46:53 - INFO - qdiff.block_recon -   Total loss:	1018.691 (rec:18.032, round:1000.659)	b=17.75	count=6000
01/19/2026 12:47:00 - INFO - qdiff.block_recon -   Total loss:	953.857 (rec:18.486, round:935.370)	b=17.19	count=6500
01/19/2026 12:47:07 - INFO - qdiff.block_recon -   Total loss:	892.772 (rec:17.426, round:875.346)	b=16.62	count=7000
01/19/2026 12:47:14 - INFO - qdiff.block_recon -   Total loss:	836.461 (rec:18.455, round:818.006)	b=16.06	count=7500
01/19/2026 12:47:21 - INFO - qdiff.block_recon -   Total loss:	779.865 (rec:15.360, round:764.505)	b=15.50	count=8000
01/19/2026 12:47:29 - INFO - qdiff.block_recon -   Total loss:	731.724 (rec:18.710, round:713.014)	b=14.94	count=8500
01/19/2026 12:47:36 - INFO - qdiff.block_recon -   Total loss:	683.368 (rec:19.677, round:663.690)	b=14.38	count=9000
01/19/2026 12:47:43 - INFO - qdiff.block_recon -   Total loss:	634.608 (rec:17.737, round:616.871)	b=13.81	count=9500
01/19/2026 12:47:50 - INFO - qdiff.block_recon -   Total loss:	589.389 (rec:18.244, round:571.144)	b=13.25	count=10000
01/19/2026 12:47:57 - INFO - qdiff.block_recon -   Total loss:	546.379 (rec:17.586, round:528.792)	b=12.69	count=10500
01/19/2026 12:48:05 - INFO - qdiff.block_recon -   Total loss:	506.704 (rec:18.940, round:487.764)	b=12.12	count=11000
01/19/2026 12:48:12 - INFO - qdiff.block_recon -   Total loss:	466.395 (rec:16.732, round:449.663)	b=11.56	count=11500
01/19/2026 12:48:19 - INFO - qdiff.block_recon -   Total loss:	430.764 (rec:18.272, round:412.492)	b=11.00	count=12000
01/19/2026 12:48:26 - INFO - qdiff.block_recon -   Total loss:	397.384 (rec:20.653, round:376.731)	b=10.44	count=12500
01/19/2026 12:48:34 - INFO - qdiff.block_recon -   Total loss:	361.298 (rec:19.375, round:341.923)	b=9.88	count=13000
01/19/2026 12:48:41 - INFO - qdiff.block_recon -   Total loss:	326.278 (rec:17.825, round:308.454)	b=9.31	count=13500
01/19/2026 12:48:48 - INFO - qdiff.block_recon -   Total loss:	293.737 (rec:18.485, round:275.252)	b=8.75	count=14000
01/19/2026 12:48:55 - INFO - qdiff.block_recon -   Total loss:	260.427 (rec:16.605, round:243.821)	b=8.19	count=14500
01/19/2026 12:49:02 - INFO - qdiff.block_recon -   Total loss:	234.336 (rec:21.065, round:213.272)	b=7.62	count=15000
01/19/2026 12:49:10 - INFO - qdiff.block_recon -   Total loss:	201.181 (rec:17.844, round:183.337)	b=7.06	count=15500
01/19/2026 12:49:17 - INFO - qdiff.block_recon -   Total loss:	175.152 (rec:20.593, round:154.559)	b=6.50	count=16000
01/19/2026 12:49:24 - INFO - qdiff.block_recon -   Total loss:	143.407 (rec:17.648, round:125.759)	b=5.94	count=16500
01/19/2026 12:49:31 - INFO - qdiff.block_recon -   Total loss:	116.632 (rec:18.171, round:98.461)	b=5.38	count=17000
01/19/2026 12:49:38 - INFO - qdiff.block_recon -   Total loss:	92.110 (rec:19.280, round:72.830)	b=4.81	count=17500
01/19/2026 12:49:46 - INFO - qdiff.block_recon -   Total loss:	64.455 (rec:15.873, round:48.582)	b=4.25	count=18000
01/19/2026 12:49:53 - INFO - qdiff.block_recon -   Total loss:	44.407 (rec:16.888, round:27.519)	b=3.69	count=18500
01/19/2026 12:50:00 - INFO - qdiff.block_recon -   Total loss:	28.405 (rec:17.281, round:11.124)	b=3.12	count=19000
01/19/2026 12:50:07 - INFO - qdiff.block_recon -   Total loss:	19.881 (rec:17.824, round:2.057)	b=2.56	count=19500
01/19/2026 12:50:14 - INFO - qdiff.block_recon -   Total loss:	21.760 (rec:21.640, round:0.120)	b=2.00	count=20000
01/19/2026 12:50:15 - INFO - __main__ -   1 True
01/19/2026 12:50:15 - INFO - __main__ -   Reconstruction for block 1
01/19/2026 12:51:24 - INFO - qdiff.timestep_aware_utils -   in shape: torch.Size([5120, 256, 16, 16])
01/19/2026 12:51:24 - INFO - qdiff.timestep_aware_utils -   out shape: torch.Size([5120, 256, 16, 16])
01/19/2026 12:51:30 - INFO - qdiff.block_recon -   Total loss:	15.420 (rec:15.420, round:0.000)	b=0.00	count=500
01/19/2026 12:51:36 - INFO - qdiff.block_recon -   Total loss:	17.901 (rec:17.901, round:0.000)	b=0.00	count=1000
01/19/2026 12:51:42 - INFO - qdiff.block_recon -   Total loss:	20.762 (rec:20.762, round:0.000)	b=0.00	count=1500
01/19/2026 12:51:48 - INFO - qdiff.block_recon -   Total loss:	18.198 (rec:18.198, round:0.000)	b=0.00	count=2000
01/19/2026 12:51:54 - INFO - qdiff.block_recon -   Total loss:	19.284 (rec:19.284, round:0.000)	b=0.00	count=2500
01/19/2026 12:52:01 - INFO - qdiff.block_recon -   Total loss:	18.033 (rec:18.033, round:0.000)	b=0.00	count=3000
01/19/2026 12:52:07 - INFO - qdiff.block_recon -   Total loss:	18.838 (rec:18.838, round:0.000)	b=0.00	count=3500
01/19/2026 12:52:13 - INFO - qdiff.block_recon -   Total loss:	2237.222 (rec:19.461, round:2217.761)	b=20.00	count=4000
01/19/2026 12:52:20 - INFO - qdiff.block_recon -   Total loss:	1284.759 (rec:17.333, round:1267.426)	b=19.44	count=4500
01/19/2026 12:52:27 - INFO - qdiff.block_recon -   Total loss:	1176.045 (rec:17.580, round:1158.465)	b=18.88	count=5000
01/19/2026 12:52:35 - INFO - qdiff.block_recon -   Total loss:	1095.624 (rec:19.333, round:1076.291)	b=18.31	count=5500
01/19/2026 12:52:42 - INFO - qdiff.block_recon -   Total loss:	1020.449 (rec:18.128, round:1002.321)	b=17.75	count=6000
01/19/2026 12:52:49 - INFO - qdiff.block_recon -   Total loss:	951.447 (rec:16.901, round:934.545)	b=17.19	count=6500
01/19/2026 12:52:56 - INFO - qdiff.block_recon -   Total loss:	890.350 (rec:17.808, round:872.543)	b=16.62	count=7000
01/19/2026 12:53:03 - INFO - qdiff.block_recon -   Total loss:	831.704 (rec:19.305, round:812.399)	b=16.06	count=7500
01/19/2026 12:53:10 - INFO - qdiff.block_recon -   Total loss:	773.612 (rec:17.269, round:756.343)	b=15.50	count=8000
01/19/2026 12:53:18 - INFO - qdiff.block_recon -   Total loss:	719.596 (rec:17.546, round:702.050)	b=14.94	count=8500
01/19/2026 12:53:25 - INFO - qdiff.block_recon -   Total loss:	670.617 (rec:19.063, round:651.554)	b=14.38	count=9000
01/19/2026 12:53:32 - INFO - qdiff.block_recon -   Total loss:	621.954 (rec:18.841, round:603.112)	b=13.81	count=9500
01/19/2026 12:53:39 - INFO - qdiff.block_recon -   Total loss:	573.551 (rec:17.133, round:556.418)	b=13.25	count=10000
01/19/2026 12:53:46 - INFO - qdiff.block_recon -   Total loss:	529.098 (rec:16.459, round:512.638)	b=12.69	count=10500
01/19/2026 12:53:53 - INFO - qdiff.block_recon -   Total loss:	490.541 (rec:19.396, round:471.145)	b=12.12	count=11000
01/19/2026 12:54:01 - INFO - qdiff.block_recon -   Total loss:	448.598 (rec:17.553, round:431.045)	b=11.56	count=11500
01/19/2026 12:54:08 - INFO - qdiff.block_recon -   Total loss:	411.964 (rec:18.362, round:393.602)	b=11.00	count=12000
01/19/2026 12:54:15 - INFO - qdiff.block_recon -   Total loss:	378.071 (rec:19.873, round:358.198)	b=10.44	count=12500
01/19/2026 12:54:22 - INFO - qdiff.block_recon -   Total loss:	339.369 (rec:15.489, round:323.880)	b=9.88	count=13000
01/19/2026 12:54:29 - INFO - qdiff.block_recon -   Total loss:	308.997 (rec:18.318, round:290.679)	b=9.31	count=13500
01/19/2026 12:54:37 - INFO - qdiff.block_recon -   Total loss:	279.346 (rec:20.224, round:259.122)	b=8.75	count=14000
01/19/2026 12:54:44 - INFO - qdiff.block_recon -   Total loss:	246.335 (rec:18.040, round:228.296)	b=8.19	count=14500
01/19/2026 12:54:51 - INFO - qdiff.block_recon -   Total loss:	216.264 (rec:18.307, round:197.957)	b=7.62	count=15000
01/19/2026 12:54:58 - INFO - qdiff.block_recon -   Total loss:	187.289 (rec:18.828, round:168.461)	b=7.06	count=15500
01/19/2026 12:55:05 - INFO - qdiff.block_recon -   Total loss:	159.182 (rec:18.538, round:140.644)	b=6.50	count=16000
01/19/2026 12:55:13 - INFO - qdiff.block_recon -   Total loss:	131.206 (rec:17.410, round:113.795)	b=5.94	count=16500
01/19/2026 12:55:20 - INFO - qdiff.block_recon -   Total loss:	105.205 (rec:17.981, round:87.224)	b=5.38	count=17000
01/19/2026 12:55:27 - INFO - qdiff.block_recon -   Total loss:	83.676 (rec:20.429, round:63.247)	b=4.81	count=17500
01/19/2026 12:55:34 - INFO - qdiff.block_recon -   Total loss:	58.424 (rec:17.574, round:40.850)	b=4.25	count=18000
01/19/2026 12:55:41 - INFO - qdiff.block_recon -   Total loss:	37.859 (rec:16.819, round:21.041)	b=3.69	count=18500
01/19/2026 12:55:48 - INFO - qdiff.block_recon -   Total loss:	24.086 (rec:16.958, round:7.128)	b=3.12	count=19000
01/19/2026 12:55:55 - INFO - qdiff.block_recon -   Total loss:	18.140 (rec:17.024, round:1.116)	b=2.56	count=19500
01/19/2026 12:56:03 - INFO - qdiff.block_recon -   Total loss:	16.560 (rec:16.492, round:0.069)	b=2.00	count=20000
01/19/2026 12:56:03 - INFO - __main__ -   2 True
01/19/2026 12:56:03 - INFO - __main__ -   Reconstruction for block 2
01/19/2026 12:57:17 - INFO - qdiff.timestep_aware_utils -   in shape: torch.Size([5120, 256, 16, 16])
01/19/2026 12:57:17 - INFO - qdiff.timestep_aware_utils -   out shape: torch.Size([5120, 256, 16, 16])
01/19/2026 12:57:23 - INFO - qdiff.block_recon -   Total loss:	13.828 (rec:13.828, round:0.000)	b=0.00	count=500
01/19/2026 12:57:29 - INFO - qdiff.block_recon -   Total loss:	14.203 (rec:14.203, round:0.000)	b=0.00	count=1000
01/19/2026 12:57:35 - INFO - qdiff.block_recon -   Total loss:	11.790 (rec:11.790, round:0.000)	b=0.00	count=1500
01/19/2026 12:57:42 - INFO - qdiff.block_recon -   Total loss:	12.638 (rec:12.638, round:0.000)	b=0.00	count=2000
01/19/2026 12:57:48 - INFO - qdiff.block_recon -   Total loss:	13.127 (rec:13.127, round:0.000)	b=0.00	count=2500
01/19/2026 12:57:55 - INFO - qdiff.block_recon -   Total loss:	15.398 (rec:15.398, round:0.000)	b=0.00	count=3000
01/19/2026 12:58:01 - INFO - qdiff.block_recon -   Total loss:	15.182 (rec:15.182, round:0.000)	b=0.00	count=3500
01/19/2026 12:58:08 - INFO - qdiff.block_recon -   Total loss:	2254.151 (rec:13.900, round:2240.250)	b=20.00	count=4000
01/19/2026 12:58:15 - INFO - qdiff.block_recon -   Total loss:	1274.221 (rec:12.364, round:1261.857)	b=19.44	count=4500
01/19/2026 12:58:22 - INFO - qdiff.block_recon -   Total loss:	1171.194 (rec:14.597, round:1156.597)	b=18.88	count=5000
01/19/2026 12:58:30 - INFO - qdiff.block_recon -   Total loss:	1092.801 (rec:14.103, round:1078.697)	b=18.31	count=5500
01/19/2026 12:58:37 - INFO - qdiff.block_recon -   Total loss:	1023.746 (rec:15.380, round:1008.366)	b=17.75	count=6000
01/19/2026 12:58:44 - INFO - qdiff.block_recon -   Total loss:	956.117 (rec:14.629, round:941.489)	b=17.19	count=6500
01/19/2026 12:58:51 - INFO - qdiff.block_recon -   Total loss:	890.772 (rec:12.473, round:878.299)	b=16.62	count=7000
01/19/2026 12:58:58 - INFO - qdiff.block_recon -   Total loss:	832.190 (rec:13.376, round:818.815)	b=16.06	count=7500
01/19/2026 12:59:06 - INFO - qdiff.block_recon -   Total loss:	774.176 (rec:11.151, round:763.025)	b=15.50	count=8000
01/19/2026 12:59:13 - INFO - qdiff.block_recon -   Total loss:	725.347 (rec:15.297, round:710.050)	b=14.94	count=8500
01/19/2026 12:59:20 - INFO - qdiff.block_recon -   Total loss:	672.094 (rec:13.788, round:658.306)	b=14.38	count=9000
01/19/2026 12:59:27 - INFO - qdiff.block_recon -   Total loss:	624.576 (rec:14.868, round:609.708)	b=13.81	count=9500
01/19/2026 12:59:35 - INFO - qdiff.block_recon -   Total loss:	576.706 (rec:13.740, round:562.966)	b=13.25	count=10000
01/19/2026 12:59:42 - INFO - qdiff.block_recon -   Total loss:	533.540 (rec:14.705, round:518.835)	b=12.69	count=10500
01/19/2026 12:59:49 - INFO - qdiff.block_recon -   Total loss:	489.660 (rec:12.940, round:476.719)	b=12.12	count=11000
01/19/2026 12:59:56 - INFO - qdiff.block_recon -   Total loss:	449.651 (rec:12.230, round:437.422)	b=11.56	count=11500
01/19/2026 13:00:03 - INFO - qdiff.block_recon -   Total loss:	412.528 (rec:13.370, round:399.158)	b=11.00	count=12000
01/19/2026 13:00:10 - INFO - qdiff.block_recon -   Total loss:	376.014 (rec:13.908, round:362.106)	b=10.44	count=12500
01/19/2026 13:00:17 - INFO - qdiff.block_recon -   Total loss:	341.801 (rec:14.027, round:327.774)	b=9.88	count=13000
01/19/2026 13:00:25 - INFO - qdiff.block_recon -   Total loss:	308.726 (rec:14.250, round:294.476)	b=9.31	count=13500
01/19/2026 13:00:32 - INFO - qdiff.block_recon -   Total loss:	275.106 (rec:13.084, round:262.023)	b=8.75	count=14000
01/19/2026 13:00:39 - INFO - qdiff.block_recon -   Total loss:	243.907 (rec:13.471, round:230.436)	b=8.19	count=14500
01/19/2026 13:00:46 - INFO - qdiff.block_recon -   Total loss:	213.305 (rec:13.613, round:199.692)	b=7.62	count=15000
01/19/2026 13:00:53 - INFO - qdiff.block_recon -   Total loss:	183.968 (rec:13.438, round:170.531)	b=7.06	count=15500
01/19/2026 13:01:01 - INFO - qdiff.block_recon -   Total loss:	155.455 (rec:13.619, round:141.837)	b=6.50	count=16000
01/19/2026 13:01:08 - INFO - qdiff.block_recon -   Total loss:	129.819 (rec:15.432, round:114.387)	b=5.94	count=16500
01/19/2026 13:01:15 - INFO - qdiff.block_recon -   Total loss:	102.557 (rec:14.747, round:87.810)	b=5.38	count=17000
01/19/2026 13:01:22 - INFO - qdiff.block_recon -   Total loss:	77.164 (rec:15.181, round:61.984)	b=4.81	count=17500
01/19/2026 13:01:29 - INFO - qdiff.block_recon -   Total loss:	50.961 (rec:12.831, round:38.131)	b=4.25	count=18000
01/19/2026 13:01:37 - INFO - qdiff.block_recon -   Total loss:	31.002 (rec:12.326, round:18.676)	b=3.69	count=18500
01/19/2026 13:01:44 - INFO - qdiff.block_recon -   Total loss:	18.696 (rec:13.155, round:5.542)	b=3.12	count=19000
01/19/2026 13:01:51 - INFO - qdiff.block_recon -   Total loss:	13.357 (rec:12.626, round:0.730)	b=2.56	count=19500
01/19/2026 13:01:58 - INFO - qdiff.block_recon -   Total loss:	14.081 (rec:14.052, round:0.029)	b=2.00	count=20000
01/19/2026 13:01:58 - INFO - __main__ -   upsample False
01/19/2026 13:01:58 - INFO - __main__ -   conv False
01/19/2026 13:01:58 - INFO - __main__ -   Reconstruction for layer conv
01/19/2026 13:03:16 - INFO - qdiff.timestep_aware_utils -   in shape: torch.Size([5120, 256, 32, 32])
01/19/2026 13:03:16 - INFO - qdiff.timestep_aware_utils -   out shape: torch.Size([5120, 256, 32, 32])
01/19/2026 13:03:33 - INFO - qdiff.layer_recon -   Total loss:	254.203 (rec:254.203, round:0.000)	b=0.00	count=500
01/19/2026 13:03:48 - INFO - qdiff.layer_recon -   Total loss:	249.960 (rec:249.960, round:0.000)	b=0.00	count=1000
01/19/2026 13:04:03 - INFO - qdiff.layer_recon -   Total loss:	237.252 (rec:237.252, round:0.000)	b=0.00	count=1500
01/19/2026 13:04:18 - INFO - qdiff.layer_recon -   Total loss:	255.731 (rec:255.731, round:0.000)	b=0.00	count=2000
01/19/2026 13:04:32 - INFO - qdiff.layer_recon -   Total loss:	230.064 (rec:230.064, round:0.000)	b=0.00	count=2500
01/19/2026 13:04:47 - INFO - qdiff.layer_recon -   Total loss:	263.708 (rec:263.708, round:0.000)	b=0.00	count=3000
01/19/2026 13:05:02 - INFO - qdiff.layer_recon -   Total loss:	244.643 (rec:244.643, round:0.000)	b=0.00	count=3500
01/19/2026 13:05:17 - INFO - qdiff.layer_recon -   Total loss:	5116.440 (rec:236.912, round:4879.528)	b=20.00	count=4000
01/19/2026 13:05:32 - INFO - qdiff.layer_recon -   Total loss:	3485.261 (rec:217.782, round:3267.479)	b=19.44	count=4500
01/19/2026 13:05:47 - INFO - qdiff.layer_recon -   Total loss:	3215.735 (rec:197.113, round:3018.622)	b=18.88	count=5000
01/19/2026 13:06:02 - INFO - qdiff.layer_recon -   Total loss:	3056.248 (rec:213.075, round:2843.172)	b=18.31	count=5500
01/19/2026 13:06:17 - INFO - qdiff.layer_recon -   Total loss:	2935.956 (rec:242.107, round:2693.849)	b=17.75	count=6000
01/19/2026 13:06:32 - INFO - qdiff.layer_recon -   Total loss:	2821.392 (rec:260.349, round:2561.043)	b=17.19	count=6500
01/19/2026 13:06:47 - INFO - qdiff.layer_recon -   Total loss:	2677.641 (rec:240.530, round:2437.111)	b=16.62	count=7000
01/19/2026 13:07:02 - INFO - qdiff.layer_recon -   Total loss:	2538.919 (rec:217.651, round:2321.268)	b=16.06	count=7500
01/19/2026 13:07:17 - INFO - qdiff.layer_recon -   Total loss:	2462.304 (rec:251.034, round:2211.270)	b=15.50	count=8000
01/19/2026 13:07:32 - INFO - qdiff.layer_recon -   Total loss:	2312.824 (rec:205.296, round:2107.529)	b=14.94	count=8500
01/19/2026 13:07:47 - INFO - qdiff.layer_recon -   Total loss:	2189.154 (rec:179.890, round:2009.264)	b=14.38	count=9000
01/19/2026 13:08:02 - INFO - qdiff.layer_recon -   Total loss:	2134.193 (rec:220.072, round:1914.121)	b=13.81	count=9500
01/19/2026 13:08:17 - INFO - qdiff.layer_recon -   Total loss:	2048.887 (rec:226.261, round:1822.626)	b=13.25	count=10000
01/19/2026 13:08:32 - INFO - qdiff.layer_recon -   Total loss:	1950.073 (rec:216.742, round:1733.330)	b=12.69	count=10500
01/19/2026 13:08:47 - INFO - qdiff.layer_recon -   Total loss:	1866.253 (rec:219.463, round:1646.790)	b=12.12	count=11000
01/19/2026 13:09:02 - INFO - qdiff.layer_recon -   Total loss:	1777.151 (rec:217.613, round:1559.538)	b=11.56	count=11500
01/19/2026 13:09:16 - INFO - qdiff.layer_recon -   Total loss:	1678.916 (rec:205.069, round:1473.847)	b=11.00	count=12000
01/19/2026 13:09:31 - INFO - qdiff.layer_recon -   Total loss:	1590.754 (rec:202.223, round:1388.531)	b=10.44	count=12500
01/19/2026 13:09:46 - INFO - qdiff.layer_recon -   Total loss:	1551.930 (rec:248.792, round:1303.138)	b=9.88	count=13000
01/19/2026 13:10:01 - INFO - qdiff.layer_recon -   Total loss:	1411.547 (rec:193.391, round:1218.156)	b=9.31	count=13500
01/19/2026 13:10:16 - INFO - qdiff.layer_recon -   Total loss:	1334.653 (rec:201.477, round:1133.177)	b=8.75	count=14000
01/19/2026 13:10:31 - INFO - qdiff.layer_recon -   Total loss:	1261.564 (rec:214.425, round:1047.139)	b=8.19	count=14500
01/19/2026 13:10:46 - INFO - qdiff.layer_recon -   Total loss:	1239.508 (rec:280.153, round:959.356)	b=7.62	count=15000
01/19/2026 13:11:01 - INFO - qdiff.layer_recon -   Total loss:	1073.799 (rec:204.532, round:869.267)	b=7.06	count=15500
01/19/2026 13:11:16 - INFO - qdiff.layer_recon -   Total loss:	960.553 (rec:182.139, round:778.413)	b=6.50	count=16000
01/19/2026 13:11:31 - INFO - qdiff.layer_recon -   Total loss:	887.650 (rec:201.767, round:685.884)	b=5.94	count=16500
01/19/2026 13:11:46 - INFO - qdiff.layer_recon -   Total loss:	781.177 (rec:192.847, round:588.330)	b=5.38	count=17000
01/19/2026 13:12:01 - INFO - qdiff.layer_recon -   Total loss:	738.553 (rec:251.020, round:487.533)	b=4.81	count=17500
01/19/2026 13:12:16 - INFO - qdiff.layer_recon -   Total loss:	599.158 (rec:215.706, round:383.451)	b=4.25	count=18000
01/19/2026 13:12:31 - INFO - qdiff.layer_recon -   Total loss:	466.936 (rec:190.309, round:276.628)	b=3.69	count=18500
01/19/2026 13:12:45 - INFO - qdiff.layer_recon -   Total loss:	432.033 (rec:262.065, round:169.968)	b=3.12	count=19000
01/19/2026 13:13:00 - INFO - qdiff.layer_recon -   Total loss:	304.259 (rec:226.896, round:77.364)	b=2.56	count=19500
01/19/2026 13:13:15 - INFO - qdiff.layer_recon -   Total loss:	280.792 (rec:258.998, round:21.794)	b=2.00	count=20000
01/19/2026 13:13:16 - INFO - __main__ -   2 False
01/19/2026 13:13:16 - INFO - __main__ -   block False
01/19/2026 13:13:16 - INFO - __main__ -   0 True
01/19/2026 13:13:16 - INFO - __main__ -   Reconstruction for block 0
01/19/2026 13:14:10 - INFO - qdiff.timestep_aware_utils -   in 1 shape: torch.Size([5120, 512, 8, 8]), in 2 shape: torch.Size([5120, 512])
01/19/2026 13:14:10 - INFO - qdiff.timestep_aware_utils -   out shape: torch.Size([5120, 256, 8, 8])
01/19/2026 13:14:15 - INFO - qdiff.block_recon -   Total loss:	716.604 (rec:716.604, round:0.000)	b=0.00	count=500
01/19/2026 13:14:19 - INFO - qdiff.block_recon -   Total loss:	859.882 (rec:859.882, round:0.000)	b=0.00	count=1000
01/19/2026 13:14:23 - INFO - qdiff.block_recon -   Total loss:	798.359 (rec:798.359, round:0.000)	b=0.00	count=1500
01/19/2026 13:14:28 - INFO - qdiff.block_recon -   Total loss:	735.642 (rec:735.642, round:0.000)	b=0.00	count=2000
01/19/2026 13:14:32 - INFO - qdiff.block_recon -   Total loss:	745.277 (rec:745.277, round:0.000)	b=0.00	count=2500
01/19/2026 13:14:36 - INFO - qdiff.block_recon -   Total loss:	743.074 (rec:743.074, round:0.000)	b=0.00	count=3000
01/19/2026 13:14:41 - INFO - qdiff.block_recon -   Total loss:	727.685 (rec:727.685, round:0.000)	b=0.00	count=3500
01/19/2026 13:14:45 - INFO - qdiff.block_recon -   Total loss:	18030.508 (rec:751.028, round:17279.480)	b=20.00	count=4000
01/19/2026 13:14:51 - INFO - qdiff.block_recon -   Total loss:	11969.880 (rec:794.953, round:11174.928)	b=19.44	count=4500
01/19/2026 13:14:56 - INFO - qdiff.block_recon -   Total loss:	11080.521 (rec:717.963, round:10362.559)	b=18.88	count=5000
01/19/2026 13:15:02 - INFO - qdiff.block_recon -   Total loss:	10498.346 (rec:696.279, round:9802.066)	b=18.31	count=5500
01/19/2026 13:15:07 - INFO - qdiff.block_recon -   Total loss:	10043.998 (rec:738.431, round:9305.567)	b=17.75	count=6000
01/19/2026 13:15:12 - INFO - qdiff.block_recon -   Total loss:	9557.414 (rec:706.670, round:8850.744)	b=17.19	count=6500
01/19/2026 13:15:18 - INFO - qdiff.block_recon -   Total loss:	9168.633 (rec:753.031, round:8415.602)	b=16.62	count=7000
01/19/2026 13:15:23 - INFO - qdiff.block_recon -   Total loss:	8779.329 (rec:782.965, round:7996.364)	b=16.06	count=7500
01/19/2026 13:15:29 - INFO - qdiff.block_recon -   Total loss:	8340.054 (rec:746.835, round:7593.219)	b=15.50	count=8000
01/19/2026 13:15:35 - INFO - qdiff.block_recon -   Total loss:	7879.733 (rec:678.237, round:7201.496)	b=14.94	count=8500
01/19/2026 13:15:40 - INFO - qdiff.block_recon -   Total loss:	7628.662 (rec:808.879, round:6819.783)	b=14.38	count=9000
01/19/2026 13:15:45 - INFO - qdiff.block_recon -   Total loss:	7194.499 (rec:748.887, round:6445.611)	b=13.81	count=9500
01/19/2026 13:15:51 - INFO - qdiff.block_recon -   Total loss:	6811.610 (rec:732.109, round:6079.500)	b=13.25	count=10000
01/19/2026 13:15:56 - INFO - qdiff.block_recon -   Total loss:	6429.579 (rec:707.798, round:5721.782)	b=12.69	count=10500
01/19/2026 13:16:02 - INFO - qdiff.block_recon -   Total loss:	6081.504 (rec:709.243, round:5372.262)	b=12.12	count=11000
01/19/2026 13:16:07 - INFO - qdiff.block_recon -   Total loss:	5749.723 (rec:721.965, round:5027.758)	b=11.56	count=11500
01/19/2026 13:16:13 - INFO - qdiff.block_recon -   Total loss:	5376.158 (rec:687.000, round:4689.159)	b=11.00	count=12000
01/19/2026 13:16:18 - INFO - qdiff.block_recon -   Total loss:	5125.237 (rec:768.642, round:4356.595)	b=10.44	count=12500
01/19/2026 13:16:24 - INFO - qdiff.block_recon -   Total loss:	4788.433 (rec:757.989, round:4030.444)	b=9.88	count=13000
01/19/2026 13:16:29 - INFO - qdiff.block_recon -   Total loss:	4440.592 (rec:731.801, round:3708.792)	b=9.31	count=13500
01/19/2026 13:16:35 - INFO - qdiff.block_recon -   Total loss:	4043.457 (rec:652.539, round:3390.918)	b=8.75	count=14000
01/19/2026 13:16:40 - INFO - qdiff.block_recon -   Total loss:	3842.862 (rec:765.858, round:3077.004)	b=8.19	count=14500
01/19/2026 13:16:45 - INFO - qdiff.block_recon -   Total loss:	3490.942 (rec:727.332, round:2763.611)	b=7.62	count=15000
01/19/2026 13:16:51 - INFO - qdiff.block_recon -   Total loss:	3158.933 (rec:701.448, round:2457.486)	b=7.06	count=15500
01/19/2026 13:16:56 - INFO - qdiff.block_recon -   Total loss:	2933.252 (rec:784.192, round:2149.061)	b=6.50	count=16000
01/19/2026 13:17:02 - INFO - qdiff.block_recon -   Total loss:	2595.402 (rec:751.571, round:1843.831)	b=5.94	count=16500
01/19/2026 13:17:07 - INFO - qdiff.block_recon -   Total loss:	2251.305 (rec:713.105, round:1538.200)	b=5.38	count=17000
01/19/2026 13:17:13 - INFO - qdiff.block_recon -   Total loss:	1952.820 (rec:717.811, round:1235.009)	b=4.81	count=17500
01/19/2026 13:17:18 - INFO - qdiff.block_recon -   Total loss:	1635.674 (rec:697.567, round:938.107)	b=4.25	count=18000
01/19/2026 13:17:24 - INFO - qdiff.block_recon -   Total loss:	1387.477 (rec:738.090, round:649.387)	b=3.69	count=18500
01/19/2026 13:17:29 - INFO - qdiff.block_recon -   Total loss:	1044.470 (rec:661.700, round:382.769)	b=3.12	count=19000
01/19/2026 13:17:35 - INFO - qdiff.block_recon -   Total loss:	826.682 (rec:666.639, round:160.042)	b=2.56	count=19500
01/19/2026 13:17:40 - INFO - qdiff.block_recon -   Total loss:	766.094 (rec:733.910, round:32.184)	b=2.00	count=20000
01/19/2026 13:17:40 - INFO - __main__ -   1 True
01/19/2026 13:17:40 - INFO - __main__ -   Reconstruction for block 1
01/19/2026 13:18:36 - INFO - qdiff.timestep_aware_utils -   in 1 shape: torch.Size([5120, 512, 8, 8]), in 2 shape: torch.Size([5120, 512])
01/19/2026 13:18:36 - INFO - qdiff.timestep_aware_utils -   out shape: torch.Size([5120, 256, 8, 8])
01/19/2026 13:18:41 - INFO - qdiff.block_recon -   Total loss:	406.254 (rec:406.254, round:0.000)	b=0.00	count=500
01/19/2026 13:18:46 - INFO - qdiff.block_recon -   Total loss:	416.901 (rec:416.901, round:0.000)	b=0.00	count=1000
01/19/2026 13:18:50 - INFO - qdiff.block_recon -   Total loss:	404.069 (rec:404.069, round:0.000)	b=0.00	count=1500
01/19/2026 13:18:55 - INFO - qdiff.block_recon -   Total loss:	373.335 (rec:373.335, round:0.000)	b=0.00	count=2000
01/19/2026 13:18:59 - INFO - qdiff.block_recon -   Total loss:	349.125 (rec:349.125, round:0.000)	b=0.00	count=2500
01/19/2026 13:19:04 - INFO - qdiff.block_recon -   Total loss:	359.092 (rec:359.092, round:0.000)	b=0.00	count=3000
01/19/2026 13:19:08 - INFO - qdiff.block_recon -   Total loss:	391.118 (rec:391.118, round:0.000)	b=0.00	count=3500
01/19/2026 13:19:13 - INFO - qdiff.block_recon -   Total loss:	17695.529 (rec:391.714, round:17303.814)	b=20.00	count=4000
01/19/2026 13:19:18 - INFO - qdiff.block_recon -   Total loss:	11149.578 (rec:390.714, round:10758.864)	b=19.44	count=4500
01/19/2026 13:19:24 - INFO - qdiff.block_recon -   Total loss:	10343.060 (rec:383.328, round:9959.731)	b=18.88	count=5000
01/19/2026 13:19:30 - INFO - qdiff.block_recon -   Total loss:	9816.585 (rec:417.309, round:9399.275)	b=18.31	count=5500
01/19/2026 13:19:35 - INFO - qdiff.block_recon -   Total loss:	9302.063 (rec:391.602, round:8910.462)	b=17.75	count=6000
01/19/2026 13:19:41 - INFO - qdiff.block_recon -   Total loss:	8880.594 (rec:428.855, round:8451.739)	b=17.19	count=6500
01/19/2026 13:19:47 - INFO - qdiff.block_recon -   Total loss:	8398.999 (rec:384.404, round:8014.595)	b=16.62	count=7000
01/19/2026 13:19:53 - INFO - qdiff.block_recon -   Total loss:	7998.586 (rec:404.107, round:7594.480)	b=16.06	count=7500
01/19/2026 13:19:58 - INFO - qdiff.block_recon -   Total loss:	7541.296 (rec:355.095, round:7186.201)	b=15.50	count=8000
01/19/2026 13:20:04 - INFO - qdiff.block_recon -   Total loss:	7173.432 (rec:382.059, round:6791.373)	b=14.94	count=8500
01/19/2026 13:20:10 - INFO - qdiff.block_recon -   Total loss:	6837.001 (rec:431.471, round:6405.530)	b=14.38	count=9000
01/19/2026 13:20:15 - INFO - qdiff.block_recon -   Total loss:	6419.437 (rec:388.367, round:6031.069)	b=13.81	count=9500
01/19/2026 13:20:21 - INFO - qdiff.block_recon -   Total loss:	6082.893 (rec:420.216, round:5662.677)	b=13.25	count=10000
01/19/2026 13:20:27 - INFO - qdiff.block_recon -   Total loss:	5694.146 (rec:384.207, round:5309.938)	b=12.69	count=10500
01/19/2026 13:20:32 - INFO - qdiff.block_recon -   Total loss:	5344.591 (rec:381.040, round:4963.551)	b=12.12	count=11000
01/19/2026 13:20:38 - INFO - qdiff.block_recon -   Total loss:	5011.148 (rec:389.005, round:4622.143)	b=11.56	count=11500
01/19/2026 13:20:44 - INFO - qdiff.block_recon -   Total loss:	4666.695 (rec:375.119, round:4291.576)	b=11.00	count=12000
01/19/2026 13:20:49 - INFO - qdiff.block_recon -   Total loss:	4302.264 (rec:336.576, round:3965.688)	b=10.44	count=12500
01/19/2026 13:20:55 - INFO - qdiff.block_recon -   Total loss:	4033.006 (rec:388.685, round:3644.321)	b=9.88	count=13000
01/19/2026 13:21:01 - INFO - qdiff.block_recon -   Total loss:	3707.176 (rec:379.164, round:3328.012)	b=9.31	count=13500
01/19/2026 13:21:07 - INFO - qdiff.block_recon -   Total loss:	3429.230 (rec:409.263, round:3019.967)	b=8.75	count=14000
01/19/2026 13:21:12 - INFO - qdiff.block_recon -   Total loss:	3137.044 (rec:419.958, round:2717.086)	b=8.19	count=14500
01/19/2026 13:21:18 - INFO - qdiff.block_recon -   Total loss:	2836.885 (rec:417.659, round:2419.225)	b=7.62	count=15000
01/19/2026 13:21:24 - INFO - qdiff.block_recon -   Total loss:	2499.671 (rec:373.870, round:2125.800)	b=7.06	count=15500
01/19/2026 13:21:29 - INFO - qdiff.block_recon -   Total loss:	2181.331 (rec:347.608, round:1833.723)	b=6.50	count=16000
01/19/2026 13:21:35 - INFO - qdiff.block_recon -   Total loss:	1924.396 (rec:378.325, round:1546.072)	b=5.94	count=16500
01/19/2026 13:21:41 - INFO - qdiff.block_recon -   Total loss:	1583.395 (rec:321.132, round:1262.263)	b=5.38	count=17000
01/19/2026 13:21:47 - INFO - qdiff.block_recon -   Total loss:	1351.436 (rec:367.573, round:983.863)	b=4.81	count=17500
01/19/2026 13:21:52 - INFO - qdiff.block_recon -   Total loss:	1115.785 (rec:398.154, round:717.631)	b=4.25	count=18000
01/19/2026 13:21:58 - INFO - qdiff.block_recon -   Total loss:	864.497 (rec:395.460, round:469.037)	b=3.69	count=18500
01/19/2026 13:22:04 - INFO - qdiff.block_recon -   Total loss:	600.349 (rec:350.292, round:250.058)	b=3.12	count=19000
01/19/2026 13:22:09 - INFO - qdiff.block_recon -   Total loss:	467.364 (rec:384.097, round:83.267)	b=2.56	count=19500
01/19/2026 13:22:15 - INFO - qdiff.block_recon -   Total loss:	406.768 (rec:395.255, round:11.512)	b=2.00	count=20000
01/19/2026 13:22:15 - INFO - __main__ -   2 True
01/19/2026 13:22:15 - INFO - __main__ -   Reconstruction for block 2
01/19/2026 13:23:14 - INFO - qdiff.timestep_aware_utils -   in 1 shape: torch.Size([5120, 512, 8, 8]), in 2 shape: torch.Size([5120, 512])
01/19/2026 13:23:14 - INFO - qdiff.timestep_aware_utils -   out shape: torch.Size([5120, 256, 8, 8])
01/19/2026 13:23:18 - INFO - qdiff.block_recon -   Total loss:	154.742 (rec:154.742, round:0.000)	b=0.00	count=500
01/19/2026 13:23:23 - INFO - qdiff.block_recon -   Total loss:	165.396 (rec:165.396, round:0.000)	b=0.00	count=1000
01/19/2026 13:23:27 - INFO - qdiff.block_recon -   Total loss:	139.359 (rec:139.359, round:0.000)	b=0.00	count=1500
01/19/2026 13:23:32 - INFO - qdiff.block_recon -   Total loss:	136.790 (rec:136.790, round:0.000)	b=0.00	count=2000
01/19/2026 13:23:37 - INFO - qdiff.block_recon -   Total loss:	135.224 (rec:135.224, round:0.000)	b=0.00	count=2500
01/19/2026 13:23:41 - INFO - qdiff.block_recon -   Total loss:	135.406 (rec:135.406, round:0.000)	b=0.00	count=3000
01/19/2026 13:23:46 - INFO - qdiff.block_recon -   Total loss:	148.730 (rec:148.730, round:0.000)	b=0.00	count=3500
01/19/2026 13:23:50 - INFO - qdiff.block_recon -   Total loss:	17226.826 (rec:151.092, round:17075.734)	b=20.00	count=4000
01/19/2026 13:23:56 - INFO - qdiff.block_recon -   Total loss:	9950.047 (rec:133.632, round:9816.415)	b=19.44	count=4500
01/19/2026 13:24:02 - INFO - qdiff.block_recon -   Total loss:	9170.632 (rec:136.546, round:9034.086)	b=18.88	count=5000
01/19/2026 13:24:07 - INFO - qdiff.block_recon -   Total loss:	8619.035 (rec:147.094, round:8471.941)	b=18.31	count=5500
01/19/2026 13:24:13 - INFO - qdiff.block_recon -   Total loss:	8122.605 (rec:147.779, round:7974.826)	b=17.75	count=6000
01/19/2026 13:24:18 - INFO - qdiff.block_recon -   Total loss:	7645.497 (rec:139.210, round:7506.287)	b=17.19	count=6500
01/19/2026 13:24:24 - INFO - qdiff.block_recon -   Total loss:	7203.209 (rec:139.194, round:7064.015)	b=16.62	count=7000
01/19/2026 13:24:30 - INFO - qdiff.block_recon -   Total loss:	6781.977 (rec:144.148, round:6637.829)	b=16.06	count=7500
01/19/2026 13:24:36 - INFO - qdiff.block_recon -   Total loss:	6382.988 (rec:158.226, round:6224.763)	b=15.50	count=8000
01/19/2026 13:24:41 - INFO - qdiff.block_recon -   Total loss:	5969.368 (rec:141.577, round:5827.791)	b=14.94	count=8500
01/19/2026 13:24:47 - INFO - qdiff.block_recon -   Total loss:	5577.151 (rec:133.267, round:5443.884)	b=14.38	count=9000
01/19/2026 13:24:53 - INFO - qdiff.block_recon -   Total loss:	5204.230 (rec:132.632, round:5071.598)	b=13.81	count=9500
01/19/2026 13:24:58 - INFO - qdiff.block_recon -   Total loss:	4848.400 (rec:133.144, round:4715.256)	b=13.25	count=10000
01/19/2026 13:25:04 - INFO - qdiff.block_recon -   Total loss:	4517.537 (rec:148.645, round:4368.892)	b=12.69	count=10500
01/19/2026 13:25:10 - INFO - qdiff.block_recon -   Total loss:	4174.566 (rec:133.375, round:4041.191)	b=12.12	count=11000
01/19/2026 13:25:15 - INFO - qdiff.block_recon -   Total loss:	3855.187 (rec:135.364, round:3719.823)	b=11.56	count=11500
01/19/2026 13:25:21 - INFO - qdiff.block_recon -   Total loss:	3535.411 (rec:128.436, round:3406.975)	b=11.00	count=12000
01/19/2026 13:25:27 - INFO - qdiff.block_recon -   Total loss:	3262.347 (rec:155.454, round:3106.893)	b=10.44	count=12500
01/19/2026 13:25:33 - INFO - qdiff.block_recon -   Total loss:	2948.819 (rec:132.276, round:2816.543)	b=9.88	count=13000
01/19/2026 13:25:38 - INFO - qdiff.block_recon -   Total loss:	2682.854 (rec:146.007, round:2536.847)	b=9.31	count=13500
01/19/2026 13:25:44 - INFO - qdiff.block_recon -   Total loss:	2392.842 (rec:129.263, round:2263.579)	b=8.75	count=14000
01/19/2026 13:25:50 - INFO - qdiff.block_recon -   Total loss:	2128.519 (rec:128.555, round:1999.964)	b=8.19	count=14500
01/19/2026 13:25:55 - INFO - qdiff.block_recon -   Total loss:	1881.723 (rec:135.585, round:1746.138)	b=7.62	count=15000
01/19/2026 13:26:01 - INFO - qdiff.block_recon -   Total loss:	1640.539 (rec:141.564, round:1498.975)	b=7.06	count=15500
01/19/2026 13:26:07 - INFO - qdiff.block_recon -   Total loss:	1403.235 (rec:143.046, round:1260.189)	b=6.50	count=16000
01/19/2026 13:26:12 - INFO - qdiff.block_recon -   Total loss:	1147.707 (rec:120.482, round:1027.225)	b=5.94	count=16500
01/19/2026 13:26:18 - INFO - qdiff.block_recon -   Total loss:	932.856 (rec:127.059, round:805.797)	b=5.38	count=17000
01/19/2026 13:26:24 - INFO - qdiff.block_recon -   Total loss:	756.470 (rec:158.862, round:597.609)	b=4.81	count=17500
01/19/2026 13:26:29 - INFO - qdiff.block_recon -   Total loss:	541.725 (rec:137.587, round:404.138)	b=4.25	count=18000
01/19/2026 13:26:35 - INFO - qdiff.block_recon -   Total loss:	377.661 (rec:145.100, round:232.562)	b=3.69	count=18500
01/19/2026 13:26:41 - INFO - qdiff.block_recon -   Total loss:	252.476 (rec:154.921, round:97.555)	b=3.12	count=19000
01/19/2026 13:26:46 - INFO - qdiff.block_recon -   Total loss:	160.432 (rec:139.707, round:20.724)	b=2.56	count=19500
01/19/2026 13:26:52 - INFO - qdiff.block_recon -   Total loss:	137.540 (rec:136.033, round:1.507)	b=2.00	count=20000
01/19/2026 13:26:52 - INFO - __main__ -   attn False
01/19/2026 13:26:52 - INFO - __main__ -   upsample False
01/19/2026 13:26:52 - INFO - __main__ -   conv False
01/19/2026 13:26:52 - INFO - __main__ -   Reconstruction for layer conv
01/19/2026 13:27:52 - INFO - qdiff.timestep_aware_utils -   in shape: torch.Size([5120, 256, 16, 16])
01/19/2026 13:27:52 - INFO - qdiff.timestep_aware_utils -   out shape: torch.Size([5120, 256, 16, 16])
01/19/2026 13:27:56 - INFO - qdiff.layer_recon -   Total loss:	60.994 (rec:60.994, round:0.000)	b=0.00	count=500
01/19/2026 13:28:00 - INFO - qdiff.layer_recon -   Total loss:	58.283 (rec:58.283, round:0.000)	b=0.00	count=1000
01/19/2026 13:28:04 - INFO - qdiff.layer_recon -   Total loss:	52.114 (rec:52.114, round:0.000)	b=0.00	count=1500
01/19/2026 13:28:08 - INFO - qdiff.layer_recon -   Total loss:	59.859 (rec:59.859, round:0.000)	b=0.00	count=2000
01/19/2026 13:28:12 - INFO - qdiff.layer_recon -   Total loss:	54.036 (rec:54.036, round:0.000)	b=0.00	count=2500
01/19/2026 13:28:15 - INFO - qdiff.layer_recon -   Total loss:	53.888 (rec:53.888, round:0.000)	b=0.00	count=3000
01/19/2026 13:28:19 - INFO - qdiff.layer_recon -   Total loss:	54.224 (rec:54.224, round:0.000)	b=0.00	count=3500
01/19/2026 13:28:23 - INFO - qdiff.layer_recon -   Total loss:	4449.366 (rec:50.159, round:4399.208)	b=20.00	count=4000
01/19/2026 13:28:27 - INFO - qdiff.layer_recon -   Total loss:	2426.707 (rec:44.792, round:2381.915)	b=19.44	count=4500
01/19/2026 13:28:31 - INFO - qdiff.layer_recon -   Total loss:	2154.369 (rec:42.113, round:2112.257)	b=18.88	count=5000
01/19/2026 13:28:36 - INFO - qdiff.layer_recon -   Total loss:	1964.133 (rec:46.489, round:1917.644)	b=18.31	count=5500
01/19/2026 13:28:40 - INFO - qdiff.layer_recon -   Total loss:	1813.096 (rec:55.083, round:1758.012)	b=17.75	count=6000
01/19/2026 13:28:44 - INFO - qdiff.layer_recon -   Total loss:	1668.469 (rec:50.025, round:1618.444)	b=17.19	count=6500
01/19/2026 13:28:48 - INFO - qdiff.layer_recon -   Total loss:	1547.656 (rec:52.746, round:1494.911)	b=16.62	count=7000
01/19/2026 13:28:52 - INFO - qdiff.layer_recon -   Total loss:	1431.082 (rec:47.026, round:1384.057)	b=16.06	count=7500
01/19/2026 13:28:56 - INFO - qdiff.layer_recon -   Total loss:	1330.875 (rec:45.972, round:1284.903)	b=15.50	count=8000
01/19/2026 13:29:01 - INFO - qdiff.layer_recon -   Total loss:	1249.811 (rec:55.630, round:1194.180)	b=14.94	count=8500
01/19/2026 13:29:05 - INFO - qdiff.layer_recon -   Total loss:	1159.051 (rec:49.776, round:1109.275)	b=14.38	count=9000
01/19/2026 13:29:09 - INFO - qdiff.layer_recon -   Total loss:	1077.931 (rec:47.038, round:1030.893)	b=13.81	count=9500
01/19/2026 13:29:13 - INFO - qdiff.layer_recon -   Total loss:	1003.898 (rec:45.614, round:958.284)	b=13.25	count=10000
01/19/2026 13:29:17 - INFO - qdiff.layer_recon -   Total loss:	938.274 (rec:48.124, round:890.150)	b=12.69	count=10500
01/19/2026 13:29:21 - INFO - qdiff.layer_recon -   Total loss:	875.849 (rec:50.098, round:825.751)	b=12.12	count=11000
01/19/2026 13:29:26 - INFO - qdiff.layer_recon -   Total loss:	809.989 (rec:46.084, round:763.905)	b=11.56	count=11500
01/19/2026 13:29:30 - INFO - qdiff.layer_recon -   Total loss:	757.415 (rec:52.411, round:705.005)	b=11.00	count=12000
01/19/2026 13:29:34 - INFO - qdiff.layer_recon -   Total loss:	695.433 (rec:45.125, round:650.308)	b=10.44	count=12500
01/19/2026 13:29:38 - INFO - qdiff.layer_recon -   Total loss:	640.733 (rec:42.748, round:597.985)	b=9.88	count=13000
01/19/2026 13:29:42 - INFO - qdiff.layer_recon -   Total loss:	592.609 (rec:47.960, round:544.649)	b=9.31	count=13500
01/19/2026 13:29:46 - INFO - qdiff.layer_recon -   Total loss:	546.014 (rec:52.070, round:493.945)	b=8.75	count=14000
01/19/2026 13:29:50 - INFO - qdiff.layer_recon -   Total loss:	499.927 (rec:56.166, round:443.761)	b=8.19	count=14500
01/19/2026 13:29:54 - INFO - qdiff.layer_recon -   Total loss:	445.118 (rec:50.141, round:394.977)	b=7.62	count=15000
01/19/2026 13:29:58 - INFO - qdiff.layer_recon -   Total loss:	400.093 (rec:53.001, round:347.091)	b=7.06	count=15500
01/19/2026 13:30:02 - INFO - qdiff.layer_recon -   Total loss:	342.352 (rec:42.791, round:299.561)	b=6.50	count=16000
01/19/2026 13:30:07 - INFO - qdiff.layer_recon -   Total loss:	302.655 (rec:49.915, round:252.739)	b=5.94	count=16500
01/19/2026 13:30:11 - INFO - qdiff.layer_recon -   Total loss:	260.910 (rec:55.350, round:205.559)	b=5.38	count=17000
01/19/2026 13:30:15 - INFO - qdiff.layer_recon -   Total loss:	210.027 (rec:50.907, round:159.120)	b=4.81	count=17500
01/19/2026 13:30:19 - INFO - qdiff.layer_recon -   Total loss:	157.295 (rec:43.415, round:113.880)	b=4.25	count=18000
01/19/2026 13:30:23 - INFO - qdiff.layer_recon -   Total loss:	121.593 (rec:50.225, round:71.367)	b=3.69	count=18500
01/19/2026 13:30:27 - INFO - qdiff.layer_recon -   Total loss:	80.751 (rec:45.726, round:35.025)	b=3.12	count=19000
01/19/2026 13:30:31 - INFO - qdiff.layer_recon -   Total loss:	57.676 (rec:47.441, round:10.235)	b=2.56	count=19500
01/19/2026 13:30:35 - INFO - qdiff.layer_recon -   Total loss:	45.908 (rec:44.617, round:1.292)	b=2.00	count=20000
01/19/2026 13:30:36 - INFO - __main__ -   3 False
01/19/2026 13:30:36 - INFO - __main__ -   block False
01/19/2026 13:30:36 - INFO - __main__ -   0 True
01/19/2026 13:30:36 - INFO - __main__ -   Reconstruction for block 0
01/19/2026 13:31:21 - INFO - qdiff.timestep_aware_utils -   in 1 shape: torch.Size([5120, 512, 4, 4]), in 2 shape: torch.Size([5120, 512])
01/19/2026 13:31:21 - INFO - qdiff.timestep_aware_utils -   out shape: torch.Size([5120, 256, 4, 4])
01/19/2026 13:31:24 - INFO - qdiff.block_recon -   Total loss:	1187.010 (rec:1187.010, round:0.000)	b=0.00	count=500
01/19/2026 13:31:27 - INFO - qdiff.block_recon -   Total loss:	1110.322 (rec:1110.322, round:0.000)	b=0.00	count=1000
01/19/2026 13:31:31 - INFO - qdiff.block_recon -   Total loss:	1081.206 (rec:1081.206, round:0.000)	b=0.00	count=1500
01/19/2026 13:31:34 - INFO - qdiff.block_recon -   Total loss:	1022.842 (rec:1022.842, round:0.000)	b=0.00	count=2000
01/19/2026 13:31:38 - INFO - qdiff.block_recon -   Total loss:	1101.398 (rec:1101.398, round:0.000)	b=0.00	count=2500
01/19/2026 13:31:41 - INFO - qdiff.block_recon -   Total loss:	1117.701 (rec:1117.701, round:0.000)	b=0.00	count=3000
01/19/2026 13:31:44 - INFO - qdiff.block_recon -   Total loss:	1040.738 (rec:1040.738, round:0.000)	b=0.00	count=3500
01/19/2026 13:31:48 - INFO - qdiff.block_recon -   Total loss:	18742.441 (rec:1102.517, round:17639.924)	b=20.00	count=4000
01/19/2026 13:31:52 - INFO - qdiff.block_recon -   Total loss:	13232.204 (rec:1081.271, round:12150.934)	b=19.44	count=4500
01/19/2026 13:31:57 - INFO - qdiff.block_recon -   Total loss:	12425.462 (rec:1078.184, round:11347.278)	b=18.88	count=5000
01/19/2026 13:32:01 - INFO - qdiff.block_recon -   Total loss:	11879.947 (rec:1067.574, round:10812.373)	b=18.31	count=5500
01/19/2026 13:32:06 - INFO - qdiff.block_recon -   Total loss:	11491.882 (rec:1134.828, round:10357.054)	b=17.75	count=6000
01/19/2026 13:32:10 - INFO - qdiff.block_recon -   Total loss:	10893.349 (rec:955.654, round:9937.695)	b=17.19	count=6500
01/19/2026 13:32:15 - INFO - qdiff.block_recon -   Total loss:	10540.716 (rec:1001.314, round:9539.402)	b=16.62	count=7000
01/19/2026 13:32:19 - INFO - qdiff.block_recon -   Total loss:	10200.364 (rec:1049.394, round:9150.971)	b=16.06	count=7500
01/19/2026 13:32:24 - INFO - qdiff.block_recon -   Total loss:	9746.021 (rec:972.444, round:8773.576)	b=15.50	count=8000
01/19/2026 13:32:28 - INFO - qdiff.block_recon -   Total loss:	9361.031 (rec:955.903, round:8405.129)	b=14.94	count=8500
01/19/2026 13:32:33 - INFO - qdiff.block_recon -   Total loss:	9047.999 (rec:1012.301, round:8035.698)	b=14.38	count=9000
01/19/2026 13:32:37 - INFO - qdiff.block_recon -   Total loss:	8794.131 (rec:1123.705, round:7670.425)	b=13.81	count=9500
01/19/2026 13:32:42 - INFO - qdiff.block_recon -   Total loss:	8406.295 (rec:1096.198, round:7310.098)	b=13.25	count=10000
01/19/2026 13:32:46 - INFO - qdiff.block_recon -   Total loss:	8032.915 (rec:1083.367, round:6949.548)	b=12.69	count=10500
01/19/2026 13:32:51 - INFO - qdiff.block_recon -   Total loss:	7732.178 (rec:1138.424, round:6593.754)	b=12.12	count=11000
01/19/2026 13:32:55 - INFO - qdiff.block_recon -   Total loss:	7286.648 (rec:1048.819, round:6237.829)	b=11.56	count=11500
01/19/2026 13:33:00 - INFO - qdiff.block_recon -   Total loss:	7020.804 (rec:1137.800, round:5883.004)	b=11.00	count=12000
01/19/2026 13:33:04 - INFO - qdiff.block_recon -   Total loss:	6659.241 (rec:1129.506, round:5529.735)	b=10.44	count=12500
01/19/2026 13:33:09 - INFO - qdiff.block_recon -   Total loss:	6191.249 (rec:1015.620, round:5175.629)	b=9.88	count=13000
01/19/2026 13:33:13 - INFO - qdiff.block_recon -   Total loss:	5822.564 (rec:997.468, round:4825.097)	b=9.31	count=13500
01/19/2026 13:33:18 - INFO - qdiff.block_recon -   Total loss:	5528.623 (rec:1058.118, round:4470.505)	b=8.75	count=14000
01/19/2026 13:33:22 - INFO - qdiff.block_recon -   Total loss:	5056.971 (rec:944.836, round:4112.135)	b=8.19	count=14500
01/19/2026 13:33:27 - INFO - qdiff.block_recon -   Total loss:	4886.434 (rec:1133.016, round:3753.417)	b=7.62	count=15000
01/19/2026 13:33:31 - INFO - qdiff.block_recon -   Total loss:	4406.157 (rec:1014.720, round:3391.437)	b=7.06	count=15500
01/19/2026 13:33:36 - INFO - qdiff.block_recon -   Total loss:	4086.049 (rec:1059.188, round:3026.861)	b=6.50	count=16000
01/19/2026 13:33:40 - INFO - qdiff.block_recon -   Total loss:	3680.605 (rec:1019.409, round:2661.197)	b=5.94	count=16500
01/19/2026 13:33:45 - INFO - qdiff.block_recon -   Total loss:	3336.025 (rec:1048.479, round:2287.546)	b=5.38	count=17000
01/19/2026 13:33:49 - INFO - qdiff.block_recon -   Total loss:	2938.679 (rec:1030.372, round:1908.307)	b=4.81	count=17500
01/19/2026 13:33:54 - INFO - qdiff.block_recon -   Total loss:	2549.115 (rec:1022.508, round:1526.607)	b=4.25	count=18000
01/19/2026 13:33:59 - INFO - qdiff.block_recon -   Total loss:	2149.180 (rec:1006.273, round:1142.907)	b=3.69	count=18500
01/19/2026 13:34:03 - INFO - qdiff.block_recon -   Total loss:	1874.473 (rec:1108.046, round:766.426)	b=3.12	count=19000
01/19/2026 13:34:08 - INFO - qdiff.block_recon -   Total loss:	1591.241 (rec:1178.454, round:412.786)	b=2.56	count=19500
01/19/2026 13:34:12 - INFO - qdiff.block_recon -   Total loss:	1215.747 (rec:1076.447, round:139.300)	b=2.00	count=20000
01/19/2026 13:34:12 - INFO - __main__ -   1 True
01/19/2026 13:34:12 - INFO - __main__ -   Reconstruction for block 1
01/19/2026 13:35:00 - INFO - qdiff.timestep_aware_utils -   in 1 shape: torch.Size([5120, 512, 4, 4]), in 2 shape: torch.Size([5120, 512])
01/19/2026 13:35:00 - INFO - qdiff.timestep_aware_utils -   out shape: torch.Size([5120, 256, 4, 4])
01/19/2026 13:35:03 - INFO - qdiff.block_recon -   Total loss:	1176.880 (rec:1176.880, round:0.000)	b=0.00	count=500
01/19/2026 13:35:06 - INFO - qdiff.block_recon -   Total loss:	1302.714 (rec:1302.714, round:0.000)	b=0.00	count=1000
01/19/2026 13:35:10 - INFO - qdiff.block_recon -   Total loss:	1188.029 (rec:1188.029, round:0.000)	b=0.00	count=1500
01/19/2026 13:35:13 - INFO - qdiff.block_recon -   Total loss:	1121.027 (rec:1121.027, round:0.000)	b=0.00	count=2000
01/19/2026 13:35:16 - INFO - qdiff.block_recon -   Total loss:	1180.260 (rec:1180.260, round:0.000)	b=0.00	count=2500
01/19/2026 13:35:20 - INFO - qdiff.block_recon -   Total loss:	1205.215 (rec:1205.215, round:0.000)	b=0.00	count=3000
01/19/2026 13:35:23 - INFO - qdiff.block_recon -   Total loss:	1192.186 (rec:1192.186, round:0.000)	b=0.00	count=3500
01/19/2026 13:35:27 - INFO - qdiff.block_recon -   Total loss:	18997.816 (rec:1196.813, round:17801.004)	b=20.00	count=4000
01/19/2026 13:35:31 - INFO - qdiff.block_recon -   Total loss:	13661.055 (rec:1256.350, round:12404.704)	b=19.44	count=4500
01/19/2026 13:35:36 - INFO - qdiff.block_recon -   Total loss:	12721.102 (rec:1113.988, round:11607.113)	b=18.88	count=5000
01/19/2026 13:35:41 - INFO - qdiff.block_recon -   Total loss:	12275.927 (rec:1200.813, round:11075.114)	b=18.31	count=5500
01/19/2026 13:35:45 - INFO - qdiff.block_recon -   Total loss:	11772.197 (rec:1144.204, round:10627.993)	b=17.75	count=6000
01/19/2026 13:35:49 - INFO - qdiff.block_recon -   Total loss:	11493.047 (rec:1275.409, round:10217.639)	b=17.19	count=6500
01/19/2026 13:35:54 - INFO - qdiff.block_recon -   Total loss:	10983.969 (rec:1162.083, round:9821.886)	b=16.62	count=7000
01/19/2026 13:35:58 - INFO - qdiff.block_recon -   Total loss:	10608.441 (rec:1172.005, round:9436.437)	b=16.06	count=7500
01/19/2026 13:36:03 - INFO - qdiff.block_recon -   Total loss:	10142.323 (rec:1086.060, round:9056.263)	b=15.50	count=8000
01/19/2026 13:36:07 - INFO - qdiff.block_recon -   Total loss:	9916.551 (rec:1232.305, round:8684.246)	b=14.94	count=8500
01/19/2026 13:36:12 - INFO - qdiff.block_recon -   Total loss:	9579.438 (rec:1264.278, round:8315.160)	b=14.38	count=9000
01/19/2026 13:36:16 - INFO - qdiff.block_recon -   Total loss:	9185.554 (rec:1237.046, round:7948.507)	b=13.81	count=9500
01/19/2026 13:36:21 - INFO - qdiff.block_recon -   Total loss:	8663.219 (rec:1080.403, round:7582.815)	b=13.25	count=10000
01/19/2026 13:36:25 - INFO - qdiff.block_recon -   Total loss:	8426.100 (rec:1207.099, round:7219.001)	b=12.69	count=10500
01/19/2026 13:36:30 - INFO - qdiff.block_recon -   Total loss:	7987.569 (rec:1129.939, round:6857.630)	b=12.12	count=11000
01/19/2026 13:36:35 - INFO - qdiff.block_recon -   Total loss:	7654.548 (rec:1156.986, round:6497.562)	b=11.56	count=11500
01/19/2026 13:36:39 - INFO - qdiff.block_recon -   Total loss:	7296.934 (rec:1158.675, round:6138.258)	b=11.00	count=12000
01/19/2026 13:36:44 - INFO - qdiff.block_recon -   Total loss:	6941.350 (rec:1162.500, round:5778.850)	b=10.44	count=12500
01/19/2026 13:36:48 - INFO - qdiff.block_recon -   Total loss:	6578.927 (rec:1162.897, round:5416.030)	b=9.88	count=13000
01/19/2026 13:36:53 - INFO - qdiff.block_recon -   Total loss:	6251.258 (rec:1196.733, round:5054.525)	b=9.31	count=13500
01/19/2026 13:36:57 - INFO - qdiff.block_recon -   Total loss:	5789.538 (rec:1095.047, round:4694.491)	b=8.75	count=14000
01/19/2026 13:37:02 - INFO - qdiff.block_recon -   Total loss:	5553.673 (rec:1224.624, round:4329.049)	b=8.19	count=14500
01/19/2026 13:37:06 - INFO - qdiff.block_recon -   Total loss:	5174.176 (rec:1214.777, round:3959.399)	b=7.62	count=15000
01/19/2026 13:37:11 - INFO - qdiff.block_recon -   Total loss:	4744.575 (rec:1156.725, round:3587.850)	b=7.06	count=15500
01/19/2026 13:37:15 - INFO - qdiff.block_recon -   Total loss:	4262.930 (rec:1054.405, round:3208.524)	b=6.50	count=16000
01/19/2026 13:37:20 - INFO - qdiff.block_recon -   Total loss:	4011.907 (rec:1189.547, round:2822.360)	b=5.94	count=16500
01/19/2026 13:37:24 - INFO - qdiff.block_recon -   Total loss:	3570.973 (rec:1139.358, round:2431.615)	b=5.38	count=17000
01/19/2026 13:37:29 - INFO - qdiff.block_recon -   Total loss:	3309.979 (rec:1276.860, round:2033.119)	b=4.81	count=17500
01/19/2026 13:37:33 - INFO - qdiff.block_recon -   Total loss:	2738.928 (rec:1108.770, round:1630.158)	b=4.25	count=18000
01/19/2026 13:37:38 - INFO - qdiff.block_recon -   Total loss:	2304.905 (rec:1081.309, round:1223.596)	b=3.69	count=18500
01/19/2026 13:37:42 - INFO - qdiff.block_recon -   Total loss:	1984.981 (rec:1165.662, round:819.318)	b=3.12	count=19000
01/19/2026 13:37:47 - INFO - qdiff.block_recon -   Total loss:	1634.483 (rec:1194.853, round:439.630)	b=2.56	count=19500
01/19/2026 13:37:51 - INFO - qdiff.block_recon -   Total loss:	1344.893 (rec:1204.439, round:140.454)	b=2.00	count=20000
01/19/2026 13:37:51 - INFO - __main__ -   2 True
01/19/2026 13:37:51 - INFO - __main__ -   Reconstruction for block 2
01/19/2026 13:38:41 - INFO - qdiff.timestep_aware_utils -   in 1 shape: torch.Size([5120, 512, 4, 4]), in 2 shape: torch.Size([5120, 512])
01/19/2026 13:38:41 - INFO - qdiff.timestep_aware_utils -   out shape: torch.Size([5120, 256, 4, 4])
01/19/2026 13:38:45 - INFO - qdiff.block_recon -   Total loss:	496.794 (rec:496.794, round:0.000)	b=0.00	count=500
01/19/2026 13:38:48 - INFO - qdiff.block_recon -   Total loss:	452.828 (rec:452.828, round:0.000)	b=0.00	count=1000
01/19/2026 13:38:52 - INFO - qdiff.block_recon -   Total loss:	445.474 (rec:445.474, round:0.000)	b=0.00	count=1500
01/19/2026 13:38:55 - INFO - qdiff.block_recon -   Total loss:	440.857 (rec:440.857, round:0.000)	b=0.00	count=2000
01/19/2026 13:38:59 - INFO - qdiff.block_recon -   Total loss:	457.124 (rec:457.124, round:0.000)	b=0.00	count=2500
01/19/2026 13:39:02 - INFO - qdiff.block_recon -   Total loss:	411.292 (rec:411.292, round:0.000)	b=0.00	count=3000
01/19/2026 13:39:05 - INFO - qdiff.block_recon -   Total loss:	453.323 (rec:453.323, round:0.000)	b=0.00	count=3500
01/19/2026 13:39:09 - INFO - qdiff.block_recon -   Total loss:	18226.076 (rec:443.128, round:17782.947)	b=20.00	count=4000
01/19/2026 13:39:13 - INFO - qdiff.block_recon -   Total loss:	12132.365 (rec:439.799, round:11692.566)	b=19.44	count=4500
01/19/2026 13:39:18 - INFO - qdiff.block_recon -   Total loss:	11363.741 (rec:455.184, round:10908.558)	b=18.88	count=5000
01/19/2026 13:39:22 - INFO - qdiff.block_recon -   Total loss:	10793.585 (rec:408.416, round:10385.169)	b=18.31	count=5500
01/19/2026 13:39:27 - INFO - qdiff.block_recon -   Total loss:	10366.086 (rec:428.122, round:9937.964)	b=17.75	count=6000
01/19/2026 13:39:31 - INFO - qdiff.block_recon -   Total loss:	9974.536 (rec:452.335, round:9522.201)	b=17.19	count=6500
01/19/2026 13:39:36 - INFO - qdiff.block_recon -   Total loss:	9509.979 (rec:389.501, round:9120.478)	b=16.62	count=7000
01/19/2026 13:39:40 - INFO - qdiff.block_recon -   Total loss:	9206.396 (rec:472.517, round:8733.879)	b=16.06	count=7500
01/19/2026 13:39:45 - INFO - qdiff.block_recon -   Total loss:	8795.558 (rec:443.922, round:8351.636)	b=15.50	count=8000
01/19/2026 13:39:49 - INFO - qdiff.block_recon -   Total loss:	8393.037 (rec:417.406, round:7975.631)	b=14.94	count=8500
01/19/2026 13:39:54 - INFO - qdiff.block_recon -   Total loss:	8066.883 (rec:463.910, round:7602.974)	b=14.38	count=9000
01/19/2026 13:39:58 - INFO - qdiff.block_recon -   Total loss:	7667.975 (rec:432.694, round:7235.281)	b=13.81	count=9500
01/19/2026 13:40:03 - INFO - qdiff.block_recon -   Total loss:	7320.577 (rec:454.250, round:6866.327)	b=13.25	count=10000
01/19/2026 13:40:07 - INFO - qdiff.block_recon -   Total loss:	6933.495 (rec:433.692, round:6499.803)	b=12.69	count=10500
01/19/2026 13:40:12 - INFO - qdiff.block_recon -   Total loss:	6557.346 (rec:424.024, round:6133.321)	b=12.12	count=11000
01/19/2026 13:40:16 - INFO - qdiff.block_recon -   Total loss:	6200.617 (rec:429.091, round:5771.526)	b=11.56	count=11500
01/19/2026 13:40:21 - INFO - qdiff.block_recon -   Total loss:	5861.659 (rec:450.499, round:5411.159)	b=11.00	count=12000
01/19/2026 13:40:25 - INFO - qdiff.block_recon -   Total loss:	5504.669 (rec:451.665, round:5053.004)	b=10.44	count=12500
01/19/2026 13:40:30 - INFO - qdiff.block_recon -   Total loss:	5128.062 (rec:433.260, round:4694.802)	b=9.88	count=13000
01/19/2026 13:40:34 - INFO - qdiff.block_recon -   Total loss:	4796.298 (rec:459.385, round:4336.913)	b=9.31	count=13500
01/19/2026 13:40:39 - INFO - qdiff.block_recon -   Total loss:	4441.420 (rec:463.124, round:3978.296)	b=8.75	count=14000
01/19/2026 13:40:44 - INFO - qdiff.block_recon -   Total loss:	4042.569 (rec:418.744, round:3623.825)	b=8.19	count=14500
01/19/2026 13:40:48 - INFO - qdiff.block_recon -   Total loss:	3717.935 (rec:449.723, round:3268.211)	b=7.62	count=15000
01/19/2026 13:40:53 - INFO - qdiff.block_recon -   Total loss:	3354.138 (rec:439.889, round:2914.248)	b=7.06	count=15500
01/19/2026 13:40:57 - INFO - qdiff.block_recon -   Total loss:	2958.261 (rec:404.580, round:2553.682)	b=6.50	count=16000
01/19/2026 13:41:02 - INFO - qdiff.block_recon -   Total loss:	2630.510 (rec:435.368, round:2195.142)	b=5.94	count=16500
01/19/2026 13:41:06 - INFO - qdiff.block_recon -   Total loss:	2240.249 (rec:407.014, round:1833.235)	b=5.38	count=17000
01/19/2026 13:41:11 - INFO - qdiff.block_recon -   Total loss:	1916.453 (rec:441.144, round:1475.309)	b=4.81	count=17500
01/19/2026 13:41:15 - INFO - qdiff.block_recon -   Total loss:	1515.865 (rec:397.136, round:1118.729)	b=4.25	count=18000
01/19/2026 13:41:20 - INFO - qdiff.block_recon -   Total loss:	1198.506 (rec:424.672, round:773.834)	b=3.69	count=18500
01/19/2026 13:41:24 - INFO - qdiff.block_recon -   Total loss:	907.025 (rec:452.849, round:454.176)	b=3.12	count=19000
01/19/2026 13:41:29 - INFO - qdiff.block_recon -   Total loss:	603.696 (rec:417.897, round:185.799)	b=2.56	count=19500
01/19/2026 13:41:33 - INFO - qdiff.block_recon -   Total loss:	461.813 (rec:426.203, round:35.610)	b=2.00	count=20000
01/19/2026 13:41:33 - INFO - __main__ -   attn False
01/19/2026 13:41:33 - INFO - __main__ -   upsample False
01/19/2026 13:41:33 - INFO - __main__ -   conv False
01/19/2026 13:41:33 - INFO - __main__ -   Reconstruction for layer conv
01/19/2026 13:42:24 - INFO - qdiff.timestep_aware_utils -   in shape: torch.Size([5120, 256, 8, 8])
01/19/2026 13:42:24 - INFO - qdiff.timestep_aware_utils -   out shape: torch.Size([5120, 256, 8, 8])
01/19/2026 13:42:26 - INFO - qdiff.layer_recon -   Total loss:	102.510 (rec:102.510, round:0.000)	b=0.00	count=500
01/19/2026 13:42:28 - INFO - qdiff.layer_recon -   Total loss:	91.413 (rec:91.413, round:0.000)	b=0.00	count=1000
01/19/2026 13:42:30 - INFO - qdiff.layer_recon -   Total loss:	85.790 (rec:85.790, round:0.000)	b=0.00	count=1500
01/19/2026 13:42:32 - INFO - qdiff.layer_recon -   Total loss:	83.800 (rec:83.800, round:0.000)	b=0.00	count=2000
01/19/2026 13:42:33 - INFO - qdiff.layer_recon -   Total loss:	88.652 (rec:88.652, round:0.000)	b=0.00	count=2500
01/19/2026 13:42:35 - INFO - qdiff.layer_recon -   Total loss:	80.049 (rec:80.049, round:0.000)	b=0.00	count=3000
01/19/2026 13:42:37 - INFO - qdiff.layer_recon -   Total loss:	81.555 (rec:81.555, round:0.000)	b=0.00	count=3500
01/19/2026 13:42:39 - INFO - qdiff.layer_recon -   Total loss:	4799.068 (rec:78.623, round:4720.445)	b=20.00	count=4000
01/19/2026 13:42:41 - INFO - qdiff.layer_recon -   Total loss:	3037.971 (rec:82.951, round:2955.021)	b=19.44	count=4500
01/19/2026 13:42:43 - INFO - qdiff.layer_recon -   Total loss:	2769.072 (rec:79.781, round:2689.291)	b=18.88	count=5000
01/19/2026 13:42:46 - INFO - qdiff.layer_recon -   Total loss:	2574.761 (rec:80.383, round:2494.378)	b=18.31	count=5500
01/19/2026 13:42:48 - INFO - qdiff.layer_recon -   Total loss:	2400.135 (rec:71.715, round:2328.419)	b=17.75	count=6000
01/19/2026 13:42:50 - INFO - qdiff.layer_recon -   Total loss:	2258.783 (rec:81.153, round:2177.630)	b=17.19	count=6500
01/19/2026 13:42:52 - INFO - qdiff.layer_recon -   Total loss:	2118.076 (rec:75.237, round:2042.839)	b=16.62	count=7000
01/19/2026 13:42:55 - INFO - qdiff.layer_recon -   Total loss:	1989.824 (rec:69.792, round:1920.031)	b=16.06	count=7500
01/19/2026 13:42:57 - INFO - qdiff.layer_recon -   Total loss:	1878.610 (rec:73.982, round:1804.628)	b=15.50	count=8000
01/19/2026 13:42:59 - INFO - qdiff.layer_recon -   Total loss:	1774.642 (rec:75.969, round:1698.673)	b=14.94	count=8500
01/19/2026 13:43:01 - INFO - qdiff.layer_recon -   Total loss:	1668.542 (rec:68.705, round:1599.837)	b=14.38	count=9000
01/19/2026 13:43:03 - INFO - qdiff.layer_recon -   Total loss:	1586.053 (rec:81.770, round:1504.282)	b=13.81	count=9500
01/19/2026 13:43:06 - INFO - qdiff.layer_recon -   Total loss:	1492.239 (rec:77.800, round:1414.439)	b=13.25	count=10000
01/19/2026 13:43:08 - INFO - qdiff.layer_recon -   Total loss:	1399.217 (rec:71.567, round:1327.650)	b=12.69	count=10500
01/19/2026 13:43:10 - INFO - qdiff.layer_recon -   Total loss:	1314.602 (rec:69.304, round:1245.298)	b=12.12	count=11000
01/19/2026 13:43:12 - INFO - qdiff.layer_recon -   Total loss:	1235.583 (rec:70.106, round:1165.478)	b=11.56	count=11500
01/19/2026 13:43:15 - INFO - qdiff.layer_recon -   Total loss:	1166.229 (rec:77.914, round:1088.315)	b=11.00	count=12000
01/19/2026 13:43:17 - INFO - qdiff.layer_recon -   Total loss:	1088.482 (rec:74.707, round:1013.774)	b=10.44	count=12500
01/19/2026 13:43:19 - INFO - qdiff.layer_recon -   Total loss:	1014.324 (rec:72.665, round:941.659)	b=9.88	count=13000
01/19/2026 13:43:22 - INFO - qdiff.layer_recon -   Total loss:	947.905 (rec:77.586, round:870.320)	b=9.31	count=13500
01/19/2026 13:43:24 - INFO - qdiff.layer_recon -   Total loss:	882.730 (rec:83.334, round:799.396)	b=8.75	count=14000
01/19/2026 13:43:26 - INFO - qdiff.layer_recon -   Total loss:	804.839 (rec:76.401, round:728.438)	b=8.19	count=14500
01/19/2026 13:43:28 - INFO - qdiff.layer_recon -   Total loss:	736.206 (rec:77.271, round:658.935)	b=7.62	count=15000
01/19/2026 13:43:30 - INFO - qdiff.layer_recon -   Total loss:	666.721 (rec:78.070, round:588.650)	b=7.06	count=15500
01/19/2026 13:43:33 - INFO - qdiff.layer_recon -   Total loss:	602.746 (rec:84.922, round:517.824)	b=6.50	count=16000
01/19/2026 13:43:35 - INFO - qdiff.layer_recon -   Total loss:	519.326 (rec:72.017, round:447.310)	b=5.94	count=16500
01/19/2026 13:43:37 - INFO - qdiff.layer_recon -   Total loss:	446.927 (rec:69.836, round:377.092)	b=5.38	count=17000
01/19/2026 13:43:39 - INFO - qdiff.layer_recon -   Total loss:	373.696 (rec:68.164, round:305.531)	b=4.81	count=17500
01/19/2026 13:43:41 - INFO - qdiff.layer_recon -   Total loss:	301.447 (rec:68.354, round:233.093)	b=4.25	count=18000
01/19/2026 13:43:44 - INFO - qdiff.layer_recon -   Total loss:	231.989 (rec:71.337, round:160.652)	b=3.69	count=18500
01/19/2026 13:43:46 - INFO - qdiff.layer_recon -   Total loss:	165.789 (rec:72.270, round:93.519)	b=3.12	count=19000
01/19/2026 13:43:48 - INFO - qdiff.layer_recon -   Total loss:	107.058 (rec:69.555, round:37.503)	b=2.56	count=19500
01/19/2026 13:43:50 - INFO - qdiff.layer_recon -   Total loss:	85.998 (rec:78.599, round:7.398)	b=2.00	count=20000
01/19/2026 13:43:50 - INFO - __main__ -   norm_out False
01/19/2026 13:43:50 - INFO - __main__ -   conv_out False
01/19/2026 13:43:50 - INFO - __main__ -   Reconstruction for layer conv_out
01/19/2026 13:45:12 - INFO - qdiff.timestep_aware_utils -   in shape: torch.Size([5120, 128, 32, 32])
01/19/2026 13:45:12 - INFO - qdiff.timestep_aware_utils -   out shape: torch.Size([5120, 3, 32, 32])
01/19/2026 13:45:17 - INFO - qdiff.layer_recon -   Total loss:	0.000 (rec:0.000, round:0.000)	b=0.00	count=500
01/19/2026 13:45:20 - INFO - qdiff.layer_recon -   Total loss:	0.000 (rec:0.000, round:0.000)	b=0.00	count=1000
01/19/2026 13:45:24 - INFO - qdiff.layer_recon -   Total loss:	0.000 (rec:0.000, round:0.000)	b=0.00	count=1500
01/19/2026 13:45:28 - INFO - qdiff.layer_recon -   Total loss:	0.000 (rec:0.000, round:0.000)	b=0.00	count=2000
01/19/2026 13:45:32 - INFO - qdiff.layer_recon -   Total loss:	0.000 (rec:0.000, round:0.000)	b=0.00	count=2500
01/19/2026 13:45:36 - INFO - qdiff.layer_recon -   Total loss:	0.000 (rec:0.000, round:0.000)	b=0.00	count=3000
01/19/2026 13:45:40 - INFO - qdiff.layer_recon -   Total loss:	0.000 (rec:0.000, round:0.000)	b=0.00	count=3500
01/19/2026 13:45:44 - INFO - qdiff.layer_recon -   Total loss:	32.151 (rec:0.000, round:32.151)	b=20.00	count=4000
01/19/2026 13:45:48 - INFO - qdiff.layer_recon -   Total loss:	13.152 (rec:0.000, round:13.152)	b=19.44	count=4500
01/19/2026 13:45:52 - INFO - qdiff.layer_recon -   Total loss:	11.657 (rec:0.000, round:11.657)	b=18.88	count=5000
01/19/2026 13:45:56 - INFO - qdiff.layer_recon -   Total loss:	10.797 (rec:0.000, round:10.797)	b=18.31	count=5500
01/19/2026 13:46:00 - INFO - qdiff.layer_recon -   Total loss:	10.071 (rec:0.000, round:10.071)	b=17.75	count=6000
01/19/2026 13:46:04 - INFO - qdiff.layer_recon -   Total loss:	9.395 (rec:0.000, round:9.395)	b=17.19	count=6500
01/19/2026 13:46:08 - INFO - qdiff.layer_recon -   Total loss:	8.700 (rec:0.000, round:8.699)	b=16.62	count=7000
01/19/2026 13:46:12 - INFO - qdiff.layer_recon -   Total loss:	8.078 (rec:0.000, round:8.078)	b=16.06	count=7500
01/19/2026 13:46:16 - INFO - qdiff.layer_recon -   Total loss:	7.410 (rec:0.000, round:7.410)	b=15.50	count=8000
01/19/2026 13:46:20 - INFO - qdiff.layer_recon -   Total loss:	6.813 (rec:0.000, round:6.813)	b=14.94	count=8500
01/19/2026 13:46:24 - INFO - qdiff.layer_recon -   Total loss:	6.192 (rec:0.000, round:6.192)	b=14.38	count=9000
01/19/2026 13:46:29 - INFO - qdiff.layer_recon -   Total loss:	5.706 (rec:0.000, round:5.706)	b=13.81	count=9500
01/19/2026 13:46:33 - INFO - qdiff.layer_recon -   Total loss:	5.214 (rec:0.000, round:5.214)	b=13.25	count=10000
01/19/2026 13:46:37 - INFO - qdiff.layer_recon -   Total loss:	4.678 (rec:0.000, round:4.678)	b=12.69	count=10500
01/19/2026 13:46:41 - INFO - qdiff.layer_recon -   Total loss:	4.142 (rec:0.000, round:4.142)	b=12.12	count=11000
01/19/2026 13:46:45 - INFO - qdiff.layer_recon -   Total loss:	3.532 (rec:0.000, round:3.532)	b=11.56	count=11500
01/19/2026 13:46:49 - INFO - qdiff.layer_recon -   Total loss:	2.939 (rec:0.000, round:2.939)	b=11.00	count=12000
01/19/2026 13:46:53 - INFO - qdiff.layer_recon -   Total loss:	2.328 (rec:0.000, round:2.327)	b=10.44	count=12500
01/19/2026 13:46:57 - INFO - qdiff.layer_recon -   Total loss:	1.784 (rec:0.000, round:1.784)	b=9.88	count=13000
01/19/2026 13:47:01 - INFO - qdiff.layer_recon -   Total loss:	1.300 (rec:0.000, round:1.300)	b=9.31	count=13500
01/19/2026 13:47:05 - INFO - qdiff.layer_recon -   Total loss:	0.921 (rec:0.000, round:0.921)	b=8.75	count=14000
01/19/2026 13:47:09 - INFO - qdiff.layer_recon -   Total loss:	0.583 (rec:0.000, round:0.583)	b=8.19	count=14500
01/19/2026 13:47:14 - INFO - qdiff.layer_recon -   Total loss:	0.278 (rec:0.000, round:0.278)	b=7.62	count=15000
01/19/2026 13:47:18 - INFO - qdiff.layer_recon -   Total loss:	0.200 (rec:0.000, round:0.200)	b=7.06	count=15500
01/19/2026 13:47:22 - INFO - qdiff.layer_recon -   Total loss:	0.100 (rec:0.000, round:0.100)	b=6.50	count=16000
01/19/2026 13:47:26 - INFO - qdiff.layer_recon -   Total loss:	0.046 (rec:0.000, round:0.046)	b=5.94	count=16500
01/19/2026 13:47:30 - INFO - qdiff.layer_recon -   Total loss:	0.015 (rec:0.000, round:0.015)	b=5.38	count=17000
01/19/2026 13:47:34 - INFO - qdiff.layer_recon -   Total loss:	0.003 (rec:0.000, round:0.003)	b=4.81	count=17500
01/19/2026 13:47:38 - INFO - qdiff.layer_recon -   Total loss:	0.000 (rec:0.000, round:0.000)	b=4.25	count=18000
01/19/2026 13:47:42 - INFO - qdiff.layer_recon -   Total loss:	0.000 (rec:0.000, round:0.000)	b=3.69	count=18500
01/19/2026 13:47:46 - INFO - qdiff.layer_recon -   Total loss:	0.000 (rec:0.000, round:0.000)	b=3.12	count=19000
01/19/2026 13:47:50 - INFO - qdiff.layer_recon -   Total loss:	0.000 (rec:0.000, round:0.000)	b=2.56	count=19500
01/19/2026 13:47:54 - INFO - qdiff.layer_recon -   Total loss:	0.000 (rec:0.000, round:0.000)	b=2.00	count=20000
01/19/2026 13:47:54 - INFO - __main__ -   UNet model
01/19/2026 13:47:54 - INFO - __main__ -   Model(
  (temb): Module(
    (dense): ModuleList(
      (0): QuantModule(
        in_features=128, out_features=512, bias=True
        (weight_quantizer): AdaRoundQuantizer(bit=8, symmetric=False, round_mode=learned_hard_sigmoid)
        (act_quantizer): UniformAffineQuantizer(bit=8, scale_method=max, symmetric=True, channel_wise=False, leaf_param=True)
        (activation_function): StraightThrough()
      )
      (1): QuantModule(
        in_features=512, out_features=512, bias=True
        (weight_quantizer): AdaRoundQuantizer(bit=8, symmetric=False, round_mode=learned_hard_sigmoid)
        (act_quantizer): UniformAffineQuantizer(bit=8, scale_method=max, symmetric=True, channel_wise=False, leaf_param=True)
        (activation_function): StraightThrough()
      )
    )
  )
  (conv_in): QuantModule(
    3, 128, kernel_size=(3, 3), stride=(1, 1), padding=(1, 1)
    (weight_quantizer): AdaRoundQuantizer(bit=8, symmetric=False, round_mode=learned_hard_sigmoid)
    (act_quantizer): UniformAffineQuantizer(bit=8, scale_method=max, symmetric=True, channel_wise=False, leaf_param=True)
    (activation_function): StraightThrough()
  )
  (down): ModuleList(
    (0): Module(
      (block): ModuleList(
        (0): QuantResnetBlock(
          (act_quantizer): UniformAffineQuantizer(bit=8, scale_method=max, symmetric=True, channel_wise=False, leaf_param=True)
          (activation_function): StraightThrough()
          (norm1): GroupNorm(32, 128, eps=1e-06, affine=True)
          (conv1): QuantModule(
            128, 128, kernel_size=(3, 3), stride=(1, 1), padding=(1, 1)
            (weight_quantizer): AdaRoundQuantizer(bit=8, symmetric=False, round_mode=learned_hard_sigmoid)
            (act_quantizer): UniformAffineQuantizer(bit=8, scale_method=max, symmetric=True, channel_wise=False, leaf_param=True)
            (activation_function): StraightThrough()
          )
          (temb_proj): QuantModule(
            in_features=512, out_features=128, bias=True
            (weight_quantizer): AdaRoundQuantizer(bit=8, symmetric=False, round_mode=learned_hard_sigmoid)
            (act_quantizer): UniformAffineQuantizer(bit=8, scale_method=max, symmetric=True, channel_wise=False, leaf_param=True)
            (activation_function): StraightThrough()
          )
          (norm2): GroupNorm(32, 128, eps=1e-06, affine=True)
          (dropout): Dropout(p=0.1, inplace=False)
          (conv2): QuantModule(
            128, 128, kernel_size=(3, 3), stride=(1, 1), padding=(1, 1)
            (weight_quantizer): AdaRoundQuantizer(bit=8, symmetric=False, round_mode=learned_hard_sigmoid)
            (act_quantizer): UniformAffineQuantizer(bit=8, scale_method=max, symmetric=True, channel_wise=False, leaf_param=True)
            (activation_function): StraightThrough()
          )
        )
        (1): QuantResnetBlock(
          (act_quantizer): UniformAffineQuantizer(bit=8, scale_method=max, symmetric=True, channel_wise=False, leaf_param=True)
          (activation_function): StraightThrough()
          (norm1): GroupNorm(32, 128, eps=1e-06, affine=True)
          (conv1): QuantModule(
            128, 128, kernel_size=(3, 3), stride=(1, 1), padding=(1, 1)
            (weight_quantizer): AdaRoundQuantizer(bit=8, symmetric=False, round_mode=learned_hard_sigmoid)
            (act_quantizer): UniformAffineQuantizer(bit=8, scale_method=max, symmetric=True, channel_wise=False, leaf_param=True)
            (activation_function): StraightThrough()
          )
          (temb_proj): QuantModule(
            in_features=512, out_features=128, bias=True
            (weight_quantizer): AdaRoundQuantizer(bit=8, symmetric=False, round_mode=learned_hard_sigmoid)
            (act_quantizer): UniformAffineQuantizer(bit=8, scale_method=max, symmetric=True, channel_wise=False, leaf_param=True)
            (activation_function): StraightThrough()
          )
          (norm2): GroupNorm(32, 128, eps=1e-06, affine=True)
          (dropout): Dropout(p=0.1, inplace=False)
          (conv2): QuantModule(
            128, 128, kernel_size=(3, 3), stride=(1, 1), padding=(1, 1)
            (weight_quantizer): AdaRoundQuantizer(bit=8, symmetric=False, round_mode=learned_hard_sigmoid)
            (act_quantizer): UniformAffineQuantizer(bit=8, scale_method=max, symmetric=True, channel_wise=False, leaf_param=True)
            (activation_function): StraightThrough()
          )
        )
      )
      (attn): ModuleList()
      (downsample): Downsample(
        (conv): QuantModule(
          128, 128, kernel_size=(3, 3), stride=(2, 2)
          (weight_quantizer): AdaRoundQuantizer(bit=8, symmetric=False, round_mode=learned_hard_sigmoid)
          (act_quantizer): UniformAffineQuantizer(bit=8, scale_method=max, symmetric=True, channel_wise=False, leaf_param=True)
          (activation_function): StraightThrough()
        )
      )
    )
    (1): Module(
      (block): ModuleList(
        (0): QuantResnetBlock(
          (act_quantizer): UniformAffineQuantizer(bit=8, scale_method=max, symmetric=True, channel_wise=False, leaf_param=True)
          (activation_function): StraightThrough()
          (norm1): GroupNorm(32, 128, eps=1e-06, affine=True)
          (conv1): QuantModule(
            128, 256, kernel_size=(3, 3), stride=(1, 1), padding=(1, 1)
            (weight_quantizer): AdaRoundQuantizer(bit=8, symmetric=False, round_mode=learned_hard_sigmoid)
            (act_quantizer): UniformAffineQuantizer(bit=8, scale_method=max, symmetric=True, channel_wise=False, leaf_param=True)
            (activation_function): StraightThrough()
          )
          (temb_proj): QuantModule(
            in_features=512, out_features=256, bias=True
            (weight_quantizer): AdaRoundQuantizer(bit=8, symmetric=False, round_mode=learned_hard_sigmoid)
            (act_quantizer): UniformAffineQuantizer(bit=8, scale_method=max, symmetric=True, channel_wise=False, leaf_param=True)
            (activation_function): StraightThrough()
          )
          (norm2): GroupNorm(32, 256, eps=1e-06, affine=True)
          (dropout): Dropout(p=0.1, inplace=False)
          (conv2): QuantModule(
            256, 256, kernel_size=(3, 3), stride=(1, 1), padding=(1, 1)
            (weight_quantizer): AdaRoundQuantizer(bit=8, symmetric=False, round_mode=learned_hard_sigmoid)
            (act_quantizer): UniformAffineQuantizer(bit=8, scale_method=max, symmetric=True, channel_wise=False, leaf_param=True)
            (activation_function): StraightThrough()
          )
          (nin_shortcut): QuantModule(
            128, 256, kernel_size=(1, 1), stride=(1, 1)
            (weight_quantizer): AdaRoundQuantizer(bit=8, symmetric=False, round_mode=learned_hard_sigmoid)
            (act_quantizer): UniformAffineQuantizer(bit=8, scale_method=max, symmetric=True, channel_wise=False, leaf_param=True)
            (activation_function): StraightThrough()
          )
        )
        (1): QuantResnetBlock(
          (act_quantizer): UniformAffineQuantizer(bit=8, scale_method=max, symmetric=True, channel_wise=False, leaf_param=True)
          (activation_function): StraightThrough()
          (norm1): GroupNorm(32, 256, eps=1e-06, affine=True)
          (conv1): QuantModule(
            256, 256, kernel_size=(3, 3), stride=(1, 1), padding=(1, 1)
            (weight_quantizer): AdaRoundQuantizer(bit=8, symmetric=False, round_mode=learned_hard_sigmoid)
            (act_quantizer): UniformAffineQuantizer(bit=8, scale_method=max, symmetric=True, channel_wise=False, leaf_param=True)
            (activation_function): StraightThrough()
          )
          (temb_proj): QuantModule(
            in_features=512, out_features=256, bias=True
            (weight_quantizer): AdaRoundQuantizer(bit=8, symmetric=False, round_mode=learned_hard_sigmoid)
            (act_quantizer): UniformAffineQuantizer(bit=8, scale_method=max, symmetric=True, channel_wise=False, leaf_param=True)
            (activation_function): StraightThrough()
          )
          (norm2): GroupNorm(32, 256, eps=1e-06, affine=True)
          (dropout): Dropout(p=0.1, inplace=False)
          (conv2): QuantModule(
            256, 256, kernel_size=(3, 3), stride=(1, 1), padding=(1, 1)
            (weight_quantizer): AdaRoundQuantizer(bit=8, symmetric=False, round_mode=learned_hard_sigmoid)
            (act_quantizer): UniformAffineQuantizer(bit=8, scale_method=max, symmetric=True, channel_wise=False, leaf_param=True)
            (activation_function): StraightThrough()
          )
        )
      )
      (attn): ModuleList(
        (0): QuantAttnBlock(
          (act_quantizer): UniformAffineQuantizer(bit=8, scale_method=max, symmetric=True, channel_wise=False, leaf_param=True)
          (activation_function): StraightThrough()
          (norm): GroupNorm(32, 256, eps=1e-06, affine=True)
          (q): QuantModule(
            256, 256, kernel_size=(1, 1), stride=(1, 1)
            (weight_quantizer): AdaRoundQuantizer(bit=8, symmetric=False, round_mode=learned_hard_sigmoid)
            (act_quantizer): UniformAffineQuantizer(bit=8, scale_method=max, symmetric=True, channel_wise=False, leaf_param=True)
            (activation_function): StraightThrough()
          )
          (k): QuantModule(
            256, 256, kernel_size=(1, 1), stride=(1, 1)
            (weight_quantizer): AdaRoundQuantizer(bit=8, symmetric=False, round_mode=learned_hard_sigmoid)
            (act_quantizer): UniformAffineQuantizer(bit=8, scale_method=max, symmetric=True, channel_wise=False, leaf_param=True)
            (activation_function): StraightThrough()
          )
          (v): QuantModule(
            256, 256, kernel_size=(1, 1), stride=(1, 1)
            (weight_quantizer): AdaRoundQuantizer(bit=8, symmetric=False, round_mode=learned_hard_sigmoid)
            (act_quantizer): UniformAffineQuantizer(bit=8, scale_method=max, symmetric=True, channel_wise=False, leaf_param=True)
            (activation_function): StraightThrough()
          )
          (proj_out): QuantModule(
            256, 256, kernel_size=(1, 1), stride=(1, 1)
            (weight_quantizer): AdaRoundQuantizer(bit=8, symmetric=False, round_mode=learned_hard_sigmoid)
            (act_quantizer): UniformAffineQuantizer(bit=8, scale_method=max, symmetric=True, channel_wise=False, leaf_param=True)
            (activation_function): StraightThrough()
          )
          (act_quantizer_q): UniformAffineQuantizer(bit=8, scale_method=max, symmetric=True, channel_wise=False, leaf_param=True)
          (act_quantizer_k): UniformAffineQuantizer(bit=8, scale_method=max, symmetric=True, channel_wise=False, leaf_param=True)
          (act_quantizer_v): UniformAffineQuantizer(bit=8, scale_method=max, symmetric=True, channel_wise=False, leaf_param=True)
          (act_quantizer_w): UniformAffineQuantizer(bit=8, scale_method=max, symmetric=True, channel_wise=False, leaf_param=True)
        )
        (1): QuantAttnBlock(
          (act_quantizer): UniformAffineQuantizer(bit=8, scale_method=max, symmetric=True, channel_wise=False, leaf_param=True)
          (activation_function): StraightThrough()
          (norm): GroupNorm(32, 256, eps=1e-06, affine=True)
          (q): QuantModule(
            256, 256, kernel_size=(1, 1), stride=(1, 1)
            (weight_quantizer): AdaRoundQuantizer(bit=8, symmetric=False, round_mode=learned_hard_sigmoid)
            (act_quantizer): UniformAffineQuantizer(bit=8, scale_method=max, symmetric=True, channel_wise=False, leaf_param=True)
            (activation_function): StraightThrough()
          )
          (k): QuantModule(
            256, 256, kernel_size=(1, 1), stride=(1, 1)
            (weight_quantizer): AdaRoundQuantizer(bit=8, symmetric=False, round_mode=learned_hard_sigmoid)
            (act_quantizer): UniformAffineQuantizer(bit=8, scale_method=max, symmetric=True, channel_wise=False, leaf_param=True)
            (activation_function): StraightThrough()
          )
          (v): QuantModule(
            256, 256, kernel_size=(1, 1), stride=(1, 1)
            (weight_quantizer): AdaRoundQuantizer(bit=8, symmetric=False, round_mode=learned_hard_sigmoid)
            (act_quantizer): UniformAffineQuantizer(bit=8, scale_method=max, symmetric=True, channel_wise=False, leaf_param=True)
            (activation_function): StraightThrough()
          )
          (proj_out): QuantModule(
            256, 256, kernel_size=(1, 1), stride=(1, 1)
            (weight_quantizer): AdaRoundQuantizer(bit=8, symmetric=False, round_mode=learned_hard_sigmoid)
            (act_quantizer): UniformAffineQuantizer(bit=8, scale_method=max, symmetric=True, channel_wise=False, leaf_param=True)
            (activation_function): StraightThrough()
          )
          (act_quantizer_q): UniformAffineQuantizer(bit=8, scale_method=max, symmetric=True, channel_wise=False, leaf_param=True)
          (act_quantizer_k): UniformAffineQuantizer(bit=8, scale_method=max, symmetric=True, channel_wise=False, leaf_param=True)
          (act_quantizer_v): UniformAffineQuantizer(bit=8, scale_method=max, symmetric=True, channel_wise=False, leaf_param=True)
          (act_quantizer_w): UniformAffineQuantizer(bit=8, scale_method=max, symmetric=True, channel_wise=False, leaf_param=True)
        )
      )
      (downsample): Downsample(
        (conv): QuantModule(
          256, 256, kernel_size=(3, 3), stride=(2, 2)
          (weight_quantizer): AdaRoundQuantizer(bit=8, symmetric=False, round_mode=learned_hard_sigmoid)
          (act_quantizer): UniformAffineQuantizer(bit=8, scale_method=max, symmetric=True, channel_wise=False, leaf_param=True)
          (activation_function): StraightThrough()
        )
      )
    )
    (2): Module(
      (block): ModuleList(
        (0): QuantResnetBlock(
          (act_quantizer): UniformAffineQuantizer(bit=8, scale_method=max, symmetric=True, channel_wise=False, leaf_param=True)
          (activation_function): StraightThrough()
          (norm1): GroupNorm(32, 256, eps=1e-06, affine=True)
          (conv1): QuantModule(
            256, 256, kernel_size=(3, 3), stride=(1, 1), padding=(1, 1)
            (weight_quantizer): AdaRoundQuantizer(bit=8, symmetric=False, round_mode=learned_hard_sigmoid)
            (act_quantizer): UniformAffineQuantizer(bit=8, scale_method=max, symmetric=True, channel_wise=False, leaf_param=True)
            (activation_function): StraightThrough()
          )
          (temb_proj): QuantModule(
            in_features=512, out_features=256, bias=True
            (weight_quantizer): AdaRoundQuantizer(bit=8, symmetric=False, round_mode=learned_hard_sigmoid)
            (act_quantizer): UniformAffineQuantizer(bit=8, scale_method=max, symmetric=True, channel_wise=False, leaf_param=True)
            (activation_function): StraightThrough()
          )
          (norm2): GroupNorm(32, 256, eps=1e-06, affine=True)
          (dropout): Dropout(p=0.1, inplace=False)
          (conv2): QuantModule(
            256, 256, kernel_size=(3, 3), stride=(1, 1), padding=(1, 1)
            (weight_quantizer): AdaRoundQuantizer(bit=8, symmetric=False, round_mode=learned_hard_sigmoid)
            (act_quantizer): UniformAffineQuantizer(bit=8, scale_method=max, symmetric=True, channel_wise=False, leaf_param=True)
            (activation_function): StraightThrough()
          )
        )
        (1): QuantResnetBlock(
          (act_quantizer): UniformAffineQuantizer(bit=8, scale_method=max, symmetric=True, channel_wise=False, leaf_param=True)
          (activation_function): StraightThrough()
          (norm1): GroupNorm(32, 256, eps=1e-06, affine=True)
          (conv1): QuantModule(
            256, 256, kernel_size=(3, 3), stride=(1, 1), padding=(1, 1)
            (weight_quantizer): AdaRoundQuantizer(bit=8, symmetric=False, round_mode=learned_hard_sigmoid)
            (act_quantizer): UniformAffineQuantizer(bit=8, scale_method=max, symmetric=True, channel_wise=False, leaf_param=True)
            (activation_function): StraightThrough()
          )
          (temb_proj): QuantModule(
            in_features=512, out_features=256, bias=True
            (weight_quantizer): AdaRoundQuantizer(bit=8, symmetric=False, round_mode=learned_hard_sigmoid)
            (act_quantizer): UniformAffineQuantizer(bit=8, scale_method=max, symmetric=True, channel_wise=False, leaf_param=True)
            (activation_function): StraightThrough()
          )
          (norm2): GroupNorm(32, 256, eps=1e-06, affine=True)
          (dropout): Dropout(p=0.1, inplace=False)
          (conv2): QuantModule(
            256, 256, kernel_size=(3, 3), stride=(1, 1), padding=(1, 1)
            (weight_quantizer): AdaRoundQuantizer(bit=8, symmetric=False, round_mode=learned_hard_sigmoid)
            (act_quantizer): UniformAffineQuantizer(bit=8, scale_method=max, symmetric=True, channel_wise=False, leaf_param=True)
            (activation_function): StraightThrough()
          )
        )
      )
      (attn): ModuleList()
      (downsample): Downsample(
        (conv): QuantModule(
          256, 256, kernel_size=(3, 3), stride=(2, 2)
          (weight_quantizer): AdaRoundQuantizer(bit=8, symmetric=False, round_mode=learned_hard_sigmoid)
          (act_quantizer): UniformAffineQuantizer(bit=8, scale_method=max, symmetric=True, channel_wise=False, leaf_param=True)
          (activation_function): StraightThrough()
        )
      )
    )
    (3): Module(
      (block): ModuleList(
        (0): QuantResnetBlock(
          (act_quantizer): UniformAffineQuantizer(bit=8, scale_method=max, symmetric=True, channel_wise=False, leaf_param=True)
          (activation_function): StraightThrough()
          (norm1): GroupNorm(32, 256, eps=1e-06, affine=True)
          (conv1): QuantModule(
            256, 256, kernel_size=(3, 3), stride=(1, 1), padding=(1, 1)
            (weight_quantizer): AdaRoundQuantizer(bit=8, symmetric=False, round_mode=learned_hard_sigmoid)
            (act_quantizer): UniformAffineQuantizer(bit=8, scale_method=max, symmetric=True, channel_wise=False, leaf_param=True)
            (activation_function): StraightThrough()
          )
          (temb_proj): QuantModule(
            in_features=512, out_features=256, bias=True
            (weight_quantizer): AdaRoundQuantizer(bit=8, symmetric=False, round_mode=learned_hard_sigmoid)
            (act_quantizer): UniformAffineQuantizer(bit=8, scale_method=max, symmetric=True, channel_wise=False, leaf_param=True)
            (activation_function): StraightThrough()
          )
          (norm2): GroupNorm(32, 256, eps=1e-06, affine=True)
          (dropout): Dropout(p=0.1, inplace=False)
          (conv2): QuantModule(
            256, 256, kernel_size=(3, 3), stride=(1, 1), padding=(1, 1)
            (weight_quantizer): AdaRoundQuantizer(bit=8, symmetric=False, round_mode=learned_hard_sigmoid)
            (act_quantizer): UniformAffineQuantizer(bit=8, scale_method=max, symmetric=True, channel_wise=False, leaf_param=True)
            (activation_function): StraightThrough()
          )
        )
        (1): QuantResnetBlock(
          (act_quantizer): UniformAffineQuantizer(bit=8, scale_method=max, symmetric=True, channel_wise=False, leaf_param=True)
          (activation_function): StraightThrough()
          (norm1): GroupNorm(32, 256, eps=1e-06, affine=True)
          (conv1): QuantModule(
            256, 256, kernel_size=(3, 3), stride=(1, 1), padding=(1, 1)
            (weight_quantizer): AdaRoundQuantizer(bit=8, symmetric=False, round_mode=learned_hard_sigmoid)
            (act_quantizer): UniformAffineQuantizer(bit=8, scale_method=max, symmetric=True, channel_wise=False, leaf_param=True)
            (activation_function): StraightThrough()
          )
          (temb_proj): QuantModule(
            in_features=512, out_features=256, bias=True
            (weight_quantizer): AdaRoundQuantizer(bit=8, symmetric=False, round_mode=learned_hard_sigmoid)
            (act_quantizer): UniformAffineQuantizer(bit=8, scale_method=max, symmetric=True, channel_wise=False, leaf_param=True)
            (activation_function): StraightThrough()
          )
          (norm2): GroupNorm(32, 256, eps=1e-06, affine=True)
          (dropout): Dropout(p=0.1, inplace=False)
          (conv2): QuantModule(
            256, 256, kernel_size=(3, 3), stride=(1, 1), padding=(1, 1)
            (weight_quantizer): AdaRoundQuantizer(bit=8, symmetric=False, round_mode=learned_hard_sigmoid)
            (act_quantizer): UniformAffineQuantizer(bit=8, scale_method=max, symmetric=True, channel_wise=False, leaf_param=True)
            (activation_function): StraightThrough()
          )
        )
      )
      (attn): ModuleList()
    )
  )
  (mid): Module(
    (block_1): QuantResnetBlock(
      (act_quantizer): UniformAffineQuantizer(bit=8, scale_method=max, symmetric=True, channel_wise=False, leaf_param=True)
      (activation_function): StraightThrough()
      (norm1): GroupNorm(32, 256, eps=1e-06, affine=True)
      (conv1): QuantModule(
        256, 256, kernel_size=(3, 3), stride=(1, 1), padding=(1, 1)
        (weight_quantizer): AdaRoundQuantizer(bit=8, symmetric=False, round_mode=learned_hard_sigmoid)
        (act_quantizer): UniformAffineQuantizer(bit=8, scale_method=max, symmetric=True, channel_wise=False, leaf_param=True)
        (activation_function): StraightThrough()
      )
      (temb_proj): QuantModule(
        in_features=512, out_features=256, bias=True
        (weight_quantizer): AdaRoundQuantizer(bit=8, symmetric=False, round_mode=learned_hard_sigmoid)
        (act_quantizer): UniformAffineQuantizer(bit=8, scale_method=max, symmetric=True, channel_wise=False, leaf_param=True)
        (activation_function): StraightThrough()
      )
      (norm2): GroupNorm(32, 256, eps=1e-06, affine=True)
      (dropout): Dropout(p=0.1, inplace=False)
      (conv2): QuantModule(
        256, 256, kernel_size=(3, 3), stride=(1, 1), padding=(1, 1)
        (weight_quantizer): AdaRoundQuantizer(bit=8, symmetric=False, round_mode=learned_hard_sigmoid)
        (act_quantizer): UniformAffineQuantizer(bit=8, scale_method=max, symmetric=True, channel_wise=False, leaf_param=True)
        (activation_function): StraightThrough()
      )
    )
    (attn_1): QuantAttnBlock(
      (act_quantizer): UniformAffineQuantizer(bit=8, scale_method=max, symmetric=True, channel_wise=False, leaf_param=True)
      (activation_function): StraightThrough()
      (norm): GroupNorm(32, 256, eps=1e-06, affine=True)
      (q): QuantModule(
        256, 256, kernel_size=(1, 1), stride=(1, 1)
        (weight_quantizer): AdaRoundQuantizer(bit=8, symmetric=False, round_mode=learned_hard_sigmoid)
        (act_quantizer): UniformAffineQuantizer(bit=8, scale_method=max, symmetric=True, channel_wise=False, leaf_param=True)
        (activation_function): StraightThrough()
      )
      (k): QuantModule(
        256, 256, kernel_size=(1, 1), stride=(1, 1)
        (weight_quantizer): AdaRoundQuantizer(bit=8, symmetric=False, round_mode=learned_hard_sigmoid)
        (act_quantizer): UniformAffineQuantizer(bit=8, scale_method=max, symmetric=True, channel_wise=False, leaf_param=True)
        (activation_function): StraightThrough()
      )
      (v): QuantModule(
        256, 256, kernel_size=(1, 1), stride=(1, 1)
        (weight_quantizer): AdaRoundQuantizer(bit=8, symmetric=False, round_mode=learned_hard_sigmoid)
        (act_quantizer): UniformAffineQuantizer(bit=8, scale_method=max, symmetric=True, channel_wise=False, leaf_param=True)
        (activation_function): StraightThrough()
      )
      (proj_out): QuantModule(
        256, 256, kernel_size=(1, 1), stride=(1, 1)
        (weight_quantizer): AdaRoundQuantizer(bit=8, symmetric=False, round_mode=learned_hard_sigmoid)
        (act_quantizer): UniformAffineQuantizer(bit=8, scale_method=max, symmetric=True, channel_wise=False, leaf_param=True)
        (activation_function): StraightThrough()
      )
      (act_quantizer_q): UniformAffineQuantizer(bit=8, scale_method=max, symmetric=True, channel_wise=False, leaf_param=True)
      (act_quantizer_k): UniformAffineQuantizer(bit=8, scale_method=max, symmetric=True, channel_wise=False, leaf_param=True)
      (act_quantizer_v): UniformAffineQuantizer(bit=8, scale_method=max, symmetric=True, channel_wise=False, leaf_param=True)
      (act_quantizer_w): UniformAffineQuantizer(bit=8, scale_method=max, symmetric=True, channel_wise=False, leaf_param=True)
    )
    (block_2): QuantResnetBlock(
      (act_quantizer): UniformAffineQuantizer(bit=8, scale_method=max, symmetric=True, channel_wise=False, leaf_param=True)
      (activation_function): StraightThrough()
      (norm1): GroupNorm(32, 256, eps=1e-06, affine=True)
      (conv1): QuantModule(
        256, 256, kernel_size=(3, 3), stride=(1, 1), padding=(1, 1)
        (weight_quantizer): AdaRoundQuantizer(bit=8, symmetric=False, round_mode=learned_hard_sigmoid)
        (act_quantizer): UniformAffineQuantizer(bit=8, scale_method=max, symmetric=True, channel_wise=False, leaf_param=True)
        (activation_function): StraightThrough()
      )
      (temb_proj): QuantModule(
        in_features=512, out_features=256, bias=True
        (weight_quantizer): AdaRoundQuantizer(bit=8, symmetric=False, round_mode=learned_hard_sigmoid)
        (act_quantizer): UniformAffineQuantizer(bit=8, scale_method=max, symmetric=True, channel_wise=False, leaf_param=True)
        (activation_function): StraightThrough()
      )
      (norm2): GroupNorm(32, 256, eps=1e-06, affine=True)
      (dropout): Dropout(p=0.1, inplace=False)
      (conv2): QuantModule(
        256, 256, kernel_size=(3, 3), stride=(1, 1), padding=(1, 1)
        (weight_quantizer): AdaRoundQuantizer(bit=8, symmetric=False, round_mode=learned_hard_sigmoid)
        (act_quantizer): UniformAffineQuantizer(bit=8, scale_method=max, symmetric=True, channel_wise=False, leaf_param=True)
        (activation_function): StraightThrough()
      )
    )
  )
  (up): ModuleList(
    (0): Module(
      (block): ModuleList(
        (0): QuantResnetBlock(
          (act_quantizer): UniformAffineQuantizer(bit=8, scale_method=max, symmetric=True, channel_wise=False, leaf_param=True)
          (activation_function): StraightThrough()
          (norm1): GroupNorm(32, 384, eps=1e-06, affine=True)
          (conv1): QuantModule(
            384, 128, kernel_size=(3, 3), stride=(1, 1), padding=(1, 1)
            (weight_quantizer): AdaRoundQuantizer(bit=8, symmetric=False, round_mode=learned_hard_sigmoid)
            (act_quantizer): UniformAffineQuantizer(bit=8, scale_method=max, symmetric=True, channel_wise=False, leaf_param=True)
            (activation_function): StraightThrough()
          )
          (temb_proj): QuantModule(
            in_features=512, out_features=128, bias=True
            (weight_quantizer): AdaRoundQuantizer(bit=8, symmetric=False, round_mode=learned_hard_sigmoid)
            (act_quantizer): UniformAffineQuantizer(bit=8, scale_method=max, symmetric=True, channel_wise=False, leaf_param=True)
            (activation_function): StraightThrough()
          )
          (norm2): GroupNorm(32, 128, eps=1e-06, affine=True)
          (dropout): Dropout(p=0.1, inplace=False)
          (conv2): QuantModule(
            128, 128, kernel_size=(3, 3), stride=(1, 1), padding=(1, 1)
            (weight_quantizer): AdaRoundQuantizer(bit=8, symmetric=False, round_mode=learned_hard_sigmoid)
            (act_quantizer): UniformAffineQuantizer(bit=8, scale_method=max, symmetric=True, channel_wise=False, leaf_param=True)
            (activation_function): StraightThrough()
          )
          (nin_shortcut): QuantModule(
            384, 128, kernel_size=(1, 1), stride=(1, 1)
            (weight_quantizer): AdaRoundQuantizer(bit=8, symmetric=False, round_mode=learned_hard_sigmoid)
            (act_quantizer): UniformAffineQuantizer(bit=8, scale_method=max, symmetric=True, channel_wise=False, leaf_param=True)
            (activation_function): StraightThrough()
            (weight_quantizer_0): AdaRoundQuantizer(bit=8, symmetric=False, round_mode=learned_hard_sigmoid)
            (act_quantizer_0): UniformAffineQuantizer(bit=8, scale_method=max, symmetric=True, channel_wise=False, leaf_param=True)
          )
        )
        (1): QuantResnetBlock(
          (act_quantizer): UniformAffineQuantizer(bit=8, scale_method=max, symmetric=True, channel_wise=False, leaf_param=True)
          (activation_function): StraightThrough()
          (norm1): GroupNorm(32, 256, eps=1e-06, affine=True)
          (conv1): QuantModule(
            256, 128, kernel_size=(3, 3), stride=(1, 1), padding=(1, 1)
            (weight_quantizer): AdaRoundQuantizer(bit=8, symmetric=False, round_mode=learned_hard_sigmoid)
            (act_quantizer): UniformAffineQuantizer(bit=8, scale_method=max, symmetric=True, channel_wise=False, leaf_param=True)
            (activation_function): StraightThrough()
          )
          (temb_proj): QuantModule(
            in_features=512, out_features=128, bias=True
            (weight_quantizer): AdaRoundQuantizer(bit=8, symmetric=False, round_mode=learned_hard_sigmoid)
            (act_quantizer): UniformAffineQuantizer(bit=8, scale_method=max, symmetric=True, channel_wise=False, leaf_param=True)
            (activation_function): StraightThrough()
          )
          (norm2): GroupNorm(32, 128, eps=1e-06, affine=True)
          (dropout): Dropout(p=0.1, inplace=False)
          (conv2): QuantModule(
            128, 128, kernel_size=(3, 3), stride=(1, 1), padding=(1, 1)
            (weight_quantizer): AdaRoundQuantizer(bit=8, symmetric=False, round_mode=learned_hard_sigmoid)
            (act_quantizer): UniformAffineQuantizer(bit=8, scale_method=max, symmetric=True, channel_wise=False, leaf_param=True)
            (activation_function): StraightThrough()
          )
          (nin_shortcut): QuantModule(
            256, 128, kernel_size=(1, 1), stride=(1, 1)
            (weight_quantizer): AdaRoundQuantizer(bit=8, symmetric=False, round_mode=learned_hard_sigmoid)
            (act_quantizer): UniformAffineQuantizer(bit=8, scale_method=max, symmetric=True, channel_wise=False, leaf_param=True)
            (activation_function): StraightThrough()
            (weight_quantizer_0): AdaRoundQuantizer(bit=8, symmetric=False, round_mode=learned_hard_sigmoid)
            (act_quantizer_0): UniformAffineQuantizer(bit=8, scale_method=max, symmetric=True, channel_wise=False, leaf_param=True)
          )
        )
        (2): QuantResnetBlock(
          (act_quantizer): UniformAffineQuantizer(bit=8, scale_method=max, symmetric=True, channel_wise=False, leaf_param=True)
          (activation_function): StraightThrough()
          (norm1): GroupNorm(32, 256, eps=1e-06, affine=True)
          (conv1): QuantModule(
            256, 128, kernel_size=(3, 3), stride=(1, 1), padding=(1, 1)
            (weight_quantizer): AdaRoundQuantizer(bit=8, symmetric=False, round_mode=learned_hard_sigmoid)
            (act_quantizer): UniformAffineQuantizer(bit=8, scale_method=max, symmetric=True, channel_wise=False, leaf_param=True)
            (activation_function): StraightThrough()
          )
          (temb_proj): QuantModule(
            in_features=512, out_features=128, bias=True
            (weight_quantizer): AdaRoundQuantizer(bit=8, symmetric=False, round_mode=learned_hard_sigmoid)
            (act_quantizer): UniformAffineQuantizer(bit=8, scale_method=max, symmetric=True, channel_wise=False, leaf_param=True)
            (activation_function): StraightThrough()
          )
          (norm2): GroupNorm(32, 128, eps=1e-06, affine=True)
          (dropout): Dropout(p=0.1, inplace=False)
          (conv2): QuantModule(
            128, 128, kernel_size=(3, 3), stride=(1, 1), padding=(1, 1)
            (weight_quantizer): AdaRoundQuantizer(bit=8, symmetric=False, round_mode=learned_hard_sigmoid)
            (act_quantizer): UniformAffineQuantizer(bit=8, scale_method=max, symmetric=True, channel_wise=False, leaf_param=True)
            (activation_function): StraightThrough()
          )
          (nin_shortcut): QuantModule(
            256, 128, kernel_size=(1, 1), stride=(1, 1)
            (weight_quantizer): AdaRoundQuantizer(bit=8, symmetric=False, round_mode=learned_hard_sigmoid)
            (act_quantizer): UniformAffineQuantizer(bit=8, scale_method=max, symmetric=True, channel_wise=False, leaf_param=True)
            (activation_function): StraightThrough()
            (weight_quantizer_0): AdaRoundQuantizer(bit=8, symmetric=False, round_mode=learned_hard_sigmoid)
            (act_quantizer_0): UniformAffineQuantizer(bit=8, scale_method=max, symmetric=True, channel_wise=False, leaf_param=True)
          )
        )
      )
      (attn): ModuleList()
    )
    (1): Module(
      (block): ModuleList(
        (0): QuantResnetBlock(
          (act_quantizer): UniformAffineQuantizer(bit=8, scale_method=max, symmetric=True, channel_wise=False, leaf_param=True)
          (activation_function): StraightThrough()
          (norm1): GroupNorm(32, 512, eps=1e-06, affine=True)
          (conv1): QuantModule(
            512, 256, kernel_size=(3, 3), stride=(1, 1), padding=(1, 1)
            (weight_quantizer): AdaRoundQuantizer(bit=8, symmetric=False, round_mode=learned_hard_sigmoid)
            (act_quantizer): UniformAffineQuantizer(bit=8, scale_method=max, symmetric=True, channel_wise=False, leaf_param=True)
            (activation_function): StraightThrough()
          )
          (temb_proj): QuantModule(
            in_features=512, out_features=256, bias=True
            (weight_quantizer): AdaRoundQuantizer(bit=8, symmetric=False, round_mode=learned_hard_sigmoid)
            (act_quantizer): UniformAffineQuantizer(bit=8, scale_method=max, symmetric=True, channel_wise=False, leaf_param=True)
            (activation_function): StraightThrough()
          )
          (norm2): GroupNorm(32, 256, eps=1e-06, affine=True)
          (dropout): Dropout(p=0.1, inplace=False)
          (conv2): QuantModule(
            256, 256, kernel_size=(3, 3), stride=(1, 1), padding=(1, 1)
            (weight_quantizer): AdaRoundQuantizer(bit=8, symmetric=False, round_mode=learned_hard_sigmoid)
            (act_quantizer): UniformAffineQuantizer(bit=8, scale_method=max, symmetric=True, channel_wise=False, leaf_param=True)
            (activation_function): StraightThrough()
          )
          (nin_shortcut): QuantModule(
            512, 256, kernel_size=(1, 1), stride=(1, 1)
            (weight_quantizer): AdaRoundQuantizer(bit=8, symmetric=False, round_mode=learned_hard_sigmoid)
            (act_quantizer): UniformAffineQuantizer(bit=8, scale_method=max, symmetric=True, channel_wise=False, leaf_param=True)
            (activation_function): StraightThrough()
            (weight_quantizer_0): AdaRoundQuantizer(bit=8, symmetric=False, round_mode=learned_hard_sigmoid)
            (act_quantizer_0): UniformAffineQuantizer(bit=8, scale_method=max, symmetric=True, channel_wise=False, leaf_param=True)
          )
        )
        (1): QuantResnetBlock(
          (act_quantizer): UniformAffineQuantizer(bit=8, scale_method=max, symmetric=True, channel_wise=False, leaf_param=True)
          (activation_function): StraightThrough()
          (norm1): GroupNorm(32, 512, eps=1e-06, affine=True)
          (conv1): QuantModule(
            512, 256, kernel_size=(3, 3), stride=(1, 1), padding=(1, 1)
            (weight_quantizer): AdaRoundQuantizer(bit=8, symmetric=False, round_mode=learned_hard_sigmoid)
            (act_quantizer): UniformAffineQuantizer(bit=8, scale_method=max, symmetric=True, channel_wise=False, leaf_param=True)
            (activation_function): StraightThrough()
          )
          (temb_proj): QuantModule(
            in_features=512, out_features=256, bias=True
            (weight_quantizer): AdaRoundQuantizer(bit=8, symmetric=False, round_mode=learned_hard_sigmoid)
            (act_quantizer): UniformAffineQuantizer(bit=8, scale_method=max, symmetric=True, channel_wise=False, leaf_param=True)
            (activation_function): StraightThrough()
          )
          (norm2): GroupNorm(32, 256, eps=1e-06, affine=True)
          (dropout): Dropout(p=0.1, inplace=False)
          (conv2): QuantModule(
            256, 256, kernel_size=(3, 3), stride=(1, 1), padding=(1, 1)
            (weight_quantizer): AdaRoundQuantizer(bit=8, symmetric=False, round_mode=learned_hard_sigmoid)
            (act_quantizer): UniformAffineQuantizer(bit=8, scale_method=max, symmetric=True, channel_wise=False, leaf_param=True)
            (activation_function): StraightThrough()
          )
          (nin_shortcut): QuantModule(
            512, 256, kernel_size=(1, 1), stride=(1, 1)
            (weight_quantizer): AdaRoundQuantizer(bit=8, symmetric=False, round_mode=learned_hard_sigmoid)
            (act_quantizer): UniformAffineQuantizer(bit=8, scale_method=max, symmetric=True, channel_wise=False, leaf_param=True)
            (activation_function): StraightThrough()
            (weight_quantizer_0): AdaRoundQuantizer(bit=8, symmetric=False, round_mode=learned_hard_sigmoid)
            (act_quantizer_0): UniformAffineQuantizer(bit=8, scale_method=max, symmetric=True, channel_wise=False, leaf_param=True)
          )
        )
        (2): QuantResnetBlock(
          (act_quantizer): UniformAffineQuantizer(bit=8, scale_method=max, symmetric=True, channel_wise=False, leaf_param=True)
          (activation_function): StraightThrough()
          (norm1): GroupNorm(32, 384, eps=1e-06, affine=True)
          (conv1): QuantModule(
            384, 256, kernel_size=(3, 3), stride=(1, 1), padding=(1, 1)
            (weight_quantizer): AdaRoundQuantizer(bit=8, symmetric=False, round_mode=learned_hard_sigmoid)
            (act_quantizer): UniformAffineQuantizer(bit=8, scale_method=max, symmetric=True, channel_wise=False, leaf_param=True)
            (activation_function): StraightThrough()
          )
          (temb_proj): QuantModule(
            in_features=512, out_features=256, bias=True
            (weight_quantizer): AdaRoundQuantizer(bit=8, symmetric=False, round_mode=learned_hard_sigmoid)
            (act_quantizer): UniformAffineQuantizer(bit=8, scale_method=max, symmetric=True, channel_wise=False, leaf_param=True)
            (activation_function): StraightThrough()
          )
          (norm2): GroupNorm(32, 256, eps=1e-06, affine=True)
          (dropout): Dropout(p=0.1, inplace=False)
          (conv2): QuantModule(
            256, 256, kernel_size=(3, 3), stride=(1, 1), padding=(1, 1)
            (weight_quantizer): AdaRoundQuantizer(bit=8, symmetric=False, round_mode=learned_hard_sigmoid)
            (act_quantizer): UniformAffineQuantizer(bit=8, scale_method=max, symmetric=True, channel_wise=False, leaf_param=True)
            (activation_function): StraightThrough()
          )
          (nin_shortcut): QuantModule(
            384, 256, kernel_size=(1, 1), stride=(1, 1)
            (weight_quantizer): AdaRoundQuantizer(bit=8, symmetric=False, round_mode=learned_hard_sigmoid)
            (act_quantizer): UniformAffineQuantizer(bit=8, scale_method=max, symmetric=True, channel_wise=False, leaf_param=True)
            (activation_function): StraightThrough()
            (weight_quantizer_0): AdaRoundQuantizer(bit=8, symmetric=False, round_mode=learned_hard_sigmoid)
            (act_quantizer_0): UniformAffineQuantizer(bit=8, scale_method=max, symmetric=True, channel_wise=False, leaf_param=True)
          )
        )
      )
      (attn): ModuleList(
        (0): QuantAttnBlock(
          (act_quantizer): UniformAffineQuantizer(bit=8, scale_method=max, symmetric=True, channel_wise=False, leaf_param=True)
          (activation_function): StraightThrough()
          (norm): GroupNorm(32, 256, eps=1e-06, affine=True)
          (q): QuantModule(
            256, 256, kernel_size=(1, 1), stride=(1, 1)
            (weight_quantizer): AdaRoundQuantizer(bit=8, symmetric=False, round_mode=learned_hard_sigmoid)
            (act_quantizer): UniformAffineQuantizer(bit=8, scale_method=max, symmetric=True, channel_wise=False, leaf_param=True)
            (activation_function): StraightThrough()
          )
          (k): QuantModule(
            256, 256, kernel_size=(1, 1), stride=(1, 1)
            (weight_quantizer): AdaRoundQuantizer(bit=8, symmetric=False, round_mode=learned_hard_sigmoid)
            (act_quantizer): UniformAffineQuantizer(bit=8, scale_method=max, symmetric=True, channel_wise=False, leaf_param=True)
            (activation_function): StraightThrough()
          )
          (v): QuantModule(
            256, 256, kernel_size=(1, 1), stride=(1, 1)
            (weight_quantizer): AdaRoundQuantizer(bit=8, symmetric=False, round_mode=learned_hard_sigmoid)
            (act_quantizer): UniformAffineQuantizer(bit=8, scale_method=max, symmetric=True, channel_wise=False, leaf_param=True)
            (activation_function): StraightThrough()
          )
          (proj_out): QuantModule(
            256, 256, kernel_size=(1, 1), stride=(1, 1)
            (weight_quantizer): AdaRoundQuantizer(bit=8, symmetric=False, round_mode=learned_hard_sigmoid)
            (act_quantizer): UniformAffineQuantizer(bit=8, scale_method=max, symmetric=True, channel_wise=False, leaf_param=True)
            (activation_function): StraightThrough()
          )
          (act_quantizer_q): UniformAffineQuantizer(bit=8, scale_method=max, symmetric=True, channel_wise=False, leaf_param=True)
          (act_quantizer_k): UniformAffineQuantizer(bit=8, scale_method=max, symmetric=True, channel_wise=False, leaf_param=True)
          (act_quantizer_v): UniformAffineQuantizer(bit=8, scale_method=max, symmetric=True, channel_wise=False, leaf_param=True)
          (act_quantizer_w): UniformAffineQuantizer(bit=8, scale_method=max, symmetric=True, channel_wise=False, leaf_param=True)
        )
        (1): QuantAttnBlock(
          (act_quantizer): UniformAffineQuantizer(bit=8, scale_method=max, symmetric=True, channel_wise=False, leaf_param=True)
          (activation_function): StraightThrough()
          (norm): GroupNorm(32, 256, eps=1e-06, affine=True)
          (q): QuantModule(
            256, 256, kernel_size=(1, 1), stride=(1, 1)
            (weight_quantizer): AdaRoundQuantizer(bit=8, symmetric=False, round_mode=learned_hard_sigmoid)
            (act_quantizer): UniformAffineQuantizer(bit=8, scale_method=max, symmetric=True, channel_wise=False, leaf_param=True)
            (activation_function): StraightThrough()
          )
          (k): QuantModule(
            256, 256, kernel_size=(1, 1), stride=(1, 1)
            (weight_quantizer): AdaRoundQuantizer(bit=8, symmetric=False, round_mode=learned_hard_sigmoid)
            (act_quantizer): UniformAffineQuantizer(bit=8, scale_method=max, symmetric=True, channel_wise=False, leaf_param=True)
            (activation_function): StraightThrough()
          )
          (v): QuantModule(
            256, 256, kernel_size=(1, 1), stride=(1, 1)
            (weight_quantizer): AdaRoundQuantizer(bit=8, symmetric=False, round_mode=learned_hard_sigmoid)
            (act_quantizer): UniformAffineQuantizer(bit=8, scale_method=max, symmetric=True, channel_wise=False, leaf_param=True)
            (activation_function): StraightThrough()
          )
          (proj_out): QuantModule(
            256, 256, kernel_size=(1, 1), stride=(1, 1)
            (weight_quantizer): AdaRoundQuantizer(bit=8, symmetric=False, round_mode=learned_hard_sigmoid)
            (act_quantizer): UniformAffineQuantizer(bit=8, scale_method=max, symmetric=True, channel_wise=False, leaf_param=True)
            (activation_function): StraightThrough()
          )
          (act_quantizer_q): UniformAffineQuantizer(bit=8, scale_method=max, symmetric=True, channel_wise=False, leaf_param=True)
          (act_quantizer_k): UniformAffineQuantizer(bit=8, scale_method=max, symmetric=True, channel_wise=False, leaf_param=True)
          (act_quantizer_v): UniformAffineQuantizer(bit=8, scale_method=max, symmetric=True, channel_wise=False, leaf_param=True)
          (act_quantizer_w): UniformAffineQuantizer(bit=8, scale_method=max, symmetric=True, channel_wise=False, leaf_param=True)
        )
        (2): QuantAttnBlock(
          (act_quantizer): UniformAffineQuantizer(bit=8, scale_method=max, symmetric=True, channel_wise=False, leaf_param=True)
          (activation_function): StraightThrough()
          (norm): GroupNorm(32, 256, eps=1e-06, affine=True)
          (q): QuantModule(
            256, 256, kernel_size=(1, 1), stride=(1, 1)
            (weight_quantizer): AdaRoundQuantizer(bit=8, symmetric=False, round_mode=learned_hard_sigmoid)
            (act_quantizer): UniformAffineQuantizer(bit=8, scale_method=max, symmetric=True, channel_wise=False, leaf_param=True)
            (activation_function): StraightThrough()
          )
          (k): QuantModule(
            256, 256, kernel_size=(1, 1), stride=(1, 1)
            (weight_quantizer): AdaRoundQuantizer(bit=8, symmetric=False, round_mode=learned_hard_sigmoid)
            (act_quantizer): UniformAffineQuantizer(bit=8, scale_method=max, symmetric=True, channel_wise=False, leaf_param=True)
            (activation_function): StraightThrough()
          )
          (v): QuantModule(
            256, 256, kernel_size=(1, 1), stride=(1, 1)
            (weight_quantizer): AdaRoundQuantizer(bit=8, symmetric=False, round_mode=learned_hard_sigmoid)
            (act_quantizer): UniformAffineQuantizer(bit=8, scale_method=max, symmetric=True, channel_wise=False, leaf_param=True)
            (activation_function): StraightThrough()
          )
          (proj_out): QuantModule(
            256, 256, kernel_size=(1, 1), stride=(1, 1)
            (weight_quantizer): AdaRoundQuantizer(bit=8, symmetric=False, round_mode=learned_hard_sigmoid)
            (act_quantizer): UniformAffineQuantizer(bit=8, scale_method=max, symmetric=True, channel_wise=False, leaf_param=True)
            (activation_function): StraightThrough()
          )
          (act_quantizer_q): UniformAffineQuantizer(bit=8, scale_method=max, symmetric=True, channel_wise=False, leaf_param=True)
          (act_quantizer_k): UniformAffineQuantizer(bit=8, scale_method=max, symmetric=True, channel_wise=False, leaf_param=True)
          (act_quantizer_v): UniformAffineQuantizer(bit=8, scale_method=max, symmetric=True, channel_wise=False, leaf_param=True)
          (act_quantizer_w): UniformAffineQuantizer(bit=8, scale_method=max, symmetric=True, channel_wise=False, leaf_param=True)
        )
      )
      (upsample): Upsample(
        (conv): QuantModule(
          256, 256, kernel_size=(3, 3), stride=(1, 1), padding=(1, 1)
          (weight_quantizer): AdaRoundQuantizer(bit=8, symmetric=False, round_mode=learned_hard_sigmoid)
          (act_quantizer): UniformAffineQuantizer(bit=8, scale_method=max, symmetric=True, channel_wise=False, leaf_param=True)
          (activation_function): StraightThrough()
        )
      )
    )
    (2): Module(
      (block): ModuleList(
        (0): QuantResnetBlock(
          (act_quantizer): UniformAffineQuantizer(bit=8, scale_method=max, symmetric=True, channel_wise=False, leaf_param=True)
          (activation_function): StraightThrough()
          (norm1): GroupNorm(32, 512, eps=1e-06, affine=True)
          (conv1): QuantModule(
            512, 256, kernel_size=(3, 3), stride=(1, 1), padding=(1, 1)
            (weight_quantizer): AdaRoundQuantizer(bit=8, symmetric=False, round_mode=learned_hard_sigmoid)
            (act_quantizer): UniformAffineQuantizer(bit=8, scale_method=max, symmetric=True, channel_wise=False, leaf_param=True)
            (activation_function): StraightThrough()
          )
          (temb_proj): QuantModule(
            in_features=512, out_features=256, bias=True
            (weight_quantizer): AdaRoundQuantizer(bit=8, symmetric=False, round_mode=learned_hard_sigmoid)
            (act_quantizer): UniformAffineQuantizer(bit=8, scale_method=max, symmetric=True, channel_wise=False, leaf_param=True)
            (activation_function): StraightThrough()
          )
          (norm2): GroupNorm(32, 256, eps=1e-06, affine=True)
          (dropout): Dropout(p=0.1, inplace=False)
          (conv2): QuantModule(
            256, 256, kernel_size=(3, 3), stride=(1, 1), padding=(1, 1)
            (weight_quantizer): AdaRoundQuantizer(bit=8, symmetric=False, round_mode=learned_hard_sigmoid)
            (act_quantizer): UniformAffineQuantizer(bit=8, scale_method=max, symmetric=True, channel_wise=False, leaf_param=True)
            (activation_function): StraightThrough()
          )
          (nin_shortcut): QuantModule(
            512, 256, kernel_size=(1, 1), stride=(1, 1)
            (weight_quantizer): AdaRoundQuantizer(bit=8, symmetric=False, round_mode=learned_hard_sigmoid)
            (act_quantizer): UniformAffineQuantizer(bit=8, scale_method=max, symmetric=True, channel_wise=False, leaf_param=True)
            (activation_function): StraightThrough()
            (weight_quantizer_0): AdaRoundQuantizer(bit=8, symmetric=False, round_mode=learned_hard_sigmoid)
            (act_quantizer_0): UniformAffineQuantizer(bit=8, scale_method=max, symmetric=True, channel_wise=False, leaf_param=True)
          )
        )
        (1): QuantResnetBlock(
          (act_quantizer): UniformAffineQuantizer(bit=8, scale_method=max, symmetric=True, channel_wise=False, leaf_param=True)
          (activation_function): StraightThrough()
          (norm1): GroupNorm(32, 512, eps=1e-06, affine=True)
          (conv1): QuantModule(
            512, 256, kernel_size=(3, 3), stride=(1, 1), padding=(1, 1)
            (weight_quantizer): AdaRoundQuantizer(bit=8, symmetric=False, round_mode=learned_hard_sigmoid)
            (act_quantizer): UniformAffineQuantizer(bit=8, scale_method=max, symmetric=True, channel_wise=False, leaf_param=True)
            (activation_function): StraightThrough()
          )
          (temb_proj): QuantModule(
            in_features=512, out_features=256, bias=True
            (weight_quantizer): AdaRoundQuantizer(bit=8, symmetric=False, round_mode=learned_hard_sigmoid)
            (act_quantizer): UniformAffineQuantizer(bit=8, scale_method=max, symmetric=True, channel_wise=False, leaf_param=True)
            (activation_function): StraightThrough()
          )
          (norm2): GroupNorm(32, 256, eps=1e-06, affine=True)
          (dropout): Dropout(p=0.1, inplace=False)
          (conv2): QuantModule(
            256, 256, kernel_size=(3, 3), stride=(1, 1), padding=(1, 1)
            (weight_quantizer): AdaRoundQuantizer(bit=8, symmetric=False, round_mode=learned_hard_sigmoid)
            (act_quantizer): UniformAffineQuantizer(bit=8, scale_method=max, symmetric=True, channel_wise=False, leaf_param=True)
            (activation_function): StraightThrough()
          )
          (nin_shortcut): QuantModule(
            512, 256, kernel_size=(1, 1), stride=(1, 1)
            (weight_quantizer): AdaRoundQuantizer(bit=8, symmetric=False, round_mode=learned_hard_sigmoid)
            (act_quantizer): UniformAffineQuantizer(bit=8, scale_method=max, symmetric=True, channel_wise=False, leaf_param=True)
            (activation_function): StraightThrough()
            (weight_quantizer_0): AdaRoundQuantizer(bit=8, symmetric=False, round_mode=learned_hard_sigmoid)
            (act_quantizer_0): UniformAffineQuantizer(bit=8, scale_method=max, symmetric=True, channel_wise=False, leaf_param=True)
          )
        )
        (2): QuantResnetBlock(
          (act_quantizer): UniformAffineQuantizer(bit=8, scale_method=max, symmetric=True, channel_wise=False, leaf_param=True)
          (activation_function): StraightThrough()
          (norm1): GroupNorm(32, 512, eps=1e-06, affine=True)
          (conv1): QuantModule(
            512, 256, kernel_size=(3, 3), stride=(1, 1), padding=(1, 1)
            (weight_quantizer): AdaRoundQuantizer(bit=8, symmetric=False, round_mode=learned_hard_sigmoid)
            (act_quantizer): UniformAffineQuantizer(bit=8, scale_method=max, symmetric=True, channel_wise=False, leaf_param=True)
            (activation_function): StraightThrough()
          )
          (temb_proj): QuantModule(
            in_features=512, out_features=256, bias=True
            (weight_quantizer): AdaRoundQuantizer(bit=8, symmetric=False, round_mode=learned_hard_sigmoid)
            (act_quantizer): UniformAffineQuantizer(bit=8, scale_method=max, symmetric=True, channel_wise=False, leaf_param=True)
            (activation_function): StraightThrough()
          )
          (norm2): GroupNorm(32, 256, eps=1e-06, affine=True)
          (dropout): Dropout(p=0.1, inplace=False)
          (conv2): QuantModule(
            256, 256, kernel_size=(3, 3), stride=(1, 1), padding=(1, 1)
            (weight_quantizer): AdaRoundQuantizer(bit=8, symmetric=False, round_mode=learned_hard_sigmoid)
            (act_quantizer): UniformAffineQuantizer(bit=8, scale_method=max, symmetric=True, channel_wise=False, leaf_param=True)
            (activation_function): StraightThrough()
          )
          (nin_shortcut): QuantModule(
            512, 256, kernel_size=(1, 1), stride=(1, 1)
            (weight_quantizer): AdaRoundQuantizer(bit=8, symmetric=False, round_mode=learned_hard_sigmoid)
            (act_quantizer): UniformAffineQuantizer(bit=8, scale_method=max, symmetric=True, channel_wise=False, leaf_param=True)
            (activation_function): StraightThrough()
            (weight_quantizer_0): AdaRoundQuantizer(bit=8, symmetric=False, round_mode=learned_hard_sigmoid)
            (act_quantizer_0): UniformAffineQuantizer(bit=8, scale_method=max, symmetric=True, channel_wise=False, leaf_param=True)
          )
        )
      )
      (attn): ModuleList()
      (upsample): Upsample(
        (conv): QuantModule(
          256, 256, kernel_size=(3, 3), stride=(1, 1), padding=(1, 1)
          (weight_quantizer): AdaRoundQuantizer(bit=8, symmetric=False, round_mode=learned_hard_sigmoid)
          (act_quantizer): UniformAffineQuantizer(bit=8, scale_method=max, symmetric=True, channel_wise=False, leaf_param=True)
          (activation_function): StraightThrough()
        )
      )
    )
    (3): Module(
      (block): ModuleList(
        (0): QuantResnetBlock(
          (act_quantizer): UniformAffineQuantizer(bit=8, scale_method=max, symmetric=True, channel_wise=False, leaf_param=True)
          (activation_function): StraightThrough()
          (norm1): GroupNorm(32, 512, eps=1e-06, affine=True)
          (conv1): QuantModule(
            512, 256, kernel_size=(3, 3), stride=(1, 1), padding=(1, 1)
            (weight_quantizer): AdaRoundQuantizer(bit=8, symmetric=False, round_mode=learned_hard_sigmoid)
            (act_quantizer): UniformAffineQuantizer(bit=8, scale_method=max, symmetric=True, channel_wise=False, leaf_param=True)
            (activation_function): StraightThrough()
          )
          (temb_proj): QuantModule(
            in_features=512, out_features=256, bias=True
            (weight_quantizer): AdaRoundQuantizer(bit=8, symmetric=False, round_mode=learned_hard_sigmoid)
            (act_quantizer): UniformAffineQuantizer(bit=8, scale_method=max, symmetric=True, channel_wise=False, leaf_param=True)
            (activation_function): StraightThrough()
          )
          (norm2): GroupNorm(32, 256, eps=1e-06, affine=True)
          (dropout): Dropout(p=0.1, inplace=False)
          (conv2): QuantModule(
            256, 256, kernel_size=(3, 3), stride=(1, 1), padding=(1, 1)
            (weight_quantizer): AdaRoundQuantizer(bit=8, symmetric=False, round_mode=learned_hard_sigmoid)
            (act_quantizer): UniformAffineQuantizer(bit=8, scale_method=max, symmetric=True, channel_wise=False, leaf_param=True)
            (activation_function): StraightThrough()
          )
          (nin_shortcut): QuantModule(
            512, 256, kernel_size=(1, 1), stride=(1, 1)
            (weight_quantizer): AdaRoundQuantizer(bit=8, symmetric=False, round_mode=learned_hard_sigmoid)
            (act_quantizer): UniformAffineQuantizer(bit=8, scale_method=max, symmetric=True, channel_wise=False, leaf_param=True)
            (activation_function): StraightThrough()
            (weight_quantizer_0): AdaRoundQuantizer(bit=8, symmetric=False, round_mode=learned_hard_sigmoid)
            (act_quantizer_0): UniformAffineQuantizer(bit=8, scale_method=max, symmetric=True, channel_wise=False, leaf_param=True)
          )
        )
        (1): QuantResnetBlock(
          (act_quantizer): UniformAffineQuantizer(bit=8, scale_method=max, symmetric=True, channel_wise=False, leaf_param=True)
          (activation_function): StraightThrough()
          (norm1): GroupNorm(32, 512, eps=1e-06, affine=True)
          (conv1): QuantModule(
            512, 256, kernel_size=(3, 3), stride=(1, 1), padding=(1, 1)
            (weight_quantizer): AdaRoundQuantizer(bit=8, symmetric=False, round_mode=learned_hard_sigmoid)
            (act_quantizer): UniformAffineQuantizer(bit=8, scale_method=max, symmetric=True, channel_wise=False, leaf_param=True)
            (activation_function): StraightThrough()
          )
          (temb_proj): QuantModule(
            in_features=512, out_features=256, bias=True
            (weight_quantizer): AdaRoundQuantizer(bit=8, symmetric=False, round_mode=learned_hard_sigmoid)
            (act_quantizer): UniformAffineQuantizer(bit=8, scale_method=max, symmetric=True, channel_wise=False, leaf_param=True)
            (activation_function): StraightThrough()
          )
          (norm2): GroupNorm(32, 256, eps=1e-06, affine=True)
          (dropout): Dropout(p=0.1, inplace=False)
          (conv2): QuantModule(
            256, 256, kernel_size=(3, 3), stride=(1, 1), padding=(1, 1)
            (weight_quantizer): AdaRoundQuantizer(bit=8, symmetric=False, round_mode=learned_hard_sigmoid)
            (act_quantizer): UniformAffineQuantizer(bit=8, scale_method=max, symmetric=True, channel_wise=False, leaf_param=True)
            (activation_function): StraightThrough()
          )
          (nin_shortcut): QuantModule(
            512, 256, kernel_size=(1, 1), stride=(1, 1)
            (weight_quantizer): AdaRoundQuantizer(bit=8, symmetric=False, round_mode=learned_hard_sigmoid)
            (act_quantizer): UniformAffineQuantizer(bit=8, scale_method=max, symmetric=True, channel_wise=False, leaf_param=True)
            (activation_function): StraightThrough()
            (weight_quantizer_0): AdaRoundQuantizer(bit=8, symmetric=False, round_mode=learned_hard_sigmoid)
            (act_quantizer_0): UniformAffineQuantizer(bit=8, scale_method=max, symmetric=True, channel_wise=False, leaf_param=True)
          )
        )
        (2): QuantResnetBlock(
          (act_quantizer): UniformAffineQuantizer(bit=8, scale_method=max, symmetric=True, channel_wise=False, leaf_param=True)
          (activation_function): StraightThrough()
          (norm1): GroupNorm(32, 512, eps=1e-06, affine=True)
          (conv1): QuantModule(
            512, 256, kernel_size=(3, 3), stride=(1, 1), padding=(1, 1)
            (weight_quantizer): AdaRoundQuantizer(bit=8, symmetric=False, round_mode=learned_hard_sigmoid)
            (act_quantizer): UniformAffineQuantizer(bit=8, scale_method=max, symmetric=True, channel_wise=False, leaf_param=True)
            (activation_function): StraightThrough()
          )
          (temb_proj): QuantModule(
            in_features=512, out_features=256, bias=True
            (weight_quantizer): AdaRoundQuantizer(bit=8, symmetric=False, round_mode=learned_hard_sigmoid)
            (act_quantizer): UniformAffineQuantizer(bit=8, scale_method=max, symmetric=True, channel_wise=False, leaf_param=True)
            (activation_function): StraightThrough()
          )
          (norm2): GroupNorm(32, 256, eps=1e-06, affine=True)
          (dropout): Dropout(p=0.1, inplace=False)
          (conv2): QuantModule(
            256, 256, kernel_size=(3, 3), stride=(1, 1), padding=(1, 1)
            (weight_quantizer): AdaRoundQuantizer(bit=8, symmetric=False, round_mode=learned_hard_sigmoid)
            (act_quantizer): UniformAffineQuantizer(bit=8, scale_method=max, symmetric=True, channel_wise=False, leaf_param=True)
            (activation_function): StraightThrough()
          )
          (nin_shortcut): QuantModule(
            512, 256, kernel_size=(1, 1), stride=(1, 1)
            (weight_quantizer): AdaRoundQuantizer(bit=8, symmetric=False, round_mode=learned_hard_sigmoid)
            (act_quantizer): UniformAffineQuantizer(bit=8, scale_method=max, symmetric=True, channel_wise=False, leaf_param=True)
            (activation_function): StraightThrough()
            (weight_quantizer_0): AdaRoundQuantizer(bit=8, symmetric=False, round_mode=learned_hard_sigmoid)
            (act_quantizer_0): UniformAffineQuantizer(bit=8, scale_method=max, symmetric=True, channel_wise=False, leaf_param=True)
          )
        )
      )
      (attn): ModuleList()
      (upsample): Upsample(
        (conv): QuantModule(
          256, 256, kernel_size=(3, 3), stride=(1, 1), padding=(1, 1)
          (weight_quantizer): AdaRoundQuantizer(bit=8, symmetric=False, round_mode=learned_hard_sigmoid)
          (act_quantizer): UniformAffineQuantizer(bit=8, scale_method=max, symmetric=True, channel_wise=False, leaf_param=True)
          (activation_function): StraightThrough()
        )
      )
    )
  )
  (norm_out): GroupNorm(32, 128, eps=1e-06, affine=True)
  (conv_out): QuantModule(
    128, 3, kernel_size=(3, 3), stride=(1, 1), padding=(1, 1)
    (weight_quantizer): AdaRoundQuantizer(bit=8, symmetric=False, round_mode=learned_hard_sigmoid)
    (act_quantizer): UniformAffineQuantizer(bit=8, scale_method=max, symmetric=True, channel_wise=False, leaf_param=True)
    (activation_function): StraightThrough()
  )
)
01/19/2026 13:47:54 - INFO - __main__ -   Doing activation calibration
01/19/2026 13:47:55 - INFO - __main__ -   model False
01/19/2026 13:47:55 - INFO - __main__ -   temb False
01/19/2026 13:47:55 - INFO - __main__ -   dense False
01/19/2026 13:47:55 - INFO - __main__ -   0 False
01/19/2026 13:47:55 - INFO - __main__ -   Reconstruction for layer 0
01/19/2026 13:48:08 - INFO - qdiff.timestep_aware_utils -   in shape: torch.Size([5120, 128])
01/19/2026 13:48:08 - INFO - qdiff.timestep_aware_utils -   out shape: torch.Size([5120, 512])
01/19/2026 13:48:09 - INFO - qdiff.layer_recon -   Total loss:	0.000 (rec:0.000, round:0.000)	b=0.00	count=500
01/19/2026 13:48:10 - INFO - qdiff.layer_recon -   Total loss:	0.000 (rec:0.000, round:0.000)	b=0.00	count=1000
01/19/2026 13:48:11 - INFO - qdiff.layer_recon -   Total loss:	0.000 (rec:0.000, round:0.000)	b=0.00	count=1500
01/19/2026 13:48:12 - INFO - qdiff.layer_recon -   Total loss:	0.000 (rec:0.000, round:0.000)	b=0.00	count=2000
01/19/2026 13:48:13 - INFO - qdiff.layer_recon -   Total loss:	0.000 (rec:0.000, round:0.000)	b=0.00	count=2500
01/19/2026 13:48:14 - INFO - qdiff.layer_recon -   Total loss:	0.000 (rec:0.000, round:0.000)	b=0.00	count=3000
01/19/2026 13:48:16 - INFO - qdiff.layer_recon -   Total loss:	0.000 (rec:0.000, round:0.000)	b=0.00	count=3500
01/19/2026 13:48:17 - INFO - qdiff.layer_recon -   Total loss:	0.000 (rec:0.000, round:0.000)	b=0.00	count=4000
01/19/2026 13:48:18 - INFO - qdiff.layer_recon -   Total loss:	0.000 (rec:0.000, round:0.000)	b=0.00	count=4500
01/19/2026 13:48:19 - INFO - qdiff.layer_recon -   Total loss:	0.000 (rec:0.000, round:0.000)	b=0.00	count=5000
01/19/2026 13:48:19 - INFO - __main__ -   1 False
01/19/2026 13:48:19 - INFO - __main__ -   Reconstruction for layer 1
01/19/2026 13:48:32 - INFO - qdiff.timestep_aware_utils -   in shape: torch.Size([5120, 512])
01/19/2026 13:48:32 - INFO - qdiff.timestep_aware_utils -   out shape: torch.Size([5120, 512])
01/19/2026 13:48:33 - INFO - qdiff.layer_recon -   Total loss:	0.005 (rec:0.005, round:0.000)	b=0.00	count=500
01/19/2026 13:48:34 - INFO - qdiff.layer_recon -   Total loss:	0.006 (rec:0.006, round:0.000)	b=0.00	count=1000
01/19/2026 13:48:35 - INFO - qdiff.layer_recon -   Total loss:	0.007 (rec:0.007, round:0.000)	b=0.00	count=1500
01/19/2026 13:48:36 - INFO - qdiff.layer_recon -   Total loss:	0.005 (rec:0.005, round:0.000)	b=0.00	count=2000
01/19/2026 13:48:37 - INFO - qdiff.layer_recon -   Total loss:	0.006 (rec:0.006, round:0.000)	b=0.00	count=2500
01/19/2026 13:48:38 - INFO - qdiff.layer_recon -   Total loss:	0.006 (rec:0.006, round:0.000)	b=0.00	count=3000
01/19/2026 13:48:39 - INFO - qdiff.layer_recon -   Total loss:	0.006 (rec:0.006, round:0.000)	b=0.00	count=3500
01/19/2026 13:48:40 - INFO - qdiff.layer_recon -   Total loss:	0.007 (rec:0.007, round:0.000)	b=0.00	count=4000
01/19/2026 13:48:42 - INFO - qdiff.layer_recon -   Total loss:	0.006 (rec:0.006, round:0.000)	b=0.00	count=4500
01/19/2026 13:48:43 - INFO - qdiff.layer_recon -   Total loss:	0.006 (rec:0.006, round:0.000)	b=0.00	count=5000
01/19/2026 13:48:43 - INFO - __main__ -   conv_in False
01/19/2026 13:48:43 - INFO - __main__ -   Reconstruction for layer conv_in
01/19/2026 13:48:56 - INFO - qdiff.timestep_aware_utils -   in shape: torch.Size([5120, 3, 32, 32])
01/19/2026 13:48:56 - INFO - qdiff.timestep_aware_utils -   out shape: torch.Size([5120, 128, 32, 32])
01/19/2026 13:49:01 - INFO - qdiff.layer_recon -   Total loss:	0.004 (rec:0.004, round:0.000)	b=0.00	count=500
01/19/2026 13:49:05 - INFO - qdiff.layer_recon -   Total loss:	0.005 (rec:0.005, round:0.000)	b=0.00	count=1000
01/19/2026 13:49:10 - INFO - qdiff.layer_recon -   Total loss:	0.007 (rec:0.007, round:0.000)	b=0.00	count=1500
01/19/2026 13:49:14 - INFO - qdiff.layer_recon -   Total loss:	0.004 (rec:0.004, round:0.000)	b=0.00	count=2000
01/19/2026 13:49:18 - INFO - qdiff.layer_recon -   Total loss:	0.004 (rec:0.004, round:0.000)	b=0.00	count=2500
01/19/2026 13:49:23 - INFO - qdiff.layer_recon -   Total loss:	0.005 (rec:0.005, round:0.000)	b=0.00	count=3000
01/19/2026 13:49:27 - INFO - qdiff.layer_recon -   Total loss:	0.005 (rec:0.005, round:0.000)	b=0.00	count=3500
01/19/2026 13:49:32 - INFO - qdiff.layer_recon -   Total loss:	0.004 (rec:0.004, round:0.000)	b=0.00	count=4000
01/19/2026 13:49:36 - INFO - qdiff.layer_recon -   Total loss:	0.005 (rec:0.005, round:0.000)	b=0.00	count=4500
01/19/2026 13:49:40 - INFO - qdiff.layer_recon -   Total loss:	0.004 (rec:0.004, round:0.000)	b=0.00	count=5000
01/19/2026 13:49:40 - INFO - __main__ -   down False
01/19/2026 13:49:40 - INFO - __main__ -   0 False
01/19/2026 13:49:40 - INFO - __main__ -   block False
01/19/2026 13:49:40 - INFO - __main__ -   0 True
01/19/2026 13:49:40 - INFO - __main__ -   Reconstruction for block 0
01/19/2026 13:49:57 - INFO - qdiff.timestep_aware_utils -   in 1 shape: torch.Size([5120, 128, 32, 32]), in 2 shape: torch.Size([5120, 512])
01/19/2026 13:49:57 - INFO - qdiff.timestep_aware_utils -   out shape: torch.Size([5120, 128, 32, 32])
01/19/2026 13:50:08 - INFO - qdiff.block_recon -   Total loss:	0.807 (rec:0.807, round:0.000)	b=0.00	count=500
01/19/2026 13:50:18 - INFO - qdiff.block_recon -   Total loss:	0.815 (rec:0.815, round:0.000)	b=0.00	count=1000
01/19/2026 13:50:28 - INFO - qdiff.block_recon -   Total loss:	0.798 (rec:0.798, round:0.000)	b=0.00	count=1500
01/19/2026 13:50:38 - INFO - qdiff.block_recon -   Total loss:	0.939 (rec:0.939, round:0.000)	b=0.00	count=2000
01/19/2026 13:50:48 - INFO - qdiff.block_recon -   Total loss:	0.790 (rec:0.790, round:0.000)	b=0.00	count=2500
01/19/2026 13:50:59 - INFO - qdiff.block_recon -   Total loss:	0.852 (rec:0.852, round:0.000)	b=0.00	count=3000
01/19/2026 13:51:09 - INFO - qdiff.block_recon -   Total loss:	0.854 (rec:0.854, round:0.000)	b=0.00	count=3500
01/19/2026 13:51:19 - INFO - qdiff.block_recon -   Total loss:	0.842 (rec:0.842, round:0.000)	b=0.00	count=4000
01/19/2026 13:51:30 - INFO - qdiff.block_recon -   Total loss:	0.728 (rec:0.728, round:0.000)	b=0.00	count=4500
01/19/2026 13:51:40 - INFO - qdiff.block_recon -   Total loss:	0.787 (rec:0.787, round:0.000)	b=0.00	count=5000
01/19/2026 13:51:40 - INFO - __main__ -   1 True
01/19/2026 13:51:40 - INFO - __main__ -   Reconstruction for block 1
01/19/2026 13:51:57 - INFO - qdiff.timestep_aware_utils -   in 1 shape: torch.Size([5120, 128, 32, 32]), in 2 shape: torch.Size([5120, 512])
01/19/2026 13:51:57 - INFO - qdiff.timestep_aware_utils -   out shape: torch.Size([5120, 128, 32, 32])
01/19/2026 13:52:08 - INFO - qdiff.block_recon -   Total loss:	1.577 (rec:1.577, round:0.000)	b=0.00	count=500
01/19/2026 13:52:18 - INFO - qdiff.block_recon -   Total loss:	1.612 (rec:1.612, round:0.000)	b=0.00	count=1000
01/19/2026 13:52:28 - INFO - qdiff.block_recon -   Total loss:	1.341 (rec:1.341, round:0.000)	b=0.00	count=1500
01/19/2026 13:52:38 - INFO - qdiff.block_recon -   Total loss:	2.136 (rec:2.136, round:0.000)	b=0.00	count=2000
01/19/2026 13:52:49 - INFO - qdiff.block_recon -   Total loss:	1.671 (rec:1.671, round:0.000)	b=0.00	count=2500
01/19/2026 13:52:59 - INFO - qdiff.block_recon -   Total loss:	1.601 (rec:1.601, round:0.000)	b=0.00	count=3000
01/19/2026 13:53:09 - INFO - qdiff.block_recon -   Total loss:	1.513 (rec:1.513, round:0.000)	b=0.00	count=3500
01/19/2026 13:53:19 - INFO - qdiff.block_recon -   Total loss:	1.582 (rec:1.582, round:0.000)	b=0.00	count=4000
01/19/2026 13:53:29 - INFO - qdiff.block_recon -   Total loss:	1.388 (rec:1.388, round:0.000)	b=0.00	count=4500
01/19/2026 13:53:39 - INFO - qdiff.block_recon -   Total loss:	1.439 (rec:1.439, round:0.000)	b=0.00	count=5000
01/19/2026 13:53:39 - INFO - __main__ -   attn False
01/19/2026 13:53:39 - INFO - __main__ -   downsample False
01/19/2026 13:53:39 - INFO - __main__ -   conv False
01/19/2026 13:53:39 - INFO - __main__ -   Reconstruction for layer conv
01/19/2026 13:53:55 - INFO - qdiff.timestep_aware_utils -   in shape: torch.Size([5120, 128, 33, 33])
01/19/2026 13:53:55 - INFO - qdiff.timestep_aware_utils -   out shape: torch.Size([5120, 128, 16, 16])
01/19/2026 13:54:01 - INFO - qdiff.layer_recon -   Total loss:	0.089 (rec:0.089, round:0.000)	b=0.00	count=500
01/19/2026 13:54:06 - INFO - qdiff.layer_recon -   Total loss:	0.130 (rec:0.130, round:0.000)	b=0.00	count=1000
01/19/2026 13:54:12 - INFO - qdiff.layer_recon -   Total loss:	0.082 (rec:0.082, round:0.000)	b=0.00	count=1500
01/19/2026 13:54:17 - INFO - qdiff.layer_recon -   Total loss:	0.080 (rec:0.080, round:0.000)	b=0.00	count=2000
01/19/2026 13:54:22 - INFO - qdiff.layer_recon -   Total loss:	0.077 (rec:0.077, round:0.000)	b=0.00	count=2500
01/19/2026 13:54:28 - INFO - qdiff.layer_recon -   Total loss:	0.072 (rec:0.072, round:0.000)	b=0.00	count=3000
01/19/2026 13:54:33 - INFO - qdiff.layer_recon -   Total loss:	0.077 (rec:0.077, round:0.000)	b=0.00	count=3500
01/19/2026 13:54:39 - INFO - qdiff.layer_recon -   Total loss:	0.106 (rec:0.106, round:0.000)	b=0.00	count=4000
01/19/2026 13:54:44 - INFO - qdiff.layer_recon -   Total loss:	0.129 (rec:0.129, round:0.000)	b=0.00	count=4500
01/19/2026 13:54:49 - INFO - qdiff.layer_recon -   Total loss:	0.075 (rec:0.075, round:0.000)	b=0.00	count=5000
01/19/2026 13:54:50 - INFO - __main__ -   1 False
01/19/2026 13:54:50 - INFO - __main__ -   block False
01/19/2026 13:54:50 - INFO - __main__ -   0 True
01/19/2026 13:54:50 - INFO - __main__ -   Reconstruction for block 0
01/19/2026 13:55:05 - INFO - qdiff.timestep_aware_utils -   in 1 shape: torch.Size([5120, 128, 16, 16]), in 2 shape: torch.Size([5120, 512])
01/19/2026 13:55:05 - INFO - qdiff.timestep_aware_utils -   out shape: torch.Size([5120, 256, 16, 16])
01/19/2026 13:55:11 - INFO - qdiff.block_recon -   Total loss:	3.348 (rec:3.348, round:0.000)	b=0.00	count=500
01/19/2026 13:55:17 - INFO - qdiff.block_recon -   Total loss:	3.784 (rec:3.784, round:0.000)	b=0.00	count=1000
01/19/2026 13:55:23 - INFO - qdiff.block_recon -   Total loss:	3.487 (rec:3.487, round:0.000)	b=0.00	count=1500
01/19/2026 13:55:29 - INFO - qdiff.block_recon -   Total loss:	3.486 (rec:3.486, round:0.000)	b=0.00	count=2000
01/19/2026 13:55:35 - INFO - qdiff.block_recon -   Total loss:	3.314 (rec:3.314, round:0.000)	b=0.00	count=2500
01/19/2026 13:55:40 - INFO - qdiff.block_recon -   Total loss:	3.196 (rec:3.196, round:0.000)	b=0.00	count=3000
01/19/2026 13:55:46 - INFO - qdiff.block_recon -   Total loss:	3.389 (rec:3.389, round:0.000)	b=0.00	count=3500
01/19/2026 13:55:52 - INFO - qdiff.block_recon -   Total loss:	3.510 (rec:3.510, round:0.000)	b=0.00	count=4000
01/19/2026 13:55:58 - INFO - qdiff.block_recon -   Total loss:	3.630 (rec:3.630, round:0.000)	b=0.00	count=4500
01/19/2026 13:56:04 - INFO - qdiff.block_recon -   Total loss:	3.186 (rec:3.186, round:0.000)	b=0.00	count=5000
01/19/2026 13:56:04 - INFO - __main__ -   1 True
01/19/2026 13:56:04 - INFO - __main__ -   Reconstruction for block 1
01/19/2026 13:56:21 - INFO - qdiff.timestep_aware_utils -   in 1 shape: torch.Size([5120, 256, 16, 16]), in 2 shape: torch.Size([5120, 512])
01/19/2026 13:56:21 - INFO - qdiff.timestep_aware_utils -   out shape: torch.Size([5120, 256, 16, 16])
01/19/2026 13:56:28 - INFO - qdiff.block_recon -   Total loss:	4.661 (rec:4.661, round:0.000)	b=0.00	count=500
01/19/2026 13:56:34 - INFO - qdiff.block_recon -   Total loss:	5.008 (rec:5.008, round:0.000)	b=0.00	count=1000
01/19/2026 13:56:40 - INFO - qdiff.block_recon -   Total loss:	4.088 (rec:4.088, round:0.000)	b=0.00	count=1500
01/19/2026 13:56:46 - INFO - qdiff.block_recon -   Total loss:	4.919 (rec:4.919, round:0.000)	b=0.00	count=2000
01/19/2026 13:56:52 - INFO - qdiff.block_recon -   Total loss:	4.498 (rec:4.498, round:0.000)	b=0.00	count=2500
01/19/2026 13:56:58 - INFO - qdiff.block_recon -   Total loss:	4.207 (rec:4.207, round:0.000)	b=0.00	count=3000
01/19/2026 13:57:04 - INFO - qdiff.block_recon -   Total loss:	4.540 (rec:4.540, round:0.000)	b=0.00	count=3500
01/19/2026 13:57:11 - INFO - qdiff.block_recon -   Total loss:	4.821 (rec:4.821, round:0.000)	b=0.00	count=4000
01/19/2026 13:57:17 - INFO - qdiff.block_recon -   Total loss:	4.608 (rec:4.608, round:0.000)	b=0.00	count=4500
01/19/2026 13:57:23 - INFO - qdiff.block_recon -   Total loss:	4.948 (rec:4.948, round:0.000)	b=0.00	count=5000
01/19/2026 13:57:23 - INFO - __main__ -   attn False
01/19/2026 13:57:23 - INFO - __main__ -   0 True
01/19/2026 13:57:23 - INFO - __main__ -   Reconstruction for block 0
01/19/2026 13:57:39 - INFO - qdiff.timestep_aware_utils -   in shape: torch.Size([5120, 256, 16, 16])
01/19/2026 13:57:39 - INFO - qdiff.timestep_aware_utils -   out shape: torch.Size([5120, 256, 16, 16])
01/19/2026 13:57:48 - INFO - qdiff.block_recon -   Total loss:	0.284 (rec:0.284, round:0.000)	b=0.00	count=500
01/19/2026 13:57:57 - INFO - qdiff.block_recon -   Total loss:	0.212 (rec:0.212, round:0.000)	b=0.00	count=1000
01/19/2026 13:58:05 - INFO - qdiff.block_recon -   Total loss:	0.489 (rec:0.489, round:0.000)	b=0.00	count=1500
01/19/2026 13:58:13 - INFO - qdiff.block_recon -   Total loss:	0.241 (rec:0.241, round:0.000)	b=0.00	count=2000
01/19/2026 13:58:22 - INFO - qdiff.block_recon -   Total loss:	0.313 (rec:0.313, round:0.000)	b=0.00	count=2500
01/19/2026 13:58:30 - INFO - qdiff.block_recon -   Total loss:	0.198 (rec:0.198, round:0.000)	b=0.00	count=3000
01/19/2026 13:58:39 - INFO - qdiff.block_recon -   Total loss:	0.358 (rec:0.358, round:0.000)	b=0.00	count=3500
01/19/2026 13:58:47 - INFO - qdiff.block_recon -   Total loss:	0.398 (rec:0.398, round:0.000)	b=0.00	count=4000
01/19/2026 13:58:55 - INFO - qdiff.block_recon -   Total loss:	0.263 (rec:0.263, round:0.000)	b=0.00	count=4500
01/19/2026 13:59:04 - INFO - qdiff.block_recon -   Total loss:	0.388 (rec:0.388, round:0.000)	b=0.00	count=5000
01/19/2026 13:59:04 - INFO - __main__ -   1 True
01/19/2026 13:59:04 - INFO - __main__ -   Reconstruction for block 1
01/19/2026 13:59:21 - INFO - qdiff.timestep_aware_utils -   in shape: torch.Size([5120, 256, 16, 16])
01/19/2026 13:59:21 - INFO - qdiff.timestep_aware_utils -   out shape: torch.Size([5120, 256, 16, 16])
01/19/2026 13:59:30 - INFO - qdiff.block_recon -   Total loss:	0.682 (rec:0.682, round:0.000)	b=0.00	count=500
01/19/2026 13:59:38 - INFO - qdiff.block_recon -   Total loss:	0.637 (rec:0.637, round:0.000)	b=0.00	count=1000
01/19/2026 13:59:47 - INFO - qdiff.block_recon -   Total loss:	0.598 (rec:0.598, round:0.000)	b=0.00	count=1500
01/19/2026 13:59:55 - INFO - qdiff.block_recon -   Total loss:	1.065 (rec:1.065, round:0.000)	b=0.00	count=2000
01/19/2026 14:00:04 - INFO - qdiff.block_recon -   Total loss:	0.677 (rec:0.677, round:0.000)	b=0.00	count=2500
01/19/2026 14:00:12 - INFO - qdiff.block_recon -   Total loss:	0.636 (rec:0.636, round:0.000)	b=0.00	count=3000
01/19/2026 14:00:21 - INFO - qdiff.block_recon -   Total loss:	0.708 (rec:0.708, round:0.000)	b=0.00	count=3500
01/19/2026 14:00:29 - INFO - qdiff.block_recon -   Total loss:	0.795 (rec:0.795, round:0.000)	b=0.00	count=4000
01/19/2026 14:00:37 - INFO - qdiff.block_recon -   Total loss:	0.624 (rec:0.624, round:0.000)	b=0.00	count=4500
01/19/2026 14:00:46 - INFO - qdiff.block_recon -   Total loss:	0.623 (rec:0.623, round:0.000)	b=0.00	count=5000
01/19/2026 14:00:46 - INFO - __main__ -   downsample False
01/19/2026 14:00:46 - INFO - __main__ -   conv False
01/19/2026 14:00:46 - INFO - __main__ -   Reconstruction for layer conv
01/19/2026 14:01:03 - INFO - qdiff.timestep_aware_utils -   in shape: torch.Size([5120, 256, 17, 17])
01/19/2026 14:01:03 - INFO - qdiff.timestep_aware_utils -   out shape: torch.Size([5120, 256, 8, 8])
01/19/2026 14:01:07 - INFO - qdiff.layer_recon -   Total loss:	0.290 (rec:0.290, round:0.000)	b=0.00	count=500
01/19/2026 14:01:11 - INFO - qdiff.layer_recon -   Total loss:	0.283 (rec:0.283, round:0.000)	b=0.00	count=1000
01/19/2026 14:01:14 - INFO - qdiff.layer_recon -   Total loss:	0.218 (rec:0.218, round:0.000)	b=0.00	count=1500
01/19/2026 14:01:17 - INFO - qdiff.layer_recon -   Total loss:	0.297 (rec:0.297, round:0.000)	b=0.00	count=2000
01/19/2026 14:01:20 - INFO - qdiff.layer_recon -   Total loss:	0.222 (rec:0.222, round:0.000)	b=0.00	count=2500
01/19/2026 14:01:24 - INFO - qdiff.layer_recon -   Total loss:	0.262 (rec:0.262, round:0.000)	b=0.00	count=3000
01/19/2026 14:01:27 - INFO - qdiff.layer_recon -   Total loss:	0.223 (rec:0.223, round:0.000)	b=0.00	count=3500
01/19/2026 14:01:30 - INFO - qdiff.layer_recon -   Total loss:	0.235 (rec:0.235, round:0.000)	b=0.00	count=4000
01/19/2026 14:01:34 - INFO - qdiff.layer_recon -   Total loss:	0.292 (rec:0.292, round:0.000)	b=0.00	count=4500
01/19/2026 14:01:37 - INFO - qdiff.layer_recon -   Total loss:	0.315 (rec:0.315, round:0.000)	b=0.00	count=5000
01/19/2026 14:01:37 - INFO - __main__ -   2 False
01/19/2026 14:01:37 - INFO - __main__ -   block False
01/19/2026 14:01:37 - INFO - __main__ -   0 True
01/19/2026 14:01:37 - INFO - __main__ -   Reconstruction for block 0
01/19/2026 14:01:55 - INFO - qdiff.timestep_aware_utils -   in 1 shape: torch.Size([5120, 256, 8, 8]), in 2 shape: torch.Size([5120, 512])
01/19/2026 14:01:55 - INFO - qdiff.timestep_aware_utils -   out shape: torch.Size([5120, 256, 8, 8])
01/19/2026 14:01:59 - INFO - qdiff.block_recon -   Total loss:	44.086 (rec:44.086, round:0.000)	b=0.00	count=500
01/19/2026 14:02:02 - INFO - qdiff.block_recon -   Total loss:	43.479 (rec:43.479, round:0.000)	b=0.00	count=1000
01/19/2026 14:02:06 - INFO - qdiff.block_recon -   Total loss:	40.617 (rec:40.617, round:0.000)	b=0.00	count=1500
01/19/2026 14:02:09 - INFO - qdiff.block_recon -   Total loss:	42.824 (rec:42.824, round:0.000)	b=0.00	count=2000
01/19/2026 14:02:13 - INFO - qdiff.block_recon -   Total loss:	44.110 (rec:44.110, round:0.000)	b=0.00	count=2500
01/19/2026 14:02:17 - INFO - qdiff.block_recon -   Total loss:	42.406 (rec:42.406, round:0.000)	b=0.00	count=3000
01/19/2026 14:02:20 - INFO - qdiff.block_recon -   Total loss:	44.594 (rec:44.594, round:0.000)	b=0.00	count=3500
01/19/2026 14:02:24 - INFO - qdiff.block_recon -   Total loss:	43.209 (rec:43.209, round:0.000)	b=0.00	count=4000
01/19/2026 14:02:28 - INFO - qdiff.block_recon -   Total loss:	41.028 (rec:41.028, round:0.000)	b=0.00	count=4500
01/19/2026 14:02:31 - INFO - qdiff.block_recon -   Total loss:	42.328 (rec:42.328, round:0.000)	b=0.00	count=5000
01/19/2026 14:02:31 - INFO - __main__ -   1 True
01/19/2026 14:02:31 - INFO - __main__ -   Reconstruction for block 1
01/19/2026 14:02:49 - INFO - qdiff.timestep_aware_utils -   in 1 shape: torch.Size([5120, 256, 8, 8]), in 2 shape: torch.Size([5120, 512])
01/19/2026 14:02:49 - INFO - qdiff.timestep_aware_utils -   out shape: torch.Size([5120, 256, 8, 8])
01/19/2026 14:02:53 - INFO - qdiff.block_recon -   Total loss:	34.710 (rec:34.710, round:0.000)	b=0.00	count=500
01/19/2026 14:02:56 - INFO - qdiff.block_recon -   Total loss:	35.201 (rec:35.201, round:0.000)	b=0.00	count=1000
01/19/2026 14:03:00 - INFO - qdiff.block_recon -   Total loss:	31.458 (rec:31.458, round:0.000)	b=0.00	count=1500
01/19/2026 14:03:04 - INFO - qdiff.block_recon -   Total loss:	33.332 (rec:33.332, round:0.000)	b=0.00	count=2000
01/19/2026 14:03:07 - INFO - qdiff.block_recon -   Total loss:	28.332 (rec:28.332, round:0.000)	b=0.00	count=2500
01/19/2026 14:03:11 - INFO - qdiff.block_recon -   Total loss:	32.717 (rec:32.717, round:0.000)	b=0.00	count=3000
01/19/2026 14:03:15 - INFO - qdiff.block_recon -   Total loss:	34.040 (rec:34.040, round:0.000)	b=0.00	count=3500
01/19/2026 14:03:19 - INFO - qdiff.block_recon -   Total loss:	31.502 (rec:31.502, round:0.000)	b=0.00	count=4000
01/19/2026 14:03:22 - INFO - qdiff.block_recon -   Total loss:	32.844 (rec:32.844, round:0.000)	b=0.00	count=4500
01/19/2026 14:03:26 - INFO - qdiff.block_recon -   Total loss:	32.946 (rec:32.946, round:0.000)	b=0.00	count=5000
01/19/2026 14:03:26 - INFO - __main__ -   attn False
01/19/2026 14:03:26 - INFO - __main__ -   downsample False
01/19/2026 14:03:26 - INFO - __main__ -   conv False
01/19/2026 14:03:26 - INFO - __main__ -   Reconstruction for layer conv
01/19/2026 14:03:44 - INFO - qdiff.timestep_aware_utils -   in shape: torch.Size([5120, 256, 9, 9])
01/19/2026 14:03:44 - INFO - qdiff.timestep_aware_utils -   out shape: torch.Size([5120, 256, 4, 4])
01/19/2026 14:03:46 - INFO - qdiff.layer_recon -   Total loss:	5.232 (rec:5.232, round:0.000)	b=0.00	count=500
01/19/2026 14:03:48 - INFO - qdiff.layer_recon -   Total loss:	7.039 (rec:7.039, round:0.000)	b=0.00	count=1000
01/19/2026 14:03:50 - INFO - qdiff.layer_recon -   Total loss:	5.548 (rec:5.548, round:0.000)	b=0.00	count=1500
01/19/2026 14:03:51 - INFO - qdiff.layer_recon -   Total loss:	5.351 (rec:5.351, round:0.000)	b=0.00	count=2000
01/19/2026 14:03:53 - INFO - qdiff.layer_recon -   Total loss:	5.486 (rec:5.486, round:0.000)	b=0.00	count=2500
01/19/2026 14:03:55 - INFO - qdiff.layer_recon -   Total loss:	7.461 (rec:7.461, round:0.000)	b=0.00	count=3000
01/19/2026 14:03:57 - INFO - qdiff.layer_recon -   Total loss:	8.413 (rec:8.413, round:0.000)	b=0.00	count=3500
01/19/2026 14:03:59 - INFO - qdiff.layer_recon -   Total loss:	5.802 (rec:5.802, round:0.000)	b=0.00	count=4000
01/19/2026 14:04:01 - INFO - qdiff.layer_recon -   Total loss:	5.831 (rec:5.831, round:0.000)	b=0.00	count=4500
01/19/2026 14:04:02 - INFO - qdiff.layer_recon -   Total loss:	5.475 (rec:5.475, round:0.000)	b=0.00	count=5000
01/19/2026 14:04:02 - INFO - __main__ -   3 False
01/19/2026 14:04:02 - INFO - __main__ -   block False
01/19/2026 14:04:02 - INFO - __main__ -   0 True
01/19/2026 14:04:02 - INFO - __main__ -   Reconstruction for block 0
01/19/2026 14:04:20 - INFO - qdiff.timestep_aware_utils -   in 1 shape: torch.Size([5120, 256, 4, 4]), in 2 shape: torch.Size([5120, 512])
01/19/2026 14:04:20 - INFO - qdiff.timestep_aware_utils -   out shape: torch.Size([5120, 256, 4, 4])
01/19/2026 14:04:23 - INFO - qdiff.block_recon -   Total loss:	523.157 (rec:523.157, round:0.000)	b=0.00	count=500
01/19/2026 14:04:26 - INFO - qdiff.block_recon -   Total loss:	468.960 (rec:468.960, round:0.000)	b=0.00	count=1000
01/19/2026 14:04:29 - INFO - qdiff.block_recon -   Total loss:	490.015 (rec:490.015, round:0.000)	b=0.00	count=1500
01/19/2026 14:04:31 - INFO - qdiff.block_recon -   Total loss:	513.220 (rec:513.220, round:0.000)	b=0.00	count=2000
01/19/2026 14:04:34 - INFO - qdiff.block_recon -   Total loss:	528.352 (rec:528.352, round:0.000)	b=0.00	count=2500
01/19/2026 14:04:37 - INFO - qdiff.block_recon -   Total loss:	456.897 (rec:456.897, round:0.000)	b=0.00	count=3000
01/19/2026 14:04:40 - INFO - qdiff.block_recon -   Total loss:	520.704 (rec:520.704, round:0.000)	b=0.00	count=3500
01/19/2026 14:04:43 - INFO - qdiff.block_recon -   Total loss:	540.465 (rec:540.465, round:0.000)	b=0.00	count=4000
01/19/2026 14:04:45 - INFO - qdiff.block_recon -   Total loss:	530.940 (rec:530.940, round:0.000)	b=0.00	count=4500
01/19/2026 14:04:48 - INFO - qdiff.block_recon -   Total loss:	519.850 (rec:519.850, round:0.000)	b=0.00	count=5000
01/19/2026 14:04:48 - INFO - __main__ -   1 True
01/19/2026 14:04:48 - INFO - __main__ -   Reconstruction for block 1
01/19/2026 14:05:07 - INFO - qdiff.timestep_aware_utils -   in 1 shape: torch.Size([5120, 256, 4, 4]), in 2 shape: torch.Size([5120, 512])
01/19/2026 14:05:07 - INFO - qdiff.timestep_aware_utils -   out shape: torch.Size([5120, 256, 4, 4])
01/19/2026 14:05:10 - INFO - qdiff.block_recon -   Total loss:	510.868 (rec:510.868, round:0.000)	b=0.00	count=500
01/19/2026 14:05:12 - INFO - qdiff.block_recon -   Total loss:	448.202 (rec:448.202, round:0.000)	b=0.00	count=1000
01/19/2026 14:05:15 - INFO - qdiff.block_recon -   Total loss:	447.224 (rec:447.224, round:0.000)	b=0.00	count=1500
01/19/2026 14:05:18 - INFO - qdiff.block_recon -   Total loss:	466.017 (rec:466.017, round:0.000)	b=0.00	count=2000
01/19/2026 14:05:21 - INFO - qdiff.block_recon -   Total loss:	463.267 (rec:463.267, round:0.000)	b=0.00	count=2500
01/19/2026 14:05:23 - INFO - qdiff.block_recon -   Total loss:	476.463 (rec:476.463, round:0.000)	b=0.00	count=3000
01/19/2026 14:05:26 - INFO - qdiff.block_recon -   Total loss:	451.473 (rec:451.473, round:0.000)	b=0.00	count=3500
01/19/2026 14:05:29 - INFO - qdiff.block_recon -   Total loss:	401.886 (rec:401.886, round:0.000)	b=0.00	count=4000
01/19/2026 14:05:32 - INFO - qdiff.block_recon -   Total loss:	401.191 (rec:401.191, round:0.000)	b=0.00	count=4500
01/19/2026 14:05:34 - INFO - qdiff.block_recon -   Total loss:	521.584 (rec:521.584, round:0.000)	b=0.00	count=5000
01/19/2026 14:05:34 - INFO - __main__ -   attn False
01/19/2026 14:05:34 - INFO - __main__ -   mid False
01/19/2026 14:05:34 - INFO - __main__ -   block_1 True
01/19/2026 14:05:34 - INFO - __main__ -   Reconstruction for block block_1
01/19/2026 14:05:54 - INFO - qdiff.timestep_aware_utils -   in 1 shape: torch.Size([5120, 256, 4, 4]), in 2 shape: torch.Size([5120, 512])
01/19/2026 14:05:54 - INFO - qdiff.timestep_aware_utils -   out shape: torch.Size([5120, 256, 4, 4])
01/19/2026 14:05:57 - INFO - qdiff.block_recon -   Total loss:	486.268 (rec:486.268, round:0.000)	b=0.00	count=500
01/19/2026 14:05:59 - INFO - qdiff.block_recon -   Total loss:	511.292 (rec:511.292, round:0.000)	b=0.00	count=1000
01/19/2026 14:06:02 - INFO - qdiff.block_recon -   Total loss:	516.562 (rec:516.562, round:0.000)	b=0.00	count=1500
01/19/2026 14:06:05 - INFO - qdiff.block_recon -   Total loss:	526.478 (rec:526.478, round:0.000)	b=0.00	count=2000
01/19/2026 14:06:08 - INFO - qdiff.block_recon -   Total loss:	478.899 (rec:478.899, round:0.000)	b=0.00	count=2500
01/19/2026 14:06:10 - INFO - qdiff.block_recon -   Total loss:	553.439 (rec:553.439, round:0.000)	b=0.00	count=3000
01/19/2026 14:06:13 - INFO - qdiff.block_recon -   Total loss:	516.633 (rec:516.633, round:0.000)	b=0.00	count=3500
01/19/2026 14:06:16 - INFO - qdiff.block_recon -   Total loss:	525.426 (rec:525.426, round:0.000)	b=0.00	count=4000
01/19/2026 14:06:19 - INFO - qdiff.block_recon -   Total loss:	500.854 (rec:500.854, round:0.000)	b=0.00	count=4500
01/19/2026 14:06:21 - INFO - qdiff.block_recon -   Total loss:	487.848 (rec:487.848, round:0.000)	b=0.00	count=5000
01/19/2026 14:06:21 - INFO - __main__ -   attn_1 True
01/19/2026 14:06:21 - INFO - __main__ -   Reconstruction for block attn_1
01/19/2026 14:06:41 - INFO - qdiff.timestep_aware_utils -   in shape: torch.Size([5120, 256, 4, 4])
01/19/2026 14:06:41 - INFO - qdiff.timestep_aware_utils -   out shape: torch.Size([5120, 256, 4, 4])
01/19/2026 14:06:46 - INFO - qdiff.block_recon -   Total loss:	0.593 (rec:0.593, round:0.000)	b=0.00	count=500
01/19/2026 14:06:50 - INFO - qdiff.block_recon -   Total loss:	0.517 (rec:0.517, round:0.000)	b=0.00	count=1000
01/19/2026 14:06:54 - INFO - qdiff.block_recon -   Total loss:	0.551 (rec:0.551, round:0.000)	b=0.00	count=1500
01/19/2026 14:06:59 - INFO - qdiff.block_recon -   Total loss:	0.485 (rec:0.485, round:0.000)	b=0.00	count=2000
01/19/2026 14:07:03 - INFO - qdiff.block_recon -   Total loss:	0.514 (rec:0.514, round:0.000)	b=0.00	count=2500
01/19/2026 14:07:07 - INFO - qdiff.block_recon -   Total loss:	0.543 (rec:0.543, round:0.000)	b=0.00	count=3000
01/19/2026 14:07:12 - INFO - qdiff.block_recon -   Total loss:	0.536 (rec:0.536, round:0.000)	b=0.00	count=3500
01/19/2026 14:07:16 - INFO - qdiff.block_recon -   Total loss:	0.570 (rec:0.570, round:0.000)	b=0.00	count=4000
01/19/2026 14:07:20 - INFO - qdiff.block_recon -   Total loss:	0.537 (rec:0.537, round:0.000)	b=0.00	count=4500
01/19/2026 14:07:25 - INFO - qdiff.block_recon -   Total loss:	0.504 (rec:0.504, round:0.000)	b=0.00	count=5000
01/19/2026 14:07:25 - INFO - __main__ -   block_2 True
01/19/2026 14:07:25 - INFO - __main__ -   Reconstruction for block block_2
01/19/2026 14:07:45 - INFO - qdiff.timestep_aware_utils -   in 1 shape: torch.Size([5120, 256, 4, 4]), in 2 shape: torch.Size([5120, 512])
01/19/2026 14:07:45 - INFO - qdiff.timestep_aware_utils -   out shape: torch.Size([5120, 256, 4, 4])
01/19/2026 14:07:48 - INFO - qdiff.block_recon -   Total loss:	447.888 (rec:447.888, round:0.000)	b=0.00	count=500
01/19/2026 14:07:51 - INFO - qdiff.block_recon -   Total loss:	464.351 (rec:464.351, round:0.000)	b=0.00	count=1000
01/19/2026 14:07:54 - INFO - qdiff.block_recon -   Total loss:	444.717 (rec:444.717, round:0.000)	b=0.00	count=1500
01/19/2026 14:07:56 - INFO - qdiff.block_recon -   Total loss:	402.601 (rec:402.601, round:0.000)	b=0.00	count=2000
01/19/2026 14:07:59 - INFO - qdiff.block_recon -   Total loss:	456.767 (rec:456.767, round:0.000)	b=0.00	count=2500
01/19/2026 14:08:02 - INFO - qdiff.block_recon -   Total loss:	433.113 (rec:433.113, round:0.000)	b=0.00	count=3000
01/19/2026 14:08:05 - INFO - qdiff.block_recon -   Total loss:	413.988 (rec:413.988, round:0.000)	b=0.00	count=3500
01/19/2026 14:08:08 - INFO - qdiff.block_recon -   Total loss:	387.207 (rec:387.207, round:0.000)	b=0.00	count=4000
01/19/2026 14:08:10 - INFO - qdiff.block_recon -   Total loss:	457.637 (rec:457.637, round:0.000)	b=0.00	count=4500
01/19/2026 14:08:13 - INFO - qdiff.block_recon -   Total loss:	454.792 (rec:454.792, round:0.000)	b=0.00	count=5000
01/19/2026 14:08:13 - INFO - __main__ -   up False
01/19/2026 14:08:13 - INFO - __main__ -   0 False
01/19/2026 14:08:13 - INFO - __main__ -   block False
01/19/2026 14:08:13 - INFO - __main__ -   0 True
01/19/2026 14:08:13 - INFO - __main__ -   Reconstruction for block 0
01/19/2026 14:08:48 - INFO - qdiff.timestep_aware_utils -   in 1 shape: torch.Size([5120, 384, 32, 32]), in 2 shape: torch.Size([5120, 512])
01/19/2026 14:08:48 - INFO - qdiff.timestep_aware_utils -   out shape: torch.Size([5120, 128, 32, 32])
01/19/2026 14:09:11 - INFO - qdiff.block_recon -   Total loss:	784.923 (rec:784.923, round:0.000)	b=0.00	count=500
01/19/2026 14:09:32 - INFO - qdiff.block_recon -   Total loss:	741.610 (rec:741.610, round:0.000)	b=0.00	count=1000
01/19/2026 14:09:54 - INFO - qdiff.block_recon -   Total loss:	686.871 (rec:686.871, round:0.000)	b=0.00	count=1500
01/19/2026 14:10:15 - INFO - qdiff.block_recon -   Total loss:	646.606 (rec:646.606, round:0.000)	b=0.00	count=2000
01/19/2026 14:10:37 - INFO - qdiff.block_recon -   Total loss:	737.679 (rec:737.679, round:0.000)	b=0.00	count=2500
01/19/2026 14:10:58 - INFO - qdiff.block_recon -   Total loss:	735.999 (rec:735.999, round:0.000)	b=0.00	count=3000
01/19/2026 14:11:20 - INFO - qdiff.block_recon -   Total loss:	703.203 (rec:703.203, round:0.000)	b=0.00	count=3500
01/19/2026 14:11:41 - INFO - qdiff.block_recon -   Total loss:	707.573 (rec:707.573, round:0.000)	b=0.00	count=4000
01/19/2026 14:12:03 - INFO - qdiff.block_recon -   Total loss:	743.709 (rec:743.709, round:0.000)	b=0.00	count=4500
01/19/2026 14:12:25 - INFO - qdiff.block_recon -   Total loss:	655.442 (rec:655.442, round:0.000)	b=0.00	count=5000
01/19/2026 14:12:26 - INFO - __main__ -   1 True
01/19/2026 14:12:26 - INFO - __main__ -   Reconstruction for block 1
01/19/2026 14:12:59 - INFO - qdiff.timestep_aware_utils -   in 1 shape: torch.Size([5120, 256, 32, 32]), in 2 shape: torch.Size([5120, 512])
01/19/2026 14:12:59 - INFO - qdiff.timestep_aware_utils -   out shape: torch.Size([5120, 128, 32, 32])
01/19/2026 14:13:16 - INFO - qdiff.block_recon -   Total loss:	121.591 (rec:121.591, round:0.000)	b=0.00	count=500
01/19/2026 14:13:32 - INFO - qdiff.block_recon -   Total loss:	129.094 (rec:129.094, round:0.000)	b=0.00	count=1000
01/19/2026 14:13:47 - INFO - qdiff.block_recon -   Total loss:	134.857 (rec:134.857, round:0.000)	b=0.00	count=1500
01/19/2026 14:14:03 - INFO - qdiff.block_recon -   Total loss:	114.287 (rec:114.287, round:0.000)	b=0.00	count=2000
01/19/2026 14:14:18 - INFO - qdiff.block_recon -   Total loss:	123.220 (rec:123.220, round:0.000)	b=0.00	count=2500
01/19/2026 14:14:34 - INFO - qdiff.block_recon -   Total loss:	131.016 (rec:131.016, round:0.000)	b=0.00	count=3000
01/19/2026 14:14:49 - INFO - qdiff.block_recon -   Total loss:	133.586 (rec:133.586, round:0.000)	b=0.00	count=3500
01/19/2026 14:15:05 - INFO - qdiff.block_recon -   Total loss:	118.554 (rec:118.554, round:0.000)	b=0.00	count=4000
01/19/2026 14:15:20 - INFO - qdiff.block_recon -   Total loss:	116.101 (rec:116.101, round:0.000)	b=0.00	count=4500
01/19/2026 14:15:36 - INFO - qdiff.block_recon -   Total loss:	112.637 (rec:112.637, round:0.000)	b=0.00	count=5000
01/19/2026 14:15:37 - INFO - __main__ -   2 True
01/19/2026 14:15:37 - INFO - __main__ -   Reconstruction for block 2
01/19/2026 14:16:12 - INFO - qdiff.timestep_aware_utils -   in 1 shape: torch.Size([5120, 256, 32, 32]), in 2 shape: torch.Size([5120, 512])
01/19/2026 14:16:12 - INFO - qdiff.timestep_aware_utils -   out shape: torch.Size([5120, 128, 32, 32])
01/19/2026 14:16:28 - INFO - qdiff.block_recon -   Total loss:	424.153 (rec:424.153, round:0.000)	b=0.00	count=500
01/19/2026 14:16:43 - INFO - qdiff.block_recon -   Total loss:	419.128 (rec:419.128, round:0.000)	b=0.00	count=1000
01/19/2026 14:16:59 - INFO - qdiff.block_recon -   Total loss:	438.386 (rec:438.386, round:0.000)	b=0.00	count=1500
01/19/2026 14:17:14 - INFO - qdiff.block_recon -   Total loss:	380.765 (rec:380.765, round:0.000)	b=0.00	count=2000
01/19/2026 14:17:30 - INFO - qdiff.block_recon -   Total loss:	426.826 (rec:426.826, round:0.000)	b=0.00	count=2500
01/19/2026 14:17:45 - INFO - qdiff.block_recon -   Total loss:	391.025 (rec:391.025, round:0.000)	b=0.00	count=3000
01/19/2026 14:18:01 - INFO - qdiff.block_recon -   Total loss:	394.771 (rec:394.771, round:0.000)	b=0.00	count=3500
01/19/2026 14:18:16 - INFO - qdiff.block_recon -   Total loss:	364.878 (rec:364.878, round:0.000)	b=0.00	count=4000
01/19/2026 14:18:32 - INFO - qdiff.block_recon -   Total loss:	370.897 (rec:370.897, round:0.000)	b=0.00	count=4500
01/19/2026 14:18:47 - INFO - qdiff.block_recon -   Total loss:	349.948 (rec:349.948, round:0.000)	b=0.00	count=5000
01/19/2026 14:18:48 - INFO - __main__ -   attn False
01/19/2026 14:18:48 - INFO - __main__ -   1 False
01/19/2026 14:18:48 - INFO - __main__ -   block False
01/19/2026 14:18:48 - INFO - __main__ -   0 True
01/19/2026 14:18:48 - INFO - __main__ -   Reconstruction for block 0
01/19/2026 14:19:16 - INFO - qdiff.timestep_aware_utils -   in 1 shape: torch.Size([5120, 512, 16, 16]), in 2 shape: torch.Size([5120, 512])
01/19/2026 14:19:16 - INFO - qdiff.timestep_aware_utils -   out shape: torch.Size([5120, 256, 16, 16])
01/19/2026 14:19:25 - INFO - qdiff.block_recon -   Total loss:	646.605 (rec:646.605, round:0.000)	b=0.00	count=500
01/19/2026 14:19:35 - INFO - qdiff.block_recon -   Total loss:	533.767 (rec:533.767, round:0.000)	b=0.00	count=1000
01/19/2026 14:19:44 - INFO - qdiff.block_recon -   Total loss:	533.481 (rec:533.481, round:0.000)	b=0.00	count=1500
01/19/2026 14:19:53 - INFO - qdiff.block_recon -   Total loss:	496.159 (rec:496.159, round:0.000)	b=0.00	count=2000
01/19/2026 14:20:02 - INFO - qdiff.block_recon -   Total loss:	603.576 (rec:603.576, round:0.000)	b=0.00	count=2500
01/19/2026 14:20:12 - INFO - qdiff.block_recon -   Total loss:	627.989 (rec:627.989, round:0.000)	b=0.00	count=3000
01/19/2026 14:20:21 - INFO - qdiff.block_recon -   Total loss:	536.816 (rec:536.816, round:0.000)	b=0.00	count=3500
01/19/2026 14:20:30 - INFO - qdiff.block_recon -   Total loss:	544.064 (rec:544.064, round:0.000)	b=0.00	count=4000
01/19/2026 14:20:39 - INFO - qdiff.block_recon -   Total loss:	598.128 (rec:598.128, round:0.000)	b=0.00	count=4500
01/19/2026 14:20:48 - INFO - qdiff.block_recon -   Total loss:	638.178 (rec:638.178, round:0.000)	b=0.00	count=5000
01/19/2026 14:20:49 - INFO - __main__ -   1 True
01/19/2026 14:20:49 - INFO - __main__ -   Reconstruction for block 1
01/19/2026 14:21:18 - INFO - qdiff.timestep_aware_utils -   in 1 shape: torch.Size([5120, 512, 16, 16]), in 2 shape: torch.Size([5120, 512])
01/19/2026 14:21:18 - INFO - qdiff.timestep_aware_utils -   out shape: torch.Size([5120, 256, 16, 16])
01/19/2026 14:21:28 - INFO - qdiff.block_recon -   Total loss:	335.749 (rec:335.749, round:0.000)	b=0.00	count=500
01/19/2026 14:21:37 - INFO - qdiff.block_recon -   Total loss:	379.253 (rec:379.253, round:0.000)	b=0.00	count=1000
01/19/2026 14:21:46 - INFO - qdiff.block_recon -   Total loss:	359.978 (rec:359.978, round:0.000)	b=0.00	count=1500
01/19/2026 14:21:55 - INFO - qdiff.block_recon -   Total loss:	354.846 (rec:354.846, round:0.000)	b=0.00	count=2000
01/19/2026 14:22:05 - INFO - qdiff.block_recon -   Total loss:	421.587 (rec:421.587, round:0.000)	b=0.00	count=2500
01/19/2026 14:22:14 - INFO - qdiff.block_recon -   Total loss:	384.572 (rec:384.572, round:0.000)	b=0.00	count=3000
01/19/2026 14:22:23 - INFO - qdiff.block_recon -   Total loss:	358.464 (rec:358.464, round:0.000)	b=0.00	count=3500
01/19/2026 14:22:32 - INFO - qdiff.block_recon -   Total loss:	441.386 (rec:441.386, round:0.000)	b=0.00	count=4000
01/19/2026 14:22:42 - INFO - qdiff.block_recon -   Total loss:	365.493 (rec:365.493, round:0.000)	b=0.00	count=4500
01/19/2026 14:22:51 - INFO - qdiff.block_recon -   Total loss:	430.913 (rec:430.913, round:0.000)	b=0.00	count=5000
01/19/2026 14:22:51 - INFO - __main__ -   2 True
01/19/2026 14:22:51 - INFO - __main__ -   Reconstruction for block 2
01/19/2026 14:23:21 - INFO - qdiff.timestep_aware_utils -   in 1 shape: torch.Size([5120, 384, 16, 16]), in 2 shape: torch.Size([5120, 512])
01/19/2026 14:23:21 - INFO - qdiff.timestep_aware_utils -   out shape: torch.Size([5120, 256, 16, 16])
01/19/2026 14:23:30 - INFO - qdiff.block_recon -   Total loss:	203.371 (rec:203.371, round:0.000)	b=0.00	count=500
01/19/2026 14:23:38 - INFO - qdiff.block_recon -   Total loss:	220.208 (rec:220.208, round:0.000)	b=0.00	count=1000
01/19/2026 14:23:46 - INFO - qdiff.block_recon -   Total loss:	192.603 (rec:192.603, round:0.000)	b=0.00	count=1500
01/19/2026 14:23:54 - INFO - qdiff.block_recon -   Total loss:	181.934 (rec:181.934, round:0.000)	b=0.00	count=2000
01/19/2026 14:24:03 - INFO - qdiff.block_recon -   Total loss:	184.034 (rec:184.034, round:0.000)	b=0.00	count=2500
01/19/2026 14:24:11 - INFO - qdiff.block_recon -   Total loss:	210.052 (rec:210.052, round:0.000)	b=0.00	count=3000
01/19/2026 14:24:19 - INFO - qdiff.block_recon -   Total loss:	200.952 (rec:200.952, round:0.000)	b=0.00	count=3500
01/19/2026 14:24:27 - INFO - qdiff.block_recon -   Total loss:	186.899 (rec:186.899, round:0.000)	b=0.00	count=4000
01/19/2026 14:24:35 - INFO - qdiff.block_recon -   Total loss:	198.809 (rec:198.809, round:0.000)	b=0.00	count=4500
01/19/2026 14:24:43 - INFO - qdiff.block_recon -   Total loss:	211.547 (rec:211.547, round:0.000)	b=0.00	count=5000
01/19/2026 14:24:44 - INFO - __main__ -   attn False
01/19/2026 14:24:44 - INFO - __main__ -   0 True
01/19/2026 14:24:44 - INFO - __main__ -   Reconstruction for block 0
01/19/2026 14:25:11 - INFO - qdiff.timestep_aware_utils -   in shape: torch.Size([5120, 256, 16, 16])
01/19/2026 14:25:11 - INFO - qdiff.timestep_aware_utils -   out shape: torch.Size([5120, 256, 16, 16])
01/19/2026 14:25:20 - INFO - qdiff.block_recon -   Total loss:	60.864 (rec:60.864, round:0.000)	b=0.00	count=500
01/19/2026 14:25:28 - INFO - qdiff.block_recon -   Total loss:	82.582 (rec:82.582, round:0.000)	b=0.00	count=1000
01/19/2026 14:25:36 - INFO - qdiff.block_recon -   Total loss:	79.299 (rec:79.299, round:0.000)	b=0.00	count=1500
01/19/2026 14:25:45 - INFO - qdiff.block_recon -   Total loss:	77.412 (rec:77.412, round:0.000)	b=0.00	count=2000
01/19/2026 14:25:53 - INFO - qdiff.block_recon -   Total loss:	104.206 (rec:104.206, round:0.000)	b=0.00	count=2500
01/19/2026 14:26:02 - INFO - qdiff.block_recon -   Total loss:	79.766 (rec:79.766, round:0.000)	b=0.00	count=3000
01/19/2026 14:26:10 - INFO - qdiff.block_recon -   Total loss:	72.852 (rec:72.852, round:0.000)	b=0.00	count=3500
01/19/2026 14:26:18 - INFO - qdiff.block_recon -   Total loss:	78.249 (rec:78.249, round:0.000)	b=0.00	count=4000
01/19/2026 14:26:27 - INFO - qdiff.block_recon -   Total loss:	77.767 (rec:77.767, round:0.000)	b=0.00	count=4500
01/19/2026 14:26:35 - INFO - qdiff.block_recon -   Total loss:	70.631 (rec:70.631, round:0.000)	b=0.00	count=5000
01/19/2026 14:26:35 - INFO - __main__ -   1 True
01/19/2026 14:26:35 - INFO - __main__ -   Reconstruction for block 1
01/19/2026 14:27:04 - INFO - qdiff.timestep_aware_utils -   in shape: torch.Size([5120, 256, 16, 16])
01/19/2026 14:27:04 - INFO - qdiff.timestep_aware_utils -   out shape: torch.Size([5120, 256, 16, 16])
01/19/2026 14:27:13 - INFO - qdiff.block_recon -   Total loss:	46.601 (rec:46.601, round:0.000)	b=0.00	count=500
01/19/2026 14:27:21 - INFO - qdiff.block_recon -   Total loss:	35.755 (rec:35.755, round:0.000)	b=0.00	count=1000
01/19/2026 14:27:30 - INFO - qdiff.block_recon -   Total loss:	48.506 (rec:48.506, round:0.000)	b=0.00	count=1500
01/19/2026 14:27:38 - INFO - qdiff.block_recon -   Total loss:	35.698 (rec:35.698, round:0.000)	b=0.00	count=2000
01/19/2026 14:27:46 - INFO - qdiff.block_recon -   Total loss:	45.809 (rec:45.809, round:0.000)	b=0.00	count=2500
01/19/2026 14:27:55 - INFO - qdiff.block_recon -   Total loss:	50.694 (rec:50.694, round:0.000)	b=0.00	count=3000
01/19/2026 14:28:03 - INFO - qdiff.block_recon -   Total loss:	43.068 (rec:43.068, round:0.000)	b=0.00	count=3500
01/19/2026 14:28:11 - INFO - qdiff.block_recon -   Total loss:	33.982 (rec:33.982, round:0.000)	b=0.00	count=4000
01/19/2026 14:28:20 - INFO - qdiff.block_recon -   Total loss:	41.141 (rec:41.141, round:0.000)	b=0.00	count=4500
01/19/2026 14:28:28 - INFO - qdiff.block_recon -   Total loss:	45.581 (rec:45.581, round:0.000)	b=0.00	count=5000
01/19/2026 14:28:28 - INFO - __main__ -   2 True
01/19/2026 14:28:28 - INFO - __main__ -   Reconstruction for block 2
01/19/2026 14:28:59 - INFO - qdiff.timestep_aware_utils -   in shape: torch.Size([5120, 256, 16, 16])
01/19/2026 14:28:59 - INFO - qdiff.timestep_aware_utils -   out shape: torch.Size([5120, 256, 16, 16])
01/19/2026 14:29:07 - INFO - qdiff.block_recon -   Total loss:	24.538 (rec:24.538, round:0.000)	b=0.00	count=500
01/19/2026 14:29:15 - INFO - qdiff.block_recon -   Total loss:	17.925 (rec:17.925, round:0.000)	b=0.00	count=1000
01/19/2026 14:29:24 - INFO - qdiff.block_recon -   Total loss:	13.640 (rec:13.640, round:0.000)	b=0.00	count=1500
01/19/2026 14:29:32 - INFO - qdiff.block_recon -   Total loss:	22.296 (rec:22.296, round:0.000)	b=0.00	count=2000
01/19/2026 14:29:40 - INFO - qdiff.block_recon -   Total loss:	23.483 (rec:23.483, round:0.000)	b=0.00	count=2500
01/19/2026 14:29:49 - INFO - qdiff.block_recon -   Total loss:	25.046 (rec:25.046, round:0.000)	b=0.00	count=3000
01/19/2026 14:29:57 - INFO - qdiff.block_recon -   Total loss:	16.061 (rec:16.061, round:0.000)	b=0.00	count=3500
01/19/2026 14:30:05 - INFO - qdiff.block_recon -   Total loss:	16.423 (rec:16.423, round:0.000)	b=0.00	count=4000
01/19/2026 14:30:14 - INFO - qdiff.block_recon -   Total loss:	34.143 (rec:34.143, round:0.000)	b=0.00	count=4500
01/19/2026 14:30:22 - INFO - qdiff.block_recon -   Total loss:	19.493 (rec:19.493, round:0.000)	b=0.00	count=5000
01/19/2026 14:30:22 - INFO - __main__ -   upsample False
01/19/2026 14:30:22 - INFO - __main__ -   conv False
01/19/2026 14:30:22 - INFO - __main__ -   Reconstruction for layer conv
01/19/2026 14:30:56 - INFO - qdiff.timestep_aware_utils -   in shape: torch.Size([5120, 256, 32, 32])
01/19/2026 14:30:56 - INFO - qdiff.timestep_aware_utils -   out shape: torch.Size([5120, 256, 32, 32])
01/19/2026 14:31:13 - INFO - qdiff.layer_recon -   Total loss:	934.339 (rec:934.339, round:0.000)	b=0.00	count=500
01/19/2026 14:31:29 - INFO - qdiff.layer_recon -   Total loss:	754.030 (rec:754.030, round:0.000)	b=0.00	count=1000
01/19/2026 14:31:45 - INFO - qdiff.layer_recon -   Total loss:	574.325 (rec:574.325, round:0.000)	b=0.00	count=1500
01/19/2026 14:32:01 - INFO - qdiff.layer_recon -   Total loss:	552.323 (rec:552.323, round:0.000)	b=0.00	count=2000
01/19/2026 14:32:18 - INFO - qdiff.layer_recon -   Total loss:	575.162 (rec:575.162, round:0.000)	b=0.00	count=2500
01/19/2026 14:32:34 - INFO - qdiff.layer_recon -   Total loss:	655.038 (rec:655.038, round:0.000)	b=0.00	count=3000
01/19/2026 14:32:51 - INFO - qdiff.layer_recon -   Total loss:	692.802 (rec:692.802, round:0.000)	b=0.00	count=3500
01/19/2026 14:33:08 - INFO - qdiff.layer_recon -   Total loss:	568.698 (rec:568.698, round:0.000)	b=0.00	count=4000
01/19/2026 14:33:24 - INFO - qdiff.layer_recon -   Total loss:	556.120 (rec:556.120, round:0.000)	b=0.00	count=4500
01/19/2026 14:33:41 - INFO - qdiff.layer_recon -   Total loss:	662.596 (rec:662.596, round:0.000)	b=0.00	count=5000
01/19/2026 14:33:42 - INFO - __main__ -   2 False
01/19/2026 14:33:42 - INFO - __main__ -   block False
01/19/2026 14:33:42 - INFO - __main__ -   0 True
01/19/2026 14:33:42 - INFO - __main__ -   Reconstruction for block 0
01/19/2026 14:34:06 - INFO - qdiff.timestep_aware_utils -   in 1 shape: torch.Size([5120, 512, 8, 8]), in 2 shape: torch.Size([5120, 512])
01/19/2026 14:34:06 - INFO - qdiff.timestep_aware_utils -   out shape: torch.Size([5120, 256, 8, 8])
01/19/2026 14:34:12 - INFO - qdiff.block_recon -   Total loss:	1102.041 (rec:1102.041, round:0.000)	b=0.00	count=500
01/19/2026 14:34:17 - INFO - qdiff.block_recon -   Total loss:	1178.747 (rec:1178.747, round:0.000)	b=0.00	count=1000
01/19/2026 14:34:22 - INFO - qdiff.block_recon -   Total loss:	1140.860 (rec:1140.860, round:0.000)	b=0.00	count=1500
01/19/2026 14:34:27 - INFO - qdiff.block_recon -   Total loss:	1169.060 (rec:1169.060, round:0.000)	b=0.00	count=2000
01/19/2026 14:34:33 - INFO - qdiff.block_recon -   Total loss:	1196.363 (rec:1196.363, round:0.000)	b=0.00	count=2500
01/19/2026 14:34:38 - INFO - qdiff.block_recon -   Total loss:	1187.050 (rec:1187.050, round:0.000)	b=0.00	count=3000
01/19/2026 14:34:43 - INFO - qdiff.block_recon -   Total loss:	1139.187 (rec:1139.187, round:0.000)	b=0.00	count=3500
01/19/2026 14:34:49 - INFO - qdiff.block_recon -   Total loss:	1195.152 (rec:1195.152, round:0.000)	b=0.00	count=4000
01/19/2026 14:34:54 - INFO - qdiff.block_recon -   Total loss:	1025.762 (rec:1025.762, round:0.000)	b=0.00	count=4500
01/19/2026 14:34:59 - INFO - qdiff.block_recon -   Total loss:	1016.805 (rec:1016.805, round:0.000)	b=0.00	count=5000
01/19/2026 14:34:59 - INFO - __main__ -   1 True
01/19/2026 14:34:59 - INFO - __main__ -   Reconstruction for block 1
01/19/2026 14:35:24 - INFO - qdiff.timestep_aware_utils -   in 1 shape: torch.Size([5120, 512, 8, 8]), in 2 shape: torch.Size([5120, 512])
01/19/2026 14:35:24 - INFO - qdiff.timestep_aware_utils -   out shape: torch.Size([5120, 256, 8, 8])
01/19/2026 14:35:30 - INFO - qdiff.block_recon -   Total loss:	543.951 (rec:543.951, round:0.000)	b=0.00	count=500
01/19/2026 14:35:35 - INFO - qdiff.block_recon -   Total loss:	532.621 (rec:532.621, round:0.000)	b=0.00	count=1000
01/19/2026 14:35:40 - INFO - qdiff.block_recon -   Total loss:	512.766 (rec:512.766, round:0.000)	b=0.00	count=1500
01/19/2026 14:35:46 - INFO - qdiff.block_recon -   Total loss:	542.711 (rec:542.711, round:0.000)	b=0.00	count=2000
01/19/2026 14:35:51 - INFO - qdiff.block_recon -   Total loss:	583.651 (rec:583.651, round:0.000)	b=0.00	count=2500
01/19/2026 14:35:56 - INFO - qdiff.block_recon -   Total loss:	545.843 (rec:545.843, round:0.000)	b=0.00	count=3000
01/19/2026 14:36:02 - INFO - qdiff.block_recon -   Total loss:	525.576 (rec:525.576, round:0.000)	b=0.00	count=3500
01/19/2026 14:36:07 - INFO - qdiff.block_recon -   Total loss:	510.922 (rec:510.922, round:0.000)	b=0.00	count=4000
01/19/2026 14:36:13 - INFO - qdiff.block_recon -   Total loss:	487.622 (rec:487.622, round:0.000)	b=0.00	count=4500
01/19/2026 14:36:18 - INFO - qdiff.block_recon -   Total loss:	527.714 (rec:527.714, round:0.000)	b=0.00	count=5000
01/19/2026 14:36:18 - INFO - __main__ -   2 True
01/19/2026 14:36:18 - INFO - __main__ -   Reconstruction for block 2
01/19/2026 14:36:44 - INFO - qdiff.timestep_aware_utils -   in 1 shape: torch.Size([5120, 512, 8, 8]), in 2 shape: torch.Size([5120, 512])
01/19/2026 14:36:44 - INFO - qdiff.timestep_aware_utils -   out shape: torch.Size([5120, 256, 8, 8])
01/19/2026 14:36:49 - INFO - qdiff.block_recon -   Total loss:	142.891 (rec:142.891, round:0.000)	b=0.00	count=500
01/19/2026 14:36:54 - INFO - qdiff.block_recon -   Total loss:	159.062 (rec:159.062, round:0.000)	b=0.00	count=1000
01/19/2026 14:37:00 - INFO - qdiff.block_recon -   Total loss:	136.673 (rec:136.673, round:0.000)	b=0.00	count=1500
01/19/2026 14:37:05 - INFO - qdiff.block_recon -   Total loss:	165.256 (rec:165.256, round:0.000)	b=0.00	count=2000
01/19/2026 14:37:10 - INFO - qdiff.block_recon -   Total loss:	130.470 (rec:130.470, round:0.000)	b=0.00	count=2500
01/19/2026 14:37:16 - INFO - qdiff.block_recon -   Total loss:	140.689 (rec:140.689, round:0.000)	b=0.00	count=3000
01/19/2026 14:37:21 - INFO - qdiff.block_recon -   Total loss:	160.983 (rec:160.983, round:0.000)	b=0.00	count=3500
01/19/2026 14:37:26 - INFO - qdiff.block_recon -   Total loss:	136.110 (rec:136.110, round:0.000)	b=0.00	count=4000
01/19/2026 14:37:32 - INFO - qdiff.block_recon -   Total loss:	149.665 (rec:149.665, round:0.000)	b=0.00	count=4500
01/19/2026 14:37:37 - INFO - qdiff.block_recon -   Total loss:	171.420 (rec:171.420, round:0.000)	b=0.00	count=5000
01/19/2026 14:37:37 - INFO - __main__ -   attn False
01/19/2026 14:37:37 - INFO - __main__ -   upsample False
01/19/2026 14:37:37 - INFO - __main__ -   conv False
01/19/2026 14:37:37 - INFO - __main__ -   Reconstruction for layer conv
01/19/2026 14:38:04 - INFO - qdiff.timestep_aware_utils -   in shape: torch.Size([5120, 256, 16, 16])
01/19/2026 14:38:04 - INFO - qdiff.timestep_aware_utils -   out shape: torch.Size([5120, 256, 16, 16])
01/19/2026 14:38:08 - INFO - qdiff.layer_recon -   Total loss:	29.587 (rec:29.587, round:0.000)	b=0.00	count=500
01/19/2026 14:38:12 - INFO - qdiff.layer_recon -   Total loss:	26.343 (rec:26.343, round:0.000)	b=0.00	count=1000
01/19/2026 14:38:16 - INFO - qdiff.layer_recon -   Total loss:	30.427 (rec:30.427, round:0.000)	b=0.00	count=1500
01/19/2026 14:38:20 - INFO - qdiff.layer_recon -   Total loss:	28.444 (rec:28.444, round:0.000)	b=0.00	count=2000
01/19/2026 14:38:25 - INFO - qdiff.layer_recon -   Total loss:	30.225 (rec:30.225, round:0.000)	b=0.00	count=2500
01/19/2026 14:38:28 - INFO - qdiff.layer_recon -   Total loss:	25.082 (rec:25.082, round:0.000)	b=0.00	count=3000
01/19/2026 14:38:33 - INFO - qdiff.layer_recon -   Total loss:	29.149 (rec:29.149, round:0.000)	b=0.00	count=3500
01/19/2026 14:38:37 - INFO - qdiff.layer_recon -   Total loss:	26.796 (rec:26.796, round:0.000)	b=0.00	count=4000
01/19/2026 14:38:41 - INFO - qdiff.layer_recon -   Total loss:	27.088 (rec:27.088, round:0.000)	b=0.00	count=4500
01/19/2026 14:38:45 - INFO - qdiff.layer_recon -   Total loss:	29.058 (rec:29.058, round:0.000)	b=0.00	count=5000
01/19/2026 14:38:45 - INFO - __main__ -   3 False
01/19/2026 14:38:45 - INFO - __main__ -   block False
01/19/2026 14:38:45 - INFO - __main__ -   0 True
01/19/2026 14:38:45 - INFO - __main__ -   Reconstruction for block 0
01/19/2026 14:39:06 - INFO - qdiff.timestep_aware_utils -   in 1 shape: torch.Size([5120, 512, 4, 4]), in 2 shape: torch.Size([5120, 512])
01/19/2026 14:39:06 - INFO - qdiff.timestep_aware_utils -   out shape: torch.Size([5120, 256, 4, 4])
01/19/2026 14:39:11 - INFO - qdiff.block_recon -   Total loss:	1681.827 (rec:1681.827, round:0.000)	b=0.00	count=500
01/19/2026 14:39:15 - INFO - qdiff.block_recon -   Total loss:	1829.177 (rec:1829.177, round:0.000)	b=0.00	count=1000
01/19/2026 14:39:19 - INFO - qdiff.block_recon -   Total loss:	1545.579 (rec:1545.579, round:0.000)	b=0.00	count=1500
01/19/2026 14:39:23 - INFO - qdiff.block_recon -   Total loss:	1476.910 (rec:1476.910, round:0.000)	b=0.00	count=2000
01/19/2026 14:39:27 - INFO - qdiff.block_recon -   Total loss:	1709.136 (rec:1709.136, round:0.000)	b=0.00	count=2500
01/19/2026 14:39:31 - INFO - qdiff.block_recon -   Total loss:	1550.212 (rec:1550.212, round:0.000)	b=0.00	count=3000
01/19/2026 14:39:36 - INFO - qdiff.block_recon -   Total loss:	1642.334 (rec:1642.334, round:0.000)	b=0.00	count=3500
01/19/2026 14:39:40 - INFO - qdiff.block_recon -   Total loss:	1764.366 (rec:1764.366, round:0.000)	b=0.00	count=4000
01/19/2026 14:39:44 - INFO - qdiff.block_recon -   Total loss:	1712.259 (rec:1712.259, round:0.000)	b=0.00	count=4500
01/19/2026 14:39:48 - INFO - qdiff.block_recon -   Total loss:	1762.369 (rec:1762.369, round:0.000)	b=0.00	count=5000
01/19/2026 14:39:48 - INFO - __main__ -   1 True
01/19/2026 14:39:48 - INFO - __main__ -   Reconstruction for block 1
01/19/2026 14:40:10 - INFO - qdiff.timestep_aware_utils -   in 1 shape: torch.Size([5120, 512, 4, 4]), in 2 shape: torch.Size([5120, 512])
01/19/2026 14:40:10 - INFO - qdiff.timestep_aware_utils -   out shape: torch.Size([5120, 256, 4, 4])
01/19/2026 14:40:14 - INFO - qdiff.block_recon -   Total loss:	1986.777 (rec:1986.777, round:0.000)	b=0.00	count=500
01/19/2026 14:40:18 - INFO - qdiff.block_recon -   Total loss:	2026.459 (rec:2026.459, round:0.000)	b=0.00	count=1000
01/19/2026 14:40:23 - INFO - qdiff.block_recon -   Total loss:	1569.263 (rec:1569.263, round:0.000)	b=0.00	count=1500
01/19/2026 14:40:27 - INFO - qdiff.block_recon -   Total loss:	1992.286 (rec:1992.286, round:0.000)	b=0.00	count=2000
01/19/2026 14:40:31 - INFO - qdiff.block_recon -   Total loss:	2010.785 (rec:2010.785, round:0.000)	b=0.00	count=2500
01/19/2026 14:40:35 - INFO - qdiff.block_recon -   Total loss:	1807.725 (rec:1807.725, round:0.000)	b=0.00	count=3000
01/19/2026 14:40:39 - INFO - qdiff.block_recon -   Total loss:	1958.465 (rec:1958.465, round:0.000)	b=0.00	count=3500
01/19/2026 14:40:43 - INFO - qdiff.block_recon -   Total loss:	1894.935 (rec:1894.935, round:0.000)	b=0.00	count=4000
01/19/2026 14:40:48 - INFO - qdiff.block_recon -   Total loss:	1788.389 (rec:1788.389, round:0.000)	b=0.00	count=4500
01/19/2026 14:40:52 - INFO - qdiff.block_recon -   Total loss:	1777.055 (rec:1777.055, round:0.000)	b=0.00	count=5000
01/19/2026 14:40:52 - INFO - __main__ -   2 True
01/19/2026 14:40:52 - INFO - __main__ -   Reconstruction for block 2
01/19/2026 14:41:15 - INFO - qdiff.timestep_aware_utils -   in 1 shape: torch.Size([5120, 512, 4, 4]), in 2 shape: torch.Size([5120, 512])
01/19/2026 14:41:15 - INFO - qdiff.timestep_aware_utils -   out shape: torch.Size([5120, 256, 4, 4])
01/19/2026 14:41:19 - INFO - qdiff.block_recon -   Total loss:	569.774 (rec:569.774, round:0.000)	b=0.00	count=500
01/19/2026 14:41:23 - INFO - qdiff.block_recon -   Total loss:	643.683 (rec:643.683, round:0.000)	b=0.00	count=1000
01/19/2026 14:41:27 - INFO - qdiff.block_recon -   Total loss:	643.076 (rec:643.076, round:0.000)	b=0.00	count=1500
01/19/2026 14:41:31 - INFO - qdiff.block_recon -   Total loss:	669.916 (rec:669.916, round:0.000)	b=0.00	count=2000
01/19/2026 14:41:35 - INFO - qdiff.block_recon -   Total loss:	575.045 (rec:575.045, round:0.000)	b=0.00	count=2500
01/19/2026 14:41:40 - INFO - qdiff.block_recon -   Total loss:	661.650 (rec:661.650, round:0.000)	b=0.00	count=3000
01/19/2026 14:41:44 - INFO - qdiff.block_recon -   Total loss:	524.369 (rec:524.369, round:0.000)	b=0.00	count=3500
01/19/2026 14:41:48 - INFO - qdiff.block_recon -   Total loss:	565.109 (rec:565.109, round:0.000)	b=0.00	count=4000
01/19/2026 14:41:52 - INFO - qdiff.block_recon -   Total loss:	604.498 (rec:604.498, round:0.000)	b=0.00	count=4500
01/19/2026 14:41:56 - INFO - qdiff.block_recon -   Total loss:	525.431 (rec:525.431, round:0.000)	b=0.00	count=5000
01/19/2026 14:41:56 - INFO - __main__ -   attn False
01/19/2026 14:41:56 - INFO - __main__ -   upsample False
01/19/2026 14:41:56 - INFO - __main__ -   conv False
01/19/2026 14:41:56 - INFO - __main__ -   Reconstruction for layer conv
01/19/2026 14:42:19 - INFO - qdiff.timestep_aware_utils -   in shape: torch.Size([5120, 256, 8, 8])
01/19/2026 14:42:19 - INFO - qdiff.timestep_aware_utils -   out shape: torch.Size([5120, 256, 8, 8])
01/19/2026 14:42:22 - INFO - qdiff.layer_recon -   Total loss:	44.042 (rec:44.042, round:0.000)	b=0.00	count=500
01/19/2026 14:42:24 - INFO - qdiff.layer_recon -   Total loss:	42.893 (rec:42.893, round:0.000)	b=0.00	count=1000
01/19/2026 14:42:26 - INFO - qdiff.layer_recon -   Total loss:	51.034 (rec:51.034, round:0.000)	b=0.00	count=1500
01/19/2026 14:42:28 - INFO - qdiff.layer_recon -   Total loss:	41.457 (rec:41.457, round:0.000)	b=0.00	count=2000
01/19/2026 14:42:30 - INFO - qdiff.layer_recon -   Total loss:	42.182 (rec:42.182, round:0.000)	b=0.00	count=2500
01/19/2026 14:42:32 - INFO - qdiff.layer_recon -   Total loss:	43.564 (rec:43.564, round:0.000)	b=0.00	count=3000
01/19/2026 14:42:34 - INFO - qdiff.layer_recon -   Total loss:	43.319 (rec:43.319, round:0.000)	b=0.00	count=3500
01/19/2026 14:42:36 - INFO - qdiff.layer_recon -   Total loss:	51.003 (rec:51.003, round:0.000)	b=0.00	count=4000
01/19/2026 14:42:38 - INFO - qdiff.layer_recon -   Total loss:	43.009 (rec:43.009, round:0.000)	b=0.00	count=4500
01/19/2026 14:42:41 - INFO - qdiff.layer_recon -   Total loss:	44.590 (rec:44.590, round:0.000)	b=0.00	count=5000
01/19/2026 14:42:41 - INFO - __main__ -   norm_out False
01/19/2026 14:42:41 - INFO - __main__ -   conv_out False
01/19/2026 14:42:41 - INFO - __main__ -   Reconstruction for layer conv_out
01/19/2026 14:43:14 - INFO - qdiff.timestep_aware_utils -   in shape: torch.Size([5120, 128, 32, 32])
01/19/2026 14:43:14 - INFO - qdiff.timestep_aware_utils -   out shape: torch.Size([5120, 3, 32, 32])
01/19/2026 14:43:18 - INFO - qdiff.layer_recon -   Total loss:	0.000 (rec:0.000, round:0.000)	b=0.00	count=500
01/19/2026 14:43:22 - INFO - qdiff.layer_recon -   Total loss:	0.000 (rec:0.000, round:0.000)	b=0.00	count=1000
01/19/2026 14:43:26 - INFO - qdiff.layer_recon -   Total loss:	0.000 (rec:0.000, round:0.000)	b=0.00	count=1500
01/19/2026 14:43:30 - INFO - qdiff.layer_recon -   Total loss:	0.000 (rec:0.000, round:0.000)	b=0.00	count=2000
01/19/2026 14:43:34 - INFO - qdiff.layer_recon -   Total loss:	0.000 (rec:0.000, round:0.000)	b=0.00	count=2500
01/19/2026 14:43:39 - INFO - qdiff.layer_recon -   Total loss:	0.000 (rec:0.000, round:0.000)	b=0.00	count=3000
01/19/2026 14:43:43 - INFO - qdiff.layer_recon -   Total loss:	0.000 (rec:0.000, round:0.000)	b=0.00	count=3500
01/19/2026 14:43:47 - INFO - qdiff.layer_recon -   Total loss:	0.000 (rec:0.000, round:0.000)	b=0.00	count=4000
01/19/2026 14:43:51 - INFO - qdiff.layer_recon -   Total loss:	0.000 (rec:0.000, round:0.000)	b=0.00	count=4500
01/19/2026 14:43:55 - INFO - qdiff.layer_recon -   Total loss:	0.000 (rec:0.000, round:0.000)	b=0.00	count=5000
01/19/2026 14:43:55 - INFO - __main__ -   Saving calibrated quantized UNet model
01/19/2026 14:43:56 - INFO - __main__ -   starting from image 0
