12/16/2025 11:37:44 - INFO - __main__ -   ===========================================================================
12/16/2025 11:37:44 - INFO - __main__ -   logging to:
12/16/2025 11:37:44 - INFO - __main__ -   two_quant_output_w8a32_1216\samples\2025-12-16-11-37-44
12/16/2025 11:37:44 - INFO - __main__ -   ===========================================================================
12/16/2025 11:37:46 - INFO - __main__ -   Loading checkpoint C:\Users\wsh/.cache\diffusion_models_converted\ema_diffusion_cifar10_model/model-790000.ckpt
12/16/2025 11:37:47 - WARNING - __main__ -   Delta weights file  not found. Skipping delta compensation.
12/16/2025 11:37:47 - INFO - __main__ -   Sampling data from 20 timesteps for calibration
12/16/2025 11:38:09 - INFO - qdiff.utils -   Selected 20 steps from 100 sampling steps
12/16/2025 11:38:10 - INFO - __main__ -   Calibration data shape: torch.Size([5120, 3, 32, 32]) torch.Size([5120])
12/16/2025 11:38:10 - INFO - __main__ -   Initializing weight quantization parameters
12/16/2025 11:38:20 - INFO - qdiff.quant_layer -   split at 256!
12/16/2025 11:38:20 - INFO - qdiff.quant_layer -   split at 256!
12/16/2025 11:38:21 - INFO - qdiff.quant_layer -   split at 256!
12/16/2025 11:38:22 - INFO - qdiff.quant_layer -   split at 256!
12/16/2025 11:38:23 - INFO - qdiff.quant_layer -   split at 256!
12/16/2025 11:38:24 - INFO - qdiff.quant_layer -   split at 256!
12/16/2025 11:38:25 - INFO - qdiff.quant_layer -   split at 256!
12/16/2025 11:38:26 - INFO - qdiff.quant_layer -   split at 256!
12/16/2025 11:38:28 - INFO - qdiff.quant_layer -   split at 256!
12/16/2025 11:38:29 - INFO - qdiff.quant_layer -   split at 256!
12/16/2025 11:38:30 - INFO - qdiff.quant_layer -   split at 128!
12/16/2025 11:38:30 - INFO - qdiff.quant_layer -   split at 128!
12/16/2025 11:38:30 - INFO - __main__ -   Initializing has done!
12/16/2025 11:38:30 - INFO - __main__ -   Doing weight calibration
12/16/2025 11:38:30 - INFO - __main__ -   model False
12/16/2025 11:38:30 - INFO - __main__ -   temb False
12/16/2025 11:38:30 - INFO - __main__ -   dense False
12/16/2025 11:38:30 - INFO - __main__ -   0 False
12/16/2025 11:38:30 - INFO - __main__ -   Reconstruction for layer 0
12/16/2025 11:38:45 - INFO - qdiff.timestep_aware_utils -   in shape: torch.Size([5120, 128])
12/16/2025 11:38:45 - INFO - qdiff.timestep_aware_utils -   out shape: torch.Size([5120, 512])
12/16/2025 11:38:46 - INFO - qdiff.layer_recon -   Total loss:	0.000 (rec:0.000, round:0.000)	b=0.00	count=500
12/16/2025 11:38:47 - INFO - qdiff.layer_recon -   Total loss:	0.000 (rec:0.000, round:0.000)	b=0.00	count=1000
12/16/2025 11:38:48 - INFO - qdiff.layer_recon -   Total loss:	0.000 (rec:0.000, round:0.000)	b=0.00	count=1500
12/16/2025 11:38:49 - INFO - qdiff.layer_recon -   Total loss:	0.000 (rec:0.000, round:0.000)	b=0.00	count=2000
12/16/2025 11:38:50 - INFO - qdiff.layer_recon -   Total loss:	0.000 (rec:0.000, round:0.000)	b=0.00	count=2500
12/16/2025 11:38:50 - INFO - qdiff.layer_recon -   Total loss:	0.000 (rec:0.000, round:0.000)	b=0.00	count=3000
12/16/2025 11:38:51 - INFO - qdiff.layer_recon -   Total loss:	0.000 (rec:0.000, round:0.000)	b=0.00	count=3500
12/16/2025 11:38:52 - INFO - qdiff.layer_recon -   Total loss:	623.681 (rec:0.000, round:623.681)	b=20.00	count=4000
12/16/2025 11:38:53 - INFO - qdiff.layer_recon -   Total loss:	245.721 (rec:0.000, round:245.721)	b=19.44	count=4500
12/16/2025 11:38:54 - INFO - qdiff.layer_recon -   Total loss:	214.514 (rec:0.000, round:214.514)	b=18.88	count=5000
12/16/2025 11:38:55 - INFO - qdiff.layer_recon -   Total loss:	194.792 (rec:0.000, round:194.792)	b=18.31	count=5500
12/16/2025 11:38:56 - INFO - qdiff.layer_recon -   Total loss:	179.532 (rec:0.000, round:179.532)	b=17.75	count=6000
12/16/2025 11:38:57 - INFO - qdiff.layer_recon -   Total loss:	165.275 (rec:0.000, round:165.275)	b=17.19	count=6500
12/16/2025 11:38:59 - INFO - qdiff.layer_recon -   Total loss:	151.945 (rec:0.000, round:151.945)	b=16.62	count=7000
12/16/2025 11:39:00 - INFO - qdiff.layer_recon -   Total loss:	139.233 (rec:0.000, round:139.233)	b=16.06	count=7500
12/16/2025 11:39:01 - INFO - qdiff.layer_recon -   Total loss:	127.055 (rec:0.000, round:127.055)	b=15.50	count=8000
12/16/2025 11:39:02 - INFO - qdiff.layer_recon -   Total loss:	115.513 (rec:0.000, round:115.513)	b=14.94	count=8500
12/16/2025 11:39:03 - INFO - qdiff.layer_recon -   Total loss:	104.389 (rec:0.000, round:104.389)	b=14.38	count=9000
12/16/2025 11:39:04 - INFO - qdiff.layer_recon -   Total loss:	94.351 (rec:0.000, round:94.351)	b=13.81	count=9500
12/16/2025 11:39:05 - INFO - qdiff.layer_recon -   Total loss:	84.419 (rec:0.000, round:84.419)	b=13.25	count=10000
12/16/2025 11:39:06 - INFO - qdiff.layer_recon -   Total loss:	74.131 (rec:0.000, round:74.131)	b=12.69	count=10500
12/16/2025 11:39:07 - INFO - qdiff.layer_recon -   Total loss:	65.116 (rec:0.000, round:65.116)	b=12.12	count=11000
12/16/2025 11:39:08 - INFO - qdiff.layer_recon -   Total loss:	56.836 (rec:0.000, round:56.836)	b=11.56	count=11500
12/16/2025 11:39:09 - INFO - qdiff.layer_recon -   Total loss:	48.759 (rec:0.000, round:48.759)	b=11.00	count=12000
12/16/2025 11:39:10 - INFO - qdiff.layer_recon -   Total loss:	40.496 (rec:0.000, round:40.496)	b=10.44	count=12500
12/16/2025 11:39:11 - INFO - qdiff.layer_recon -   Total loss:	32.960 (rec:0.000, round:32.960)	b=9.88	count=13000
12/16/2025 11:39:12 - INFO - qdiff.layer_recon -   Total loss:	25.650 (rec:0.000, round:25.650)	b=9.31	count=13500
12/16/2025 11:39:13 - INFO - qdiff.layer_recon -   Total loss:	18.327 (rec:0.000, round:18.327)	b=8.75	count=14000
12/16/2025 11:39:15 - INFO - qdiff.layer_recon -   Total loss:	11.965 (rec:0.000, round:11.965)	b=8.19	count=14500
12/16/2025 11:39:16 - INFO - qdiff.layer_recon -   Total loss:	7.291 (rec:0.000, round:7.290)	b=7.62	count=15000
12/16/2025 11:39:17 - INFO - qdiff.layer_recon -   Total loss:	4.205 (rec:0.000, round:4.205)	b=7.06	count=15500
12/16/2025 11:39:18 - INFO - qdiff.layer_recon -   Total loss:	2.172 (rec:0.000, round:2.172)	b=6.50	count=16000
12/16/2025 11:39:19 - INFO - qdiff.layer_recon -   Total loss:	1.078 (rec:0.000, round:1.078)	b=5.94	count=16500
12/16/2025 11:39:20 - INFO - qdiff.layer_recon -   Total loss:	0.476 (rec:0.000, round:0.475)	b=5.38	count=17000
12/16/2025 11:39:21 - INFO - qdiff.layer_recon -   Total loss:	0.259 (rec:0.000, round:0.259)	b=4.81	count=17500
12/16/2025 11:39:22 - INFO - qdiff.layer_recon -   Total loss:	0.124 (rec:0.000, round:0.123)	b=4.25	count=18000
12/16/2025 11:39:23 - INFO - qdiff.layer_recon -   Total loss:	0.024 (rec:0.000, round:0.024)	b=3.69	count=18500
12/16/2025 11:39:24 - INFO - qdiff.layer_recon -   Total loss:	0.002 (rec:0.000, round:0.001)	b=3.12	count=19000
12/16/2025 11:39:25 - INFO - qdiff.layer_recon -   Total loss:	0.000 (rec:0.000, round:0.000)	b=2.56	count=19500
12/16/2025 11:39:26 - INFO - qdiff.layer_recon -   Total loss:	0.000 (rec:0.000, round:0.000)	b=2.00	count=20000
12/16/2025 11:39:26 - INFO - __main__ -   1 False
12/16/2025 11:39:26 - INFO - __main__ -   Reconstruction for layer 1
12/16/2025 11:39:41 - INFO - qdiff.timestep_aware_utils -   in shape: torch.Size([5120, 512])
12/16/2025 11:39:41 - INFO - qdiff.timestep_aware_utils -   out shape: torch.Size([5120, 512])
12/16/2025 11:39:42 - INFO - qdiff.layer_recon -   Total loss:	0.000 (rec:0.000, round:0.000)	b=0.00	count=500
12/16/2025 11:39:43 - INFO - qdiff.layer_recon -   Total loss:	0.000 (rec:0.000, round:0.000)	b=0.00	count=1000
12/16/2025 11:39:44 - INFO - qdiff.layer_recon -   Total loss:	0.000 (rec:0.000, round:0.000)	b=0.00	count=1500
12/16/2025 11:39:45 - INFO - qdiff.layer_recon -   Total loss:	0.000 (rec:0.000, round:0.000)	b=0.00	count=2000
12/16/2025 11:39:46 - INFO - qdiff.layer_recon -   Total loss:	0.000 (rec:0.000, round:0.000)	b=0.00	count=2500
12/16/2025 11:39:46 - INFO - qdiff.layer_recon -   Total loss:	0.000 (rec:0.000, round:0.000)	b=0.00	count=3000
12/16/2025 11:39:47 - INFO - qdiff.layer_recon -   Total loss:	0.000 (rec:0.000, round:0.000)	b=0.00	count=3500
12/16/2025 11:39:48 - INFO - qdiff.layer_recon -   Total loss:	2492.669 (rec:0.000, round:2492.669)	b=20.00	count=4000
12/16/2025 11:39:49 - INFO - qdiff.layer_recon -   Total loss:	1004.214 (rec:0.000, round:1004.214)	b=19.44	count=4500
12/16/2025 11:39:50 - INFO - qdiff.layer_recon -   Total loss:	915.835 (rec:0.000, round:915.835)	b=18.88	count=5000
12/16/2025 11:39:51 - INFO - qdiff.layer_recon -   Total loss:	862.316 (rec:0.000, round:862.316)	b=18.31	count=5500
12/16/2025 11:39:52 - INFO - qdiff.layer_recon -   Total loss:	817.773 (rec:0.000, round:817.773)	b=17.75	count=6000
12/16/2025 11:39:53 - INFO - qdiff.layer_recon -   Total loss:	776.620 (rec:0.000, round:776.619)	b=17.19	count=6500
12/16/2025 11:39:55 - INFO - qdiff.layer_recon -   Total loss:	737.560 (rec:0.000, round:737.560)	b=16.62	count=7000
12/16/2025 11:39:56 - INFO - qdiff.layer_recon -   Total loss:	698.741 (rec:0.000, round:698.741)	b=16.06	count=7500
12/16/2025 11:39:57 - INFO - qdiff.layer_recon -   Total loss:	659.467 (rec:0.000, round:659.466)	b=15.50	count=8000
12/16/2025 11:39:58 - INFO - qdiff.layer_recon -   Total loss:	620.535 (rec:0.000, round:620.535)	b=14.94	count=8500
12/16/2025 11:39:59 - INFO - qdiff.layer_recon -   Total loss:	580.759 (rec:0.000, round:580.759)	b=14.38	count=9000
12/16/2025 11:40:00 - INFO - qdiff.layer_recon -   Total loss:	540.512 (rec:0.000, round:540.512)	b=13.81	count=9500
12/16/2025 11:40:01 - INFO - qdiff.layer_recon -   Total loss:	499.173 (rec:0.000, round:499.173)	b=13.25	count=10000
12/16/2025 11:40:02 - INFO - qdiff.layer_recon -   Total loss:	457.080 (rec:0.000, round:457.080)	b=12.69	count=10500
12/16/2025 11:40:03 - INFO - qdiff.layer_recon -   Total loss:	414.050 (rec:0.000, round:414.050)	b=12.12	count=11000
12/16/2025 11:40:04 - INFO - qdiff.layer_recon -   Total loss:	371.390 (rec:0.000, round:371.390)	b=11.56	count=11500
12/16/2025 11:40:05 - INFO - qdiff.layer_recon -   Total loss:	328.421 (rec:0.000, round:328.421)	b=11.00	count=12000
12/16/2025 11:40:06 - INFO - qdiff.layer_recon -   Total loss:	288.049 (rec:0.000, round:288.048)	b=10.44	count=12500
12/16/2025 11:40:07 - INFO - qdiff.layer_recon -   Total loss:	247.999 (rec:0.000, round:247.998)	b=9.88	count=13000
12/16/2025 11:40:09 - INFO - qdiff.layer_recon -   Total loss:	209.749 (rec:0.000, round:209.749)	b=9.31	count=13500
12/16/2025 11:40:10 - INFO - qdiff.layer_recon -   Total loss:	172.990 (rec:0.000, round:172.990)	b=8.75	count=14000
12/16/2025 11:40:11 - INFO - qdiff.layer_recon -   Total loss:	137.920 (rec:0.000, round:137.920)	b=8.19	count=14500
12/16/2025 11:40:12 - INFO - qdiff.layer_recon -   Total loss:	106.547 (rec:0.000, round:106.547)	b=7.62	count=15000
12/16/2025 11:40:13 - INFO - qdiff.layer_recon -   Total loss:	79.104 (rec:0.000, round:79.103)	b=7.06	count=15500
12/16/2025 11:40:14 - INFO - qdiff.layer_recon -   Total loss:	54.987 (rec:0.000, round:54.987)	b=6.50	count=16000
12/16/2025 11:40:15 - INFO - qdiff.layer_recon -   Total loss:	35.203 (rec:0.000, round:35.203)	b=5.94	count=16500
12/16/2025 11:40:16 - INFO - qdiff.layer_recon -   Total loss:	20.298 (rec:0.000, round:20.297)	b=5.38	count=17000
12/16/2025 11:40:17 - INFO - qdiff.layer_recon -   Total loss:	9.760 (rec:0.001, round:9.760)	b=4.81	count=17500
12/16/2025 11:40:18 - INFO - qdiff.layer_recon -   Total loss:	3.368 (rec:0.001, round:3.367)	b=4.25	count=18000
12/16/2025 11:40:19 - INFO - qdiff.layer_recon -   Total loss:	0.768 (rec:0.001, round:0.768)	b=3.69	count=18500
12/16/2025 11:40:20 - INFO - qdiff.layer_recon -   Total loss:	0.102 (rec:0.001, round:0.101)	b=3.12	count=19000
12/16/2025 11:40:21 - INFO - qdiff.layer_recon -   Total loss:	0.003 (rec:0.001, round:0.003)	b=2.56	count=19500
12/16/2025 11:40:22 - INFO - qdiff.layer_recon -   Total loss:	0.001 (rec:0.001, round:0.000)	b=2.00	count=20000
12/16/2025 11:40:22 - INFO - __main__ -   conv_in False
12/16/2025 11:40:22 - INFO - __main__ -   Reconstruction for layer conv_in
12/16/2025 11:40:39 - INFO - qdiff.timestep_aware_utils -   in shape: torch.Size([5120, 3, 32, 32])
12/16/2025 11:40:39 - INFO - qdiff.timestep_aware_utils -   out shape: torch.Size([5120, 128, 32, 32])
12/16/2025 11:40:44 - INFO - qdiff.layer_recon -   Total loss:	0.000 (rec:0.000, round:0.000)	b=0.00	count=500
12/16/2025 11:40:49 - INFO - qdiff.layer_recon -   Total loss:	0.000 (rec:0.000, round:0.000)	b=0.00	count=1000
12/16/2025 11:40:53 - INFO - qdiff.layer_recon -   Total loss:	0.000 (rec:0.000, round:0.000)	b=0.00	count=1500
12/16/2025 11:40:57 - INFO - qdiff.layer_recon -   Total loss:	0.000 (rec:0.000, round:0.000)	b=0.00	count=2000
12/16/2025 11:41:02 - INFO - qdiff.layer_recon -   Total loss:	0.000 (rec:0.000, round:0.000)	b=0.00	count=2500
12/16/2025 11:41:07 - INFO - qdiff.layer_recon -   Total loss:	0.000 (rec:0.000, round:0.000)	b=0.00	count=3000
12/16/2025 11:41:11 - INFO - qdiff.layer_recon -   Total loss:	0.000 (rec:0.000, round:0.000)	b=0.00	count=3500
12/16/2025 11:41:16 - INFO - qdiff.layer_recon -   Total loss:	32.830 (rec:0.000, round:32.830)	b=20.00	count=4000
12/16/2025 11:41:20 - INFO - qdiff.layer_recon -   Total loss:	15.355 (rec:0.001, round:15.354)	b=19.44	count=4500
12/16/2025 11:41:25 - INFO - qdiff.layer_recon -   Total loss:	14.980 (rec:0.001, round:14.979)	b=18.88	count=5000
12/16/2025 11:41:29 - INFO - qdiff.layer_recon -   Total loss:	14.648 (rec:0.001, round:14.647)	b=18.31	count=5500
12/16/2025 11:41:34 - INFO - qdiff.layer_recon -   Total loss:	14.283 (rec:0.001, round:14.282)	b=17.75	count=6000
12/16/2025 11:41:39 - INFO - qdiff.layer_recon -   Total loss:	14.038 (rec:0.001, round:14.037)	b=17.19	count=6500
12/16/2025 11:41:43 - INFO - qdiff.layer_recon -   Total loss:	13.699 (rec:0.001, round:13.698)	b=16.62	count=7000
12/16/2025 11:41:48 - INFO - qdiff.layer_recon -   Total loss:	13.157 (rec:0.001, round:13.156)	b=16.06	count=7500
12/16/2025 11:41:52 - INFO - qdiff.layer_recon -   Total loss:	12.666 (rec:0.001, round:12.665)	b=15.50	count=8000
12/16/2025 11:41:57 - INFO - qdiff.layer_recon -   Total loss:	12.210 (rec:0.001, round:12.209)	b=14.94	count=8500
12/16/2025 11:42:01 - INFO - qdiff.layer_recon -   Total loss:	11.779 (rec:0.001, round:11.778)	b=14.38	count=9000
12/16/2025 11:42:06 - INFO - qdiff.layer_recon -   Total loss:	11.182 (rec:0.001, round:11.181)	b=13.81	count=9500
12/16/2025 11:42:10 - INFO - qdiff.layer_recon -   Total loss:	10.613 (rec:0.001, round:10.612)	b=13.25	count=10000
12/16/2025 11:42:15 - INFO - qdiff.layer_recon -   Total loss:	10.090 (rec:0.001, round:10.089)	b=12.69	count=10500
12/16/2025 11:42:19 - INFO - qdiff.layer_recon -   Total loss:	9.628 (rec:0.001, round:9.627)	b=12.12	count=11000
12/16/2025 11:42:24 - INFO - qdiff.layer_recon -   Total loss:	9.094 (rec:0.001, round:9.093)	b=11.56	count=11500
12/16/2025 11:42:28 - INFO - qdiff.layer_recon -   Total loss:	8.376 (rec:0.002, round:8.374)	b=11.00	count=12000
12/16/2025 11:42:33 - INFO - qdiff.layer_recon -   Total loss:	7.778 (rec:0.002, round:7.776)	b=10.44	count=12500
12/16/2025 11:42:37 - INFO - qdiff.layer_recon -   Total loss:	7.054 (rec:0.002, round:7.052)	b=9.88	count=13000
12/16/2025 11:42:42 - INFO - qdiff.layer_recon -   Total loss:	6.298 (rec:0.002, round:6.296)	b=9.31	count=13500
12/16/2025 11:42:47 - INFO - qdiff.layer_recon -   Total loss:	5.703 (rec:0.002, round:5.700)	b=8.75	count=14000
12/16/2025 11:42:51 - INFO - qdiff.layer_recon -   Total loss:	4.966 (rec:0.002, round:4.963)	b=8.19	count=14500
12/16/2025 11:42:56 - INFO - qdiff.layer_recon -   Total loss:	4.294 (rec:0.002, round:4.291)	b=7.62	count=15000
12/16/2025 11:43:00 - INFO - qdiff.layer_recon -   Total loss:	3.499 (rec:0.003, round:3.497)	b=7.06	count=15500
12/16/2025 11:43:05 - INFO - qdiff.layer_recon -   Total loss:	2.605 (rec:0.003, round:2.602)	b=6.50	count=16000
12/16/2025 11:43:09 - INFO - qdiff.layer_recon -   Total loss:	1.737 (rec:0.003, round:1.734)	b=5.94	count=16500
12/16/2025 11:43:14 - INFO - qdiff.layer_recon -   Total loss:	1.056 (rec:0.003, round:1.054)	b=5.38	count=17000
12/16/2025 11:43:19 - INFO - qdiff.layer_recon -   Total loss:	0.575 (rec:0.004, round:0.571)	b=4.81	count=17500
12/16/2025 11:43:24 - INFO - qdiff.layer_recon -   Total loss:	0.202 (rec:0.003, round:0.199)	b=4.25	count=18000
12/16/2025 11:43:28 - INFO - qdiff.layer_recon -   Total loss:	0.071 (rec:0.003, round:0.068)	b=3.69	count=18500
12/16/2025 11:43:33 - INFO - qdiff.layer_recon -   Total loss:	0.012 (rec:0.003, round:0.009)	b=3.12	count=19000
12/16/2025 11:43:38 - INFO - qdiff.layer_recon -   Total loss:	0.004 (rec:0.004, round:0.000)	b=2.56	count=19500
12/16/2025 11:43:43 - INFO - qdiff.layer_recon -   Total loss:	0.005 (rec:0.005, round:0.000)	b=2.00	count=20000
12/16/2025 11:43:43 - INFO - __main__ -   down False
12/16/2025 11:43:43 - INFO - __main__ -   0 False
12/16/2025 11:43:43 - INFO - __main__ -   block False
12/16/2025 11:43:43 - INFO - __main__ -   0 True
12/16/2025 11:43:43 - INFO - __main__ -   Reconstruction for block 0
12/16/2025 11:44:05 - INFO - qdiff.timestep_aware_utils -   in 1 shape: torch.Size([5120, 128, 32, 32]), in 2 shape: torch.Size([5120, 512])
12/16/2025 11:44:05 - INFO - qdiff.timestep_aware_utils -   out shape: torch.Size([5120, 128, 32, 32])
12/16/2025 11:44:15 - INFO - qdiff.block_recon -   Total loss:	1.595 (rec:1.595, round:0.000)	b=0.00	count=500
12/16/2025 11:44:23 - INFO - qdiff.block_recon -   Total loss:	1.264 (rec:1.264, round:0.000)	b=0.00	count=1000
12/16/2025 11:44:32 - INFO - qdiff.block_recon -   Total loss:	1.557 (rec:1.557, round:0.000)	b=0.00	count=1500
12/16/2025 11:44:41 - INFO - qdiff.block_recon -   Total loss:	1.520 (rec:1.520, round:0.000)	b=0.00	count=2000
12/16/2025 11:44:49 - INFO - qdiff.block_recon -   Total loss:	1.386 (rec:1.386, round:0.000)	b=0.00	count=2500
12/16/2025 11:44:58 - INFO - qdiff.block_recon -   Total loss:	1.558 (rec:1.558, round:0.000)	b=0.00	count=3000
12/16/2025 11:45:07 - INFO - qdiff.block_recon -   Total loss:	1.394 (rec:1.394, round:0.000)	b=0.00	count=3500
12/16/2025 11:45:16 - INFO - qdiff.block_recon -   Total loss:	2831.482 (rec:1.387, round:2830.095)	b=20.00	count=4000
12/16/2025 11:45:25 - INFO - qdiff.block_recon -   Total loss:	1102.707 (rec:1.484, round:1101.223)	b=19.44	count=4500
12/16/2025 11:45:34 - INFO - qdiff.block_recon -   Total loss:	975.870 (rec:1.577, round:974.293)	b=18.88	count=5000
12/16/2025 11:45:43 - INFO - qdiff.block_recon -   Total loss:	883.734 (rec:1.359, round:882.375)	b=18.31	count=5500
12/16/2025 11:45:53 - INFO - qdiff.block_recon -   Total loss:	804.635 (rec:1.403, round:803.232)	b=17.75	count=6000
12/16/2025 11:46:02 - INFO - qdiff.block_recon -   Total loss:	733.800 (rec:1.412, round:732.388)	b=17.19	count=6500
12/16/2025 11:46:11 - INFO - qdiff.block_recon -   Total loss:	671.362 (rec:1.493, round:669.868)	b=16.62	count=7000
12/16/2025 11:46:20 - INFO - qdiff.block_recon -   Total loss:	612.747 (rec:1.467, round:611.280)	b=16.06	count=7500
12/16/2025 11:46:29 - INFO - qdiff.block_recon -   Total loss:	561.700 (rec:1.298, round:560.402)	b=15.50	count=8000
12/16/2025 11:46:38 - INFO - qdiff.block_recon -   Total loss:	512.957 (rec:1.386, round:511.571)	b=14.94	count=8500
12/16/2025 11:46:47 - INFO - qdiff.block_recon -   Total loss:	468.792 (rec:1.411, round:467.381)	b=14.38	count=9000
12/16/2025 11:46:57 - INFO - qdiff.block_recon -   Total loss:	426.725 (rec:1.440, round:425.286)	b=13.81	count=9500
12/16/2025 11:47:06 - INFO - qdiff.block_recon -   Total loss:	387.484 (rec:1.415, round:386.069)	b=13.25	count=10000
12/16/2025 11:47:15 - INFO - qdiff.block_recon -   Total loss:	351.102 (rec:1.429, round:349.674)	b=12.69	count=10500
12/16/2025 11:47:24 - INFO - qdiff.block_recon -   Total loss:	316.931 (rec:1.498, round:315.433)	b=12.12	count=11000
12/16/2025 11:47:33 - INFO - qdiff.block_recon -   Total loss:	285.488 (rec:1.370, round:284.118)	b=11.56	count=11500
12/16/2025 11:47:43 - INFO - qdiff.block_recon -   Total loss:	255.773 (rec:1.479, round:254.294)	b=11.00	count=12000
12/16/2025 11:47:52 - INFO - qdiff.block_recon -   Total loss:	226.478 (rec:1.518, round:224.960)	b=10.44	count=12500
12/16/2025 11:48:01 - INFO - qdiff.block_recon -   Total loss:	198.431 (rec:1.535, round:196.895)	b=9.88	count=13000
12/16/2025 11:48:10 - INFO - qdiff.block_recon -   Total loss:	172.436 (rec:1.265, round:171.171)	b=9.31	count=13500
12/16/2025 11:48:20 - INFO - qdiff.block_recon -   Total loss:	147.220 (rec:1.396, round:145.824)	b=8.75	count=14000
12/16/2025 11:48:29 - INFO - qdiff.block_recon -   Total loss:	123.186 (rec:1.519, round:121.668)	b=8.19	count=14500
12/16/2025 11:48:38 - INFO - qdiff.block_recon -   Total loss:	100.589 (rec:1.354, round:99.235)	b=7.62	count=15000
12/16/2025 11:48:47 - INFO - qdiff.block_recon -   Total loss:	79.542 (rec:1.565, round:77.977)	b=7.06	count=15500
12/16/2025 11:48:56 - INFO - qdiff.block_recon -   Total loss:	60.100 (rec:1.426, round:58.674)	b=6.50	count=16000
12/16/2025 11:49:06 - INFO - qdiff.block_recon -   Total loss:	42.560 (rec:1.482, round:41.078)	b=5.94	count=16500
12/16/2025 11:49:15 - INFO - qdiff.block_recon -   Total loss:	27.514 (rec:1.450, round:26.064)	b=5.38	count=17000
12/16/2025 11:49:24 - INFO - qdiff.block_recon -   Total loss:	15.797 (rec:1.537, round:14.260)	b=4.81	count=17500
12/16/2025 11:49:34 - INFO - qdiff.block_recon -   Total loss:	7.006 (rec:1.370, round:5.636)	b=4.25	count=18000
12/16/2025 11:49:44 - INFO - qdiff.block_recon -   Total loss:	2.687 (rec:1.498, round:1.188)	b=3.69	count=18500
12/16/2025 11:49:53 - INFO - qdiff.block_recon -   Total loss:	1.563 (rec:1.457, round:0.106)	b=3.12	count=19000
12/16/2025 11:50:03 - INFO - qdiff.block_recon -   Total loss:	1.538 (rec:1.538, round:0.000)	b=2.56	count=19500
12/16/2025 11:50:12 - INFO - qdiff.block_recon -   Total loss:	1.380 (rec:1.380, round:0.000)	b=2.00	count=20000
12/16/2025 11:50:13 - INFO - __main__ -   1 True
12/16/2025 11:50:13 - INFO - __main__ -   Reconstruction for block 1
12/16/2025 11:50:35 - INFO - qdiff.timestep_aware_utils -   in 1 shape: torch.Size([5120, 128, 32, 32]), in 2 shape: torch.Size([5120, 512])
12/16/2025 11:50:35 - INFO - qdiff.timestep_aware_utils -   out shape: torch.Size([5120, 128, 32, 32])
12/16/2025 11:50:44 - INFO - qdiff.block_recon -   Total loss:	2.661 (rec:2.661, round:0.000)	b=0.00	count=500
12/16/2025 11:50:53 - INFO - qdiff.block_recon -   Total loss:	2.935 (rec:2.935, round:0.000)	b=0.00	count=1000
12/16/2025 11:51:02 - INFO - qdiff.block_recon -   Total loss:	2.646 (rec:2.646, round:0.000)	b=0.00	count=1500
12/16/2025 11:51:10 - INFO - qdiff.block_recon -   Total loss:	2.321 (rec:2.321, round:0.000)	b=0.00	count=2000
12/16/2025 11:51:19 - INFO - qdiff.block_recon -   Total loss:	2.579 (rec:2.579, round:0.000)	b=0.00	count=2500
12/16/2025 11:51:28 - INFO - qdiff.block_recon -   Total loss:	2.806 (rec:2.806, round:0.000)	b=0.00	count=3000
12/16/2025 11:51:36 - INFO - qdiff.block_recon -   Total loss:	2.413 (rec:2.413, round:0.000)	b=0.00	count=3500
12/16/2025 11:51:45 - INFO - qdiff.block_recon -   Total loss:	2834.034 (rec:2.745, round:2831.289)	b=20.00	count=4000
12/16/2025 11:51:55 - INFO - qdiff.block_recon -   Total loss:	1162.469 (rec:2.553, round:1159.916)	b=19.44	count=4500
12/16/2025 11:52:04 - INFO - qdiff.block_recon -   Total loss:	1030.218 (rec:2.394, round:1027.824)	b=18.88	count=5000
12/16/2025 11:52:14 - INFO - qdiff.block_recon -   Total loss:	933.419 (rec:2.525, round:930.894)	b=18.31	count=5500
12/16/2025 11:52:23 - INFO - qdiff.block_recon -   Total loss:	851.165 (rec:2.459, round:848.705)	b=17.75	count=6000
12/16/2025 11:52:32 - INFO - qdiff.block_recon -   Total loss:	777.323 (rec:2.520, round:774.803)	b=17.19	count=6500
12/16/2025 11:52:41 - INFO - qdiff.block_recon -   Total loss:	710.148 (rec:2.660, round:707.488)	b=16.62	count=7000
12/16/2025 11:52:51 - INFO - qdiff.block_recon -   Total loss:	649.514 (rec:2.683, round:646.830)	b=16.06	count=7500
12/16/2025 11:53:00 - INFO - qdiff.block_recon -   Total loss:	594.039 (rec:2.659, round:591.380)	b=15.50	count=8000
12/16/2025 11:53:10 - INFO - qdiff.block_recon -   Total loss:	542.078 (rec:2.461, round:539.617)	b=14.94	count=8500
12/16/2025 11:53:19 - INFO - qdiff.block_recon -   Total loss:	494.172 (rec:2.301, round:491.871)	b=14.38	count=9000
12/16/2025 11:53:29 - INFO - qdiff.block_recon -   Total loss:	450.746 (rec:2.476, round:448.270)	b=13.81	count=9500
12/16/2025 11:53:39 - INFO - qdiff.block_recon -   Total loss:	410.561 (rec:2.608, round:407.953)	b=13.25	count=10000
12/16/2025 11:53:48 - INFO - qdiff.block_recon -   Total loss:	373.024 (rec:2.509, round:370.515)	b=12.69	count=10500
12/16/2025 11:53:57 - INFO - qdiff.block_recon -   Total loss:	337.440 (rec:2.653, round:334.787)	b=12.12	count=11000
12/16/2025 11:54:07 - INFO - qdiff.block_recon -   Total loss:	304.171 (rec:2.386, round:301.785)	b=11.56	count=11500
12/16/2025 11:54:16 - INFO - qdiff.block_recon -   Total loss:	272.741 (rec:2.659, round:270.082)	b=11.00	count=12000
12/16/2025 11:54:26 - INFO - qdiff.block_recon -   Total loss:	242.743 (rec:2.333, round:240.410)	b=10.44	count=12500
12/16/2025 11:54:35 - INFO - qdiff.block_recon -   Total loss:	214.074 (rec:2.688, round:211.386)	b=9.88	count=13000
12/16/2025 11:54:44 - INFO - qdiff.block_recon -   Total loss:	186.080 (rec:2.672, round:183.408)	b=9.31	count=13500
12/16/2025 11:54:54 - INFO - qdiff.block_recon -   Total loss:	160.058 (rec:2.778, round:157.280)	b=8.75	count=14000
12/16/2025 11:55:03 - INFO - qdiff.block_recon -   Total loss:	136.150 (rec:2.878, round:133.272)	b=8.19	count=14500
12/16/2025 11:55:13 - INFO - qdiff.block_recon -   Total loss:	112.639 (rec:2.396, round:110.243)	b=7.62	count=15000
12/16/2025 11:55:22 - INFO - qdiff.block_recon -   Total loss:	90.891 (rec:2.674, round:88.217)	b=7.06	count=15500
12/16/2025 11:55:32 - INFO - qdiff.block_recon -   Total loss:	70.811 (rec:2.483, round:68.328)	b=6.50	count=16000
12/16/2025 11:55:41 - INFO - qdiff.block_recon -   Total loss:	51.666 (rec:2.581, round:49.085)	b=5.94	count=16500
12/16/2025 11:55:50 - INFO - qdiff.block_recon -   Total loss:	34.482 (rec:2.647, round:31.834)	b=5.38	count=17000
12/16/2025 11:55:59 - INFO - qdiff.block_recon -   Total loss:	19.919 (rec:2.492, round:17.427)	b=4.81	count=17500
12/16/2025 11:56:09 - INFO - qdiff.block_recon -   Total loss:	8.638 (rec:2.697, round:5.941)	b=4.25	count=18000
12/16/2025 11:56:18 - INFO - qdiff.block_recon -   Total loss:	3.421 (rec:2.395, round:1.026)	b=3.69	count=18500
12/16/2025 11:56:28 - INFO - qdiff.block_recon -   Total loss:	2.729 (rec:2.669, round:0.060)	b=3.12	count=19000
12/16/2025 11:56:38 - INFO - qdiff.block_recon -   Total loss:	2.660 (rec:2.657, round:0.002)	b=2.56	count=19500
12/16/2025 11:56:47 - INFO - qdiff.block_recon -   Total loss:	2.540 (rec:2.540, round:0.000)	b=2.00	count=20000
12/16/2025 11:56:48 - INFO - __main__ -   attn False
12/16/2025 11:56:48 - INFO - __main__ -   downsample False
12/16/2025 11:56:48 - INFO - __main__ -   conv False
12/16/2025 11:56:48 - INFO - __main__ -   Reconstruction for layer conv
12/16/2025 11:57:10 - INFO - qdiff.timestep_aware_utils -   in shape: torch.Size([5120, 128, 33, 33])
12/16/2025 11:57:10 - INFO - qdiff.timestep_aware_utils -   out shape: torch.Size([5120, 128, 16, 16])
12/16/2025 11:57:15 - INFO - qdiff.layer_recon -   Total loss:	0.229 (rec:0.229, round:0.000)	b=0.00	count=500
12/16/2025 11:57:20 - INFO - qdiff.layer_recon -   Total loss:	0.231 (rec:0.231, round:0.000)	b=0.00	count=1000
12/16/2025 11:57:26 - INFO - qdiff.layer_recon -   Total loss:	0.185 (rec:0.185, round:0.000)	b=0.00	count=1500
12/16/2025 11:57:31 - INFO - qdiff.layer_recon -   Total loss:	0.170 (rec:0.170, round:0.000)	b=0.00	count=2000
12/16/2025 11:57:36 - INFO - qdiff.layer_recon -   Total loss:	0.280 (rec:0.280, round:0.000)	b=0.00	count=2500
12/16/2025 11:57:41 - INFO - qdiff.layer_recon -   Total loss:	0.195 (rec:0.195, round:0.000)	b=0.00	count=3000
12/16/2025 11:57:46 - INFO - qdiff.layer_recon -   Total loss:	0.191 (rec:0.191, round:0.000)	b=0.00	count=3500
12/16/2025 11:57:51 - INFO - qdiff.layer_recon -   Total loss:	1014.044 (rec:0.188, round:1013.856)	b=20.00	count=4000
12/16/2025 11:57:56 - INFO - qdiff.layer_recon -   Total loss:	371.168 (rec:0.142, round:371.027)	b=19.44	count=4500
12/16/2025 11:58:02 - INFO - qdiff.layer_recon -   Total loss:	319.440 (rec:0.175, round:319.266)	b=18.88	count=5000
12/16/2025 11:58:07 - INFO - qdiff.layer_recon -   Total loss:	282.991 (rec:0.139, round:282.852)	b=18.31	count=5500
12/16/2025 11:58:12 - INFO - qdiff.layer_recon -   Total loss:	251.441 (rec:0.133, round:251.308)	b=17.75	count=6000
12/16/2025 11:58:18 - INFO - qdiff.layer_recon -   Total loss:	225.862 (rec:0.139, round:225.722)	b=17.19	count=6500
12/16/2025 11:58:23 - INFO - qdiff.layer_recon -   Total loss:	202.551 (rec:0.149, round:202.402)	b=16.62	count=7000
12/16/2025 11:58:28 - INFO - qdiff.layer_recon -   Total loss:	182.098 (rec:0.130, round:181.968)	b=16.06	count=7500
12/16/2025 11:58:33 - INFO - qdiff.layer_recon -   Total loss:	164.532 (rec:0.153, round:164.379)	b=15.50	count=8000
12/16/2025 11:58:39 - INFO - qdiff.layer_recon -   Total loss:	148.155 (rec:0.210, round:147.945)	b=14.94	count=8500
12/16/2025 11:58:44 - INFO - qdiff.layer_recon -   Total loss:	133.303 (rec:0.129, round:133.174)	b=14.38	count=9000
12/16/2025 11:58:49 - INFO - qdiff.layer_recon -   Total loss:	120.512 (rec:0.174, round:120.339)	b=13.81	count=9500
12/16/2025 11:58:55 - INFO - qdiff.layer_recon -   Total loss:	107.963 (rec:0.135, round:107.829)	b=13.25	count=10000
12/16/2025 11:59:00 - INFO - qdiff.layer_recon -   Total loss:	96.130 (rec:0.140, round:95.990)	b=12.69	count=10500
12/16/2025 11:59:06 - INFO - qdiff.layer_recon -   Total loss:	84.968 (rec:0.160, round:84.809)	b=12.12	count=11000
12/16/2025 11:59:11 - INFO - qdiff.layer_recon -   Total loss:	75.240 (rec:0.182, round:75.058)	b=11.56	count=11500
12/16/2025 11:59:16 - INFO - qdiff.layer_recon -   Total loss:	65.957 (rec:0.205, round:65.752)	b=11.00	count=12000
12/16/2025 11:59:21 - INFO - qdiff.layer_recon -   Total loss:	56.997 (rec:0.121, round:56.876)	b=10.44	count=12500
12/16/2025 11:59:27 - INFO - qdiff.layer_recon -   Total loss:	48.845 (rec:0.172, round:48.673)	b=9.88	count=13000
12/16/2025 11:59:32 - INFO - qdiff.layer_recon -   Total loss:	40.857 (rec:0.124, round:40.733)	b=9.31	count=13500
12/16/2025 11:59:37 - INFO - qdiff.layer_recon -   Total loss:	33.272 (rec:0.142, round:33.130)	b=8.75	count=14000
12/16/2025 11:59:43 - INFO - qdiff.layer_recon -   Total loss:	26.146 (rec:0.181, round:25.965)	b=8.19	count=14500
12/16/2025 11:59:48 - INFO - qdiff.layer_recon -   Total loss:	20.112 (rec:0.177, round:19.935)	b=7.62	count=15000
12/16/2025 11:59:53 - INFO - qdiff.layer_recon -   Total loss:	14.713 (rec:0.171, round:14.542)	b=7.06	count=15500
12/16/2025 11:59:59 - INFO - qdiff.layer_recon -   Total loss:	9.938 (rec:0.150, round:9.788)	b=6.50	count=16000
12/16/2025 12:00:05 - INFO - qdiff.layer_recon -   Total loss:	6.516 (rec:0.149, round:6.367)	b=5.94	count=16500
12/16/2025 12:00:10 - INFO - qdiff.layer_recon -   Total loss:	3.654 (rec:0.149, round:3.505)	b=5.38	count=17000
12/16/2025 12:00:16 - INFO - qdiff.layer_recon -   Total loss:	1.951 (rec:0.148, round:1.803)	b=4.81	count=17500
12/16/2025 12:00:22 - INFO - qdiff.layer_recon -   Total loss:	0.896 (rec:0.183, round:0.713)	b=4.25	count=18000
12/16/2025 12:00:27 - INFO - qdiff.layer_recon -   Total loss:	0.384 (rec:0.189, round:0.195)	b=3.69	count=18500
12/16/2025 12:00:33 - INFO - qdiff.layer_recon -   Total loss:	0.158 (rec:0.136, round:0.022)	b=3.12	count=19000
12/16/2025 12:00:38 - INFO - qdiff.layer_recon -   Total loss:	0.158 (rec:0.158, round:0.000)	b=2.56	count=19500
12/16/2025 12:00:44 - INFO - qdiff.layer_recon -   Total loss:	0.185 (rec:0.185, round:0.000)	b=2.00	count=20000
12/16/2025 12:00:44 - INFO - __main__ -   1 False
12/16/2025 12:00:44 - INFO - __main__ -   block False
12/16/2025 12:00:44 - INFO - __main__ -   0 True
12/16/2025 12:00:44 - INFO - __main__ -   Reconstruction for block 0
12/16/2025 12:01:07 - INFO - qdiff.timestep_aware_utils -   in 1 shape: torch.Size([5120, 128, 16, 16]), in 2 shape: torch.Size([5120, 512])
12/16/2025 12:01:07 - INFO - qdiff.timestep_aware_utils -   out shape: torch.Size([5120, 256, 16, 16])
12/16/2025 12:01:12 - INFO - qdiff.block_recon -   Total loss:	5.961 (rec:5.961, round:0.000)	b=0.00	count=500
12/16/2025 12:01:18 - INFO - qdiff.block_recon -   Total loss:	5.822 (rec:5.822, round:0.000)	b=0.00	count=1000
12/16/2025 12:01:23 - INFO - qdiff.block_recon -   Total loss:	5.420 (rec:5.420, round:0.000)	b=0.00	count=1500
12/16/2025 12:01:28 - INFO - qdiff.block_recon -   Total loss:	5.967 (rec:5.967, round:0.000)	b=0.00	count=2000
12/16/2025 12:01:33 - INFO - qdiff.block_recon -   Total loss:	5.286 (rec:5.286, round:0.000)	b=0.00	count=2500
12/16/2025 12:01:38 - INFO - qdiff.block_recon -   Total loss:	5.960 (rec:5.960, round:0.000)	b=0.00	count=3000
12/16/2025 12:01:43 - INFO - qdiff.block_recon -   Total loss:	6.232 (rec:6.232, round:0.000)	b=0.00	count=3500
12/16/2025 12:01:48 - INFO - qdiff.block_recon -   Total loss:	8872.196 (rec:5.472, round:8866.725)	b=20.00	count=4000
12/16/2025 12:01:54 - INFO - qdiff.block_recon -   Total loss:	3945.240 (rec:5.682, round:3939.558)	b=19.44	count=4500
12/16/2025 12:02:00 - INFO - qdiff.block_recon -   Total loss:	3521.380 (rec:5.415, round:3515.965)	b=18.88	count=5000
12/16/2025 12:02:06 - INFO - qdiff.block_recon -   Total loss:	3203.613 (rec:5.530, round:3198.083)	b=18.31	count=5500
12/16/2025 12:02:12 - INFO - qdiff.block_recon -   Total loss:	2919.846 (rec:5.258, round:2914.588)	b=17.75	count=6000
12/16/2025 12:02:18 - INFO - qdiff.block_recon -   Total loss:	2660.375 (rec:6.035, round:2654.340)	b=17.19	count=6500
12/16/2025 12:02:24 - INFO - qdiff.block_recon -   Total loss:	2419.875 (rec:5.767, round:2414.109)	b=16.62	count=7000
12/16/2025 12:02:30 - INFO - qdiff.block_recon -   Total loss:	2199.125 (rec:5.456, round:2193.669)	b=16.06	count=7500
12/16/2025 12:02:36 - INFO - qdiff.block_recon -   Total loss:	1995.239 (rec:5.742, round:1989.497)	b=15.50	count=8000
12/16/2025 12:02:42 - INFO - qdiff.block_recon -   Total loss:	1805.073 (rec:5.709, round:1799.364)	b=14.94	count=8500
12/16/2025 12:02:49 - INFO - qdiff.block_recon -   Total loss:	1629.592 (rec:5.841, round:1623.750)	b=14.38	count=9000
12/16/2025 12:02:55 - INFO - qdiff.block_recon -   Total loss:	1469.012 (rec:5.605, round:1463.407)	b=13.81	count=9500
12/16/2025 12:03:01 - INFO - qdiff.block_recon -   Total loss:	1320.819 (rec:6.154, round:1314.665)	b=13.25	count=10000
12/16/2025 12:03:07 - INFO - qdiff.block_recon -   Total loss:	1184.230 (rec:5.355, round:1178.875)	b=12.69	count=10500
12/16/2025 12:03:12 - INFO - qdiff.block_recon -   Total loss:	1059.268 (rec:5.745, round:1053.523)	b=12.12	count=11000
12/16/2025 12:03:18 - INFO - qdiff.block_recon -   Total loss:	943.599 (rec:5.233, round:938.366)	b=11.56	count=11500
12/16/2025 12:03:24 - INFO - qdiff.block_recon -   Total loss:	836.305 (rec:5.736, round:830.570)	b=11.00	count=12000
12/16/2025 12:03:30 - INFO - qdiff.block_recon -   Total loss:	735.036 (rec:5.432, round:729.605)	b=10.44	count=12500
12/16/2025 12:03:37 - INFO - qdiff.block_recon -   Total loss:	642.091 (rec:5.451, round:636.640)	b=9.88	count=13000
12/16/2025 12:03:43 - INFO - qdiff.block_recon -   Total loss:	554.319 (rec:5.558, round:548.761)	b=9.31	count=13500
12/16/2025 12:03:49 - INFO - qdiff.block_recon -   Total loss:	474.576 (rec:5.266, round:469.310)	b=8.75	count=14000
12/16/2025 12:03:55 - INFO - qdiff.block_recon -   Total loss:	399.534 (rec:6.007, round:393.527)	b=8.19	count=14500
12/16/2025 12:04:01 - INFO - qdiff.block_recon -   Total loss:	328.199 (rec:5.821, round:322.378)	b=7.62	count=15000
12/16/2025 12:04:07 - INFO - qdiff.block_recon -   Total loss:	263.202 (rec:5.479, round:257.723)	b=7.06	count=15500
12/16/2025 12:04:13 - INFO - qdiff.block_recon -   Total loss:	203.853 (rec:5.645, round:198.208)	b=6.50	count=16000
12/16/2025 12:04:19 - INFO - qdiff.block_recon -   Total loss:	150.482 (rec:5.818, round:144.664)	b=5.94	count=16500
12/16/2025 12:04:25 - INFO - qdiff.block_recon -   Total loss:	102.250 (rec:5.624, round:96.626)	b=5.38	count=17000
12/16/2025 12:04:31 - INFO - qdiff.block_recon -   Total loss:	62.315 (rec:5.807, round:56.508)	b=4.81	count=17500
12/16/2025 12:04:37 - INFO - qdiff.block_recon -   Total loss:	31.383 (rec:5.465, round:25.918)	b=4.25	count=18000
12/16/2025 12:04:43 - INFO - qdiff.block_recon -   Total loss:	13.850 (rec:5.552, round:8.298)	b=3.69	count=18500
12/16/2025 12:04:49 - INFO - qdiff.block_recon -   Total loss:	7.177 (rec:6.001, round:1.176)	b=3.12	count=19000
12/16/2025 12:04:55 - INFO - qdiff.block_recon -   Total loss:	5.520 (rec:5.460, round:0.060)	b=2.56	count=19500
12/16/2025 12:05:01 - INFO - qdiff.block_recon -   Total loss:	5.522 (rec:5.520, round:0.002)	b=2.00	count=20000
12/16/2025 12:05:01 - INFO - __main__ -   1 True
12/16/2025 12:05:01 - INFO - __main__ -   Reconstruction for block 1
12/16/2025 12:05:27 - INFO - qdiff.timestep_aware_utils -   in 1 shape: torch.Size([5120, 256, 16, 16]), in 2 shape: torch.Size([5120, 512])
12/16/2025 12:05:27 - INFO - qdiff.timestep_aware_utils -   out shape: torch.Size([5120, 256, 16, 16])
12/16/2025 12:05:33 - INFO - qdiff.block_recon -   Total loss:	8.003 (rec:8.003, round:0.000)	b=0.00	count=500
12/16/2025 12:05:39 - INFO - qdiff.block_recon -   Total loss:	7.662 (rec:7.662, round:0.000)	b=0.00	count=1000
12/16/2025 12:05:44 - INFO - qdiff.block_recon -   Total loss:	7.577 (rec:7.577, round:0.000)	b=0.00	count=1500
12/16/2025 12:05:49 - INFO - qdiff.block_recon -   Total loss:	7.679 (rec:7.679, round:0.000)	b=0.00	count=2000
12/16/2025 12:05:54 - INFO - qdiff.block_recon -   Total loss:	7.464 (rec:7.464, round:0.000)	b=0.00	count=2500
12/16/2025 12:06:00 - INFO - qdiff.block_recon -   Total loss:	6.749 (rec:6.749, round:0.000)	b=0.00	count=3000
12/16/2025 12:06:05 - INFO - qdiff.block_recon -   Total loss:	6.759 (rec:6.759, round:0.000)	b=0.00	count=3500
12/16/2025 12:06:11 - INFO - qdiff.block_recon -   Total loss:	10959.980 (rec:7.399, round:10952.582)	b=20.00	count=4000
12/16/2025 12:06:17 - INFO - qdiff.block_recon -   Total loss:	4929.737 (rec:7.945, round:4921.792)	b=19.44	count=4500
12/16/2025 12:06:23 - INFO - qdiff.block_recon -   Total loss:	4410.051 (rec:7.970, round:4402.080)	b=18.88	count=5000
12/16/2025 12:06:29 - INFO - qdiff.block_recon -   Total loss:	4019.043 (rec:6.970, round:4012.073)	b=18.31	count=5500
12/16/2025 12:06:35 - INFO - qdiff.block_recon -   Total loss:	3670.430 (rec:6.597, round:3663.833)	b=17.75	count=6000
12/16/2025 12:06:41 - INFO - qdiff.block_recon -   Total loss:	3355.341 (rec:7.180, round:3348.161)	b=17.19	count=6500
12/16/2025 12:06:47 - INFO - qdiff.block_recon -   Total loss:	3064.241 (rec:7.701, round:3056.540)	b=16.62	count=7000
12/16/2025 12:06:54 - INFO - qdiff.block_recon -   Total loss:	2793.331 (rec:6.804, round:2786.526)	b=16.06	count=7500
12/16/2025 12:07:00 - INFO - qdiff.block_recon -   Total loss:	2540.783 (rec:7.309, round:2533.475)	b=15.50	count=8000
12/16/2025 12:07:06 - INFO - qdiff.block_recon -   Total loss:	2306.222 (rec:6.621, round:2299.602)	b=14.94	count=8500
12/16/2025 12:07:12 - INFO - qdiff.block_recon -   Total loss:	2093.113 (rec:7.082, round:2086.031)	b=14.38	count=9000
12/16/2025 12:07:18 - INFO - qdiff.block_recon -   Total loss:	1893.479 (rec:6.793, round:1886.686)	b=13.81	count=9500
12/16/2025 12:07:25 - INFO - qdiff.block_recon -   Total loss:	1712.498 (rec:7.063, round:1705.435)	b=13.25	count=10000
12/16/2025 12:07:31 - INFO - qdiff.block_recon -   Total loss:	1542.377 (rec:6.419, round:1535.958)	b=12.69	count=10500
12/16/2025 12:07:37 - INFO - qdiff.block_recon -   Total loss:	1385.336 (rec:7.115, round:1378.221)	b=12.12	count=11000
12/16/2025 12:07:43 - INFO - qdiff.block_recon -   Total loss:	1240.657 (rec:7.143, round:1233.515)	b=11.56	count=11500
12/16/2025 12:07:49 - INFO - qdiff.block_recon -   Total loss:	1107.665 (rec:7.037, round:1100.628)	b=11.00	count=12000
12/16/2025 12:07:55 - INFO - qdiff.block_recon -   Total loss:	980.822 (rec:7.561, round:973.261)	b=10.44	count=12500
12/16/2025 12:08:02 - INFO - qdiff.block_recon -   Total loss:	860.781 (rec:6.612, round:854.169)	b=9.88	count=13000
12/16/2025 12:08:08 - INFO - qdiff.block_recon -   Total loss:	749.807 (rec:7.723, round:742.084)	b=9.31	count=13500
12/16/2025 12:08:14 - INFO - qdiff.block_recon -   Total loss:	644.606 (rec:7.026, round:637.580)	b=8.75	count=14000
12/16/2025 12:08:20 - INFO - qdiff.block_recon -   Total loss:	544.469 (rec:6.373, round:538.096)	b=8.19	count=14500
12/16/2025 12:08:26 - INFO - qdiff.block_recon -   Total loss:	453.545 (rec:7.292, round:446.254)	b=7.62	count=15000
12/16/2025 12:08:32 - INFO - qdiff.block_recon -   Total loss:	368.205 (rec:7.297, round:360.908)	b=7.06	count=15500
12/16/2025 12:08:39 - INFO - qdiff.block_recon -   Total loss:	288.767 (rec:7.267, round:281.500)	b=6.50	count=16000
12/16/2025 12:08:45 - INFO - qdiff.block_recon -   Total loss:	216.668 (rec:7.757, round:208.911)	b=5.94	count=16500
12/16/2025 12:08:51 - INFO - qdiff.block_recon -   Total loss:	150.351 (rec:6.823, round:143.528)	b=5.38	count=17000
12/16/2025 12:08:57 - INFO - qdiff.block_recon -   Total loss:	93.549 (rec:7.302, round:86.246)	b=4.81	count=17500
12/16/2025 12:09:04 - INFO - qdiff.block_recon -   Total loss:	48.055 (rec:6.509, round:41.545)	b=4.25	count=18000
12/16/2025 12:09:10 - INFO - qdiff.block_recon -   Total loss:	21.480 (rec:8.124, round:13.356)	b=3.69	count=18500
12/16/2025 12:09:16 - INFO - qdiff.block_recon -   Total loss:	9.241 (rec:7.302, round:1.939)	b=3.12	count=19000
12/16/2025 12:09:22 - INFO - qdiff.block_recon -   Total loss:	7.582 (rec:7.498, round:0.084)	b=2.56	count=19500
12/16/2025 12:09:29 - INFO - qdiff.block_recon -   Total loss:	7.517 (rec:7.515, round:0.002)	b=2.00	count=20000
12/16/2025 12:09:29 - INFO - __main__ -   attn False
12/16/2025 12:09:29 - INFO - __main__ -   0 True
12/16/2025 12:09:29 - INFO - __main__ -   Reconstruction for block 0
12/16/2025 12:09:53 - INFO - qdiff.timestep_aware_utils -   in shape: torch.Size([5120, 256, 16, 16])
12/16/2025 12:09:53 - INFO - qdiff.timestep_aware_utils -   out shape: torch.Size([5120, 256, 16, 16])
12/16/2025 12:09:59 - INFO - qdiff.block_recon -   Total loss:	0.122 (rec:0.122, round:0.000)	b=0.00	count=500
12/16/2025 12:10:05 - INFO - qdiff.block_recon -   Total loss:	0.132 (rec:0.132, round:0.000)	b=0.00	count=1000
12/16/2025 12:10:11 - INFO - qdiff.block_recon -   Total loss:	0.129 (rec:0.129, round:0.000)	b=0.00	count=1500
12/16/2025 12:10:16 - INFO - qdiff.block_recon -   Total loss:	0.125 (rec:0.125, round:0.000)	b=0.00	count=2000
12/16/2025 12:10:22 - INFO - qdiff.block_recon -   Total loss:	0.127 (rec:0.127, round:0.000)	b=0.00	count=2500
12/16/2025 12:10:28 - INFO - qdiff.block_recon -   Total loss:	0.099 (rec:0.099, round:0.000)	b=0.00	count=3000
12/16/2025 12:10:33 - INFO - qdiff.block_recon -   Total loss:	0.100 (rec:0.100, round:0.000)	b=0.00	count=3500
12/16/2025 12:10:39 - INFO - qdiff.block_recon -   Total loss:	2229.298 (rec:0.119, round:2229.179)	b=20.00	count=4000
12/16/2025 12:10:46 - INFO - qdiff.block_recon -   Total loss:	953.146 (rec:0.108, round:953.038)	b=19.44	count=4500
12/16/2025 12:10:53 - INFO - qdiff.block_recon -   Total loss:	857.434 (rec:0.101, round:857.333)	b=18.88	count=5000
12/16/2025 12:11:00 - INFO - qdiff.block_recon -   Total loss:	787.142 (rec:0.109, round:787.033)	b=18.31	count=5500
12/16/2025 12:11:06 - INFO - qdiff.block_recon -   Total loss:	724.956 (rec:0.123, round:724.833)	b=17.75	count=6000
12/16/2025 12:11:13 - INFO - qdiff.block_recon -   Total loss:	667.828 (rec:0.120, round:667.709)	b=17.19	count=6500
12/16/2025 12:11:19 - INFO - qdiff.block_recon -   Total loss:	612.066 (rec:0.101, round:611.965)	b=16.62	count=7000
12/16/2025 12:11:26 - INFO - qdiff.block_recon -   Total loss:	560.909 (rec:0.112, round:560.797)	b=16.06	count=7500
12/16/2025 12:11:33 - INFO - qdiff.block_recon -   Total loss:	512.263 (rec:0.115, round:512.148)	b=15.50	count=8000
12/16/2025 12:11:39 - INFO - qdiff.block_recon -   Total loss:	467.124 (rec:0.121, round:467.003)	b=14.94	count=8500
12/16/2025 12:11:46 - INFO - qdiff.block_recon -   Total loss:	425.886 (rec:0.107, round:425.778)	b=14.38	count=9000
12/16/2025 12:11:53 - INFO - qdiff.block_recon -   Total loss:	385.532 (rec:0.104, round:385.428)	b=13.81	count=9500
12/16/2025 12:11:59 - INFO - qdiff.block_recon -   Total loss:	348.815 (rec:0.121, round:348.694)	b=13.25	count=10000
12/16/2025 12:12:06 - INFO - qdiff.block_recon -   Total loss:	314.308 (rec:0.104, round:314.204)	b=12.69	count=10500
12/16/2025 12:12:12 - INFO - qdiff.block_recon -   Total loss:	281.272 (rec:0.115, round:281.157)	b=12.12	count=11000
12/16/2025 12:12:19 - INFO - qdiff.block_recon -   Total loss:	250.254 (rec:0.124, round:250.130)	b=11.56	count=11500
12/16/2025 12:12:26 - INFO - qdiff.block_recon -   Total loss:	221.077 (rec:0.110, round:220.967)	b=11.00	count=12000
12/16/2025 12:12:32 - INFO - qdiff.block_recon -   Total loss:	193.293 (rec:0.113, round:193.181)	b=10.44	count=12500
12/16/2025 12:12:39 - INFO - qdiff.block_recon -   Total loss:	167.836 (rec:0.101, round:167.736)	b=9.88	count=13000
12/16/2025 12:12:46 - INFO - qdiff.block_recon -   Total loss:	143.075 (rec:0.117, round:142.957)	b=9.31	count=13500
12/16/2025 12:12:52 - INFO - qdiff.block_recon -   Total loss:	119.295 (rec:0.100, round:119.196)	b=8.75	count=14000
12/16/2025 12:12:59 - INFO - qdiff.block_recon -   Total loss:	96.693 (rec:0.098, round:96.595)	b=8.19	count=14500
12/16/2025 12:13:05 - INFO - qdiff.block_recon -   Total loss:	76.528 (rec:0.117, round:76.412)	b=7.62	count=15000
12/16/2025 12:13:12 - INFO - qdiff.block_recon -   Total loss:	57.558 (rec:0.104, round:57.455)	b=7.06	count=15500
12/16/2025 12:13:19 - INFO - qdiff.block_recon -   Total loss:	40.802 (rec:0.124, round:40.678)	b=6.50	count=16000
12/16/2025 12:13:25 - INFO - qdiff.block_recon -   Total loss:	25.761 (rec:0.106, round:25.655)	b=5.94	count=16500
12/16/2025 12:13:32 - INFO - qdiff.block_recon -   Total loss:	13.748 (rec:0.107, round:13.642)	b=5.38	count=17000
12/16/2025 12:13:39 - INFO - qdiff.block_recon -   Total loss:	5.480 (rec:0.107, round:5.374)	b=4.81	count=17500
12/16/2025 12:13:45 - INFO - qdiff.block_recon -   Total loss:	1.527 (rec:0.133, round:1.394)	b=4.25	count=18000
12/16/2025 12:13:52 - INFO - qdiff.block_recon -   Total loss:	0.279 (rec:0.104, round:0.174)	b=3.69	count=18500
12/16/2025 12:13:59 - INFO - qdiff.block_recon -   Total loss:	0.123 (rec:0.117, round:0.007)	b=3.12	count=19000
12/16/2025 12:14:05 - INFO - qdiff.block_recon -   Total loss:	0.096 (rec:0.096, round:0.000)	b=2.56	count=19500
12/16/2025 12:14:11 - INFO - qdiff.block_recon -   Total loss:	0.124 (rec:0.124, round:0.000)	b=2.00	count=20000
12/16/2025 12:14:12 - INFO - __main__ -   1 True
12/16/2025 12:14:12 - INFO - __main__ -   Reconstruction for block 1
12/16/2025 12:14:39 - INFO - qdiff.timestep_aware_utils -   in shape: torch.Size([5120, 256, 16, 16])
12/16/2025 12:14:39 - INFO - qdiff.timestep_aware_utils -   out shape: torch.Size([5120, 256, 16, 16])
12/16/2025 12:14:45 - INFO - qdiff.block_recon -   Total loss:	0.215 (rec:0.215, round:0.000)	b=0.00	count=500
12/16/2025 12:14:51 - INFO - qdiff.block_recon -   Total loss:	0.199 (rec:0.199, round:0.000)	b=0.00	count=1000
12/16/2025 12:14:57 - INFO - qdiff.block_recon -   Total loss:	0.247 (rec:0.247, round:0.000)	b=0.00	count=1500
12/16/2025 12:15:02 - INFO - qdiff.block_recon -   Total loss:	0.230 (rec:0.230, round:0.000)	b=0.00	count=2000
12/16/2025 12:15:08 - INFO - qdiff.block_recon -   Total loss:	0.195 (rec:0.195, round:0.000)	b=0.00	count=2500
12/16/2025 12:15:13 - INFO - qdiff.block_recon -   Total loss:	0.245 (rec:0.245, round:0.000)	b=0.00	count=3000
12/16/2025 12:15:19 - INFO - qdiff.block_recon -   Total loss:	0.182 (rec:0.182, round:0.000)	b=0.00	count=3500
12/16/2025 12:15:25 - INFO - qdiff.block_recon -   Total loss:	2230.849 (rec:0.212, round:2230.636)	b=20.00	count=4000
12/16/2025 12:15:31 - INFO - qdiff.block_recon -   Total loss:	1003.439 (rec:0.233, round:1003.206)	b=19.44	count=4500
12/16/2025 12:15:38 - INFO - qdiff.block_recon -   Total loss:	905.111 (rec:0.225, round:904.886)	b=18.88	count=5000
12/16/2025 12:15:45 - INFO - qdiff.block_recon -   Total loss:	831.967 (rec:0.231, round:831.736)	b=18.31	count=5500
12/16/2025 12:15:51 - INFO - qdiff.block_recon -   Total loss:	766.570 (rec:0.194, round:766.376)	b=17.75	count=6000
12/16/2025 12:15:58 - INFO - qdiff.block_recon -   Total loss:	705.991 (rec:0.186, round:705.805)	b=17.19	count=6500
12/16/2025 12:16:05 - INFO - qdiff.block_recon -   Total loss:	649.156 (rec:0.189, round:648.967)	b=16.62	count=7000
12/16/2025 12:16:12 - INFO - qdiff.block_recon -   Total loss:	597.276 (rec:0.242, round:597.034)	b=16.06	count=7500
12/16/2025 12:16:19 - INFO - qdiff.block_recon -   Total loss:	548.075 (rec:0.245, round:547.830)	b=15.50	count=8000
12/16/2025 12:16:26 - INFO - qdiff.block_recon -   Total loss:	500.899 (rec:0.221, round:500.678)	b=14.94	count=8500
12/16/2025 12:16:33 - INFO - qdiff.block_recon -   Total loss:	455.532 (rec:0.221, round:455.311)	b=14.38	count=9000
12/16/2025 12:16:40 - INFO - qdiff.block_recon -   Total loss:	413.679 (rec:0.230, round:413.449)	b=13.81	count=9500
12/16/2025 12:16:47 - INFO - qdiff.block_recon -   Total loss:	374.602 (rec:0.182, round:374.421)	b=13.25	count=10000
12/16/2025 12:16:53 - INFO - qdiff.block_recon -   Total loss:	337.181 (rec:0.200, round:336.982)	b=12.69	count=10500
12/16/2025 12:17:00 - INFO - qdiff.block_recon -   Total loss:	302.609 (rec:0.203, round:302.405)	b=12.12	count=11000
12/16/2025 12:17:07 - INFO - qdiff.block_recon -   Total loss:	269.863 (rec:0.216, round:269.647)	b=11.56	count=11500
12/16/2025 12:17:14 - INFO - qdiff.block_recon -   Total loss:	239.288 (rec:0.203, round:239.085)	b=11.00	count=12000
12/16/2025 12:17:21 - INFO - qdiff.block_recon -   Total loss:	209.221 (rec:0.244, round:208.978)	b=10.44	count=12500
12/16/2025 12:17:28 - INFO - qdiff.block_recon -   Total loss:	181.753 (rec:0.218, round:181.535)	b=9.88	count=13000
12/16/2025 12:17:35 - INFO - qdiff.block_recon -   Total loss:	155.622 (rec:0.202, round:155.420)	b=9.31	count=13500
12/16/2025 12:17:41 - INFO - qdiff.block_recon -   Total loss:	130.329 (rec:0.220, round:130.109)	b=8.75	count=14000
12/16/2025 12:17:48 - INFO - qdiff.block_recon -   Total loss:	107.119 (rec:0.239, round:106.881)	b=8.19	count=14500
12/16/2025 12:17:55 - INFO - qdiff.block_recon -   Total loss:	86.263 (rec:0.235, round:86.028)	b=7.62	count=15000
12/16/2025 12:18:02 - INFO - qdiff.block_recon -   Total loss:	65.991 (rec:0.243, round:65.747)	b=7.06	count=15500
12/16/2025 12:18:09 - INFO - qdiff.block_recon -   Total loss:	47.578 (rec:0.168, round:47.410)	b=6.50	count=16000
12/16/2025 12:18:15 - INFO - qdiff.block_recon -   Total loss:	32.048 (rec:0.193, round:31.855)	b=5.94	count=16500
12/16/2025 12:18:22 - INFO - qdiff.block_recon -   Total loss:	18.247 (rec:0.237, round:18.010)	b=5.38	count=17000
12/16/2025 12:18:29 - INFO - qdiff.block_recon -   Total loss:	8.615 (rec:0.230, round:8.385)	b=4.81	count=17500
12/16/2025 12:18:36 - INFO - qdiff.block_recon -   Total loss:	2.936 (rec:0.199, round:2.737)	b=4.25	count=18000
12/16/2025 12:18:43 - INFO - qdiff.block_recon -   Total loss:	0.709 (rec:0.257, round:0.452)	b=3.69	count=18500
12/16/2025 12:18:49 - INFO - qdiff.block_recon -   Total loss:	0.228 (rec:0.203, round:0.025)	b=3.12	count=19000
12/16/2025 12:18:56 - INFO - qdiff.block_recon -   Total loss:	0.185 (rec:0.185, round:0.000)	b=2.56	count=19500
12/16/2025 12:19:03 - INFO - qdiff.block_recon -   Total loss:	0.260 (rec:0.260, round:0.000)	b=2.00	count=20000
12/16/2025 12:19:03 - INFO - __main__ -   downsample False
12/16/2025 12:19:03 - INFO - __main__ -   conv False
12/16/2025 12:19:03 - INFO - __main__ -   Reconstruction for layer conv
12/16/2025 12:19:32 - INFO - qdiff.timestep_aware_utils -   in shape: torch.Size([5120, 256, 17, 17])
12/16/2025 12:19:32 - INFO - qdiff.timestep_aware_utils -   out shape: torch.Size([5120, 256, 8, 8])
12/16/2025 12:19:35 - INFO - qdiff.layer_recon -   Total loss:	0.925 (rec:0.925, round:0.000)	b=0.00	count=500
12/16/2025 12:19:38 - INFO - qdiff.layer_recon -   Total loss:	0.812 (rec:0.812, round:0.000)	b=0.00	count=1000
12/16/2025 12:19:41 - INFO - qdiff.layer_recon -   Total loss:	0.816 (rec:0.816, round:0.000)	b=0.00	count=1500
12/16/2025 12:19:45 - INFO - qdiff.layer_recon -   Total loss:	0.723 (rec:0.723, round:0.000)	b=0.00	count=2000
12/16/2025 12:19:48 - INFO - qdiff.layer_recon -   Total loss:	0.871 (rec:0.871, round:0.000)	b=0.00	count=2500
12/16/2025 12:19:51 - INFO - qdiff.layer_recon -   Total loss:	0.926 (rec:0.926, round:0.000)	b=0.00	count=3000
12/16/2025 12:19:54 - INFO - qdiff.layer_recon -   Total loss:	0.706 (rec:0.706, round:0.000)	b=0.00	count=3500
12/16/2025 12:19:57 - INFO - qdiff.layer_recon -   Total loss:	4699.298 (rec:0.646, round:4698.652)	b=20.00	count=4000
12/16/2025 12:20:01 - INFO - qdiff.layer_recon -   Total loss:	2212.354 (rec:0.570, round:2211.783)	b=19.44	count=4500
12/16/2025 12:20:04 - INFO - qdiff.layer_recon -   Total loss:	1985.536 (rec:0.599, round:1984.937)	b=18.88	count=5000
12/16/2025 12:20:07 - INFO - qdiff.layer_recon -   Total loss:	1816.544 (rec:0.524, round:1816.020)	b=18.31	count=5500
12/16/2025 12:20:11 - INFO - qdiff.layer_recon -   Total loss:	1672.845 (rec:0.656, round:1672.189)	b=17.75	count=6000
12/16/2025 12:20:14 - INFO - qdiff.layer_recon -   Total loss:	1542.092 (rec:0.619, round:1541.473)	b=17.19	count=6500
12/16/2025 12:20:17 - INFO - qdiff.layer_recon -   Total loss:	1421.014 (rec:0.500, round:1420.514)	b=16.62	count=7000
12/16/2025 12:20:21 - INFO - qdiff.layer_recon -   Total loss:	1310.633 (rec:0.782, round:1309.851)	b=16.06	count=7500
12/16/2025 12:20:24 - INFO - qdiff.layer_recon -   Total loss:	1208.130 (rec:0.576, round:1207.554)	b=15.50	count=8000
12/16/2025 12:20:28 - INFO - qdiff.layer_recon -   Total loss:	1112.481 (rec:0.580, round:1111.901)	b=14.94	count=8500
12/16/2025 12:20:31 - INFO - qdiff.layer_recon -   Total loss:	1023.324 (rec:0.665, round:1022.659)	b=14.38	count=9000
12/16/2025 12:20:34 - INFO - qdiff.layer_recon -   Total loss:	939.142 (rec:0.777, round:938.365)	b=13.81	count=9500
12/16/2025 12:20:38 - INFO - qdiff.layer_recon -   Total loss:	859.175 (rec:0.493, round:858.681)	b=13.25	count=10000
12/16/2025 12:20:41 - INFO - qdiff.layer_recon -   Total loss:	785.713 (rec:0.585, round:785.129)	b=12.69	count=10500
12/16/2025 12:20:45 - INFO - qdiff.layer_recon -   Total loss:	714.841 (rec:0.554, round:714.287)	b=12.12	count=11000
12/16/2025 12:20:49 - INFO - qdiff.layer_recon -   Total loss:	648.643 (rec:0.558, round:648.085)	b=11.56	count=11500
12/16/2025 12:20:52 - INFO - qdiff.layer_recon -   Total loss:	584.922 (rec:0.657, round:584.265)	b=11.00	count=12000
12/16/2025 12:20:56 - INFO - qdiff.layer_recon -   Total loss:	523.576 (rec:0.554, round:523.021)	b=10.44	count=12500
12/16/2025 12:20:59 - INFO - qdiff.layer_recon -   Total loss:	465.266 (rec:0.683, round:464.583)	b=9.88	count=13000
12/16/2025 12:21:03 - INFO - qdiff.layer_recon -   Total loss:	408.382 (rec:0.646, round:407.736)	b=9.31	count=13500
12/16/2025 12:21:06 - INFO - qdiff.layer_recon -   Total loss:	354.273 (rec:0.721, round:353.552)	b=8.75	count=14000
12/16/2025 12:21:09 - INFO - qdiff.layer_recon -   Total loss:	301.574 (rec:0.754, round:300.821)	b=8.19	count=14500
12/16/2025 12:21:13 - INFO - qdiff.layer_recon -   Total loss:	251.217 (rec:0.681, round:250.536)	b=7.62	count=15000
12/16/2025 12:21:16 - INFO - qdiff.layer_recon -   Total loss:	202.081 (rec:0.574, round:201.508)	b=7.06	count=15500
12/16/2025 12:21:20 - INFO - qdiff.layer_recon -   Total loss:	157.379 (rec:0.712, round:156.667)	b=6.50	count=16000
12/16/2025 12:21:23 - INFO - qdiff.layer_recon -   Total loss:	114.961 (rec:0.696, round:114.265)	b=5.94	count=16500
12/16/2025 12:21:27 - INFO - qdiff.layer_recon -   Total loss:	77.335 (rec:0.610, round:76.725)	b=5.38	count=17000
12/16/2025 12:21:30 - INFO - qdiff.layer_recon -   Total loss:	44.710 (rec:0.661, round:44.049)	b=4.81	count=17500
12/16/2025 12:21:34 - INFO - qdiff.layer_recon -   Total loss:	20.674 (rec:0.813, round:19.861)	b=4.25	count=18000
12/16/2025 12:21:37 - INFO - qdiff.layer_recon -   Total loss:	6.361 (rec:0.626, round:5.735)	b=3.69	count=18500
12/16/2025 12:21:40 - INFO - qdiff.layer_recon -   Total loss:	1.290 (rec:0.591, round:0.700)	b=3.12	count=19000
12/16/2025 12:21:44 - INFO - qdiff.layer_recon -   Total loss:	0.663 (rec:0.648, round:0.015)	b=2.56	count=19500
12/16/2025 12:21:47 - INFO - qdiff.layer_recon -   Total loss:	0.699 (rec:0.699, round:0.000)	b=2.00	count=20000
12/16/2025 12:21:48 - INFO - __main__ -   2 False
12/16/2025 12:21:48 - INFO - __main__ -   block False
12/16/2025 12:21:48 - INFO - __main__ -   0 True
12/16/2025 12:21:48 - INFO - __main__ -   Reconstruction for block 0
12/16/2025 12:22:19 - INFO - qdiff.timestep_aware_utils -   in 1 shape: torch.Size([5120, 256, 8, 8]), in 2 shape: torch.Size([5120, 512])
12/16/2025 12:22:19 - INFO - qdiff.timestep_aware_utils -   out shape: torch.Size([5120, 256, 8, 8])
12/16/2025 12:22:22 - INFO - qdiff.block_recon -   Total loss:	51.009 (rec:51.009, round:0.000)	b=0.00	count=500
12/16/2025 12:22:25 - INFO - qdiff.block_recon -   Total loss:	49.677 (rec:49.677, round:0.000)	b=0.00	count=1000
12/16/2025 12:22:28 - INFO - qdiff.block_recon -   Total loss:	49.608 (rec:49.608, round:0.000)	b=0.00	count=1500
12/16/2025 12:22:31 - INFO - qdiff.block_recon -   Total loss:	51.396 (rec:51.396, round:0.000)	b=0.00	count=2000
12/16/2025 12:22:34 - INFO - qdiff.block_recon -   Total loss:	51.006 (rec:51.006, round:0.000)	b=0.00	count=2500
12/16/2025 12:22:38 - INFO - qdiff.block_recon -   Total loss:	50.569 (rec:50.569, round:0.000)	b=0.00	count=3000
12/16/2025 12:22:41 - INFO - qdiff.block_recon -   Total loss:	49.784 (rec:49.784, round:0.000)	b=0.00	count=3500
12/16/2025 12:22:44 - INFO - qdiff.block_recon -   Total loss:	11157.151 (rec:50.270, round:11106.881)	b=20.00	count=4000
12/16/2025 12:22:48 - INFO - qdiff.block_recon -   Total loss:	5837.889 (rec:49.842, round:5788.046)	b=19.44	count=4500
12/16/2025 12:22:52 - INFO - qdiff.block_recon -   Total loss:	5295.915 (rec:50.119, round:5245.796)	b=18.88	count=5000
12/16/2025 12:22:57 - INFO - qdiff.block_recon -   Total loss:	4890.970 (rec:48.697, round:4842.272)	b=18.31	count=5500
12/16/2025 12:23:01 - INFO - qdiff.block_recon -   Total loss:	4528.446 (rec:50.064, round:4478.381)	b=17.75	count=6000
12/16/2025 12:23:05 - INFO - qdiff.block_recon -   Total loss:	4190.786 (rec:51.041, round:4139.745)	b=17.19	count=6500
12/16/2025 12:23:09 - INFO - qdiff.block_recon -   Total loss:	3873.850 (rec:50.341, round:3823.509)	b=16.62	count=7000
12/16/2025 12:23:13 - INFO - qdiff.block_recon -   Total loss:	3578.691 (rec:50.233, round:3528.458)	b=16.06	count=7500
12/16/2025 12:23:17 - INFO - qdiff.block_recon -   Total loss:	3298.334 (rec:51.414, round:3246.920)	b=15.50	count=8000
12/16/2025 12:23:21 - INFO - qdiff.block_recon -   Total loss:	3032.193 (rec:50.690, round:2981.502)	b=14.94	count=8500
12/16/2025 12:23:25 - INFO - qdiff.block_recon -   Total loss:	2786.669 (rec:51.842, round:2734.827)	b=14.38	count=9000
12/16/2025 12:23:29 - INFO - qdiff.block_recon -   Total loss:	2552.609 (rec:49.229, round:2503.380)	b=13.81	count=9500
12/16/2025 12:23:33 - INFO - qdiff.block_recon -   Total loss:	2331.091 (rec:47.773, round:2283.318)	b=13.25	count=10000
12/16/2025 12:23:37 - INFO - qdiff.block_recon -   Total loss:	2125.657 (rec:48.587, round:2077.070)	b=12.69	count=10500
12/16/2025 12:23:41 - INFO - qdiff.block_recon -   Total loss:	1938.799 (rec:52.655, round:1886.144)	b=12.12	count=11000
12/16/2025 12:23:46 - INFO - qdiff.block_recon -   Total loss:	1754.968 (rec:48.075, round:1706.893)	b=11.56	count=11500
12/16/2025 12:23:50 - INFO - qdiff.block_recon -   Total loss:	1588.803 (rec:50.258, round:1538.545)	b=11.00	count=12000
12/16/2025 12:23:54 - INFO - qdiff.block_recon -   Total loss:	1426.947 (rec:47.327, round:1379.620)	b=10.44	count=12500
12/16/2025 12:23:58 - INFO - qdiff.block_recon -   Total loss:	1277.340 (rec:49.265, round:1228.074)	b=9.88	count=13000
12/16/2025 12:24:02 - INFO - qdiff.block_recon -   Total loss:	1139.054 (rec:52.189, round:1086.865)	b=9.31	count=13500
12/16/2025 12:24:06 - INFO - qdiff.block_recon -   Total loss:	1003.542 (rec:49.978, round:953.564)	b=8.75	count=14000
12/16/2025 12:24:10 - INFO - qdiff.block_recon -   Total loss:	877.116 (rec:50.864, round:826.251)	b=8.19	count=14500
12/16/2025 12:24:14 - INFO - qdiff.block_recon -   Total loss:	752.980 (rec:47.162, round:705.818)	b=7.62	count=15000
12/16/2025 12:24:18 - INFO - qdiff.block_recon -   Total loss:	640.724 (rec:47.979, round:592.745)	b=7.06	count=15500
12/16/2025 12:24:23 - INFO - qdiff.block_recon -   Total loss:	534.674 (rec:49.519, round:485.155)	b=6.50	count=16000
12/16/2025 12:24:27 - INFO - qdiff.block_recon -   Total loss:	432.860 (rec:49.065, round:383.795)	b=5.94	count=16500
12/16/2025 12:24:31 - INFO - qdiff.block_recon -   Total loss:	338.780 (rec:49.159, round:289.621)	b=5.38	count=17000
12/16/2025 12:24:35 - INFO - qdiff.block_recon -   Total loss:	252.370 (rec:49.449, round:202.921)	b=4.81	count=17500
12/16/2025 12:24:39 - INFO - qdiff.block_recon -   Total loss:	175.882 (rec:49.267, round:126.616)	b=4.25	count=18000
12/16/2025 12:24:43 - INFO - qdiff.block_recon -   Total loss:	110.961 (rec:46.694, round:64.267)	b=3.69	count=18500
12/16/2025 12:24:47 - INFO - qdiff.block_recon -   Total loss:	68.997 (rec:48.611, round:20.386)	b=3.12	count=19000
12/16/2025 12:24:51 - INFO - qdiff.block_recon -   Total loss:	51.637 (rec:49.091, round:2.547)	b=2.56	count=19500
12/16/2025 12:24:55 - INFO - qdiff.block_recon -   Total loss:	49.362 (rec:49.287, round:0.075)	b=2.00	count=20000
12/16/2025 12:24:55 - INFO - __main__ -   1 True
12/16/2025 12:24:55 - INFO - __main__ -   Reconstruction for block 1
12/16/2025 12:25:27 - INFO - qdiff.timestep_aware_utils -   in 1 shape: torch.Size([5120, 256, 8, 8]), in 2 shape: torch.Size([5120, 512])
12/16/2025 12:25:27 - INFO - qdiff.timestep_aware_utils -   out shape: torch.Size([5120, 256, 8, 8])
12/16/2025 12:25:30 - INFO - qdiff.block_recon -   Total loss:	41.645 (rec:41.645, round:0.000)	b=0.00	count=500
12/16/2025 12:25:33 - INFO - qdiff.block_recon -   Total loss:	39.573 (rec:39.573, round:0.000)	b=0.00	count=1000
12/16/2025 12:25:36 - INFO - qdiff.block_recon -   Total loss:	37.764 (rec:37.764, round:0.000)	b=0.00	count=1500
12/16/2025 12:25:40 - INFO - qdiff.block_recon -   Total loss:	40.593 (rec:40.593, round:0.000)	b=0.00	count=2000
12/16/2025 12:25:43 - INFO - qdiff.block_recon -   Total loss:	41.469 (rec:41.469, round:0.000)	b=0.00	count=2500
12/16/2025 12:25:46 - INFO - qdiff.block_recon -   Total loss:	41.398 (rec:41.398, round:0.000)	b=0.00	count=3000
12/16/2025 12:25:49 - INFO - qdiff.block_recon -   Total loss:	39.300 (rec:39.300, round:0.000)	b=0.00	count=3500
12/16/2025 12:25:53 - INFO - qdiff.block_recon -   Total loss:	11134.312 (rec:37.699, round:11096.613)	b=20.00	count=4000
12/16/2025 12:25:57 - INFO - qdiff.block_recon -   Total loss:	5768.571 (rec:37.277, round:5731.294)	b=19.44	count=4500
12/16/2025 12:26:01 - INFO - qdiff.block_recon -   Total loss:	5247.162 (rec:42.566, round:5204.596)	b=18.88	count=5000
12/16/2025 12:26:05 - INFO - qdiff.block_recon -   Total loss:	4845.609 (rec:40.840, round:4804.769)	b=18.31	count=5500
12/16/2025 12:26:09 - INFO - qdiff.block_recon -   Total loss:	4487.951 (rec:41.894, round:4446.056)	b=17.75	count=6000
12/16/2025 12:26:13 - INFO - qdiff.block_recon -   Total loss:	4147.768 (rec:38.072, round:4109.696)	b=17.19	count=6500
12/16/2025 12:26:17 - INFO - qdiff.block_recon -   Total loss:	3836.325 (rec:40.794, round:3795.532)	b=16.62	count=7000
12/16/2025 12:26:21 - INFO - qdiff.block_recon -   Total loss:	3542.240 (rec:42.461, round:3499.779)	b=16.06	count=7500
12/16/2025 12:26:25 - INFO - qdiff.block_recon -   Total loss:	3257.329 (rec:37.666, round:3219.663)	b=15.50	count=8000
12/16/2025 12:26:30 - INFO - qdiff.block_recon -   Total loss:	2995.960 (rec:38.342, round:2957.618)	b=14.94	count=8500
12/16/2025 12:26:34 - INFO - qdiff.block_recon -   Total loss:	2748.041 (rec:39.752, round:2708.289)	b=14.38	count=9000
12/16/2025 12:26:38 - INFO - qdiff.block_recon -   Total loss:	2513.340 (rec:37.943, round:2475.397)	b=13.81	count=9500
12/16/2025 12:26:42 - INFO - qdiff.block_recon -   Total loss:	2296.271 (rec:39.224, round:2257.047)	b=13.25	count=10000
12/16/2025 12:26:46 - INFO - qdiff.block_recon -   Total loss:	2090.232 (rec:38.623, round:2051.609)	b=12.69	count=10500
12/16/2025 12:26:50 - INFO - qdiff.block_recon -   Total loss:	1897.951 (rec:37.870, round:1860.081)	b=12.12	count=11000
12/16/2025 12:26:54 - INFO - qdiff.block_recon -   Total loss:	1723.183 (rec:42.565, round:1680.618)	b=11.56	count=11500
12/16/2025 12:26:58 - INFO - qdiff.block_recon -   Total loss:	1550.919 (rec:37.943, round:1512.977)	b=11.00	count=12000
12/16/2025 12:27:02 - INFO - qdiff.block_recon -   Total loss:	1394.661 (rec:38.659, round:1356.002)	b=10.44	count=12500
12/16/2025 12:27:06 - INFO - qdiff.block_recon -   Total loss:	1246.231 (rec:40.120, round:1206.111)	b=9.88	count=13000
12/16/2025 12:27:10 - INFO - qdiff.block_recon -   Total loss:	1105.841 (rec:38.679, round:1067.162)	b=9.31	count=13500
12/16/2025 12:27:13 - INFO - qdiff.block_recon -   Total loss:	971.683 (rec:38.425, round:933.258)	b=8.75	count=14000
12/16/2025 12:27:17 - INFO - qdiff.block_recon -   Total loss:	846.194 (rec:39.346, round:806.847)	b=8.19	count=14500
12/16/2025 12:27:21 - INFO - qdiff.block_recon -   Total loss:	729.435 (rec:40.798, round:688.637)	b=7.62	count=15000
12/16/2025 12:27:25 - INFO - qdiff.block_recon -   Total loss:	618.746 (rec:43.131, round:575.615)	b=7.06	count=15500
12/16/2025 12:27:29 - INFO - qdiff.block_recon -   Total loss:	509.160 (rec:41.100, round:468.060)	b=6.50	count=16000
12/16/2025 12:27:33 - INFO - qdiff.block_recon -   Total loss:	407.664 (rec:38.944, round:368.720)	b=5.94	count=16500
12/16/2025 12:27:37 - INFO - qdiff.block_recon -   Total loss:	315.981 (rec:39.478, round:276.503)	b=5.38	count=17000
12/16/2025 12:27:41 - INFO - qdiff.block_recon -   Total loss:	232.978 (rec:40.894, round:192.085)	b=4.81	count=17500
12/16/2025 12:27:45 - INFO - qdiff.block_recon -   Total loss:	159.418 (rec:41.093, round:118.325)	b=4.25	count=18000
12/16/2025 12:27:49 - INFO - qdiff.block_recon -   Total loss:	98.971 (rec:40.352, round:58.619)	b=3.69	count=18500
12/16/2025 12:27:53 - INFO - qdiff.block_recon -   Total loss:	57.620 (rec:39.256, round:18.364)	b=3.12	count=19000
12/16/2025 12:27:57 - INFO - qdiff.block_recon -   Total loss:	41.488 (rec:39.359, round:2.129)	b=2.56	count=19500
12/16/2025 12:28:01 - INFO - qdiff.block_recon -   Total loss:	44.323 (rec:44.278, round:0.046)	b=2.00	count=20000
12/16/2025 12:28:01 - INFO - __main__ -   attn False
12/16/2025 12:28:01 - INFO - __main__ -   downsample False
12/16/2025 12:28:01 - INFO - __main__ -   conv False
12/16/2025 12:28:01 - INFO - __main__ -   Reconstruction for layer conv
12/16/2025 12:28:33 - INFO - qdiff.timestep_aware_utils -   in shape: torch.Size([5120, 256, 9, 9])
12/16/2025 12:28:33 - INFO - qdiff.timestep_aware_utils -   out shape: torch.Size([5120, 256, 4, 4])
12/16/2025 12:28:34 - INFO - qdiff.layer_recon -   Total loss:	19.518 (rec:19.518, round:0.000)	b=0.00	count=500
12/16/2025 12:28:36 - INFO - qdiff.layer_recon -   Total loss:	19.316 (rec:19.316, round:0.000)	b=0.00	count=1000
12/16/2025 12:28:37 - INFO - qdiff.layer_recon -   Total loss:	20.327 (rec:20.327, round:0.000)	b=0.00	count=1500
12/16/2025 12:28:39 - INFO - qdiff.layer_recon -   Total loss:	16.194 (rec:16.194, round:0.000)	b=0.00	count=2000
12/16/2025 12:28:40 - INFO - qdiff.layer_recon -   Total loss:	13.539 (rec:13.539, round:0.000)	b=0.00	count=2500
12/16/2025 12:28:41 - INFO - qdiff.layer_recon -   Total loss:	16.193 (rec:16.193, round:0.000)	b=0.00	count=3000
12/16/2025 12:28:43 - INFO - qdiff.layer_recon -   Total loss:	15.361 (rec:15.361, round:0.000)	b=0.00	count=3500
12/16/2025 12:28:44 - INFO - qdiff.layer_recon -   Total loss:	4762.195 (rec:16.790, round:4745.406)	b=20.00	count=4000
12/16/2025 12:28:46 - INFO - qdiff.layer_recon -   Total loss:	2740.510 (rec:13.373, round:2727.137)	b=19.44	count=4500
12/16/2025 12:28:48 - INFO - qdiff.layer_recon -   Total loss:	2478.066 (rec:13.011, round:2465.055)	b=18.88	count=5000
12/16/2025 12:28:50 - INFO - qdiff.layer_recon -   Total loss:	2283.040 (rec:13.293, round:2269.747)	b=18.31	count=5500
12/16/2025 12:28:51 - INFO - qdiff.layer_recon -   Total loss:	2113.902 (rec:14.974, round:2098.927)	b=17.75	count=6000
12/16/2025 12:28:53 - INFO - qdiff.layer_recon -   Total loss:	1958.053 (rec:13.525, round:1944.528)	b=17.19	count=6500
12/16/2025 12:28:55 - INFO - qdiff.layer_recon -   Total loss:	1816.235 (rec:11.403, round:1804.832)	b=16.62	count=7000
12/16/2025 12:28:57 - INFO - qdiff.layer_recon -   Total loss:	1691.260 (rec:13.605, round:1677.654)	b=16.06	count=7500
12/16/2025 12:28:58 - INFO - qdiff.layer_recon -   Total loss:	1573.374 (rec:13.212, round:1560.162)	b=15.50	count=8000
12/16/2025 12:29:00 - INFO - qdiff.layer_recon -   Total loss:	1462.400 (rec:11.855, round:1450.546)	b=14.94	count=8500
12/16/2025 12:29:02 - INFO - qdiff.layer_recon -   Total loss:	1362.303 (rec:13.791, round:1348.512)	b=14.38	count=9000
12/16/2025 12:29:04 - INFO - qdiff.layer_recon -   Total loss:	1267.922 (rec:13.595, round:1254.327)	b=13.81	count=9500
12/16/2025 12:29:05 - INFO - qdiff.layer_recon -   Total loss:	1180.273 (rec:12.811, round:1167.461)	b=13.25	count=10000
12/16/2025 12:29:07 - INFO - qdiff.layer_recon -   Total loss:	1098.179 (rec:15.220, round:1082.959)	b=12.69	count=10500
12/16/2025 12:29:09 - INFO - qdiff.layer_recon -   Total loss:	1016.008 (rec:13.490, round:1002.518)	b=12.12	count=11000
12/16/2025 12:29:11 - INFO - qdiff.layer_recon -   Total loss:	940.768 (rec:14.817, round:925.951)	b=11.56	count=11500
12/16/2025 12:29:12 - INFO - qdiff.layer_recon -   Total loss:	864.553 (rec:12.127, round:852.426)	b=11.00	count=12000
12/16/2025 12:29:14 - INFO - qdiff.layer_recon -   Total loss:	795.289 (rec:12.403, round:782.885)	b=10.44	count=12500
12/16/2025 12:29:16 - INFO - qdiff.layer_recon -   Total loss:	729.463 (rec:12.672, round:716.791)	b=9.88	count=13000
12/16/2025 12:29:18 - INFO - qdiff.layer_recon -   Total loss:	665.924 (rec:12.981, round:652.943)	b=9.31	count=13500
12/16/2025 12:29:20 - INFO - qdiff.layer_recon -   Total loss:	602.721 (rec:13.104, round:589.617)	b=8.75	count=14000
12/16/2025 12:29:21 - INFO - qdiff.layer_recon -   Total loss:	539.492 (rec:11.851, round:527.641)	b=8.19	count=14500
12/16/2025 12:29:23 - INFO - qdiff.layer_recon -   Total loss:	480.101 (rec:12.540, round:467.561)	b=7.62	count=15000
12/16/2025 12:29:25 - INFO - qdiff.layer_recon -   Total loss:	421.544 (rec:13.589, round:407.955)	b=7.06	count=15500
12/16/2025 12:29:27 - INFO - qdiff.layer_recon -   Total loss:	365.308 (rec:14.704, round:350.604)	b=6.50	count=16000
12/16/2025 12:29:28 - INFO - qdiff.layer_recon -   Total loss:	306.212 (rec:13.028, round:293.184)	b=5.94	count=16500
12/16/2025 12:29:30 - INFO - qdiff.layer_recon -   Total loss:	252.109 (rec:14.327, round:237.782)	b=5.38	count=17000
12/16/2025 12:29:32 - INFO - qdiff.layer_recon -   Total loss:	195.512 (rec:12.078, round:183.434)	b=4.81	count=17500
12/16/2025 12:29:34 - INFO - qdiff.layer_recon -   Total loss:	142.967 (rec:12.261, round:130.706)	b=4.25	count=18000
12/16/2025 12:29:35 - INFO - qdiff.layer_recon -   Total loss:	93.956 (rec:12.823, round:81.132)	b=3.69	count=18500
12/16/2025 12:29:37 - INFO - qdiff.layer_recon -   Total loss:	51.008 (rec:12.973, round:38.036)	b=3.12	count=19000
12/16/2025 12:29:39 - INFO - qdiff.layer_recon -   Total loss:	20.649 (rec:11.453, round:9.196)	b=2.56	count=19500
12/16/2025 12:29:41 - INFO - qdiff.layer_recon -   Total loss:	13.465 (rec:12.671, round:0.794)	b=2.00	count=20000
12/16/2025 12:29:41 - INFO - __main__ -   3 False
12/16/2025 12:29:41 - INFO - __main__ -   block False
12/16/2025 12:29:41 - INFO - __main__ -   0 True
12/16/2025 12:29:41 - INFO - __main__ -   Reconstruction for block 0
12/16/2025 12:30:14 - INFO - qdiff.timestep_aware_utils -   in 1 shape: torch.Size([5120, 256, 4, 4]), in 2 shape: torch.Size([5120, 512])
12/16/2025 12:30:14 - INFO - qdiff.timestep_aware_utils -   out shape: torch.Size([5120, 256, 4, 4])
12/16/2025 12:30:16 - INFO - qdiff.block_recon -   Total loss:	400.178 (rec:400.178, round:0.000)	b=0.00	count=500
12/16/2025 12:30:18 - INFO - qdiff.block_recon -   Total loss:	409.871 (rec:409.871, round:0.000)	b=0.00	count=1000
12/16/2025 12:30:21 - INFO - qdiff.block_recon -   Total loss:	379.748 (rec:379.748, round:0.000)	b=0.00	count=1500
12/16/2025 12:30:23 - INFO - qdiff.block_recon -   Total loss:	386.817 (rec:386.817, round:0.000)	b=0.00	count=2000
12/16/2025 12:30:25 - INFO - qdiff.block_recon -   Total loss:	444.506 (rec:444.506, round:0.000)	b=0.00	count=2500
12/16/2025 12:30:27 - INFO - qdiff.block_recon -   Total loss:	392.432 (rec:392.432, round:0.000)	b=0.00	count=3000
12/16/2025 12:30:29 - INFO - qdiff.block_recon -   Total loss:	383.820 (rec:383.820, round:0.000)	b=0.00	count=3500
12/16/2025 12:30:32 - INFO - qdiff.block_recon -   Total loss:	12081.543 (rec:403.061, round:11678.481)	b=20.00	count=4000
12/16/2025 12:30:35 - INFO - qdiff.block_recon -   Total loss:	7899.013 (rec:399.199, round:7499.813)	b=19.44	count=4500
12/16/2025 12:30:38 - INFO - qdiff.block_recon -   Total loss:	7362.444 (rec:398.340, round:6964.104)	b=18.88	count=5000
12/16/2025 12:30:41 - INFO - qdiff.block_recon -   Total loss:	6999.831 (rec:406.082, round:6593.749)	b=18.31	count=5500
12/16/2025 12:30:44 - INFO - qdiff.block_recon -   Total loss:	6641.171 (rec:371.186, round:6269.985)	b=17.75	count=6000
12/16/2025 12:30:47 - INFO - qdiff.block_recon -   Total loss:	6362.853 (rec:396.104, round:5966.749)	b=17.19	count=6500
12/16/2025 12:30:50 - INFO - qdiff.block_recon -   Total loss:	6046.494 (rec:371.901, round:5674.593)	b=16.62	count=7000
12/16/2025 12:30:53 - INFO - qdiff.block_recon -   Total loss:	5786.377 (rec:393.048, round:5393.330)	b=16.06	count=7500
12/16/2025 12:30:56 - INFO - qdiff.block_recon -   Total loss:	5510.387 (rec:390.712, round:5119.675)	b=15.50	count=8000
12/16/2025 12:30:59 - INFO - qdiff.block_recon -   Total loss:	5259.975 (rec:410.489, round:4849.486)	b=14.94	count=8500
12/16/2025 12:31:02 - INFO - qdiff.block_recon -   Total loss:	4984.844 (rec:396.917, round:4587.927)	b=14.38	count=9000
12/16/2025 12:31:05 - INFO - qdiff.block_recon -   Total loss:	4745.364 (rec:414.380, round:4330.984)	b=13.81	count=9500
12/16/2025 12:31:08 - INFO - qdiff.block_recon -   Total loss:	4467.468 (rec:385.739, round:4081.729)	b=13.25	count=10000
12/16/2025 12:31:11 - INFO - qdiff.block_recon -   Total loss:	4188.941 (rec:356.190, round:3832.751)	b=12.69	count=10500
12/16/2025 12:31:14 - INFO - qdiff.block_recon -   Total loss:	3967.382 (rec:378.511, round:3588.871)	b=12.12	count=11000
12/16/2025 12:31:17 - INFO - qdiff.block_recon -   Total loss:	3732.221 (rec:379.745, round:3352.476)	b=11.56	count=11500
12/16/2025 12:31:21 - INFO - qdiff.block_recon -   Total loss:	3481.146 (rec:365.705, round:3115.442)	b=11.00	count=12000
12/16/2025 12:31:24 - INFO - qdiff.block_recon -   Total loss:	3272.661 (rec:386.439, round:2886.223)	b=10.44	count=12500
12/16/2025 12:31:27 - INFO - qdiff.block_recon -   Total loss:	3091.544 (rec:432.884, round:2658.660)	b=9.88	count=13000
12/16/2025 12:31:30 - INFO - qdiff.block_recon -   Total loss:	2820.137 (rec:386.035, round:2434.102)	b=9.31	count=13500
12/16/2025 12:31:33 - INFO - qdiff.block_recon -   Total loss:	2591.217 (rec:377.000, round:2214.218)	b=8.75	count=14000
12/16/2025 12:31:36 - INFO - qdiff.block_recon -   Total loss:	2406.548 (rec:407.997, round:1998.551)	b=8.19	count=14500
12/16/2025 12:31:39 - INFO - qdiff.block_recon -   Total loss:	2168.118 (rec:379.074, round:1789.043)	b=7.62	count=15000
12/16/2025 12:31:42 - INFO - qdiff.block_recon -   Total loss:	1935.547 (rec:356.214, round:1579.333)	b=7.06	count=15500
12/16/2025 12:31:45 - INFO - qdiff.block_recon -   Total loss:	1777.090 (rec:403.259, round:1373.831)	b=6.50	count=16000
12/16/2025 12:31:48 - INFO - qdiff.block_recon -   Total loss:	1580.081 (rec:409.661, round:1170.420)	b=5.94	count=16500
12/16/2025 12:31:51 - INFO - qdiff.block_recon -   Total loss:	1329.034 (rec:360.270, round:968.763)	b=5.38	count=17000
12/16/2025 12:31:54 - INFO - qdiff.block_recon -   Total loss:	1169.874 (rec:400.129, round:769.746)	b=4.81	count=17500
12/16/2025 12:31:57 - INFO - qdiff.block_recon -   Total loss:	966.406 (rec:389.041, round:577.365)	b=4.25	count=18000
12/16/2025 12:32:00 - INFO - qdiff.block_recon -   Total loss:	789.657 (rec:395.519, round:394.138)	b=3.69	count=18500
12/16/2025 12:32:03 - INFO - qdiff.block_recon -   Total loss:	613.368 (rec:388.519, round:224.849)	b=3.12	count=19000
12/16/2025 12:32:06 - INFO - qdiff.block_recon -   Total loss:	458.745 (rec:370.667, round:88.078)	b=2.56	count=19500
12/16/2025 12:32:09 - INFO - qdiff.block_recon -   Total loss:	434.283 (rec:418.865, round:15.418)	b=2.00	count=20000
12/16/2025 12:32:09 - INFO - __main__ -   1 True
12/16/2025 12:32:09 - INFO - __main__ -   Reconstruction for block 1
12/16/2025 12:32:44 - INFO - qdiff.timestep_aware_utils -   in 1 shape: torch.Size([5120, 256, 4, 4]), in 2 shape: torch.Size([5120, 512])
12/16/2025 12:32:44 - INFO - qdiff.timestep_aware_utils -   out shape: torch.Size([5120, 256, 4, 4])
12/16/2025 12:32:47 - INFO - qdiff.block_recon -   Total loss:	396.074 (rec:396.074, round:0.000)	b=0.00	count=500
12/16/2025 12:32:49 - INFO - qdiff.block_recon -   Total loss:	364.438 (rec:364.438, round:0.000)	b=0.00	count=1000
12/16/2025 12:32:51 - INFO - qdiff.block_recon -   Total loss:	375.040 (rec:375.040, round:0.000)	b=0.00	count=1500
12/16/2025 12:32:53 - INFO - qdiff.block_recon -   Total loss:	410.803 (rec:410.803, round:0.000)	b=0.00	count=2000
12/16/2025 12:32:55 - INFO - qdiff.block_recon -   Total loss:	358.255 (rec:358.255, round:0.000)	b=0.00	count=2500
12/16/2025 12:32:58 - INFO - qdiff.block_recon -   Total loss:	393.673 (rec:393.673, round:0.000)	b=0.00	count=3000
12/16/2025 12:33:00 - INFO - qdiff.block_recon -   Total loss:	394.278 (rec:394.278, round:0.000)	b=0.00	count=3500
12/16/2025 12:33:02 - INFO - qdiff.block_recon -   Total loss:	11990.235 (rec:406.113, round:11584.122)	b=20.00	count=4000
12/16/2025 12:33:05 - INFO - qdiff.block_recon -   Total loss:	7754.675 (rec:360.148, round:7394.527)	b=19.44	count=4500
12/16/2025 12:33:08 - INFO - qdiff.block_recon -   Total loss:	7225.741 (rec:371.827, round:6853.914)	b=18.88	count=5000
12/16/2025 12:33:11 - INFO - qdiff.block_recon -   Total loss:	6863.133 (rec:384.907, round:6478.226)	b=18.31	count=5500
12/16/2025 12:33:14 - INFO - qdiff.block_recon -   Total loss:	6525.672 (rec:376.737, round:6148.935)	b=17.75	count=6000
12/16/2025 12:33:18 - INFO - qdiff.block_recon -   Total loss:	6196.258 (rec:356.413, round:5839.846)	b=17.19	count=6500
12/16/2025 12:33:21 - INFO - qdiff.block_recon -   Total loss:	5951.859 (rec:407.517, round:5544.343)	b=16.62	count=7000
12/16/2025 12:33:24 - INFO - qdiff.block_recon -   Total loss:	5629.791 (rec:371.344, round:5258.446)	b=16.06	count=7500
12/16/2025 12:33:27 - INFO - qdiff.block_recon -   Total loss:	5349.273 (rec:369.572, round:4979.702)	b=15.50	count=8000
12/16/2025 12:33:30 - INFO - qdiff.block_recon -   Total loss:	5075.950 (rec:368.095, round:4707.855)	b=14.94	count=8500
12/16/2025 12:33:33 - INFO - qdiff.block_recon -   Total loss:	4817.971 (rec:373.741, round:4444.229)	b=14.38	count=9000
12/16/2025 12:33:36 - INFO - qdiff.block_recon -   Total loss:	4576.597 (rec:391.314, round:4185.283)	b=13.81	count=9500
12/16/2025 12:33:39 - INFO - qdiff.block_recon -   Total loss:	4317.729 (rec:386.756, round:3930.973)	b=13.25	count=10000
12/16/2025 12:33:42 - INFO - qdiff.block_recon -   Total loss:	4039.905 (rec:356.752, round:3683.154)	b=12.69	count=10500
12/16/2025 12:33:45 - INFO - qdiff.block_recon -   Total loss:	3837.030 (rec:396.882, round:3440.147)	b=12.12	count=11000
12/16/2025 12:33:48 - INFO - qdiff.block_recon -   Total loss:	3557.112 (rec:352.791, round:3204.321)	b=11.56	count=11500
12/16/2025 12:33:51 - INFO - qdiff.block_recon -   Total loss:	3367.878 (rec:392.984, round:2974.894)	b=11.00	count=12000
12/16/2025 12:33:54 - INFO - qdiff.block_recon -   Total loss:	3114.381 (rec:364.863, round:2749.518)	b=10.44	count=12500
12/16/2025 12:33:58 - INFO - qdiff.block_recon -   Total loss:	2912.979 (rec:384.326, round:2528.653)	b=9.88	count=13000
12/16/2025 12:34:01 - INFO - qdiff.block_recon -   Total loss:	2714.083 (rec:401.820, round:2312.262)	b=9.31	count=13500
12/16/2025 12:34:04 - INFO - qdiff.block_recon -   Total loss:	2496.932 (rec:394.106, round:2102.825)	b=8.75	count=14000
12/16/2025 12:34:07 - INFO - qdiff.block_recon -   Total loss:	2299.865 (rec:404.949, round:1894.916)	b=8.19	count=14500
12/16/2025 12:34:10 - INFO - qdiff.block_recon -   Total loss:	2064.183 (rec:374.466, round:1689.717)	b=7.62	count=15000
12/16/2025 12:34:13 - INFO - qdiff.block_recon -   Total loss:	1836.701 (rec:347.359, round:1489.342)	b=7.06	count=15500
12/16/2025 12:34:16 - INFO - qdiff.block_recon -   Total loss:	1660.669 (rec:369.687, round:1290.983)	b=6.50	count=16000
12/16/2025 12:34:19 - INFO - qdiff.block_recon -   Total loss:	1467.705 (rec:371.029, round:1096.676)	b=5.94	count=16500
12/16/2025 12:34:22 - INFO - qdiff.block_recon -   Total loss:	1260.182 (rec:356.025, round:904.157)	b=5.38	count=17000
12/16/2025 12:34:25 - INFO - qdiff.block_recon -   Total loss:	1093.483 (rec:375.815, round:717.668)	b=4.81	count=17500
12/16/2025 12:34:29 - INFO - qdiff.block_recon -   Total loss:	884.555 (rec:349.065, round:535.490)	b=4.25	count=18000
12/16/2025 12:34:32 - INFO - qdiff.block_recon -   Total loss:	759.164 (rec:396.048, round:363.117)	b=3.69	count=18500
12/16/2025 12:34:35 - INFO - qdiff.block_recon -   Total loss:	617.065 (rec:410.589, round:206.476)	b=3.12	count=19000
12/16/2025 12:34:38 - INFO - qdiff.block_recon -   Total loss:	435.645 (rec:355.962, round:79.682)	b=2.56	count=19500
12/16/2025 12:34:41 - INFO - qdiff.block_recon -   Total loss:	371.771 (rec:357.885, round:13.885)	b=2.00	count=20000
12/16/2025 12:34:41 - INFO - __main__ -   attn False
12/16/2025 12:34:41 - INFO - __main__ -   mid False
12/16/2025 12:34:41 - INFO - __main__ -   block_1 True
12/16/2025 12:34:41 - INFO - __main__ -   Reconstruction for block block_1
12/16/2025 12:35:17 - INFO - qdiff.timestep_aware_utils -   in 1 shape: torch.Size([5120, 256, 4, 4]), in 2 shape: torch.Size([5120, 512])
12/16/2025 12:35:17 - INFO - qdiff.timestep_aware_utils -   out shape: torch.Size([5120, 256, 4, 4])
12/16/2025 12:35:20 - INFO - qdiff.block_recon -   Total loss:	452.670 (rec:452.670, round:0.000)	b=0.00	count=500
12/16/2025 12:35:22 - INFO - qdiff.block_recon -   Total loss:	419.654 (rec:419.654, round:0.000)	b=0.00	count=1000
12/16/2025 12:35:24 - INFO - qdiff.block_recon -   Total loss:	415.525 (rec:415.525, round:0.000)	b=0.00	count=1500
12/16/2025 12:35:26 - INFO - qdiff.block_recon -   Total loss:	440.819 (rec:440.819, round:0.000)	b=0.00	count=2000
12/16/2025 12:35:29 - INFO - qdiff.block_recon -   Total loss:	395.733 (rec:395.733, round:0.000)	b=0.00	count=2500
12/16/2025 12:35:31 - INFO - qdiff.block_recon -   Total loss:	415.287 (rec:415.287, round:0.000)	b=0.00	count=3000
12/16/2025 12:35:33 - INFO - qdiff.block_recon -   Total loss:	401.761 (rec:401.761, round:0.000)	b=0.00	count=3500
12/16/2025 12:35:36 - INFO - qdiff.block_recon -   Total loss:	12002.216 (rec:396.387, round:11605.828)	b=20.00	count=4000
12/16/2025 12:35:39 - INFO - qdiff.block_recon -   Total loss:	7921.134 (rec:446.696, round:7474.438)	b=19.44	count=4500
12/16/2025 12:35:42 - INFO - qdiff.block_recon -   Total loss:	7373.133 (rec:444.226, round:6928.907)	b=18.88	count=5000
12/16/2025 12:35:45 - INFO - qdiff.block_recon -   Total loss:	6930.387 (rec:380.225, round:6550.161)	b=18.31	count=5500
12/16/2025 12:35:48 - INFO - qdiff.block_recon -   Total loss:	6615.891 (rec:396.791, round:6219.100)	b=17.75	count=6000
12/16/2025 12:35:51 - INFO - qdiff.block_recon -   Total loss:	6316.046 (rec:406.929, round:5909.117)	b=17.19	count=6500
12/16/2025 12:35:54 - INFO - qdiff.block_recon -   Total loss:	6036.133 (rec:424.887, round:5611.246)	b=16.62	count=7000
12/16/2025 12:35:57 - INFO - qdiff.block_recon -   Total loss:	5751.510 (rec:428.121, round:5323.389)	b=16.06	count=7500
12/16/2025 12:36:00 - INFO - qdiff.block_recon -   Total loss:	5418.156 (rec:375.550, round:5042.605)	b=15.50	count=8000
12/16/2025 12:36:03 - INFO - qdiff.block_recon -   Total loss:	5173.020 (rec:402.520, round:4770.499)	b=14.94	count=8500
12/16/2025 12:36:06 - INFO - qdiff.block_recon -   Total loss:	4902.059 (rec:395.280, round:4506.779)	b=14.38	count=9000
12/16/2025 12:36:09 - INFO - qdiff.block_recon -   Total loss:	4614.744 (rec:365.788, round:4248.956)	b=13.81	count=9500
12/16/2025 12:36:12 - INFO - qdiff.block_recon -   Total loss:	4392.833 (rec:395.667, round:3997.166)	b=13.25	count=10000
12/16/2025 12:36:15 - INFO - qdiff.block_recon -   Total loss:	4162.425 (rec:413.250, round:3749.175)	b=12.69	count=10500
12/16/2025 12:36:18 - INFO - qdiff.block_recon -   Total loss:	3877.847 (rec:373.364, round:3504.483)	b=12.12	count=11000
12/16/2025 12:36:21 - INFO - qdiff.block_recon -   Total loss:	3696.021 (rec:429.769, round:3266.252)	b=11.56	count=11500
12/16/2025 12:36:24 - INFO - qdiff.block_recon -   Total loss:	3418.463 (rec:384.971, round:3033.493)	b=11.00	count=12000
12/16/2025 12:36:27 - INFO - qdiff.block_recon -   Total loss:	3191.738 (rec:384.713, round:2807.025)	b=10.44	count=12500
12/16/2025 12:36:30 - INFO - qdiff.block_recon -   Total loss:	2990.089 (rec:402.706, round:2587.382)	b=9.88	count=13000
12/16/2025 12:36:33 - INFO - qdiff.block_recon -   Total loss:	2773.598 (rec:402.761, round:2370.838)	b=9.31	count=13500
12/16/2025 12:36:36 - INFO - qdiff.block_recon -   Total loss:	2523.566 (rec:364.937, round:2158.629)	b=8.75	count=14000
12/16/2025 12:36:39 - INFO - qdiff.block_recon -   Total loss:	2373.415 (rec:426.138, round:1947.277)	b=8.19	count=14500
12/16/2025 12:36:42 - INFO - qdiff.block_recon -   Total loss:	2143.471 (rec:401.712, round:1741.759)	b=7.62	count=15000
12/16/2025 12:36:45 - INFO - qdiff.block_recon -   Total loss:	1942.441 (rec:402.567, round:1539.874)	b=7.06	count=15500
12/16/2025 12:36:48 - INFO - qdiff.block_recon -   Total loss:	1731.890 (rec:391.323, round:1340.567)	b=6.50	count=16000
12/16/2025 12:36:51 - INFO - qdiff.block_recon -   Total loss:	1550.143 (rec:407.347, round:1142.797)	b=5.94	count=16500
12/16/2025 12:36:54 - INFO - qdiff.block_recon -   Total loss:	1347.269 (rec:399.328, round:947.941)	b=5.38	count=17000
12/16/2025 12:36:57 - INFO - qdiff.block_recon -   Total loss:	1147.484 (rec:391.455, round:756.029)	b=4.81	count=17500
12/16/2025 12:37:00 - INFO - qdiff.block_recon -   Total loss:	987.327 (rec:419.842, round:567.485)	b=4.25	count=18000
12/16/2025 12:37:03 - INFO - qdiff.block_recon -   Total loss:	788.680 (rec:400.023, round:388.656)	b=3.69	count=18500
12/16/2025 12:37:06 - INFO - qdiff.block_recon -   Total loss:	612.215 (rec:385.167, round:227.048)	b=3.12	count=19000
12/16/2025 12:37:09 - INFO - qdiff.block_recon -   Total loss:	504.756 (rec:412.039, round:92.717)	b=2.56	count=19500
12/16/2025 12:37:12 - INFO - qdiff.block_recon -   Total loss:	398.433 (rec:381.016, round:17.417)	b=2.00	count=20000
12/16/2025 12:37:12 - INFO - __main__ -   attn_1 True
12/16/2025 12:37:12 - INFO - __main__ -   Reconstruction for block attn_1
12/16/2025 12:37:50 - INFO - qdiff.timestep_aware_utils -   in shape: torch.Size([5120, 256, 4, 4])
12/16/2025 12:37:50 - INFO - qdiff.timestep_aware_utils -   out shape: torch.Size([5120, 256, 4, 4])
12/16/2025 12:37:53 - INFO - qdiff.block_recon -   Total loss:	33.413 (rec:33.413, round:0.000)	b=0.00	count=500
12/16/2025 12:37:55 - INFO - qdiff.block_recon -   Total loss:	34.982 (rec:34.982, round:0.000)	b=0.00	count=1000
12/16/2025 12:37:58 - INFO - qdiff.block_recon -   Total loss:	35.217 (rec:35.217, round:0.000)	b=0.00	count=1500
12/16/2025 12:38:00 - INFO - qdiff.block_recon -   Total loss:	34.552 (rec:34.552, round:0.000)	b=0.00	count=2000
12/16/2025 12:38:03 - INFO - qdiff.block_recon -   Total loss:	33.765 (rec:33.765, round:0.000)	b=0.00	count=2500
12/16/2025 12:38:05 - INFO - qdiff.block_recon -   Total loss:	32.620 (rec:32.620, round:0.000)	b=0.00	count=3000
12/16/2025 12:38:08 - INFO - qdiff.block_recon -   Total loss:	35.238 (rec:35.238, round:0.000)	b=0.00	count=3500
12/16/2025 12:38:10 - INFO - qdiff.block_recon -   Total loss:	2265.950 (rec:33.404, round:2232.546)	b=20.00	count=4000
12/16/2025 12:38:14 - INFO - qdiff.block_recon -   Total loss:	1298.160 (rec:32.552, round:1265.609)	b=19.44	count=4500
12/16/2025 12:38:17 - INFO - qdiff.block_recon -   Total loss:	1185.558 (rec:32.619, round:1152.939)	b=18.88	count=5000
12/16/2025 12:38:21 - INFO - qdiff.block_recon -   Total loss:	1105.770 (rec:34.034, round:1071.736)	b=18.31	count=5500
12/16/2025 12:38:24 - INFO - qdiff.block_recon -   Total loss:	1031.359 (rec:31.461, round:999.898)	b=17.75	count=6000
12/16/2025 12:38:28 - INFO - qdiff.block_recon -   Total loss:	966.059 (rec:32.847, round:933.212)	b=17.19	count=6500
12/16/2025 12:38:31 - INFO - qdiff.block_recon -   Total loss:	905.259 (rec:35.933, round:869.326)	b=16.62	count=7000
12/16/2025 12:38:35 - INFO - qdiff.block_recon -   Total loss:	844.263 (rec:33.829, round:810.435)	b=16.06	count=7500
12/16/2025 12:38:38 - INFO - qdiff.block_recon -   Total loss:	787.542 (rec:32.949, round:754.592)	b=15.50	count=8000
12/16/2025 12:38:42 - INFO - qdiff.block_recon -   Total loss:	734.508 (rec:33.967, round:700.541)	b=14.94	count=8500
12/16/2025 12:38:45 - INFO - qdiff.block_recon -   Total loss:	682.026 (rec:33.058, round:648.968)	b=14.38	count=9000
12/16/2025 12:38:49 - INFO - qdiff.block_recon -   Total loss:	632.646 (rec:32.469, round:600.177)	b=13.81	count=9500
12/16/2025 12:38:52 - INFO - qdiff.block_recon -   Total loss:	588.465 (rec:34.693, round:553.772)	b=13.25	count=10000
12/16/2025 12:38:56 - INFO - qdiff.block_recon -   Total loss:	542.639 (rec:34.189, round:508.450)	b=12.69	count=10500
12/16/2025 12:38:59 - INFO - qdiff.block_recon -   Total loss:	497.856 (rec:31.956, round:465.899)	b=12.12	count=11000
12/16/2025 12:39:03 - INFO - qdiff.block_recon -   Total loss:	458.134 (rec:32.505, round:425.629)	b=11.56	count=11500
12/16/2025 12:39:07 - INFO - qdiff.block_recon -   Total loss:	421.513 (rec:33.907, round:387.606)	b=11.00	count=12000
12/16/2025 12:39:10 - INFO - qdiff.block_recon -   Total loss:	385.861 (rec:35.450, round:350.411)	b=10.44	count=12500
12/16/2025 12:39:14 - INFO - qdiff.block_recon -   Total loss:	349.184 (rec:33.676, round:315.507)	b=9.88	count=13000
12/16/2025 12:39:17 - INFO - qdiff.block_recon -   Total loss:	314.783 (rec:33.082, round:281.701)	b=9.31	count=13500
12/16/2025 12:39:21 - INFO - qdiff.block_recon -   Total loss:	281.819 (rec:32.138, round:249.681)	b=8.75	count=14000
12/16/2025 12:39:24 - INFO - qdiff.block_recon -   Total loss:	254.033 (rec:34.566, round:219.467)	b=8.19	count=14500
12/16/2025 12:39:28 - INFO - qdiff.block_recon -   Total loss:	221.882 (rec:31.809, round:190.074)	b=7.62	count=15000
12/16/2025 12:39:31 - INFO - qdiff.block_recon -   Total loss:	197.503 (rec:35.460, round:162.043)	b=7.06	count=15500
12/16/2025 12:39:35 - INFO - qdiff.block_recon -   Total loss:	168.308 (rec:33.406, round:134.902)	b=6.50	count=16000
12/16/2025 12:39:38 - INFO - qdiff.block_recon -   Total loss:	142.941 (rec:33.797, round:109.144)	b=5.94	count=16500
12/16/2025 12:39:42 - INFO - qdiff.block_recon -   Total loss:	119.741 (rec:34.547, round:85.194)	b=5.38	count=17000
12/16/2025 12:39:46 - INFO - qdiff.block_recon -   Total loss:	94.801 (rec:32.284, round:62.517)	b=4.81	count=17500
12/16/2025 12:39:49 - INFO - qdiff.block_recon -   Total loss:	74.613 (rec:33.496, round:41.117)	b=4.25	count=18000
12/16/2025 12:39:53 - INFO - qdiff.block_recon -   Total loss:	58.275 (rec:35.154, round:23.120)	b=3.69	count=18500
12/16/2025 12:39:56 - INFO - qdiff.block_recon -   Total loss:	42.759 (rec:33.430, round:9.329)	b=3.12	count=19000
12/16/2025 12:40:00 - INFO - qdiff.block_recon -   Total loss:	35.480 (rec:33.842, round:1.639)	b=2.56	count=19500
12/16/2025 12:40:03 - INFO - qdiff.block_recon -   Total loss:	34.307 (rec:34.236, round:0.071)	b=2.00	count=20000
12/16/2025 12:40:03 - INFO - __main__ -   block_2 True
12/16/2025 12:40:03 - INFO - __main__ -   Reconstruction for block block_2
12/16/2025 12:40:44 - INFO - qdiff.timestep_aware_utils -   in 1 shape: torch.Size([5120, 256, 4, 4]), in 2 shape: torch.Size([5120, 512])
12/16/2025 12:40:44 - INFO - qdiff.timestep_aware_utils -   out shape: torch.Size([5120, 256, 4, 4])
12/16/2025 12:40:46 - INFO - qdiff.block_recon -   Total loss:	365.569 (rec:365.569, round:0.000)	b=0.00	count=500
12/16/2025 12:40:49 - INFO - qdiff.block_recon -   Total loss:	369.715 (rec:369.715, round:0.000)	b=0.00	count=1000
12/16/2025 12:40:51 - INFO - qdiff.block_recon -   Total loss:	350.694 (rec:350.694, round:0.000)	b=0.00	count=1500
12/16/2025 12:40:53 - INFO - qdiff.block_recon -   Total loss:	358.583 (rec:358.583, round:0.000)	b=0.00	count=2000
12/16/2025 12:40:55 - INFO - qdiff.block_recon -   Total loss:	391.757 (rec:391.757, round:0.000)	b=0.00	count=2500
12/16/2025 12:40:58 - INFO - qdiff.block_recon -   Total loss:	367.516 (rec:367.516, round:0.000)	b=0.00	count=3000
12/16/2025 12:41:00 - INFO - qdiff.block_recon -   Total loss:	399.627 (rec:399.627, round:0.000)	b=0.00	count=3500
12/16/2025 12:41:02 - INFO - qdiff.block_recon -   Total loss:	12008.479 (rec:359.940, round:11648.539)	b=20.00	count=4000
12/16/2025 12:41:05 - INFO - qdiff.block_recon -   Total loss:	7855.400 (rec:342.415, round:7512.986)	b=19.44	count=4500
12/16/2025 12:41:09 - INFO - qdiff.block_recon -   Total loss:	7315.489 (rec:343.612, round:6971.877)	b=18.88	count=5000
12/16/2025 12:41:12 - INFO - qdiff.block_recon -   Total loss:	6951.382 (rec:351.749, round:6599.634)	b=18.31	count=5500
12/16/2025 12:41:15 - INFO - qdiff.block_recon -   Total loss:	6689.458 (rec:414.285, round:6275.173)	b=17.75	count=6000
12/16/2025 12:41:19 - INFO - qdiff.block_recon -   Total loss:	6375.730 (rec:403.268, round:5972.463)	b=17.19	count=6500
12/16/2025 12:41:22 - INFO - qdiff.block_recon -   Total loss:	6075.454 (rec:394.684, round:5680.770)	b=16.62	count=7000
12/16/2025 12:41:25 - INFO - qdiff.block_recon -   Total loss:	5761.534 (rec:362.188, round:5399.346)	b=16.06	count=7500
12/16/2025 12:41:28 - INFO - qdiff.block_recon -   Total loss:	5502.766 (rec:378.297, round:5124.469)	b=15.50	count=8000
12/16/2025 12:41:31 - INFO - qdiff.block_recon -   Total loss:	5221.450 (rec:364.393, round:4857.056)	b=14.94	count=8500
12/16/2025 12:41:34 - INFO - qdiff.block_recon -   Total loss:	4977.182 (rec:382.825, round:4594.357)	b=14.38	count=9000
12/16/2025 12:41:37 - INFO - qdiff.block_recon -   Total loss:	4688.902 (rec:346.862, round:4342.040)	b=13.81	count=9500
12/16/2025 12:41:41 - INFO - qdiff.block_recon -   Total loss:	4428.720 (rec:335.405, round:4093.315)	b=13.25	count=10000
12/16/2025 12:41:44 - INFO - qdiff.block_recon -   Total loss:	4206.064 (rec:358.120, round:3847.945)	b=12.69	count=10500
12/16/2025 12:41:47 - INFO - qdiff.block_recon -   Total loss:	3981.604 (rec:376.110, round:3605.495)	b=12.12	count=11000
12/16/2025 12:41:50 - INFO - qdiff.block_recon -   Total loss:	3747.347 (rec:377.124, round:3370.222)	b=11.56	count=11500
12/16/2025 12:41:53 - INFO - qdiff.block_recon -   Total loss:	3483.848 (rec:345.322, round:3138.526)	b=11.00	count=12000
12/16/2025 12:41:56 - INFO - qdiff.block_recon -   Total loss:	3267.071 (rec:358.446, round:2908.625)	b=10.44	count=12500
12/16/2025 12:41:59 - INFO - qdiff.block_recon -   Total loss:	3033.651 (rec:349.222, round:2684.429)	b=9.88	count=13000
12/16/2025 12:42:02 - INFO - qdiff.block_recon -   Total loss:	2837.100 (rec:374.315, round:2462.785)	b=9.31	count=13500
12/16/2025 12:42:06 - INFO - qdiff.block_recon -   Total loss:	2599.101 (rec:350.982, round:2248.120)	b=8.75	count=14000
12/16/2025 12:42:09 - INFO - qdiff.block_recon -   Total loss:	2396.997 (rec:365.027, round:2031.970)	b=8.19	count=14500
12/16/2025 12:42:12 - INFO - qdiff.block_recon -   Total loss:	2186.286 (rec:364.757, round:1821.529)	b=7.62	count=15000
12/16/2025 12:42:15 - INFO - qdiff.block_recon -   Total loss:	1949.423 (rec:335.973, round:1613.450)	b=7.06	count=15500
12/16/2025 12:42:18 - INFO - qdiff.block_recon -   Total loss:	1767.255 (rec:360.854, round:1406.402)	b=6.50	count=16000
12/16/2025 12:42:22 - INFO - qdiff.block_recon -   Total loss:	1556.669 (rec:353.789, round:1202.880)	b=5.94	count=16500
12/16/2025 12:42:25 - INFO - qdiff.block_recon -   Total loss:	1375.591 (rec:375.371, round:1000.220)	b=5.38	count=17000
12/16/2025 12:42:28 - INFO - qdiff.block_recon -   Total loss:	1154.842 (rec:353.913, round:800.928)	b=4.81	count=17500
12/16/2025 12:42:31 - INFO - qdiff.block_recon -   Total loss:	979.769 (rec:374.151, round:605.618)	b=4.25	count=18000
12/16/2025 12:42:34 - INFO - qdiff.block_recon -   Total loss:	784.251 (rec:367.034, round:417.217)	b=3.69	count=18500
12/16/2025 12:42:37 - INFO - qdiff.block_recon -   Total loss:	606.889 (rec:363.097, round:243.792)	b=3.12	count=19000
12/16/2025 12:42:40 - INFO - qdiff.block_recon -   Total loss:	467.476 (rec:365.622, round:101.854)	b=2.56	count=19500
12/16/2025 12:42:44 - INFO - qdiff.block_recon -   Total loss:	395.066 (rec:374.670, round:20.395)	b=2.00	count=20000
12/16/2025 12:42:44 - INFO - __main__ -   up False
12/16/2025 12:42:44 - INFO - __main__ -   0 False
12/16/2025 12:42:44 - INFO - __main__ -   block False
12/16/2025 12:42:44 - INFO - __main__ -   0 True
12/16/2025 12:42:44 - INFO - __main__ -   Reconstruction for block 0
12/16/2025 12:43:59 - INFO - qdiff.timestep_aware_utils -   in 1 shape: torch.Size([5120, 384, 32, 32]), in 2 shape: torch.Size([5120, 512])
12/16/2025 12:43:59 - INFO - qdiff.timestep_aware_utils -   out shape: torch.Size([5120, 128, 32, 32])
12/16/2025 12:44:17 - INFO - qdiff.block_recon -   Total loss:	451.991 (rec:451.991, round:0.000)	b=0.00	count=500
12/16/2025 12:44:32 - INFO - qdiff.block_recon -   Total loss:	367.119 (rec:367.119, round:0.000)	b=0.00	count=1000
12/16/2025 12:44:48 - INFO - qdiff.block_recon -   Total loss:	477.059 (rec:477.059, round:0.000)	b=0.00	count=1500
12/16/2025 12:45:03 - INFO - qdiff.block_recon -   Total loss:	350.376 (rec:350.376, round:0.000)	b=0.00	count=2000
12/16/2025 12:45:19 - INFO - qdiff.block_recon -   Total loss:	387.884 (rec:387.884, round:0.000)	b=0.00	count=2500
12/16/2025 12:45:34 - INFO - qdiff.block_recon -   Total loss:	418.254 (rec:418.254, round:0.000)	b=0.00	count=3000
12/16/2025 12:45:50 - INFO - qdiff.block_recon -   Total loss:	380.866 (rec:380.866, round:0.000)	b=0.00	count=3500
12/16/2025 12:46:05 - INFO - qdiff.block_recon -   Total loss:	6056.594 (rec:423.587, round:5633.007)	b=20.00	count=4000
12/16/2025 12:46:22 - INFO - qdiff.block_recon -   Total loss:	3750.287 (rec:338.150, round:3412.137)	b=19.44	count=4500
12/16/2025 12:46:39 - INFO - qdiff.block_recon -   Total loss:	3579.706 (rec:471.803, round:3107.903)	b=18.88	count=5000
12/16/2025 12:46:56 - INFO - qdiff.block_recon -   Total loss:	3298.564 (rec:409.436, round:2889.128)	b=18.31	count=5500
12/16/2025 12:47:12 - INFO - qdiff.block_recon -   Total loss:	3049.130 (rec:348.845, round:2700.284)	b=17.75	count=6000
12/16/2025 12:47:29 - INFO - qdiff.block_recon -   Total loss:	2968.620 (rec:436.894, round:2531.726)	b=17.19	count=6500
12/16/2025 12:47:45 - INFO - qdiff.block_recon -   Total loss:	2820.365 (rec:443.701, round:2376.665)	b=16.62	count=7000
12/16/2025 12:48:03 - INFO - qdiff.block_recon -   Total loss:	2651.590 (rec:416.575, round:2235.015)	b=16.06	count=7500
12/16/2025 12:48:20 - INFO - qdiff.block_recon -   Total loss:	2554.572 (rec:452.946, round:2101.626)	b=15.50	count=8000
12/16/2025 12:48:37 - INFO - qdiff.block_recon -   Total loss:	2374.509 (rec:399.346, round:1975.163)	b=14.94	count=8500
12/16/2025 12:48:54 - INFO - qdiff.block_recon -   Total loss:	2258.460 (rec:402.249, round:1856.212)	b=14.38	count=9000
12/16/2025 12:49:11 - INFO - qdiff.block_recon -   Total loss:	2176.339 (rec:432.702, round:1743.637)	b=13.81	count=9500
12/16/2025 12:49:28 - INFO - qdiff.block_recon -   Total loss:	1998.501 (rec:360.971, round:1637.531)	b=13.25	count=10000
12/16/2025 12:49:45 - INFO - qdiff.block_recon -   Total loss:	1937.153 (rec:401.047, round:1536.106)	b=12.69	count=10500
12/16/2025 12:50:02 - INFO - qdiff.block_recon -   Total loss:	1795.349 (rec:358.611, round:1436.738)	b=12.12	count=11000
12/16/2025 12:50:19 - INFO - qdiff.block_recon -   Total loss:	1791.784 (rec:447.171, round:1344.614)	b=11.56	count=11500
12/16/2025 12:50:36 - INFO - qdiff.block_recon -   Total loss:	1717.813 (rec:464.658, round:1253.156)	b=11.00	count=12000
12/16/2025 12:50:53 - INFO - qdiff.block_recon -   Total loss:	1646.829 (rec:482.261, round:1164.568)	b=10.44	count=12500
12/16/2025 12:51:10 - INFO - qdiff.block_recon -   Total loss:	1410.838 (rec:333.093, round:1077.746)	b=9.88	count=13000
12/16/2025 12:51:28 - INFO - qdiff.block_recon -   Total loss:	1416.390 (rec:425.309, round:991.081)	b=9.31	count=13500
12/16/2025 12:51:45 - INFO - qdiff.block_recon -   Total loss:	1223.708 (rec:316.792, round:906.916)	b=8.75	count=14000
12/16/2025 12:52:02 - INFO - qdiff.block_recon -   Total loss:	1197.028 (rec:370.585, round:826.443)	b=8.19	count=14500
12/16/2025 12:52:19 - INFO - qdiff.block_recon -   Total loss:	1155.582 (rec:411.428, round:744.154)	b=7.62	count=15000
12/16/2025 12:52:36 - INFO - qdiff.block_recon -   Total loss:	1011.547 (rec:348.356, round:663.191)	b=7.06	count=15500
12/16/2025 12:52:52 - INFO - qdiff.block_recon -   Total loss:	951.214 (rec:370.493, round:580.721)	b=6.50	count=16000
12/16/2025 12:53:09 - INFO - qdiff.block_recon -   Total loss:	874.667 (rec:373.322, round:501.346)	b=5.94	count=16500
12/16/2025 12:53:25 - INFO - qdiff.block_recon -   Total loss:	769.985 (rec:349.865, round:420.119)	b=5.38	count=17000
12/16/2025 12:53:42 - INFO - qdiff.block_recon -   Total loss:	706.469 (rec:367.014, round:339.455)	b=4.81	count=17500
12/16/2025 12:53:59 - INFO - qdiff.block_recon -   Total loss:	679.388 (rec:420.931, round:258.456)	b=4.25	count=18000
12/16/2025 12:54:16 - INFO - qdiff.block_recon -   Total loss:	604.589 (rec:425.479, round:179.111)	b=3.69	count=18500
12/16/2025 12:54:33 - INFO - qdiff.block_recon -   Total loss:	538.794 (rec:434.861, round:103.933)	b=3.12	count=19000
12/16/2025 12:54:49 - INFO - qdiff.block_recon -   Total loss:	473.578 (rec:432.845, round:40.733)	b=2.56	count=19500
12/16/2025 12:55:06 - INFO - qdiff.block_recon -   Total loss:	393.704 (rec:385.977, round:7.728)	b=2.00	count=20000
12/16/2025 12:55:07 - INFO - __main__ -   1 True
12/16/2025 12:55:07 - INFO - __main__ -   Reconstruction for block 1
12/16/2025 12:56:23 - INFO - qdiff.timestep_aware_utils -   in 1 shape: torch.Size([5120, 256, 32, 32]), in 2 shape: torch.Size([5120, 512])
12/16/2025 12:56:23 - INFO - qdiff.timestep_aware_utils -   out shape: torch.Size([5120, 128, 32, 32])
12/16/2025 12:56:37 - INFO - qdiff.block_recon -   Total loss:	94.306 (rec:94.306, round:0.000)	b=0.00	count=500
12/16/2025 12:56:49 - INFO - qdiff.block_recon -   Total loss:	96.474 (rec:96.474, round:0.000)	b=0.00	count=1000
12/16/2025 12:57:01 - INFO - qdiff.block_recon -   Total loss:	92.798 (rec:92.798, round:0.000)	b=0.00	count=1500
12/16/2025 12:57:14 - INFO - qdiff.block_recon -   Total loss:	104.989 (rec:104.989, round:0.000)	b=0.00	count=2000
12/16/2025 12:57:26 - INFO - qdiff.block_recon -   Total loss:	84.037 (rec:84.037, round:0.000)	b=0.00	count=2500
12/16/2025 12:57:39 - INFO - qdiff.block_recon -   Total loss:	96.800 (rec:96.800, round:0.000)	b=0.00	count=3000
12/16/2025 12:57:51 - INFO - qdiff.block_recon -   Total loss:	88.131 (rec:88.131, round:0.000)	b=0.00	count=3500
12/16/2025 12:58:04 - INFO - qdiff.block_recon -   Total loss:	4294.771 (rec:81.904, round:4212.867)	b=20.00	count=4000
12/16/2025 12:58:18 - INFO - qdiff.block_recon -   Total loss:	2398.040 (rec:86.788, round:2311.252)	b=19.44	count=4500
12/16/2025 12:58:32 - INFO - qdiff.block_recon -   Total loss:	2174.485 (rec:84.568, round:2089.916)	b=18.88	count=5000
12/16/2025 12:58:45 - INFO - qdiff.block_recon -   Total loss:	2024.576 (rec:91.528, round:1933.048)	b=18.31	count=5500
12/16/2025 12:58:59 - INFO - qdiff.block_recon -   Total loss:	1903.785 (rec:105.743, round:1798.042)	b=17.75	count=6000
12/16/2025 12:59:13 - INFO - qdiff.block_recon -   Total loss:	1781.045 (rec:104.488, round:1676.557)	b=17.19	count=6500
12/16/2025 12:59:26 - INFO - qdiff.block_recon -   Total loss:	1651.871 (rec:84.966, round:1566.904)	b=16.62	count=7000
12/16/2025 12:59:40 - INFO - qdiff.block_recon -   Total loss:	1552.001 (rec:89.278, round:1462.723)	b=16.06	count=7500
12/16/2025 12:59:54 - INFO - qdiff.block_recon -   Total loss:	1467.260 (rec:99.642, round:1367.618)	b=15.50	count=8000
12/16/2025 13:00:08 - INFO - qdiff.block_recon -   Total loss:	1367.331 (rec:88.453, round:1278.878)	b=14.94	count=8500
12/16/2025 13:00:21 - INFO - qdiff.block_recon -   Total loss:	1306.416 (rec:110.279, round:1196.137)	b=14.38	count=9000
12/16/2025 13:00:35 - INFO - qdiff.block_recon -   Total loss:	1222.640 (rec:104.875, round:1117.765)	b=13.81	count=9500
12/16/2025 13:00:49 - INFO - qdiff.block_recon -   Total loss:	1144.999 (rec:101.722, round:1043.277)	b=13.25	count=10000
12/16/2025 13:01:03 - INFO - qdiff.block_recon -   Total loss:	1059.953 (rec:88.124, round:971.830)	b=12.69	count=10500
12/16/2025 13:01:16 - INFO - qdiff.block_recon -   Total loss:	993.314 (rec:90.920, round:902.393)	b=12.12	count=11000
12/16/2025 13:01:31 - INFO - qdiff.block_recon -   Total loss:	946.419 (rec:109.020, round:837.399)	b=11.56	count=11500
12/16/2025 13:01:45 - INFO - qdiff.block_recon -   Total loss:	874.301 (rec:99.020, round:775.281)	b=11.00	count=12000
12/16/2025 13:01:59 - INFO - qdiff.block_recon -   Total loss:	800.368 (rec:86.645, round:713.724)	b=10.44	count=12500
12/16/2025 13:02:12 - INFO - qdiff.block_recon -   Total loss:	743.245 (rec:89.113, round:654.132)	b=9.88	count=13000
12/16/2025 13:02:26 - INFO - qdiff.block_recon -   Total loss:	682.972 (rec:85.832, round:597.140)	b=9.31	count=13500
12/16/2025 13:02:39 - INFO - qdiff.block_recon -   Total loss:	631.572 (rec:91.474, round:540.097)	b=8.75	count=14000
12/16/2025 13:02:53 - INFO - qdiff.block_recon -   Total loss:	576.918 (rec:92.707, round:484.211)	b=8.19	count=14500
12/16/2025 13:03:06 - INFO - qdiff.block_recon -   Total loss:	513.833 (rec:85.411, round:428.422)	b=7.62	count=15000
12/16/2025 13:03:20 - INFO - qdiff.block_recon -   Total loss:	457.191 (rec:83.440, round:373.751)	b=7.06	count=15500
12/16/2025 13:03:33 - INFO - qdiff.block_recon -   Total loss:	406.693 (rec:86.807, round:319.886)	b=6.50	count=16000
12/16/2025 13:03:47 - INFO - qdiff.block_recon -   Total loss:	363.509 (rec:96.132, round:267.377)	b=5.94	count=16500
12/16/2025 13:04:00 - INFO - qdiff.block_recon -   Total loss:	302.457 (rec:87.530, round:214.926)	b=5.38	count=17000
12/16/2025 13:04:14 - INFO - qdiff.block_recon -   Total loss:	257.688 (rec:93.863, round:163.825)	b=4.81	count=17500
12/16/2025 13:04:28 - INFO - qdiff.block_recon -   Total loss:	202.904 (rec:87.954, round:114.950)	b=4.25	count=18000
12/16/2025 13:04:41 - INFO - qdiff.block_recon -   Total loss:	161.935 (rec:92.349, round:69.586)	b=3.69	count=18500
12/16/2025 13:04:55 - INFO - qdiff.block_recon -   Total loss:	116.921 (rec:86.162, round:30.759)	b=3.12	count=19000
12/16/2025 13:05:08 - INFO - qdiff.block_recon -   Total loss:	98.474 (rec:91.303, round:7.171)	b=2.56	count=19500
12/16/2025 13:05:22 - INFO - qdiff.block_recon -   Total loss:	94.740 (rec:94.020, round:0.720)	b=2.00	count=20000
12/16/2025 13:05:22 - INFO - __main__ -   2 True
12/16/2025 13:05:22 - INFO - __main__ -   Reconstruction for block 2
12/16/2025 13:06:41 - INFO - qdiff.timestep_aware_utils -   in 1 shape: torch.Size([5120, 256, 32, 32]), in 2 shape: torch.Size([5120, 512])
12/16/2025 13:06:41 - INFO - qdiff.timestep_aware_utils -   out shape: torch.Size([5120, 128, 32, 32])
12/16/2025 13:06:55 - INFO - qdiff.block_recon -   Total loss:	193.115 (rec:193.115, round:0.000)	b=0.00	count=500
12/16/2025 13:07:07 - INFO - qdiff.block_recon -   Total loss:	181.252 (rec:181.252, round:0.000)	b=0.00	count=1000
12/16/2025 13:07:20 - INFO - qdiff.block_recon -   Total loss:	195.756 (rec:195.756, round:0.000)	b=0.00	count=1500
12/16/2025 13:07:33 - INFO - qdiff.block_recon -   Total loss:	172.547 (rec:172.547, round:0.000)	b=0.00	count=2000
12/16/2025 13:07:46 - INFO - qdiff.block_recon -   Total loss:	168.007 (rec:168.007, round:0.000)	b=0.00	count=2500
12/16/2025 13:07:59 - INFO - qdiff.block_recon -   Total loss:	178.528 (rec:178.528, round:0.000)	b=0.00	count=3000
12/16/2025 13:08:11 - INFO - qdiff.block_recon -   Total loss:	171.259 (rec:171.259, round:0.000)	b=0.00	count=3500
12/16/2025 13:08:24 - INFO - qdiff.block_recon -   Total loss:	4486.223 (rec:174.913, round:4311.310)	b=20.00	count=4000
12/16/2025 13:08:38 - INFO - qdiff.block_recon -   Total loss:	2747.167 (rec:198.435, round:2548.731)	b=19.44	count=4500
12/16/2025 13:08:52 - INFO - qdiff.block_recon -   Total loss:	2507.293 (rec:185.332, round:2321.961)	b=18.88	count=5000
12/16/2025 13:09:05 - INFO - qdiff.block_recon -   Total loss:	2330.468 (rec:168.748, round:2161.720)	b=18.31	count=5500
12/16/2025 13:09:19 - INFO - qdiff.block_recon -   Total loss:	2198.042 (rec:171.036, round:2027.007)	b=17.75	count=6000
12/16/2025 13:09:33 - INFO - qdiff.block_recon -   Total loss:	2095.517 (rec:188.400, round:1907.117)	b=17.19	count=6500
12/16/2025 13:09:46 - INFO - qdiff.block_recon -   Total loss:	1972.410 (rec:176.479, round:1795.931)	b=16.62	count=7000
12/16/2025 13:10:01 - INFO - qdiff.block_recon -   Total loss:	1879.150 (rec:185.051, round:1694.098)	b=16.06	count=7500
12/16/2025 13:10:14 - INFO - qdiff.block_recon -   Total loss:	1783.389 (rec:183.507, round:1599.882)	b=15.50	count=8000
12/16/2025 13:10:28 - INFO - qdiff.block_recon -   Total loss:	1684.894 (rec:175.238, round:1509.657)	b=14.94	count=8500
12/16/2025 13:10:42 - INFO - qdiff.block_recon -   Total loss:	1623.540 (rec:199.189, round:1424.350)	b=14.38	count=9000
12/16/2025 13:10:56 - INFO - qdiff.block_recon -   Total loss:	1526.102 (rec:182.072, round:1344.029)	b=13.81	count=9500
12/16/2025 13:11:10 - INFO - qdiff.block_recon -   Total loss:	1453.602 (rec:186.179, round:1267.424)	b=13.25	count=10000
12/16/2025 13:11:23 - INFO - qdiff.block_recon -   Total loss:	1378.939 (rec:185.532, round:1193.407)	b=12.69	count=10500
12/16/2025 13:11:37 - INFO - qdiff.block_recon -   Total loss:	1290.366 (rec:169.053, round:1121.313)	b=12.12	count=11000
12/16/2025 13:11:51 - INFO - qdiff.block_recon -   Total loss:	1228.953 (rec:177.023, round:1051.931)	b=11.56	count=11500
12/16/2025 13:12:05 - INFO - qdiff.block_recon -   Total loss:	1171.469 (rec:186.761, round:984.708)	b=11.00	count=12000
12/16/2025 13:12:19 - INFO - qdiff.block_recon -   Total loss:	1092.367 (rec:172.956, round:919.412)	b=10.44	count=12500
12/16/2025 13:12:33 - INFO - qdiff.block_recon -   Total loss:	1036.062 (rec:180.933, round:855.129)	b=9.88	count=13000
12/16/2025 13:12:46 - INFO - qdiff.block_recon -   Total loss:	975.874 (rec:185.481, round:790.393)	b=9.31	count=13500
12/16/2025 13:13:00 - INFO - qdiff.block_recon -   Total loss:	923.059 (rec:198.583, round:724.476)	b=8.75	count=14000
12/16/2025 13:13:13 - INFO - qdiff.block_recon -   Total loss:	849.117 (rec:188.801, round:660.316)	b=8.19	count=14500
12/16/2025 13:13:26 - INFO - qdiff.block_recon -   Total loss:	767.585 (rec:170.650, round:596.935)	b=7.62	count=15000
12/16/2025 13:13:40 - INFO - qdiff.block_recon -   Total loss:	720.408 (rec:188.039, round:532.369)	b=7.06	count=15500
12/16/2025 13:13:54 - INFO - qdiff.block_recon -   Total loss:	663.322 (rec:196.093, round:467.229)	b=6.50	count=16000
12/16/2025 13:14:08 - INFO - qdiff.block_recon -   Total loss:	580.007 (rec:177.243, round:402.764)	b=5.94	count=16500
12/16/2025 13:14:22 - INFO - qdiff.block_recon -   Total loss:	511.142 (rec:175.537, round:335.605)	b=5.38	count=17000
12/16/2025 13:14:36 - INFO - qdiff.block_recon -   Total loss:	452.128 (rec:184.471, round:267.658)	b=4.81	count=17500
12/16/2025 13:14:50 - INFO - qdiff.block_recon -   Total loss:	365.188 (rec:164.441, round:200.747)	b=4.25	count=18000
12/16/2025 13:15:04 - INFO - qdiff.block_recon -   Total loss:	319.819 (rec:184.327, round:135.492)	b=3.69	count=18500
12/16/2025 13:15:17 - INFO - qdiff.block_recon -   Total loss:	260.321 (rec:184.836, round:75.485)	b=3.12	count=19000
12/16/2025 13:15:31 - INFO - qdiff.block_recon -   Total loss:	195.546 (rec:166.953, round:28.593)	b=2.56	count=19500
12/16/2025 13:15:45 - INFO - qdiff.block_recon -   Total loss:	198.285 (rec:192.453, round:5.832)	b=2.00	count=20000
12/16/2025 13:15:46 - INFO - __main__ -   attn False
12/16/2025 13:15:46 - INFO - __main__ -   1 False
12/16/2025 13:15:46 - INFO - __main__ -   block False
12/16/2025 13:15:46 - INFO - __main__ -   0 True
12/16/2025 13:15:46 - INFO - __main__ -   Reconstruction for block 0
12/16/2025 13:16:45 - INFO - qdiff.timestep_aware_utils -   in 1 shape: torch.Size([5120, 512, 16, 16]), in 2 shape: torch.Size([5120, 512])
12/16/2025 13:16:45 - INFO - qdiff.timestep_aware_utils -   out shape: torch.Size([5120, 256, 16, 16])
12/16/2025 13:16:53 - INFO - qdiff.block_recon -   Total loss:	466.724 (rec:466.724, round:0.000)	b=0.00	count=500
12/16/2025 13:17:01 - INFO - qdiff.block_recon -   Total loss:	405.936 (rec:405.936, round:0.000)	b=0.00	count=1000
12/16/2025 13:17:09 - INFO - qdiff.block_recon -   Total loss:	431.132 (rec:431.132, round:0.000)	b=0.00	count=1500
12/16/2025 13:17:17 - INFO - qdiff.block_recon -   Total loss:	417.387 (rec:417.387, round:0.000)	b=0.00	count=2000
12/16/2025 13:17:25 - INFO - qdiff.block_recon -   Total loss:	415.889 (rec:415.889, round:0.000)	b=0.00	count=2500
12/16/2025 13:17:33 - INFO - qdiff.block_recon -   Total loss:	471.546 (rec:471.546, round:0.000)	b=0.00	count=3000
12/16/2025 13:17:41 - INFO - qdiff.block_recon -   Total loss:	413.046 (rec:413.046, round:0.000)	b=0.00	count=3500
12/16/2025 13:17:49 - INFO - qdiff.block_recon -   Total loss:	16948.713 (rec:482.097, round:16466.615)	b=20.00	count=4000
12/16/2025 13:17:58 - INFO - qdiff.block_recon -   Total loss:	9990.523 (rec:418.976, round:9571.547)	b=19.44	count=4500
12/16/2025 13:18:07 - INFO - qdiff.block_recon -   Total loss:	9119.403 (rec:397.938, round:8721.466)	b=18.88	count=5000
12/16/2025 13:18:16 - INFO - qdiff.block_recon -   Total loss:	8500.605 (rec:390.647, round:8109.958)	b=18.31	count=5500
12/16/2025 13:18:24 - INFO - qdiff.block_recon -   Total loss:	7999.458 (rec:426.361, round:7573.097)	b=17.75	count=6000
12/16/2025 13:18:33 - INFO - qdiff.block_recon -   Total loss:	7526.780 (rec:440.666, round:7086.114)	b=17.19	count=6500
12/16/2025 13:18:42 - INFO - qdiff.block_recon -   Total loss:	7047.569 (rec:415.814, round:6631.755)	b=16.62	count=7000
12/16/2025 13:18:51 - INFO - qdiff.block_recon -   Total loss:	6634.926 (rec:422.937, round:6211.988)	b=16.06	count=7500
12/16/2025 13:19:00 - INFO - qdiff.block_recon -   Total loss:	6218.687 (rec:405.209, round:5813.478)	b=15.50	count=8000
12/16/2025 13:19:08 - INFO - qdiff.block_recon -   Total loss:	5851.961 (rec:412.005, round:5439.956)	b=14.94	count=8500
12/16/2025 13:19:17 - INFO - qdiff.block_recon -   Total loss:	5493.622 (rec:409.663, round:5083.959)	b=14.38	count=9000
12/16/2025 13:19:26 - INFO - qdiff.block_recon -   Total loss:	5146.127 (rec:396.195, round:4749.932)	b=13.81	count=9500
12/16/2025 13:19:35 - INFO - qdiff.block_recon -   Total loss:	4915.994 (rec:488.522, round:4427.473)	b=13.25	count=10000
12/16/2025 13:19:44 - INFO - qdiff.block_recon -   Total loss:	4532.519 (rec:414.066, round:4118.453)	b=12.69	count=10500
12/16/2025 13:19:53 - INFO - qdiff.block_recon -   Total loss:	4290.862 (rec:466.652, round:3824.210)	b=12.12	count=11000
12/16/2025 13:20:02 - INFO - qdiff.block_recon -   Total loss:	3996.382 (rec:453.748, round:3542.634)	b=11.56	count=11500
12/16/2025 13:20:11 - INFO - qdiff.block_recon -   Total loss:	3703.911 (rec:433.358, round:3270.553)	b=11.00	count=12000
12/16/2025 13:20:20 - INFO - qdiff.block_recon -   Total loss:	3427.098 (rec:418.865, round:3008.233)	b=10.44	count=12500
12/16/2025 13:20:28 - INFO - qdiff.block_recon -   Total loss:	3201.805 (rec:448.501, round:2753.304)	b=9.88	count=13000
12/16/2025 13:20:37 - INFO - qdiff.block_recon -   Total loss:	2936.136 (rec:433.075, round:2503.061)	b=9.31	count=13500
12/16/2025 13:20:46 - INFO - qdiff.block_recon -   Total loss:	2694.308 (rec:435.432, round:2258.876)	b=8.75	count=14000
12/16/2025 13:20:55 - INFO - qdiff.block_recon -   Total loss:	2477.417 (rec:458.276, round:2019.140)	b=8.19	count=14500
12/16/2025 13:21:04 - INFO - qdiff.block_recon -   Total loss:	2142.383 (rec:355.970, round:1786.413)	b=7.62	count=15000
12/16/2025 13:21:13 - INFO - qdiff.block_recon -   Total loss:	1988.734 (rec:426.783, round:1561.951)	b=7.06	count=15500
12/16/2025 13:21:21 - INFO - qdiff.block_recon -   Total loss:	1813.927 (rec:473.643, round:1340.284)	b=6.50	count=16000
12/16/2025 13:21:30 - INFO - qdiff.block_recon -   Total loss:	1531.882 (rec:408.220, round:1123.662)	b=5.94	count=16500
12/16/2025 13:21:39 - INFO - qdiff.block_recon -   Total loss:	1369.605 (rec:460.234, round:909.372)	b=5.38	count=17000
12/16/2025 13:21:48 - INFO - qdiff.block_recon -   Total loss:	1132.643 (rec:430.975, round:701.669)	b=4.81	count=17500
12/16/2025 13:21:58 - INFO - qdiff.block_recon -   Total loss:	937.334 (rec:433.788, round:503.545)	b=4.25	count=18000
12/16/2025 13:22:07 - INFO - qdiff.block_recon -   Total loss:	734.548 (rec:414.665, round:319.883)	b=3.69	count=18500
12/16/2025 13:22:16 - INFO - qdiff.block_recon -   Total loss:	579.667 (rec:419.443, round:160.224)	b=3.12	count=19000
12/16/2025 13:22:25 - INFO - qdiff.block_recon -   Total loss:	451.052 (rec:403.320, round:47.732)	b=2.56	count=19500
12/16/2025 13:22:34 - INFO - qdiff.block_recon -   Total loss:	433.049 (rec:427.182, round:5.868)	b=2.00	count=20000
12/16/2025 13:22:34 - INFO - __main__ -   1 True
12/16/2025 13:22:34 - INFO - __main__ -   Reconstruction for block 1
12/16/2025 13:23:38 - INFO - qdiff.timestep_aware_utils -   in 1 shape: torch.Size([5120, 512, 16, 16]), in 2 shape: torch.Size([5120, 512])
12/16/2025 13:23:38 - INFO - qdiff.timestep_aware_utils -   out shape: torch.Size([5120, 256, 16, 16])
12/16/2025 13:23:46 - INFO - qdiff.block_recon -   Total loss:	326.368 (rec:326.368, round:0.000)	b=0.00	count=500
12/16/2025 13:23:54 - INFO - qdiff.block_recon -   Total loss:	292.376 (rec:292.376, round:0.000)	b=0.00	count=1000
12/16/2025 13:24:02 - INFO - qdiff.block_recon -   Total loss:	257.344 (rec:257.344, round:0.000)	b=0.00	count=1500
12/16/2025 13:24:10 - INFO - qdiff.block_recon -   Total loss:	305.905 (rec:305.905, round:0.000)	b=0.00	count=2000
12/16/2025 13:24:18 - INFO - qdiff.block_recon -   Total loss:	242.521 (rec:242.521, round:0.000)	b=0.00	count=2500
12/16/2025 13:24:25 - INFO - qdiff.block_recon -   Total loss:	288.454 (rec:288.454, round:0.000)	b=0.00	count=3000
12/16/2025 13:24:33 - INFO - qdiff.block_recon -   Total loss:	301.110 (rec:301.110, round:0.000)	b=0.00	count=3500
12/16/2025 13:24:41 - INFO - qdiff.block_recon -   Total loss:	16758.984 (rec:302.260, round:16456.725)	b=20.00	count=4000
12/16/2025 13:24:50 - INFO - qdiff.block_recon -   Total loss:	9674.807 (rec:255.275, round:9419.532)	b=19.44	count=4500
12/16/2025 13:24:59 - INFO - qdiff.block_recon -   Total loss:	8891.938 (rec:311.038, round:8580.899)	b=18.88	count=5000
12/16/2025 13:25:08 - INFO - qdiff.block_recon -   Total loss:	8303.535 (rec:338.080, round:7965.455)	b=18.31	count=5500
12/16/2025 13:25:17 - INFO - qdiff.block_recon -   Total loss:	7743.702 (rec:316.294, round:7427.407)	b=17.75	count=6000
12/16/2025 13:25:26 - INFO - qdiff.block_recon -   Total loss:	7253.451 (rec:317.080, round:6936.372)	b=17.19	count=6500
12/16/2025 13:25:35 - INFO - qdiff.block_recon -   Total loss:	6744.210 (rec:265.110, round:6479.100)	b=16.62	count=7000
12/16/2025 13:25:44 - INFO - qdiff.block_recon -   Total loss:	6362.500 (rec:310.428, round:6052.072)	b=16.06	count=7500
12/16/2025 13:25:53 - INFO - qdiff.block_recon -   Total loss:	5925.043 (rec:276.139, round:5648.905)	b=15.50	count=8000
12/16/2025 13:26:02 - INFO - qdiff.block_recon -   Total loss:	5556.250 (rec:289.105, round:5267.144)	b=14.94	count=8500
12/16/2025 13:26:11 - INFO - qdiff.block_recon -   Total loss:	5137.186 (rec:230.601, round:4906.584)	b=14.38	count=9000
12/16/2025 13:26:20 - INFO - qdiff.block_recon -   Total loss:	4879.152 (rec:313.486, round:4565.667)	b=13.81	count=9500
12/16/2025 13:26:29 - INFO - qdiff.block_recon -   Total loss:	4521.373 (rec:279.984, round:4241.389)	b=13.25	count=10000
12/16/2025 13:26:38 - INFO - qdiff.block_recon -   Total loss:	4202.078 (rec:268.744, round:3933.334)	b=12.69	count=10500
12/16/2025 13:26:47 - INFO - qdiff.block_recon -   Total loss:	3889.731 (rec:249.090, round:3640.642)	b=12.12	count=11000
12/16/2025 13:26:56 - INFO - qdiff.block_recon -   Total loss:	3611.123 (rec:251.563, round:3359.560)	b=11.56	count=11500
12/16/2025 13:27:05 - INFO - qdiff.block_recon -   Total loss:	3369.583 (rec:277.319, round:3092.263)	b=11.00	count=12000
12/16/2025 13:27:14 - INFO - qdiff.block_recon -   Total loss:	3046.023 (rec:213.043, round:2832.980)	b=10.44	count=12500
12/16/2025 13:27:23 - INFO - qdiff.block_recon -   Total loss:	2858.267 (rec:274.232, round:2584.035)	b=9.88	count=13000
12/16/2025 13:27:32 - INFO - qdiff.block_recon -   Total loss:	2606.494 (rec:264.926, round:2341.568)	b=9.31	count=13500
12/16/2025 13:27:40 - INFO - qdiff.block_recon -   Total loss:	2409.534 (rec:304.825, round:2104.709)	b=8.75	count=14000
12/16/2025 13:27:49 - INFO - qdiff.block_recon -   Total loss:	2199.655 (rec:324.788, round:1874.867)	b=8.19	count=14500
12/16/2025 13:27:58 - INFO - qdiff.block_recon -   Total loss:	1940.515 (rec:289.786, round:1650.729)	b=7.62	count=15000
12/16/2025 13:28:07 - INFO - qdiff.block_recon -   Total loss:	1681.695 (rec:245.963, round:1435.732)	b=7.06	count=15500
12/16/2025 13:28:16 - INFO - qdiff.block_recon -   Total loss:	1543.460 (rec:319.478, round:1223.982)	b=6.50	count=16000
12/16/2025 13:28:25 - INFO - qdiff.block_recon -   Total loss:	1289.200 (rec:269.898, round:1019.302)	b=5.94	count=16500
12/16/2025 13:28:33 - INFO - qdiff.block_recon -   Total loss:	1079.722 (rec:260.626, round:819.096)	b=5.38	count=17000
12/16/2025 13:28:42 - INFO - qdiff.block_recon -   Total loss:	911.229 (rec:285.463, round:625.766)	b=4.81	count=17500
12/16/2025 13:28:51 - INFO - qdiff.block_recon -   Total loss:	726.243 (rec:284.951, round:441.292)	b=4.25	count=18000
12/16/2025 13:29:00 - INFO - qdiff.block_recon -   Total loss:	601.009 (rec:329.600, round:271.409)	b=3.69	count=18500
12/16/2025 13:29:09 - INFO - qdiff.block_recon -   Total loss:	410.516 (rec:281.741, round:128.774)	b=3.12	count=19000
12/16/2025 13:29:18 - INFO - qdiff.block_recon -   Total loss:	346.909 (rec:311.916, round:34.992)	b=2.56	count=19500
12/16/2025 13:29:26 - INFO - qdiff.block_recon -   Total loss:	289.504 (rec:285.591, round:3.913)	b=2.00	count=20000
12/16/2025 13:29:27 - INFO - __main__ -   2 True
12/16/2025 13:29:27 - INFO - __main__ -   Reconstruction for block 2
12/16/2025 13:30:34 - INFO - qdiff.timestep_aware_utils -   in 1 shape: torch.Size([5120, 384, 16, 16]), in 2 shape: torch.Size([5120, 512])
12/16/2025 13:30:34 - INFO - qdiff.timestep_aware_utils -   out shape: torch.Size([5120, 256, 16, 16])
12/16/2025 13:30:42 - INFO - qdiff.block_recon -   Total loss:	201.319 (rec:201.319, round:0.000)	b=0.00	count=500
12/16/2025 13:30:49 - INFO - qdiff.block_recon -   Total loss:	161.712 (rec:161.712, round:0.000)	b=0.00	count=1000
12/16/2025 13:30:56 - INFO - qdiff.block_recon -   Total loss:	170.680 (rec:170.680, round:0.000)	b=0.00	count=1500
12/16/2025 13:31:03 - INFO - qdiff.block_recon -   Total loss:	202.735 (rec:202.735, round:0.000)	b=0.00	count=2000
12/16/2025 13:31:09 - INFO - qdiff.block_recon -   Total loss:	207.849 (rec:207.849, round:0.000)	b=0.00	count=2500
12/16/2025 13:31:16 - INFO - qdiff.block_recon -   Total loss:	184.756 (rec:184.756, round:0.000)	b=0.00	count=3000
12/16/2025 13:31:23 - INFO - qdiff.block_recon -   Total loss:	170.163 (rec:170.163, round:0.000)	b=0.00	count=3500
12/16/2025 13:31:30 - INFO - qdiff.block_recon -   Total loss:	14132.200 (rec:187.000, round:13945.200)	b=20.00	count=4000
12/16/2025 13:31:39 - INFO - qdiff.block_recon -   Total loss:	8000.303 (rec:155.623, round:7844.680)	b=19.44	count=4500
12/16/2025 13:31:47 - INFO - qdiff.block_recon -   Total loss:	7322.599 (rec:194.103, round:7128.496)	b=18.88	count=5000
12/16/2025 13:31:55 - INFO - qdiff.block_recon -   Total loss:	6766.388 (rec:168.687, round:6597.702)	b=18.31	count=5500
12/16/2025 13:32:04 - INFO - qdiff.block_recon -   Total loss:	6302.488 (rec:171.864, round:6130.624)	b=17.75	count=6000
12/16/2025 13:32:13 - INFO - qdiff.block_recon -   Total loss:	5894.314 (rec:188.207, round:5706.106)	b=17.19	count=6500
12/16/2025 13:32:21 - INFO - qdiff.block_recon -   Total loss:	5472.790 (rec:159.079, round:5313.711)	b=16.62	count=7000
12/16/2025 13:32:30 - INFO - qdiff.block_recon -   Total loss:	5114.670 (rec:170.109, round:4944.562)	b=16.06	count=7500
12/16/2025 13:32:38 - INFO - qdiff.block_recon -   Total loss:	4766.243 (rec:164.707, round:4601.536)	b=15.50	count=8000
12/16/2025 13:32:47 - INFO - qdiff.block_recon -   Total loss:	4449.433 (rec:172.477, round:4276.956)	b=14.94	count=8500
12/16/2025 13:32:55 - INFO - qdiff.block_recon -   Total loss:	4156.443 (rec:184.079, round:3972.364)	b=14.38	count=9000
12/16/2025 13:33:03 - INFO - qdiff.block_recon -   Total loss:	3863.811 (rec:181.770, round:3682.041)	b=13.81	count=9500
12/16/2025 13:33:12 - INFO - qdiff.block_recon -   Total loss:	3587.402 (rec:176.582, round:3410.820)	b=13.25	count=10000
12/16/2025 13:33:20 - INFO - qdiff.block_recon -   Total loss:	3318.567 (rec:166.652, round:3151.915)	b=12.69	count=10500
12/16/2025 13:33:28 - INFO - qdiff.block_recon -   Total loss:	3085.178 (rec:179.368, round:2905.810)	b=12.12	count=11000
12/16/2025 13:33:36 - INFO - qdiff.block_recon -   Total loss:	2853.014 (rec:178.243, round:2674.771)	b=11.56	count=11500
12/16/2025 13:33:45 - INFO - qdiff.block_recon -   Total loss:	2628.451 (rec:176.790, round:2451.661)	b=11.00	count=12000
12/16/2025 13:33:53 - INFO - qdiff.block_recon -   Total loss:	2418.983 (rec:181.728, round:2237.255)	b=10.44	count=12500
12/16/2025 13:34:02 - INFO - qdiff.block_recon -   Total loss:	2216.887 (rec:181.709, round:2035.178)	b=9.88	count=13000
12/16/2025 13:34:11 - INFO - qdiff.block_recon -   Total loss:	2014.512 (rec:176.925, round:1837.587)	b=9.31	count=13500
12/16/2025 13:34:20 - INFO - qdiff.block_recon -   Total loss:	1830.522 (rec:182.320, round:1648.203)	b=8.75	count=14000
12/16/2025 13:34:28 - INFO - qdiff.block_recon -   Total loss:	1637.934 (rec:173.824, round:1464.110)	b=8.19	count=14500
12/16/2025 13:34:36 - INFO - qdiff.block_recon -   Total loss:	1468.963 (rec:182.890, round:1286.073)	b=7.62	count=15000
12/16/2025 13:34:45 - INFO - qdiff.block_recon -   Total loss:	1296.505 (rec:184.523, round:1111.981)	b=7.06	count=15500
12/16/2025 13:34:53 - INFO - qdiff.block_recon -   Total loss:	1112.143 (rec:166.237, round:945.906)	b=6.50	count=16000
12/16/2025 13:35:01 - INFO - qdiff.block_recon -   Total loss:	970.983 (rec:186.297, round:784.685)	b=5.94	count=16500
12/16/2025 13:35:09 - INFO - qdiff.block_recon -   Total loss:	802.109 (rec:176.231, round:625.878)	b=5.38	count=17000
12/16/2025 13:35:17 - INFO - qdiff.block_recon -   Total loss:	638.905 (rec:166.556, round:472.349)	b=4.81	count=17500
12/16/2025 13:35:26 - INFO - qdiff.block_recon -   Total loss:	503.996 (rec:176.777, round:327.218)	b=4.25	count=18000
12/16/2025 13:35:34 - INFO - qdiff.block_recon -   Total loss:	366.128 (rec:167.757, round:198.371)	b=3.69	count=18500
12/16/2025 13:35:43 - INFO - qdiff.block_recon -   Total loss:	259.215 (rec:167.700, round:91.515)	b=3.12	count=19000
12/16/2025 13:35:51 - INFO - qdiff.block_recon -   Total loss:	227.490 (rec:203.228, round:24.262)	b=2.56	count=19500
12/16/2025 13:36:00 - INFO - qdiff.block_recon -   Total loss:	185.855 (rec:183.121, round:2.734)	b=2.00	count=20000
12/16/2025 13:36:00 - INFO - __main__ -   attn False
12/16/2025 13:36:00 - INFO - __main__ -   0 True
12/16/2025 13:36:00 - INFO - __main__ -   Reconstruction for block 0
12/16/2025 13:37:02 - INFO - qdiff.timestep_aware_utils -   in shape: torch.Size([5120, 256, 16, 16])
12/16/2025 13:37:02 - INFO - qdiff.timestep_aware_utils -   out shape: torch.Size([5120, 256, 16, 16])
12/16/2025 13:37:08 - INFO - qdiff.block_recon -   Total loss:	18.699 (rec:18.699, round:0.000)	b=0.00	count=500
12/16/2025 13:37:14 - INFO - qdiff.block_recon -   Total loss:	19.739 (rec:19.739, round:0.000)	b=0.00	count=1000
12/16/2025 13:37:20 - INFO - qdiff.block_recon -   Total loss:	19.713 (rec:19.713, round:0.000)	b=0.00	count=1500
12/16/2025 13:37:25 - INFO - qdiff.block_recon -   Total loss:	16.819 (rec:16.819, round:0.000)	b=0.00	count=2000
12/16/2025 13:37:31 - INFO - qdiff.block_recon -   Total loss:	17.746 (rec:17.746, round:0.000)	b=0.00	count=2500
12/16/2025 13:37:37 - INFO - qdiff.block_recon -   Total loss:	21.535 (rec:21.535, round:0.000)	b=0.00	count=3000
12/16/2025 13:37:42 - INFO - qdiff.block_recon -   Total loss:	21.225 (rec:21.225, round:0.000)	b=0.00	count=3500
12/16/2025 13:37:48 - INFO - qdiff.block_recon -   Total loss:	2211.214 (rec:18.095, round:2193.119)	b=20.00	count=4000
12/16/2025 13:37:55 - INFO - qdiff.block_recon -   Total loss:	1275.863 (rec:17.869, round:1257.994)	b=19.44	count=4500
12/16/2025 13:38:02 - INFO - qdiff.block_recon -   Total loss:	1170.022 (rec:21.862, round:1148.160)	b=18.88	count=5000
12/16/2025 13:38:09 - INFO - qdiff.block_recon -   Total loss:	1087.725 (rec:18.879, round:1068.846)	b=18.31	count=5500
12/16/2025 13:38:15 - INFO - qdiff.block_recon -   Total loss:	1018.424 (rec:17.935, round:1000.490)	b=17.75	count=6000
12/16/2025 13:38:22 - INFO - qdiff.block_recon -   Total loss:	954.230 (rec:18.500, round:935.730)	b=17.19	count=6500
12/16/2025 13:38:28 - INFO - qdiff.block_recon -   Total loss:	891.914 (rec:17.266, round:874.649)	b=16.62	count=7000
12/16/2025 13:38:35 - INFO - qdiff.block_recon -   Total loss:	835.575 (rec:18.221, round:817.353)	b=16.06	count=7500
12/16/2025 13:38:42 - INFO - qdiff.block_recon -   Total loss:	778.664 (rec:15.267, round:763.397)	b=15.50	count=8000
12/16/2025 13:38:48 - INFO - qdiff.block_recon -   Total loss:	730.953 (rec:18.654, round:712.299)	b=14.94	count=8500
12/16/2025 13:38:55 - INFO - qdiff.block_recon -   Total loss:	682.457 (rec:19.510, round:662.947)	b=14.38	count=9000
12/16/2025 13:39:01 - INFO - qdiff.block_recon -   Total loss:	633.655 (rec:17.650, round:616.005)	b=13.81	count=9500
12/16/2025 13:39:08 - INFO - qdiff.block_recon -   Total loss:	590.143 (rec:18.325, round:571.819)	b=13.25	count=10000
12/16/2025 13:39:14 - INFO - qdiff.block_recon -   Total loss:	546.727 (rec:17.653, round:529.073)	b=12.69	count=10500
12/16/2025 13:39:21 - INFO - qdiff.block_recon -   Total loss:	506.265 (rec:18.957, round:487.307)	b=12.12	count=11000
12/16/2025 13:39:28 - INFO - qdiff.block_recon -   Total loss:	464.528 (rec:16.681, round:447.847)	b=11.56	count=11500
12/16/2025 13:39:34 - INFO - qdiff.block_recon -   Total loss:	428.466 (rec:18.149, round:410.317)	b=11.00	count=12000
12/16/2025 13:39:41 - INFO - qdiff.block_recon -   Total loss:	394.904 (rec:20.436, round:374.469)	b=10.44	count=12500
12/16/2025 13:39:47 - INFO - qdiff.block_recon -   Total loss:	358.906 (rec:19.364, round:339.542)	b=9.88	count=13000
12/16/2025 13:39:54 - INFO - qdiff.block_recon -   Total loss:	324.478 (rec:17.884, round:306.594)	b=9.31	count=13500
12/16/2025 13:40:01 - INFO - qdiff.block_recon -   Total loss:	292.734 (rec:18.446, round:274.287)	b=8.75	count=14000
12/16/2025 13:40:07 - INFO - qdiff.block_recon -   Total loss:	259.363 (rec:16.600, round:242.762)	b=8.19	count=14500
12/16/2025 13:40:14 - INFO - qdiff.block_recon -   Total loss:	234.325 (rec:21.055, round:213.269)	b=7.62	count=15000
12/16/2025 13:40:21 - INFO - qdiff.block_recon -   Total loss:	201.024 (rec:17.820, round:183.204)	b=7.06	count=15500
12/16/2025 13:40:28 - INFO - qdiff.block_recon -   Total loss:	174.531 (rec:20.347, round:154.184)	b=6.50	count=16000
12/16/2025 13:40:35 - INFO - qdiff.block_recon -   Total loss:	144.005 (rec:17.555, round:126.449)	b=5.94	count=16500
12/16/2025 13:40:41 - INFO - qdiff.block_recon -   Total loss:	117.298 (rec:18.140, round:99.158)	b=5.38	count=17000
12/16/2025 13:40:48 - INFO - qdiff.block_recon -   Total loss:	92.628 (rec:19.204, round:73.424)	b=4.81	count=17500
12/16/2025 13:40:55 - INFO - qdiff.block_recon -   Total loss:	64.546 (rec:15.866, round:48.680)	b=4.25	count=18000
12/16/2025 13:41:02 - INFO - qdiff.block_recon -   Total loss:	43.856 (rec:16.810, round:27.046)	b=3.69	count=18500
12/16/2025 13:41:08 - INFO - qdiff.block_recon -   Total loss:	27.756 (rec:17.235, round:10.521)	b=3.12	count=19000
12/16/2025 13:41:15 - INFO - qdiff.block_recon -   Total loss:	19.702 (rec:17.838, round:1.865)	b=2.56	count=19500
12/16/2025 13:41:21 - INFO - qdiff.block_recon -   Total loss:	21.802 (rec:21.692, round:0.110)	b=2.00	count=20000
12/16/2025 13:41:22 - INFO - __main__ -   1 True
12/16/2025 13:41:22 - INFO - __main__ -   Reconstruction for block 1
12/16/2025 13:42:28 - INFO - qdiff.timestep_aware_utils -   in shape: torch.Size([5120, 256, 16, 16])
12/16/2025 13:42:28 - INFO - qdiff.timestep_aware_utils -   out shape: torch.Size([5120, 256, 16, 16])
12/16/2025 13:42:34 - INFO - qdiff.block_recon -   Total loss:	15.456 (rec:15.456, round:0.000)	b=0.00	count=500
12/16/2025 13:42:39 - INFO - qdiff.block_recon -   Total loss:	17.820 (rec:17.820, round:0.000)	b=0.00	count=1000
12/16/2025 13:42:45 - INFO - qdiff.block_recon -   Total loss:	20.779 (rec:20.779, round:0.000)	b=0.00	count=1500
12/16/2025 13:42:50 - INFO - qdiff.block_recon -   Total loss:	18.205 (rec:18.205, round:0.000)	b=0.00	count=2000
12/16/2025 13:42:56 - INFO - qdiff.block_recon -   Total loss:	19.279 (rec:19.279, round:0.000)	b=0.00	count=2500
12/16/2025 13:43:02 - INFO - qdiff.block_recon -   Total loss:	18.009 (rec:18.009, round:0.000)	b=0.00	count=3000
12/16/2025 13:43:07 - INFO - qdiff.block_recon -   Total loss:	18.823 (rec:18.823, round:0.000)	b=0.00	count=3500
12/16/2025 13:43:13 - INFO - qdiff.block_recon -   Total loss:	2236.833 (rec:19.385, round:2217.448)	b=20.00	count=4000
12/16/2025 13:43:20 - INFO - qdiff.block_recon -   Total loss:	1282.801 (rec:17.339, round:1265.462)	b=19.44	count=4500
12/16/2025 13:43:26 - INFO - qdiff.block_recon -   Total loss:	1174.743 (rec:17.522, round:1157.222)	b=18.88	count=5000
12/16/2025 13:43:33 - INFO - qdiff.block_recon -   Total loss:	1095.384 (rec:19.339, round:1076.045)	b=18.31	count=5500
12/16/2025 13:43:40 - INFO - qdiff.block_recon -   Total loss:	1020.153 (rec:18.119, round:1002.034)	b=17.75	count=6000
12/16/2025 13:43:47 - INFO - qdiff.block_recon -   Total loss:	951.717 (rec:16.907, round:934.810)	b=17.19	count=6500
12/16/2025 13:43:53 - INFO - qdiff.block_recon -   Total loss:	888.756 (rec:17.638, round:871.119)	b=16.62	count=7000
12/16/2025 13:44:00 - INFO - qdiff.block_recon -   Total loss:	831.432 (rec:19.063, round:812.370)	b=16.06	count=7500
12/16/2025 13:44:07 - INFO - qdiff.block_recon -   Total loss:	772.487 (rec:17.211, round:755.276)	b=15.50	count=8000
12/16/2025 13:44:14 - INFO - qdiff.block_recon -   Total loss:	719.014 (rec:17.620, round:701.394)	b=14.94	count=8500
12/16/2025 13:44:20 - INFO - qdiff.block_recon -   Total loss:	670.216 (rec:19.041, round:651.175)	b=14.38	count=9000
12/16/2025 13:44:27 - INFO - qdiff.block_recon -   Total loss:	621.828 (rec:18.750, round:603.078)	b=13.81	count=9500
12/16/2025 13:44:33 - INFO - qdiff.block_recon -   Total loss:	574.021 (rec:17.065, round:556.955)	b=13.25	count=10000
12/16/2025 13:44:40 - INFO - qdiff.block_recon -   Total loss:	529.514 (rec:16.504, round:513.010)	b=12.69	count=10500
12/16/2025 13:44:47 - INFO - qdiff.block_recon -   Total loss:	490.533 (rec:19.315, round:471.218)	b=12.12	count=11000
12/16/2025 13:44:53 - INFO - qdiff.block_recon -   Total loss:	449.262 (rec:17.624, round:431.638)	b=11.56	count=11500
12/16/2025 13:45:00 - INFO - qdiff.block_recon -   Total loss:	411.902 (rec:18.458, round:393.444)	b=11.00	count=12000
12/16/2025 13:45:06 - INFO - qdiff.block_recon -   Total loss:	377.741 (rec:19.814, round:357.927)	b=10.44	count=12500
12/16/2025 13:45:13 - INFO - qdiff.block_recon -   Total loss:	338.016 (rec:15.478, round:322.537)	b=9.88	count=13000
12/16/2025 13:45:19 - INFO - qdiff.block_recon -   Total loss:	307.681 (rec:18.326, round:289.354)	b=9.31	count=13500
12/16/2025 13:45:26 - INFO - qdiff.block_recon -   Total loss:	277.456 (rec:20.393, round:257.063)	b=8.75	count=14000
12/16/2025 13:45:32 - INFO - qdiff.block_recon -   Total loss:	244.482 (rec:18.046, round:226.437)	b=8.19	count=14500
12/16/2025 13:45:39 - INFO - qdiff.block_recon -   Total loss:	214.210 (rec:18.299, round:195.911)	b=7.62	count=15000
12/16/2025 13:45:45 - INFO - qdiff.block_recon -   Total loss:	186.565 (rec:18.841, round:167.723)	b=7.06	count=15500
12/16/2025 13:45:52 - INFO - qdiff.block_recon -   Total loss:	158.675 (rec:18.451, round:140.223)	b=6.50	count=16000
12/16/2025 13:45:58 - INFO - qdiff.block_recon -   Total loss:	130.598 (rec:17.407, round:113.191)	b=5.94	count=16500
12/16/2025 13:46:05 - INFO - qdiff.block_recon -   Total loss:	104.709 (rec:17.961, round:86.747)	b=5.38	count=17000
12/16/2025 13:46:12 - INFO - qdiff.block_recon -   Total loss:	83.337 (rec:20.304, round:63.033)	b=4.81	count=17500
12/16/2025 13:46:18 - INFO - qdiff.block_recon -   Total loss:	58.009 (rec:17.569, round:40.440)	b=4.25	count=18000
12/16/2025 13:46:25 - INFO - qdiff.block_recon -   Total loss:	37.630 (rec:16.852, round:20.778)	b=3.69	count=18500
12/16/2025 13:46:31 - INFO - qdiff.block_recon -   Total loss:	23.953 (rec:17.013, round:6.940)	b=3.12	count=19000
12/16/2025 13:46:38 - INFO - qdiff.block_recon -   Total loss:	18.107 (rec:17.018, round:1.089)	b=2.56	count=19500
12/16/2025 13:46:45 - INFO - qdiff.block_recon -   Total loss:	16.592 (rec:16.535, round:0.057)	b=2.00	count=20000
12/16/2025 13:46:46 - INFO - __main__ -   2 True
12/16/2025 13:46:46 - INFO - __main__ -   Reconstruction for block 2
12/16/2025 13:47:56 - INFO - qdiff.timestep_aware_utils -   in shape: torch.Size([5120, 256, 16, 16])
12/16/2025 13:47:56 - INFO - qdiff.timestep_aware_utils -   out shape: torch.Size([5120, 256, 16, 16])
12/16/2025 13:48:01 - INFO - qdiff.block_recon -   Total loss:	13.812 (rec:13.812, round:0.000)	b=0.00	count=500
12/16/2025 13:48:07 - INFO - qdiff.block_recon -   Total loss:	14.235 (rec:14.235, round:0.000)	b=0.00	count=1000
12/16/2025 13:48:13 - INFO - qdiff.block_recon -   Total loss:	11.790 (rec:11.790, round:0.000)	b=0.00	count=1500
12/16/2025 13:48:18 - INFO - qdiff.block_recon -   Total loss:	12.620 (rec:12.620, round:0.000)	b=0.00	count=2000
12/16/2025 13:48:24 - INFO - qdiff.block_recon -   Total loss:	13.075 (rec:13.075, round:0.000)	b=0.00	count=2500
12/16/2025 13:48:29 - INFO - qdiff.block_recon -   Total loss:	15.423 (rec:15.423, round:0.000)	b=0.00	count=3000
12/16/2025 13:48:35 - INFO - qdiff.block_recon -   Total loss:	15.185 (rec:15.185, round:0.000)	b=0.00	count=3500
12/16/2025 13:48:41 - INFO - qdiff.block_recon -   Total loss:	2255.143 (rec:13.900, round:2241.243)	b=20.00	count=4000
12/16/2025 13:48:47 - INFO - qdiff.block_recon -   Total loss:	1275.296 (rec:12.382, round:1262.914)	b=19.44	count=4500
12/16/2025 13:48:54 - INFO - qdiff.block_recon -   Total loss:	1171.620 (rec:14.619, round:1157.001)	b=18.88	count=5000
12/16/2025 13:49:01 - INFO - qdiff.block_recon -   Total loss:	1092.250 (rec:14.096, round:1078.154)	b=18.31	count=5500
12/16/2025 13:49:07 - INFO - qdiff.block_recon -   Total loss:	1023.694 (rec:15.375, round:1008.319)	b=17.75	count=6000
12/16/2025 13:49:14 - INFO - qdiff.block_recon -   Total loss:	955.632 (rec:14.625, round:941.007)	b=17.19	count=6500
12/16/2025 13:49:21 - INFO - qdiff.block_recon -   Total loss:	890.662 (rec:12.491, round:878.171)	b=16.62	count=7000
12/16/2025 13:49:27 - INFO - qdiff.block_recon -   Total loss:	832.882 (rec:13.375, round:819.507)	b=16.06	count=7500
12/16/2025 13:49:34 - INFO - qdiff.block_recon -   Total loss:	773.543 (rec:11.149, round:762.394)	b=15.50	count=8000
12/16/2025 13:49:40 - INFO - qdiff.block_recon -   Total loss:	723.351 (rec:15.204, round:708.146)	b=14.94	count=8500
12/16/2025 13:49:47 - INFO - qdiff.block_recon -   Total loss:	670.204 (rec:13.773, round:656.431)	b=14.38	count=9000
12/16/2025 13:49:54 - INFO - qdiff.block_recon -   Total loss:	623.671 (rec:14.810, round:608.860)	b=13.81	count=9500
12/16/2025 13:50:00 - INFO - qdiff.block_recon -   Total loss:	576.755 (rec:13.709, round:563.046)	b=13.25	count=10000
12/16/2025 13:50:07 - INFO - qdiff.block_recon -   Total loss:	533.758 (rec:14.724, round:519.034)	b=12.69	count=10500
12/16/2025 13:50:14 - INFO - qdiff.block_recon -   Total loss:	490.091 (rec:12.881, round:477.210)	b=12.12	count=11000
12/16/2025 13:50:21 - INFO - qdiff.block_recon -   Total loss:	449.448 (rec:12.212, round:437.236)	b=11.56	count=11500
12/16/2025 13:50:27 - INFO - qdiff.block_recon -   Total loss:	412.548 (rec:13.355, round:399.193)	b=11.00	count=12000
12/16/2025 13:50:34 - INFO - qdiff.block_recon -   Total loss:	377.299 (rec:13.849, round:363.450)	b=10.44	count=12500
12/16/2025 13:50:41 - INFO - qdiff.block_recon -   Total loss:	342.734 (rec:14.076, round:328.658)	b=9.88	count=13000
12/16/2025 13:50:48 - INFO - qdiff.block_recon -   Total loss:	308.941 (rec:14.241, round:294.701)	b=9.31	count=13500
12/16/2025 13:50:55 - INFO - qdiff.block_recon -   Total loss:	274.672 (rec:13.066, round:261.605)	b=8.75	count=14000
12/16/2025 13:51:01 - INFO - qdiff.block_recon -   Total loss:	243.149 (rec:13.516, round:229.633)	b=8.19	count=14500
12/16/2025 13:51:08 - INFO - qdiff.block_recon -   Total loss:	212.458 (rec:13.601, round:198.857)	b=7.62	count=15000
12/16/2025 13:51:15 - INFO - qdiff.block_recon -   Total loss:	182.347 (rec:13.442, round:168.904)	b=7.06	count=15500
12/16/2025 13:51:22 - INFO - qdiff.block_recon -   Total loss:	154.172 (rec:13.599, round:140.573)	b=6.50	count=16000
12/16/2025 13:51:28 - INFO - qdiff.block_recon -   Total loss:	128.296 (rec:15.394, round:112.902)	b=5.94	count=16500
12/16/2025 13:51:35 - INFO - qdiff.block_recon -   Total loss:	100.843 (rec:14.739, round:86.104)	b=5.38	count=17000
12/16/2025 13:51:42 - INFO - qdiff.block_recon -   Total loss:	75.909 (rec:15.175, round:60.734)	b=4.81	count=17500
12/16/2025 13:51:48 - INFO - qdiff.block_recon -   Total loss:	50.369 (rec:12.833, round:37.537)	b=4.25	count=18000
12/16/2025 13:51:55 - INFO - qdiff.block_recon -   Total loss:	30.217 (rec:12.320, round:17.897)	b=3.69	count=18500
12/16/2025 13:52:02 - INFO - qdiff.block_recon -   Total loss:	18.032 (rec:13.145, round:4.886)	b=3.12	count=19000
12/16/2025 13:52:09 - INFO - qdiff.block_recon -   Total loss:	13.225 (rec:12.625, round:0.600)	b=2.56	count=19500
12/16/2025 13:52:16 - INFO - qdiff.block_recon -   Total loss:	14.026 (rec:13.999, round:0.027)	b=2.00	count=20000
12/16/2025 13:52:16 - INFO - __main__ -   upsample False
12/16/2025 13:52:16 - INFO - __main__ -   conv False
12/16/2025 13:52:16 - INFO - __main__ -   Reconstruction for layer conv
12/16/2025 13:53:30 - INFO - qdiff.timestep_aware_utils -   in shape: torch.Size([5120, 256, 32, 32])
12/16/2025 13:53:30 - INFO - qdiff.timestep_aware_utils -   out shape: torch.Size([5120, 256, 32, 32])
12/16/2025 13:53:45 - INFO - qdiff.layer_recon -   Total loss:	255.488 (rec:255.488, round:0.000)	b=0.00	count=500
12/16/2025 13:53:59 - INFO - qdiff.layer_recon -   Total loss:	250.664 (rec:250.664, round:0.000)	b=0.00	count=1000
12/16/2025 13:54:12 - INFO - qdiff.layer_recon -   Total loss:	237.035 (rec:237.035, round:0.000)	b=0.00	count=1500
12/16/2025 13:54:25 - INFO - qdiff.layer_recon -   Total loss:	254.662 (rec:254.662, round:0.000)	b=0.00	count=2000
12/16/2025 13:54:39 - INFO - qdiff.layer_recon -   Total loss:	231.367 (rec:231.367, round:0.000)	b=0.00	count=2500
12/16/2025 13:54:52 - INFO - qdiff.layer_recon -   Total loss:	263.166 (rec:263.166, round:0.000)	b=0.00	count=3000
12/16/2025 13:55:05 - INFO - qdiff.layer_recon -   Total loss:	243.596 (rec:243.596, round:0.000)	b=0.00	count=3500
12/16/2025 13:55:18 - INFO - qdiff.layer_recon -   Total loss:	5116.847 (rec:237.252, round:4879.596)	b=20.00	count=4000
12/16/2025 13:55:32 - INFO - qdiff.layer_recon -   Total loss:	3484.591 (rec:217.610, round:3266.980)	b=19.44	count=4500
12/16/2025 13:55:45 - INFO - qdiff.layer_recon -   Total loss:	3214.980 (rec:196.134, round:3018.846)	b=18.88	count=5000
12/16/2025 13:55:59 - INFO - qdiff.layer_recon -   Total loss:	3055.972 (rec:213.830, round:2842.142)	b=18.31	count=5500
12/16/2025 13:56:12 - INFO - qdiff.layer_recon -   Total loss:	2936.796 (rec:242.031, round:2694.764)	b=17.75	count=6000
12/16/2025 13:56:26 - INFO - qdiff.layer_recon -   Total loss:	2821.482 (rec:261.452, round:2560.030)	b=17.19	count=6500
12/16/2025 13:56:39 - INFO - qdiff.layer_recon -   Total loss:	2675.836 (rec:240.215, round:2435.622)	b=16.62	count=7000
12/16/2025 13:56:52 - INFO - qdiff.layer_recon -   Total loss:	2537.945 (rec:217.315, round:2320.630)	b=16.06	count=7500
12/16/2025 13:57:06 - INFO - qdiff.layer_recon -   Total loss:	2464.663 (rec:251.638, round:2213.025)	b=15.50	count=8000
12/16/2025 13:57:20 - INFO - qdiff.layer_recon -   Total loss:	2313.839 (rec:204.443, round:2109.396)	b=14.94	count=8500
12/16/2025 13:57:33 - INFO - qdiff.layer_recon -   Total loss:	2189.131 (rec:179.831, round:2009.299)	b=14.38	count=9000
12/16/2025 13:57:47 - INFO - qdiff.layer_recon -   Total loss:	2130.689 (rec:219.816, round:1910.873)	b=13.81	count=9500
12/16/2025 13:58:01 - INFO - qdiff.layer_recon -   Total loss:	2044.640 (rec:226.687, round:1817.953)	b=13.25	count=10000
12/16/2025 13:58:14 - INFO - qdiff.layer_recon -   Total loss:	1946.132 (rec:216.226, round:1729.906)	b=12.69	count=10500
12/16/2025 13:58:28 - INFO - qdiff.layer_recon -   Total loss:	1861.293 (rec:218.523, round:1642.770)	b=12.12	count=11000
12/16/2025 13:58:42 - INFO - qdiff.layer_recon -   Total loss:	1773.189 (rec:217.307, round:1555.881)	b=11.56	count=11500
12/16/2025 13:58:55 - INFO - qdiff.layer_recon -   Total loss:	1677.103 (rec:205.673, round:1471.430)	b=11.00	count=12000
12/16/2025 13:59:09 - INFO - qdiff.layer_recon -   Total loss:	1587.977 (rec:202.020, round:1385.957)	b=10.44	count=12500
12/16/2025 13:59:22 - INFO - qdiff.layer_recon -   Total loss:	1549.380 (rec:248.479, round:1300.901)	b=9.88	count=13000
12/16/2025 13:59:36 - INFO - qdiff.layer_recon -   Total loss:	1407.624 (rec:192.429, round:1215.195)	b=9.31	count=13500
12/16/2025 13:59:49 - INFO - qdiff.layer_recon -   Total loss:	1332.662 (rec:201.458, round:1131.204)	b=8.75	count=14000
12/16/2025 14:00:03 - INFO - qdiff.layer_recon -   Total loss:	1258.984 (rec:214.280, round:1044.704)	b=8.19	count=14500
12/16/2025 14:00:17 - INFO - qdiff.layer_recon -   Total loss:	1235.095 (rec:278.839, round:956.256)	b=7.62	count=15000
12/16/2025 14:00:31 - INFO - qdiff.layer_recon -   Total loss:	1071.216 (rec:203.843, round:867.374)	b=7.06	count=15500
12/16/2025 14:00:44 - INFO - qdiff.layer_recon -   Total loss:	957.480 (rec:182.182, round:775.298)	b=6.50	count=16000
12/16/2025 14:00:58 - INFO - qdiff.layer_recon -   Total loss:	884.093 (rec:202.054, round:682.040)	b=5.94	count=16500
12/16/2025 14:01:12 - INFO - qdiff.layer_recon -   Total loss:	779.965 (rec:195.095, round:584.870)	b=5.38	count=17000
12/16/2025 14:01:25 - INFO - qdiff.layer_recon -   Total loss:	739.404 (rec:254.115, round:485.289)	b=4.81	count=17500
12/16/2025 14:01:39 - INFO - qdiff.layer_recon -   Total loss:	597.977 (rec:215.939, round:382.038)	b=4.25	count=18000
12/16/2025 14:01:52 - INFO - qdiff.layer_recon -   Total loss:	466.697 (rec:190.487, round:276.209)	b=3.69	count=18500
12/16/2025 14:02:06 - INFO - qdiff.layer_recon -   Total loss:	432.436 (rec:262.255, round:170.181)	b=3.12	count=19000
12/16/2025 14:02:20 - INFO - qdiff.layer_recon -   Total loss:	303.358 (rec:226.283, round:77.075)	b=2.56	count=19500
12/16/2025 14:02:33 - INFO - qdiff.layer_recon -   Total loss:	282.345 (rec:260.972, round:21.373)	b=2.00	count=20000
12/16/2025 14:02:34 - INFO - __main__ -   2 False
12/16/2025 14:02:34 - INFO - __main__ -   block False
12/16/2025 14:02:34 - INFO - __main__ -   0 True
12/16/2025 14:02:34 - INFO - __main__ -   Reconstruction for block 0
12/16/2025 14:03:26 - INFO - qdiff.timestep_aware_utils -   in 1 shape: torch.Size([5120, 512, 8, 8]), in 2 shape: torch.Size([5120, 512])
12/16/2025 14:03:26 - INFO - qdiff.timestep_aware_utils -   out shape: torch.Size([5120, 256, 8, 8])
12/16/2025 14:03:30 - INFO - qdiff.block_recon -   Total loss:	716.583 (rec:716.583, round:0.000)	b=0.00	count=500
12/16/2025 14:03:34 - INFO - qdiff.block_recon -   Total loss:	859.710 (rec:859.710, round:0.000)	b=0.00	count=1000
12/16/2025 14:03:39 - INFO - qdiff.block_recon -   Total loss:	798.377 (rec:798.377, round:0.000)	b=0.00	count=1500
12/16/2025 14:03:43 - INFO - qdiff.block_recon -   Total loss:	735.611 (rec:735.611, round:0.000)	b=0.00	count=2000
12/16/2025 14:03:48 - INFO - qdiff.block_recon -   Total loss:	745.328 (rec:745.328, round:0.000)	b=0.00	count=2500
12/16/2025 14:03:52 - INFO - qdiff.block_recon -   Total loss:	742.973 (rec:742.973, round:0.000)	b=0.00	count=3000
12/16/2025 14:03:57 - INFO - qdiff.block_recon -   Total loss:	727.793 (rec:727.793, round:0.000)	b=0.00	count=3500
12/16/2025 14:04:01 - INFO - qdiff.block_recon -   Total loss:	18030.385 (rec:750.978, round:17279.406)	b=20.00	count=4000
12/16/2025 14:04:07 - INFO - qdiff.block_recon -   Total loss:	11968.623 (rec:794.841, round:11173.782)	b=19.44	count=4500
12/16/2025 14:04:12 - INFO - qdiff.block_recon -   Total loss:	11079.368 (rec:718.144, round:10361.225)	b=18.88	count=5000
12/16/2025 14:04:18 - INFO - qdiff.block_recon -   Total loss:	10496.953 (rec:696.390, round:9800.563)	b=18.31	count=5500
12/16/2025 14:04:23 - INFO - qdiff.block_recon -   Total loss:	10045.375 (rec:738.468, round:9306.907)	b=17.75	count=6000
12/16/2025 14:04:29 - INFO - qdiff.block_recon -   Total loss:	9559.420 (rec:706.780, round:8852.641)	b=17.19	count=6500
12/16/2025 14:04:34 - INFO - qdiff.block_recon -   Total loss:	9168.055 (rec:753.128, round:8414.926)	b=16.62	count=7000
12/16/2025 14:04:40 - INFO - qdiff.block_recon -   Total loss:	8778.459 (rec:782.873, round:7995.586)	b=16.06	count=7500
12/16/2025 14:04:45 - INFO - qdiff.block_recon -   Total loss:	8340.656 (rec:746.880, round:7593.776)	b=15.50	count=8000
12/16/2025 14:04:51 - INFO - qdiff.block_recon -   Total loss:	7880.845 (rec:678.206, round:7202.640)	b=14.94	count=8500
12/16/2025 14:04:56 - INFO - qdiff.block_recon -   Total loss:	7628.173 (rec:809.036, round:6819.137)	b=14.38	count=9000
12/16/2025 14:05:02 - INFO - qdiff.block_recon -   Total loss:	7196.114 (rec:748.880, round:6447.234)	b=13.81	count=9500
12/16/2025 14:05:07 - INFO - qdiff.block_recon -   Total loss:	6811.893 (rec:732.117, round:6079.775)	b=13.25	count=10000
12/16/2025 14:05:13 - INFO - qdiff.block_recon -   Total loss:	6429.033 (rec:707.640, round:5721.393)	b=12.69	count=10500
12/16/2025 14:05:18 - INFO - qdiff.block_recon -   Total loss:	6081.503 (rec:709.198, round:5372.306)	b=12.12	count=11000
12/16/2025 14:05:24 - INFO - qdiff.block_recon -   Total loss:	5750.522 (rec:722.038, round:5028.484)	b=11.56	count=11500
12/16/2025 14:05:29 - INFO - qdiff.block_recon -   Total loss:	5376.926 (rec:687.049, round:4689.877)	b=11.00	count=12000
12/16/2025 14:05:35 - INFO - qdiff.block_recon -   Total loss:	5126.248 (rec:768.590, round:4357.658)	b=10.44	count=12500
12/16/2025 14:05:40 - INFO - qdiff.block_recon -   Total loss:	4788.206 (rec:758.030, round:4030.177)	b=9.88	count=13000
12/16/2025 14:05:45 - INFO - qdiff.block_recon -   Total loss:	4440.620 (rec:731.733, round:3708.887)	b=9.31	count=13500
12/16/2025 14:05:51 - INFO - qdiff.block_recon -   Total loss:	4046.272 (rec:652.529, round:3393.743)	b=8.75	count=14000
12/16/2025 14:05:56 - INFO - qdiff.block_recon -   Total loss:	3843.562 (rec:765.940, round:3077.621)	b=8.19	count=14500
12/16/2025 14:06:02 - INFO - qdiff.block_recon -   Total loss:	3492.638 (rec:727.421, round:2765.216)	b=7.62	count=15000
12/16/2025 14:06:08 - INFO - qdiff.block_recon -   Total loss:	3157.504 (rec:701.436, round:2456.068)	b=7.06	count=15500
12/16/2025 14:06:13 - INFO - qdiff.block_recon -   Total loss:	2933.575 (rec:784.136, round:2149.439)	b=6.50	count=16000
12/16/2025 14:06:19 - INFO - qdiff.block_recon -   Total loss:	2594.876 (rec:751.471, round:1843.405)	b=5.94	count=16500
12/16/2025 14:06:24 - INFO - qdiff.block_recon -   Total loss:	2251.015 (rec:713.058, round:1537.957)	b=5.38	count=17000
12/16/2025 14:06:30 - INFO - qdiff.block_recon -   Total loss:	1952.688 (rec:717.877, round:1234.811)	b=4.81	count=17500
12/16/2025 14:06:36 - INFO - qdiff.block_recon -   Total loss:	1635.811 (rec:697.495, round:938.315)	b=4.25	count=18000
12/16/2025 14:06:41 - INFO - qdiff.block_recon -   Total loss:	1389.416 (rec:738.153, round:651.263)	b=3.69	count=18500
12/16/2025 14:06:46 - INFO - qdiff.block_recon -   Total loss:	1043.731 (rec:661.618, round:382.112)	b=3.12	count=19000
12/16/2025 14:06:52 - INFO - qdiff.block_recon -   Total loss:	825.838 (rec:666.703, round:159.135)	b=2.56	count=19500
12/16/2025 14:06:58 - INFO - qdiff.block_recon -   Total loss:	766.096 (rec:734.115, round:31.981)	b=2.00	count=20000
12/16/2025 14:06:58 - INFO - __main__ -   1 True
12/16/2025 14:06:58 - INFO - __main__ -   Reconstruction for block 1
12/16/2025 14:07:51 - INFO - qdiff.timestep_aware_utils -   in 1 shape: torch.Size([5120, 512, 8, 8]), in 2 shape: torch.Size([5120, 512])
12/16/2025 14:07:51 - INFO - qdiff.timestep_aware_utils -   out shape: torch.Size([5120, 256, 8, 8])
12/16/2025 14:07:56 - INFO - qdiff.block_recon -   Total loss:	406.193 (rec:406.193, round:0.000)	b=0.00	count=500
12/16/2025 14:08:00 - INFO - qdiff.block_recon -   Total loss:	416.832 (rec:416.832, round:0.000)	b=0.00	count=1000
12/16/2025 14:08:04 - INFO - qdiff.block_recon -   Total loss:	404.105 (rec:404.105, round:0.000)	b=0.00	count=1500
12/16/2025 14:08:09 - INFO - qdiff.block_recon -   Total loss:	373.342 (rec:373.342, round:0.000)	b=0.00	count=2000
12/16/2025 14:08:13 - INFO - qdiff.block_recon -   Total loss:	349.197 (rec:349.197, round:0.000)	b=0.00	count=2500
12/16/2025 14:08:18 - INFO - qdiff.block_recon -   Total loss:	359.113 (rec:359.113, round:0.000)	b=0.00	count=3000
12/16/2025 14:08:22 - INFO - qdiff.block_recon -   Total loss:	391.032 (rec:391.032, round:0.000)	b=0.00	count=3500
12/16/2025 14:08:26 - INFO - qdiff.block_recon -   Total loss:	17695.717 (rec:391.729, round:17303.988)	b=20.00	count=4000
12/16/2025 14:08:32 - INFO - qdiff.block_recon -   Total loss:	11149.532 (rec:390.678, round:10758.854)	b=19.44	count=4500
12/16/2025 14:08:38 - INFO - qdiff.block_recon -   Total loss:	10342.301 (rec:383.239, round:9959.062)	b=18.88	count=5000
12/16/2025 14:08:43 - INFO - qdiff.block_recon -   Total loss:	9816.483 (rec:417.253, round:9399.230)	b=18.31	count=5500
12/16/2025 14:08:49 - INFO - qdiff.block_recon -   Total loss:	9303.234 (rec:391.664, round:8911.570)	b=17.75	count=6000
12/16/2025 14:08:54 - INFO - qdiff.block_recon -   Total loss:	8880.963 (rec:428.812, round:8452.151)	b=17.19	count=6500
12/16/2025 14:09:00 - INFO - qdiff.block_recon -   Total loss:	8399.108 (rec:384.516, round:8014.592)	b=16.62	count=7000
12/16/2025 14:09:06 - INFO - qdiff.block_recon -   Total loss:	7997.930 (rec:404.116, round:7593.814)	b=16.06	count=7500
12/16/2025 14:09:11 - INFO - qdiff.block_recon -   Total loss:	7540.661 (rec:355.155, round:7185.506)	b=15.50	count=8000
12/16/2025 14:09:16 - INFO - qdiff.block_recon -   Total loss:	7172.796 (rec:382.062, round:6790.733)	b=14.94	count=8500
12/16/2025 14:09:22 - INFO - qdiff.block_recon -   Total loss:	6837.396 (rec:431.478, round:6405.918)	b=14.38	count=9000
12/16/2025 14:09:27 - INFO - qdiff.block_recon -   Total loss:	6419.730 (rec:388.351, round:6031.378)	b=13.81	count=9500
12/16/2025 14:09:33 - INFO - qdiff.block_recon -   Total loss:	6084.071 (rec:420.133, round:5663.938)	b=13.25	count=10000
12/16/2025 14:09:38 - INFO - qdiff.block_recon -   Total loss:	5694.535 (rec:384.183, round:5310.352)	b=12.69	count=10500
12/16/2025 14:09:44 - INFO - qdiff.block_recon -   Total loss:	5344.788 (rec:381.016, round:4963.772)	b=12.12	count=11000
12/16/2025 14:09:49 - INFO - qdiff.block_recon -   Total loss:	5011.132 (rec:389.022, round:4622.110)	b=11.56	count=11500
12/16/2025 14:09:55 - INFO - qdiff.block_recon -   Total loss:	4665.137 (rec:375.159, round:4289.979)	b=11.00	count=12000
12/16/2025 14:10:01 - INFO - qdiff.block_recon -   Total loss:	4300.987 (rec:336.545, round:3964.442)	b=10.44	count=12500
12/16/2025 14:10:06 - INFO - qdiff.block_recon -   Total loss:	4033.214 (rec:388.696, round:3644.518)	b=9.88	count=13000
12/16/2025 14:10:12 - INFO - qdiff.block_recon -   Total loss:	3706.970 (rec:379.129, round:3327.841)	b=9.31	count=13500
12/16/2025 14:10:18 - INFO - qdiff.block_recon -   Total loss:	3428.568 (rec:409.383, round:3019.185)	b=8.75	count=14000
12/16/2025 14:10:23 - INFO - qdiff.block_recon -   Total loss:	3136.454 (rec:419.905, round:2716.550)	b=8.19	count=14500
12/16/2025 14:10:28 - INFO - qdiff.block_recon -   Total loss:	2835.329 (rec:417.686, round:2417.643)	b=7.62	count=15000
12/16/2025 14:10:34 - INFO - qdiff.block_recon -   Total loss:	2498.052 (rec:373.898, round:2124.155)	b=7.06	count=15500
12/16/2025 14:10:39 - INFO - qdiff.block_recon -   Total loss:	2180.739 (rec:347.557, round:1833.182)	b=6.50	count=16000
12/16/2025 14:10:44 - INFO - qdiff.block_recon -   Total loss:	1925.029 (rec:378.322, round:1546.707)	b=5.94	count=16500
12/16/2025 14:10:50 - INFO - qdiff.block_recon -   Total loss:	1583.988 (rec:321.150, round:1262.838)	b=5.38	count=17000
12/16/2025 14:10:55 - INFO - qdiff.block_recon -   Total loss:	1353.381 (rec:367.588, round:985.793)	b=4.81	count=17500
12/16/2025 14:11:00 - INFO - qdiff.block_recon -   Total loss:	1114.628 (rec:398.050, round:716.578)	b=4.25	count=18000
12/16/2025 14:11:06 - INFO - qdiff.block_recon -   Total loss:	864.517 (rec:395.421, round:469.096)	b=3.69	count=18500
12/16/2025 14:11:11 - INFO - qdiff.block_recon -   Total loss:	599.844 (rec:350.223, round:249.621)	b=3.12	count=19000
12/16/2025 14:11:17 - INFO - qdiff.block_recon -   Total loss:	467.832 (rec:384.098, round:83.734)	b=2.56	count=19500
12/16/2025 14:11:23 - INFO - qdiff.block_recon -   Total loss:	407.100 (rec:395.271, round:11.829)	b=2.00	count=20000
12/16/2025 14:11:23 - INFO - __main__ -   2 True
12/16/2025 14:11:23 - INFO - __main__ -   Reconstruction for block 2
12/16/2025 14:12:18 - INFO - qdiff.timestep_aware_utils -   in 1 shape: torch.Size([5120, 512, 8, 8]), in 2 shape: torch.Size([5120, 512])
12/16/2025 14:12:18 - INFO - qdiff.timestep_aware_utils -   out shape: torch.Size([5120, 256, 8, 8])
12/16/2025 14:12:22 - INFO - qdiff.block_recon -   Total loss:	154.722 (rec:154.722, round:0.000)	b=0.00	count=500
12/16/2025 14:12:26 - INFO - qdiff.block_recon -   Total loss:	165.375 (rec:165.375, round:0.000)	b=0.00	count=1000
12/16/2025 14:12:31 - INFO - qdiff.block_recon -   Total loss:	139.351 (rec:139.351, round:0.000)	b=0.00	count=1500
12/16/2025 14:12:35 - INFO - qdiff.block_recon -   Total loss:	136.767 (rec:136.767, round:0.000)	b=0.00	count=2000
12/16/2025 14:12:39 - INFO - qdiff.block_recon -   Total loss:	135.197 (rec:135.197, round:0.000)	b=0.00	count=2500
12/16/2025 14:12:44 - INFO - qdiff.block_recon -   Total loss:	135.400 (rec:135.400, round:0.000)	b=0.00	count=3000
12/16/2025 14:12:48 - INFO - qdiff.block_recon -   Total loss:	148.716 (rec:148.716, round:0.000)	b=0.00	count=3500
12/16/2025 14:12:53 - INFO - qdiff.block_recon -   Total loss:	17227.098 (rec:151.103, round:17075.994)	b=20.00	count=4000
12/16/2025 14:12:59 - INFO - qdiff.block_recon -   Total loss:	9950.911 (rec:133.622, round:9817.289)	b=19.44	count=4500
12/16/2025 14:13:05 - INFO - qdiff.block_recon -   Total loss:	9170.506 (rec:136.545, round:9033.961)	b=18.88	count=5000
12/16/2025 14:13:10 - INFO - qdiff.block_recon -   Total loss:	8619.438 (rec:147.096, round:8472.342)	b=18.31	count=5500
12/16/2025 14:13:16 - INFO - qdiff.block_recon -   Total loss:	8122.249 (rec:147.761, round:7974.488)	b=17.75	count=6000
12/16/2025 14:13:21 - INFO - qdiff.block_recon -   Total loss:	7647.803 (rec:139.224, round:7508.579)	b=17.19	count=6500
12/16/2025 14:13:26 - INFO - qdiff.block_recon -   Total loss:	7203.820 (rec:139.166, round:7064.655)	b=16.62	count=7000
12/16/2025 14:13:32 - INFO - qdiff.block_recon -   Total loss:	6781.056 (rec:144.172, round:6636.884)	b=16.06	count=7500
12/16/2025 14:13:37 - INFO - qdiff.block_recon -   Total loss:	6383.326 (rec:158.235, round:6225.090)	b=15.50	count=8000
12/16/2025 14:13:42 - INFO - qdiff.block_recon -   Total loss:	5970.732 (rec:141.570, round:5829.162)	b=14.94	count=8500
12/16/2025 14:13:48 - INFO - qdiff.block_recon -   Total loss:	5576.155 (rec:133.262, round:5442.894)	b=14.38	count=9000
12/16/2025 14:13:53 - INFO - qdiff.block_recon -   Total loss:	5203.604 (rec:132.612, round:5070.992)	b=13.81	count=9500
12/16/2025 14:13:58 - INFO - qdiff.block_recon -   Total loss:	4848.189 (rec:133.142, round:4715.046)	b=13.25	count=10000
12/16/2025 14:14:04 - INFO - qdiff.block_recon -   Total loss:	4521.270 (rec:148.659, round:4372.611)	b=12.69	count=10500
12/16/2025 14:14:09 - INFO - qdiff.block_recon -   Total loss:	4174.985 (rec:133.371, round:4041.615)	b=12.12	count=11000
12/16/2025 14:14:15 - INFO - qdiff.block_recon -   Total loss:	3855.612 (rec:135.367, round:3720.245)	b=11.56	count=11500
12/16/2025 14:14:20 - INFO - qdiff.block_recon -   Total loss:	3536.169 (rec:128.429, round:3407.740)	b=11.00	count=12000
12/16/2025 14:14:25 - INFO - qdiff.block_recon -   Total loss:	3261.251 (rec:155.453, round:3105.798)	b=10.44	count=12500
12/16/2025 14:14:31 - INFO - qdiff.block_recon -   Total loss:	2947.703 (rec:132.255, round:2815.448)	b=9.88	count=13000
12/16/2025 14:14:36 - INFO - qdiff.block_recon -   Total loss:	2680.463 (rec:145.992, round:2534.471)	b=9.31	count=13500
12/16/2025 14:14:42 - INFO - qdiff.block_recon -   Total loss:	2391.942 (rec:129.265, round:2262.677)	b=8.75	count=14000
12/16/2025 14:14:48 - INFO - qdiff.block_recon -   Total loss:	2126.089 (rec:128.533, round:1997.556)	b=8.19	count=14500
12/16/2025 14:14:54 - INFO - qdiff.block_recon -   Total loss:	1881.177 (rec:135.586, round:1745.592)	b=7.62	count=15000
12/16/2025 14:14:59 - INFO - qdiff.block_recon -   Total loss:	1639.013 (rec:141.559, round:1497.453)	b=7.06	count=15500
12/16/2025 14:15:05 - INFO - qdiff.block_recon -   Total loss:	1403.396 (rec:143.072, round:1260.324)	b=6.50	count=16000
12/16/2025 14:15:10 - INFO - qdiff.block_recon -   Total loss:	1150.038 (rec:120.487, round:1029.551)	b=5.94	count=16500
12/16/2025 14:15:16 - INFO - qdiff.block_recon -   Total loss:	934.541 (rec:127.063, round:807.478)	b=5.38	count=17000
12/16/2025 14:15:21 - INFO - qdiff.block_recon -   Total loss:	757.294 (rec:158.852, round:598.442)	b=4.81	count=17500
12/16/2025 14:15:26 - INFO - qdiff.block_recon -   Total loss:	541.498 (rec:137.607, round:403.890)	b=4.25	count=18000
12/16/2025 14:15:32 - INFO - qdiff.block_recon -   Total loss:	379.011 (rec:145.080, round:233.931)	b=3.69	count=18500
12/16/2025 14:15:37 - INFO - qdiff.block_recon -   Total loss:	254.115 (rec:154.937, round:99.179)	b=3.12	count=19000
12/16/2025 14:15:43 - INFO - qdiff.block_recon -   Total loss:	160.712 (rec:139.739, round:20.973)	b=2.56	count=19500
12/16/2025 14:15:48 - INFO - qdiff.block_recon -   Total loss:	137.489 (rec:136.026, round:1.464)	b=2.00	count=20000
12/16/2025 14:15:48 - INFO - __main__ -   attn False
12/16/2025 14:15:48 - INFO - __main__ -   upsample False
12/16/2025 14:15:48 - INFO - __main__ -   conv False
12/16/2025 14:15:48 - INFO - __main__ -   Reconstruction for layer conv
12/16/2025 14:16:45 - INFO - qdiff.timestep_aware_utils -   in shape: torch.Size([5120, 256, 16, 16])
12/16/2025 14:16:45 - INFO - qdiff.timestep_aware_utils -   out shape: torch.Size([5120, 256, 16, 16])
12/16/2025 14:16:50 - INFO - qdiff.layer_recon -   Total loss:	60.856 (rec:60.856, round:0.000)	b=0.00	count=500
12/16/2025 14:16:54 - INFO - qdiff.layer_recon -   Total loss:	58.347 (rec:58.347, round:0.000)	b=0.00	count=1000
12/16/2025 14:16:58 - INFO - qdiff.layer_recon -   Total loss:	51.981 (rec:51.981, round:0.000)	b=0.00	count=1500
12/16/2025 14:17:02 - INFO - qdiff.layer_recon -   Total loss:	59.982 (rec:59.982, round:0.000)	b=0.00	count=2000
12/16/2025 14:17:06 - INFO - qdiff.layer_recon -   Total loss:	53.931 (rec:53.931, round:0.000)	b=0.00	count=2500
12/16/2025 14:17:10 - INFO - qdiff.layer_recon -   Total loss:	53.798 (rec:53.798, round:0.000)	b=0.00	count=3000
12/16/2025 14:17:13 - INFO - qdiff.layer_recon -   Total loss:	53.929 (rec:53.929, round:0.000)	b=0.00	count=3500
12/16/2025 14:17:17 - INFO - qdiff.layer_recon -   Total loss:	4449.167 (rec:50.112, round:4399.055)	b=20.00	count=4000
12/16/2025 14:17:22 - INFO - qdiff.layer_recon -   Total loss:	2426.323 (rec:44.742, round:2381.581)	b=19.44	count=4500
12/16/2025 14:17:26 - INFO - qdiff.layer_recon -   Total loss:	2154.296 (rec:42.185, round:2112.112)	b=18.88	count=5000
12/16/2025 14:17:30 - INFO - qdiff.layer_recon -   Total loss:	1962.281 (rec:46.422, round:1915.860)	b=18.31	count=5500
12/16/2025 14:17:34 - INFO - qdiff.layer_recon -   Total loss:	1811.982 (rec:54.978, round:1757.004)	b=17.75	count=6000
12/16/2025 14:17:38 - INFO - qdiff.layer_recon -   Total loss:	1666.778 (rec:50.037, round:1616.741)	b=17.19	count=6500
12/16/2025 14:17:43 - INFO - qdiff.layer_recon -   Total loss:	1547.794 (rec:52.939, round:1494.854)	b=16.62	count=7000
12/16/2025 14:17:47 - INFO - qdiff.layer_recon -   Total loss:	1431.150 (rec:46.940, round:1384.210)	b=16.06	count=7500
12/16/2025 14:17:51 - INFO - qdiff.layer_recon -   Total loss:	1330.170 (rec:46.349, round:1283.822)	b=15.50	count=8000
12/16/2025 14:17:55 - INFO - qdiff.layer_recon -   Total loss:	1248.117 (rec:55.331, round:1192.787)	b=14.94	count=8500
12/16/2025 14:17:59 - INFO - qdiff.layer_recon -   Total loss:	1158.845 (rec:49.832, round:1109.012)	b=14.38	count=9000
12/16/2025 14:18:03 - INFO - qdiff.layer_recon -   Total loss:	1077.961 (rec:47.094, round:1030.868)	b=13.81	count=9500
12/16/2025 14:18:08 - INFO - qdiff.layer_recon -   Total loss:	1003.414 (rec:45.645, round:957.769)	b=13.25	count=10000
12/16/2025 14:18:12 - INFO - qdiff.layer_recon -   Total loss:	937.274 (rec:48.222, round:889.052)	b=12.69	count=10500
12/16/2025 14:18:16 - INFO - qdiff.layer_recon -   Total loss:	874.609 (rec:50.492, round:824.117)	b=12.12	count=11000
12/16/2025 14:18:20 - INFO - qdiff.layer_recon -   Total loss:	809.740 (rec:46.189, round:763.551)	b=11.56	count=11500
12/16/2025 14:18:24 - INFO - qdiff.layer_recon -   Total loss:	757.520 (rec:52.306, round:705.214)	b=11.00	count=12000
12/16/2025 14:18:28 - INFO - qdiff.layer_recon -   Total loss:	693.482 (rec:45.083, round:648.400)	b=10.44	count=12500
12/16/2025 14:18:33 - INFO - qdiff.layer_recon -   Total loss:	637.597 (rec:42.995, round:594.602)	b=9.88	count=13000
12/16/2025 14:18:37 - INFO - qdiff.layer_recon -   Total loss:	590.533 (rec:48.010, round:542.524)	b=9.31	count=13500
12/16/2025 14:18:41 - INFO - qdiff.layer_recon -   Total loss:	545.000 (rec:52.058, round:492.942)	b=8.75	count=14000
12/16/2025 14:18:45 - INFO - qdiff.layer_recon -   Total loss:	499.152 (rec:55.983, round:443.168)	b=8.19	count=14500
12/16/2025 14:18:49 - INFO - qdiff.layer_recon -   Total loss:	443.995 (rec:50.052, round:393.943)	b=7.62	count=15000
12/16/2025 14:18:54 - INFO - qdiff.layer_recon -   Total loss:	398.802 (rec:52.703, round:346.099)	b=7.06	count=15500
12/16/2025 14:18:58 - INFO - qdiff.layer_recon -   Total loss:	341.216 (rec:42.935, round:298.281)	b=6.50	count=16000
12/16/2025 14:19:02 - INFO - qdiff.layer_recon -   Total loss:	301.667 (rec:49.970, round:251.697)	b=5.94	count=16500
12/16/2025 14:19:06 - INFO - qdiff.layer_recon -   Total loss:	260.355 (rec:55.340, round:205.016)	b=5.38	count=17000
12/16/2025 14:19:10 - INFO - qdiff.layer_recon -   Total loss:	209.958 (rec:51.107, round:158.851)	b=4.81	count=17500
12/16/2025 14:19:15 - INFO - qdiff.layer_recon -   Total loss:	157.354 (rec:43.340, round:114.013)	b=4.25	count=18000
12/16/2025 14:19:19 - INFO - qdiff.layer_recon -   Total loss:	122.275 (rec:50.316, round:71.960)	b=3.69	count=18500
12/16/2025 14:19:23 - INFO - qdiff.layer_recon -   Total loss:	80.896 (rec:45.607, round:35.289)	b=3.12	count=19000
12/16/2025 14:19:27 - INFO - qdiff.layer_recon -   Total loss:	57.269 (rec:47.313, round:9.956)	b=2.56	count=19500
12/16/2025 14:19:31 - INFO - qdiff.layer_recon -   Total loss:	45.718 (rec:44.582, round:1.136)	b=2.00	count=20000
12/16/2025 14:19:31 - INFO - __main__ -   3 False
12/16/2025 14:19:31 - INFO - __main__ -   block False
12/16/2025 14:19:31 - INFO - __main__ -   0 True
12/16/2025 14:19:31 - INFO - __main__ -   Reconstruction for block 0
12/16/2025 14:20:14 - INFO - qdiff.timestep_aware_utils -   in 1 shape: torch.Size([5120, 512, 4, 4]), in 2 shape: torch.Size([5120, 512])
12/16/2025 14:20:14 - INFO - qdiff.timestep_aware_utils -   out shape: torch.Size([5120, 256, 4, 4])
12/16/2025 14:20:17 - INFO - qdiff.block_recon -   Total loss:	1187.151 (rec:1187.151, round:0.000)	b=0.00	count=500
12/16/2025 14:20:20 - INFO - qdiff.block_recon -   Total loss:	1110.436 (rec:1110.436, round:0.000)	b=0.00	count=1000
12/16/2025 14:20:23 - INFO - qdiff.block_recon -   Total loss:	1081.457 (rec:1081.457, round:0.000)	b=0.00	count=1500
12/16/2025 14:20:27 - INFO - qdiff.block_recon -   Total loss:	1023.032 (rec:1023.032, round:0.000)	b=0.00	count=2000
12/16/2025 14:20:30 - INFO - qdiff.block_recon -   Total loss:	1101.202 (rec:1101.202, round:0.000)	b=0.00	count=2500
12/16/2025 14:20:33 - INFO - qdiff.block_recon -   Total loss:	1117.693 (rec:1117.693, round:0.000)	b=0.00	count=3000
12/16/2025 14:20:36 - INFO - qdiff.block_recon -   Total loss:	1040.556 (rec:1040.556, round:0.000)	b=0.00	count=3500
12/16/2025 14:20:39 - INFO - qdiff.block_recon -   Total loss:	18741.893 (rec:1102.092, round:17639.801)	b=20.00	count=4000
12/16/2025 14:20:44 - INFO - qdiff.block_recon -   Total loss:	13231.944 (rec:1081.444, round:12150.500)	b=19.44	count=4500
12/16/2025 14:20:48 - INFO - qdiff.block_recon -   Total loss:	12425.422 (rec:1077.863, round:11347.559)	b=18.88	count=5000
12/16/2025 14:20:52 - INFO - qdiff.block_recon -   Total loss:	11879.191 (rec:1067.677, round:10811.514)	b=18.31	count=5500
12/16/2025 14:20:57 - INFO - qdiff.block_recon -   Total loss:	11490.736 (rec:1134.793, round:10355.943)	b=17.75	count=6000
12/16/2025 14:21:02 - INFO - qdiff.block_recon -   Total loss:	10893.805 (rec:955.739, round:9938.065)	b=17.19	count=6500
12/16/2025 14:21:06 - INFO - qdiff.block_recon -   Total loss:	10540.354 (rec:1001.818, round:9538.535)	b=16.62	count=7000
12/16/2025 14:21:11 - INFO - qdiff.block_recon -   Total loss:	10200.922 (rec:1049.290, round:9151.632)	b=16.06	count=7500
12/16/2025 14:21:15 - INFO - qdiff.block_recon -   Total loss:	9746.455 (rec:972.352, round:8774.103)	b=15.50	count=8000
12/16/2025 14:21:20 - INFO - qdiff.block_recon -   Total loss:	9358.979 (rec:956.311, round:8402.669)	b=14.94	count=8500
12/16/2025 14:21:24 - INFO - qdiff.block_recon -   Total loss:	9047.795 (rec:1012.372, round:8035.423)	b=14.38	count=9000
12/16/2025 14:21:29 - INFO - qdiff.block_recon -   Total loss:	8796.957 (rec:1123.471, round:7673.486)	b=13.81	count=9500
12/16/2025 14:21:33 - INFO - qdiff.block_recon -   Total loss:	8407.385 (rec:1096.506, round:7310.878)	b=13.25	count=10000
12/16/2025 14:21:37 - INFO - qdiff.block_recon -   Total loss:	8034.110 (rec:1083.799, round:6950.311)	b=12.69	count=10500
12/16/2025 14:21:41 - INFO - qdiff.block_recon -   Total loss:	7732.117 (rec:1138.723, round:6593.394)	b=12.12	count=11000
12/16/2025 14:21:46 - INFO - qdiff.block_recon -   Total loss:	7287.697 (rec:1048.866, round:6238.831)	b=11.56	count=11500
12/16/2025 14:21:50 - INFO - qdiff.block_recon -   Total loss:	7022.301 (rec:1137.707, round:5884.594)	b=11.00	count=12000
12/16/2025 14:21:54 - INFO - qdiff.block_recon -   Total loss:	6656.935 (rec:1129.539, round:5527.396)	b=10.44	count=12500
12/16/2025 14:21:59 - INFO - qdiff.block_recon -   Total loss:	6191.330 (rec:1015.505, round:5175.825)	b=9.88	count=13000
12/16/2025 14:22:03 - INFO - qdiff.block_recon -   Total loss:	5821.573 (rec:997.395, round:4824.178)	b=9.31	count=13500
12/16/2025 14:22:07 - INFO - qdiff.block_recon -   Total loss:	5527.285 (rec:1058.162, round:4469.122)	b=8.75	count=14000
12/16/2025 14:22:12 - INFO - qdiff.block_recon -   Total loss:	5056.213 (rec:944.697, round:4111.516)	b=8.19	count=14500
12/16/2025 14:22:16 - INFO - qdiff.block_recon -   Total loss:	4884.901 (rec:1132.844, round:3752.057)	b=7.62	count=15000
12/16/2025 14:22:20 - INFO - qdiff.block_recon -   Total loss:	4406.521 (rec:1014.203, round:3392.318)	b=7.06	count=15500
12/16/2025 14:22:25 - INFO - qdiff.block_recon -   Total loss:	4088.199 (rec:1059.291, round:3028.908)	b=6.50	count=16000
12/16/2025 14:22:29 - INFO - qdiff.block_recon -   Total loss:	3681.293 (rec:1019.750, round:2661.543)	b=5.94	count=16500
12/16/2025 14:22:33 - INFO - qdiff.block_recon -   Total loss:	3337.480 (rec:1048.623, round:2288.857)	b=5.38	count=17000
12/16/2025 14:22:37 - INFO - qdiff.block_recon -   Total loss:	2940.381 (rec:1030.079, round:1910.302)	b=4.81	count=17500
12/16/2025 14:22:42 - INFO - qdiff.block_recon -   Total loss:	2550.889 (rec:1022.796, round:1528.093)	b=4.25	count=18000
12/16/2025 14:22:46 - INFO - qdiff.block_recon -   Total loss:	2150.399 (rec:1006.171, round:1144.228)	b=3.69	count=18500
12/16/2025 14:22:50 - INFO - qdiff.block_recon -   Total loss:	1876.350 (rec:1108.446, round:767.904)	b=3.12	count=19000
12/16/2025 14:22:54 - INFO - qdiff.block_recon -   Total loss:	1594.307 (rec:1178.634, round:415.674)	b=2.56	count=19500
12/16/2025 14:22:59 - INFO - qdiff.block_recon -   Total loss:	1216.873 (rec:1076.339, round:140.534)	b=2.00	count=20000
12/16/2025 14:22:59 - INFO - __main__ -   1 True
12/16/2025 14:22:59 - INFO - __main__ -   Reconstruction for block 1
12/16/2025 14:23:44 - INFO - qdiff.timestep_aware_utils -   in 1 shape: torch.Size([5120, 512, 4, 4]), in 2 shape: torch.Size([5120, 512])
12/16/2025 14:23:44 - INFO - qdiff.timestep_aware_utils -   out shape: torch.Size([5120, 256, 4, 4])
12/16/2025 14:23:48 - INFO - qdiff.block_recon -   Total loss:	1176.786 (rec:1176.786, round:0.000)	b=0.00	count=500
12/16/2025 14:23:51 - INFO - qdiff.block_recon -   Total loss:	1302.628 (rec:1302.628, round:0.000)	b=0.00	count=1000
12/16/2025 14:23:54 - INFO - qdiff.block_recon -   Total loss:	1188.096 (rec:1188.096, round:0.000)	b=0.00	count=1500
12/16/2025 14:23:58 - INFO - qdiff.block_recon -   Total loss:	1121.373 (rec:1121.373, round:0.000)	b=0.00	count=2000
12/16/2025 14:24:01 - INFO - qdiff.block_recon -   Total loss:	1180.081 (rec:1180.081, round:0.000)	b=0.00	count=2500
12/16/2025 14:24:04 - INFO - qdiff.block_recon -   Total loss:	1204.897 (rec:1204.897, round:0.000)	b=0.00	count=3000
12/16/2025 14:24:07 - INFO - qdiff.block_recon -   Total loss:	1191.949 (rec:1191.949, round:0.000)	b=0.00	count=3500
12/16/2025 14:24:11 - INFO - qdiff.block_recon -   Total loss:	18997.381 (rec:1196.638, round:17800.742)	b=20.00	count=4000
12/16/2025 14:24:15 - INFO - qdiff.block_recon -   Total loss:	13660.849 (rec:1256.278, round:12404.570)	b=19.44	count=4500
12/16/2025 14:24:19 - INFO - qdiff.block_recon -   Total loss:	12720.881 (rec:1113.991, round:11606.890)	b=18.88	count=5000
12/16/2025 14:24:24 - INFO - qdiff.block_recon -   Total loss:	12276.764 (rec:1201.280, round:11075.483)	b=18.31	count=5500
12/16/2025 14:24:28 - INFO - qdiff.block_recon -   Total loss:	11771.606 (rec:1144.490, round:10627.117)	b=17.75	count=6000
12/16/2025 14:24:33 - INFO - qdiff.block_recon -   Total loss:	11491.375 (rec:1275.150, round:10216.226)	b=17.19	count=6500
12/16/2025 14:24:37 - INFO - qdiff.block_recon -   Total loss:	10982.740 (rec:1162.105, round:9820.636)	b=16.62	count=7000
12/16/2025 14:24:42 - INFO - qdiff.block_recon -   Total loss:	10607.812 (rec:1172.097, round:9435.715)	b=16.06	count=7500
12/16/2025 14:24:46 - INFO - qdiff.block_recon -   Total loss:	10142.563 (rec:1085.979, round:9056.584)	b=15.50	count=8000
12/16/2025 14:24:50 - INFO - qdiff.block_recon -   Total loss:	9916.472 (rec:1232.578, round:8683.894)	b=14.94	count=8500
12/16/2025 14:24:55 - INFO - qdiff.block_recon -   Total loss:	9579.208 (rec:1264.431, round:8314.776)	b=14.38	count=9000
12/16/2025 14:25:00 - INFO - qdiff.block_recon -   Total loss:	9185.351 (rec:1237.238, round:7948.112)	b=13.81	count=9500
12/16/2025 14:25:05 - INFO - qdiff.block_recon -   Total loss:	8663.557 (rec:1080.318, round:7583.238)	b=13.25	count=10000
12/16/2025 14:25:10 - INFO - qdiff.block_recon -   Total loss:	8427.522 (rec:1207.242, round:7220.280)	b=12.69	count=10500
12/16/2025 14:25:14 - INFO - qdiff.block_recon -   Total loss:	7986.966 (rec:1130.009, round:6856.958)	b=12.12	count=11000
12/16/2025 14:25:19 - INFO - qdiff.block_recon -   Total loss:	7654.339 (rec:1157.137, round:6497.202)	b=11.56	count=11500
12/16/2025 14:25:23 - INFO - qdiff.block_recon -   Total loss:	7297.460 (rec:1158.862, round:6138.599)	b=11.00	count=12000
12/16/2025 14:25:27 - INFO - qdiff.block_recon -   Total loss:	6942.966 (rec:1162.595, round:5780.371)	b=10.44	count=12500
12/16/2025 14:25:32 - INFO - qdiff.block_recon -   Total loss:	6581.076 (rec:1162.924, round:5418.152)	b=9.88	count=13000
12/16/2025 14:25:36 - INFO - qdiff.block_recon -   Total loss:	6251.475 (rec:1196.374, round:5055.101)	b=9.31	count=13500
12/16/2025 14:25:41 - INFO - qdiff.block_recon -   Total loss:	5790.055 (rec:1094.877, round:4695.178)	b=8.75	count=14000
12/16/2025 14:25:45 - INFO - qdiff.block_recon -   Total loss:	5554.627 (rec:1224.874, round:4329.754)	b=8.19	count=14500
12/16/2025 14:25:50 - INFO - qdiff.block_recon -   Total loss:	5175.645 (rec:1214.919, round:3960.726)	b=7.62	count=15000
12/16/2025 14:25:54 - INFO - qdiff.block_recon -   Total loss:	4743.025 (rec:1156.614, round:3586.411)	b=7.06	count=15500
12/16/2025 14:25:58 - INFO - qdiff.block_recon -   Total loss:	4262.405 (rec:1054.251, round:3208.154)	b=6.50	count=16000
12/16/2025 14:26:03 - INFO - qdiff.block_recon -   Total loss:	4012.257 (rec:1189.570, round:2822.687)	b=5.94	count=16500
12/16/2025 14:26:08 - INFO - qdiff.block_recon -   Total loss:	3570.822 (rec:1139.219, round:2431.603)	b=5.38	count=17000
12/16/2025 14:26:12 - INFO - qdiff.block_recon -   Total loss:	3310.731 (rec:1276.756, round:2033.975)	b=4.81	count=17500
12/16/2025 14:26:17 - INFO - qdiff.block_recon -   Total loss:	2737.556 (rec:1108.770, round:1628.786)	b=4.25	count=18000
12/16/2025 14:26:21 - INFO - qdiff.block_recon -   Total loss:	2303.466 (rec:1081.653, round:1221.813)	b=3.69	count=18500
12/16/2025 14:26:26 - INFO - qdiff.block_recon -   Total loss:	1984.150 (rec:1165.624, round:818.527)	b=3.12	count=19000
12/16/2025 14:26:30 - INFO - qdiff.block_recon -   Total loss:	1633.576 (rec:1194.720, round:438.855)	b=2.56	count=19500
12/16/2025 14:26:35 - INFO - qdiff.block_recon -   Total loss:	1345.174 (rec:1205.025, round:140.149)	b=2.00	count=20000
12/16/2025 14:26:35 - INFO - __main__ -   2 True
12/16/2025 14:26:35 - INFO - __main__ -   Reconstruction for block 2
12/16/2025 14:27:23 - INFO - qdiff.timestep_aware_utils -   in 1 shape: torch.Size([5120, 512, 4, 4]), in 2 shape: torch.Size([5120, 512])
12/16/2025 14:27:23 - INFO - qdiff.timestep_aware_utils -   out shape: torch.Size([5120, 256, 4, 4])
12/16/2025 14:27:26 - INFO - qdiff.block_recon -   Total loss:	496.716 (rec:496.716, round:0.000)	b=0.00	count=500
12/16/2025 14:27:29 - INFO - qdiff.block_recon -   Total loss:	452.830 (rec:452.830, round:0.000)	b=0.00	count=1000
12/16/2025 14:27:33 - INFO - qdiff.block_recon -   Total loss:	445.392 (rec:445.392, round:0.000)	b=0.00	count=1500
12/16/2025 14:27:36 - INFO - qdiff.block_recon -   Total loss:	440.878 (rec:440.878, round:0.000)	b=0.00	count=2000
12/16/2025 14:27:39 - INFO - qdiff.block_recon -   Total loss:	457.071 (rec:457.071, round:0.000)	b=0.00	count=2500
12/16/2025 14:27:43 - INFO - qdiff.block_recon -   Total loss:	411.267 (rec:411.267, round:0.000)	b=0.00	count=3000
12/16/2025 14:27:46 - INFO - qdiff.block_recon -   Total loss:	453.273 (rec:453.273, round:0.000)	b=0.00	count=3500
12/16/2025 14:27:50 - INFO - qdiff.block_recon -   Total loss:	18226.055 (rec:443.179, round:17782.875)	b=20.00	count=4000
12/16/2025 14:27:54 - INFO - qdiff.block_recon -   Total loss:	12131.952 (rec:439.826, round:11692.126)	b=19.44	count=4500
12/16/2025 14:27:59 - INFO - qdiff.block_recon -   Total loss:	11364.541 (rec:455.119, round:10909.422)	b=18.88	count=5000
12/16/2025 14:28:03 - INFO - qdiff.block_recon -   Total loss:	10793.684 (rec:408.327, round:10385.356)	b=18.31	count=5500
12/16/2025 14:28:08 - INFO - qdiff.block_recon -   Total loss:	10366.714 (rec:428.134, round:9938.580)	b=17.75	count=6000
12/16/2025 14:28:12 - INFO - qdiff.block_recon -   Total loss:	9973.510 (rec:452.423, round:9521.086)	b=17.19	count=6500
12/16/2025 14:28:16 - INFO - qdiff.block_recon -   Total loss:	9511.043 (rec:389.501, round:9121.542)	b=16.62	count=7000
12/16/2025 14:28:21 - INFO - qdiff.block_recon -   Total loss:	9204.808 (rec:472.638, round:8732.170)	b=16.06	count=7500
12/16/2025 14:28:26 - INFO - qdiff.block_recon -   Total loss:	8795.752 (rec:443.815, round:8351.937)	b=15.50	count=8000
12/16/2025 14:28:31 - INFO - qdiff.block_recon -   Total loss:	8393.446 (rec:417.497, round:7975.949)	b=14.94	count=8500
12/16/2025 14:28:36 - INFO - qdiff.block_recon -   Total loss:	8066.099 (rec:463.953, round:7602.146)	b=14.38	count=9000
12/16/2025 14:28:40 - INFO - qdiff.block_recon -   Total loss:	7667.338 (rec:432.674, round:7234.665)	b=13.81	count=9500
12/16/2025 14:28:45 - INFO - qdiff.block_recon -   Total loss:	7319.294 (rec:454.200, round:6865.094)	b=13.25	count=10000
12/16/2025 14:28:49 - INFO - qdiff.block_recon -   Total loss:	6933.162 (rec:433.620, round:6499.542)	b=12.69	count=10500
12/16/2025 14:28:54 - INFO - qdiff.block_recon -   Total loss:	6556.017 (rec:424.019, round:6131.997)	b=12.12	count=11000
12/16/2025 14:28:58 - INFO - qdiff.block_recon -   Total loss:	6198.610 (rec:429.150, round:5769.459)	b=11.56	count=11500
12/16/2025 14:29:03 - INFO - qdiff.block_recon -   Total loss:	5860.279 (rec:450.646, round:5409.633)	b=11.00	count=12000
12/16/2025 14:29:07 - INFO - qdiff.block_recon -   Total loss:	5505.177 (rec:451.661, round:5053.517)	b=10.44	count=12500
12/16/2025 14:29:12 - INFO - qdiff.block_recon -   Total loss:	5126.196 (rec:433.271, round:4692.926)	b=9.88	count=13000
12/16/2025 14:29:16 - INFO - qdiff.block_recon -   Total loss:	4795.674 (rec:459.317, round:4336.357)	b=9.31	count=13500
12/16/2025 14:29:20 - INFO - qdiff.block_recon -   Total loss:	4443.133 (rec:463.231, round:3979.902)	b=8.75	count=14000
12/16/2025 14:29:25 - INFO - qdiff.block_recon -   Total loss:	4042.672 (rec:418.680, round:3623.992)	b=8.19	count=14500
12/16/2025 14:29:29 - INFO - qdiff.block_recon -   Total loss:	3718.384 (rec:449.687, round:3268.697)	b=7.62	count=15000
12/16/2025 14:29:34 - INFO - qdiff.block_recon -   Total loss:	3352.205 (rec:439.892, round:2912.313)	b=7.06	count=15500
12/16/2025 14:29:38 - INFO - qdiff.block_recon -   Total loss:	2960.284 (rec:404.630, round:2555.654)	b=6.50	count=16000
12/16/2025 14:29:43 - INFO - qdiff.block_recon -   Total loss:	2631.169 (rec:435.309, round:2195.860)	b=5.94	count=16500
12/16/2025 14:29:48 - INFO - qdiff.block_recon -   Total loss:	2242.203 (rec:407.032, round:1835.170)	b=5.38	count=17000
12/16/2025 14:29:52 - INFO - qdiff.block_recon -   Total loss:	1914.881 (rec:441.068, round:1473.813)	b=4.81	count=17500
12/16/2025 14:29:56 - INFO - qdiff.block_recon -   Total loss:	1516.774 (rec:397.206, round:1119.568)	b=4.25	count=18000
12/16/2025 14:30:01 - INFO - qdiff.block_recon -   Total loss:	1200.503 (rec:424.734, round:775.768)	b=3.69	count=18500
12/16/2025 14:30:05 - INFO - qdiff.block_recon -   Total loss:	907.505 (rec:452.853, round:454.653)	b=3.12	count=19000
12/16/2025 14:30:10 - INFO - qdiff.block_recon -   Total loss:	604.260 (rec:417.851, round:186.409)	b=2.56	count=19500
12/16/2025 14:30:14 - INFO - qdiff.block_recon -   Total loss:	461.934 (rec:426.229, round:35.705)	b=2.00	count=20000
12/16/2025 14:30:14 - INFO - __main__ -   attn False
12/16/2025 14:30:14 - INFO - __main__ -   upsample False
12/16/2025 14:30:14 - INFO - __main__ -   conv False
12/16/2025 14:30:14 - INFO - __main__ -   Reconstruction for layer conv
12/16/2025 14:31:03 - INFO - qdiff.timestep_aware_utils -   in shape: torch.Size([5120, 256, 8, 8])
12/16/2025 14:31:03 - INFO - qdiff.timestep_aware_utils -   out shape: torch.Size([5120, 256, 8, 8])
12/16/2025 14:31:05 - INFO - qdiff.layer_recon -   Total loss:	102.108 (rec:102.108, round:0.000)	b=0.00	count=500
12/16/2025 14:31:07 - INFO - qdiff.layer_recon -   Total loss:	91.272 (rec:91.272, round:0.000)	b=0.00	count=1000
12/16/2025 14:31:08 - INFO - qdiff.layer_recon -   Total loss:	85.827 (rec:85.827, round:0.000)	b=0.00	count=1500
12/16/2025 14:31:10 - INFO - qdiff.layer_recon -   Total loss:	83.863 (rec:83.863, round:0.000)	b=0.00	count=2000
12/16/2025 14:31:12 - INFO - qdiff.layer_recon -   Total loss:	88.535 (rec:88.535, round:0.000)	b=0.00	count=2500
12/16/2025 14:31:14 - INFO - qdiff.layer_recon -   Total loss:	80.031 (rec:80.031, round:0.000)	b=0.00	count=3000
12/16/2025 14:31:16 - INFO - qdiff.layer_recon -   Total loss:	81.550 (rec:81.550, round:0.000)	b=0.00	count=3500
12/16/2025 14:31:17 - INFO - qdiff.layer_recon -   Total loss:	4799.167 (rec:78.963, round:4720.204)	b=20.00	count=4000
12/16/2025 14:31:19 - INFO - qdiff.layer_recon -   Total loss:	3035.386 (rec:82.929, round:2952.457)	b=19.44	count=4500
12/16/2025 14:31:22 - INFO - qdiff.layer_recon -   Total loss:	2767.418 (rec:79.826, round:2687.592)	b=18.88	count=5000
12/16/2025 14:31:24 - INFO - qdiff.layer_recon -   Total loss:	2573.699 (rec:79.990, round:2493.709)	b=18.31	count=5500
12/16/2025 14:31:26 - INFO - qdiff.layer_recon -   Total loss:	2400.110 (rec:71.567, round:2328.543)	b=17.75	count=6000
12/16/2025 14:31:28 - INFO - qdiff.layer_recon -   Total loss:	2259.367 (rec:80.857, round:2178.510)	b=17.19	count=6500
12/16/2025 14:31:30 - INFO - qdiff.layer_recon -   Total loss:	2117.335 (rec:75.194, round:2042.141)	b=16.62	count=7000
12/16/2025 14:31:32 - INFO - qdiff.layer_recon -   Total loss:	1989.236 (rec:69.870, round:1919.366)	b=16.06	count=7500
12/16/2025 14:31:34 - INFO - qdiff.layer_recon -   Total loss:	1878.323 (rec:74.270, round:1804.054)	b=15.50	count=8000
12/16/2025 14:31:36 - INFO - qdiff.layer_recon -   Total loss:	1771.971 (rec:75.926, round:1696.046)	b=14.94	count=8500
12/16/2025 14:31:39 - INFO - qdiff.layer_recon -   Total loss:	1666.348 (rec:68.820, round:1597.529)	b=14.38	count=9000
12/16/2025 14:31:41 - INFO - qdiff.layer_recon -   Total loss:	1582.956 (rec:81.571, round:1501.385)	b=13.81	count=9500
12/16/2025 14:31:43 - INFO - qdiff.layer_recon -   Total loss:	1488.674 (rec:77.708, round:1410.967)	b=13.25	count=10000
12/16/2025 14:31:45 - INFO - qdiff.layer_recon -   Total loss:	1396.664 (rec:71.448, round:1325.216)	b=12.69	count=10500
12/16/2025 14:31:47 - INFO - qdiff.layer_recon -   Total loss:	1311.759 (rec:69.273, round:1242.487)	b=12.12	count=11000
12/16/2025 14:31:49 - INFO - qdiff.layer_recon -   Total loss:	1233.081 (rec:70.054, round:1163.027)	b=11.56	count=11500
12/16/2025 14:31:51 - INFO - qdiff.layer_recon -   Total loss:	1163.567 (rec:77.862, round:1085.704)	b=11.00	count=12000
12/16/2025 14:31:53 - INFO - qdiff.layer_recon -   Total loss:	1086.223 (rec:74.918, round:1011.305)	b=10.44	count=12500
12/16/2025 14:31:56 - INFO - qdiff.layer_recon -   Total loss:	1011.590 (rec:72.515, round:939.075)	b=9.88	count=13000
12/16/2025 14:31:58 - INFO - qdiff.layer_recon -   Total loss:	945.549 (rec:77.951, round:867.599)	b=9.31	count=13500
12/16/2025 14:32:00 - INFO - qdiff.layer_recon -   Total loss:	881.349 (rec:83.578, round:797.771)	b=8.75	count=14000
12/16/2025 14:32:02 - INFO - qdiff.layer_recon -   Total loss:	803.763 (rec:76.344, round:727.419)	b=8.19	count=14500
12/16/2025 14:32:04 - INFO - qdiff.layer_recon -   Total loss:	734.496 (rec:77.183, round:657.312)	b=7.62	count=15000
12/16/2025 14:32:07 - INFO - qdiff.layer_recon -   Total loss:	665.543 (rec:78.024, round:587.519)	b=7.06	count=15500
12/16/2025 14:32:09 - INFO - qdiff.layer_recon -   Total loss:	602.651 (rec:85.008, round:517.643)	b=6.50	count=16000
12/16/2025 14:32:11 - INFO - qdiff.layer_recon -   Total loss:	518.039 (rec:71.727, round:446.312)	b=5.94	count=16500
12/16/2025 14:32:13 - INFO - qdiff.layer_recon -   Total loss:	445.723 (rec:69.959, round:375.764)	b=5.38	count=17000
12/16/2025 14:32:15 - INFO - qdiff.layer_recon -   Total loss:	373.020 (rec:68.401, round:304.619)	b=4.81	count=17500
12/16/2025 14:32:17 - INFO - qdiff.layer_recon -   Total loss:	301.588 (rec:68.381, round:233.207)	b=4.25	count=18000
12/16/2025 14:32:20 - INFO - qdiff.layer_recon -   Total loss:	232.716 (rec:71.420, round:161.296)	b=3.69	count=18500
12/16/2025 14:32:22 - INFO - qdiff.layer_recon -   Total loss:	165.744 (rec:72.414, round:93.330)	b=3.12	count=19000
12/16/2025 14:32:24 - INFO - qdiff.layer_recon -   Total loss:	106.491 (rec:69.363, round:37.128)	b=2.56	count=19500
12/16/2025 14:32:26 - INFO - qdiff.layer_recon -   Total loss:	85.898 (rec:78.597, round:7.302)	b=2.00	count=20000
12/16/2025 14:32:26 - INFO - __main__ -   norm_out False
12/16/2025 14:32:26 - INFO - __main__ -   conv_out False
12/16/2025 14:32:26 - INFO - __main__ -   Reconstruction for layer conv_out
12/16/2025 14:33:46 - INFO - qdiff.timestep_aware_utils -   in shape: torch.Size([5120, 128, 32, 32])
12/16/2025 14:33:46 - INFO - qdiff.timestep_aware_utils -   out shape: torch.Size([5120, 3, 32, 32])
12/16/2025 14:33:50 - INFO - qdiff.layer_recon -   Total loss:	0.000 (rec:0.000, round:0.000)	b=0.00	count=500
12/16/2025 14:33:54 - INFO - qdiff.layer_recon -   Total loss:	0.000 (rec:0.000, round:0.000)	b=0.00	count=1000
12/16/2025 14:33:58 - INFO - qdiff.layer_recon -   Total loss:	0.000 (rec:0.000, round:0.000)	b=0.00	count=1500
12/16/2025 14:34:02 - INFO - qdiff.layer_recon -   Total loss:	0.000 (rec:0.000, round:0.000)	b=0.00	count=2000
12/16/2025 14:34:06 - INFO - qdiff.layer_recon -   Total loss:	0.000 (rec:0.000, round:0.000)	b=0.00	count=2500
12/16/2025 14:34:11 - INFO - qdiff.layer_recon -   Total loss:	0.000 (rec:0.000, round:0.000)	b=0.00	count=3000
12/16/2025 14:34:15 - INFO - qdiff.layer_recon -   Total loss:	0.000 (rec:0.000, round:0.000)	b=0.00	count=3500
12/16/2025 14:34:19 - INFO - qdiff.layer_recon -   Total loss:	32.161 (rec:0.000, round:32.161)	b=20.00	count=4000
12/16/2025 14:34:23 - INFO - qdiff.layer_recon -   Total loss:	13.182 (rec:0.000, round:13.182)	b=19.44	count=4500
12/16/2025 14:34:28 - INFO - qdiff.layer_recon -   Total loss:	11.759 (rec:0.000, round:11.759)	b=18.88	count=5000
12/16/2025 14:34:32 - INFO - qdiff.layer_recon -   Total loss:	10.917 (rec:0.000, round:10.917)	b=18.31	count=5500
12/16/2025 14:34:36 - INFO - qdiff.layer_recon -   Total loss:	10.176 (rec:0.000, round:10.176)	b=17.75	count=6000
12/16/2025 14:34:41 - INFO - qdiff.layer_recon -   Total loss:	9.417 (rec:0.000, round:9.417)	b=17.19	count=6500
12/16/2025 14:34:45 - INFO - qdiff.layer_recon -   Total loss:	8.786 (rec:0.000, round:8.786)	b=16.62	count=7000
12/16/2025 14:34:49 - INFO - qdiff.layer_recon -   Total loss:	8.204 (rec:0.000, round:8.204)	b=16.06	count=7500
12/16/2025 14:34:53 - INFO - qdiff.layer_recon -   Total loss:	7.364 (rec:0.000, round:7.364)	b=15.50	count=8000
12/16/2025 14:34:58 - INFO - qdiff.layer_recon -   Total loss:	6.671 (rec:0.000, round:6.671)	b=14.94	count=8500
12/16/2025 14:35:02 - INFO - qdiff.layer_recon -   Total loss:	6.050 (rec:0.000, round:6.050)	b=14.38	count=9000
12/16/2025 14:35:06 - INFO - qdiff.layer_recon -   Total loss:	5.342 (rec:0.000, round:5.342)	b=13.81	count=9500
12/16/2025 14:35:11 - INFO - qdiff.layer_recon -   Total loss:	4.696 (rec:0.000, round:4.696)	b=13.25	count=10000
12/16/2025 14:35:15 - INFO - qdiff.layer_recon -   Total loss:	4.249 (rec:0.000, round:4.249)	b=12.69	count=10500
12/16/2025 14:35:19 - INFO - qdiff.layer_recon -   Total loss:	3.684 (rec:0.000, round:3.684)	b=12.12	count=11000
12/16/2025 14:35:24 - INFO - qdiff.layer_recon -   Total loss:	3.102 (rec:0.000, round:3.102)	b=11.56	count=11500
12/16/2025 14:35:28 - INFO - qdiff.layer_recon -   Total loss:	2.464 (rec:0.000, round:2.464)	b=11.00	count=12000
12/16/2025 14:35:32 - INFO - qdiff.layer_recon -   Total loss:	1.886 (rec:0.000, round:1.886)	b=10.44	count=12500
12/16/2025 14:35:37 - INFO - qdiff.layer_recon -   Total loss:	1.421 (rec:0.000, round:1.421)	b=9.88	count=13000
12/16/2025 14:35:41 - INFO - qdiff.layer_recon -   Total loss:	1.095 (rec:0.000, round:1.095)	b=9.31	count=13500
12/16/2025 14:35:46 - INFO - qdiff.layer_recon -   Total loss:	0.767 (rec:0.000, round:0.767)	b=8.75	count=14000
12/16/2025 14:35:50 - INFO - qdiff.layer_recon -   Total loss:	0.452 (rec:0.000, round:0.452)	b=8.19	count=14500
12/16/2025 14:35:55 - INFO - qdiff.layer_recon -   Total loss:	0.246 (rec:0.000, round:0.246)	b=7.62	count=15000
12/16/2025 14:35:59 - INFO - qdiff.layer_recon -   Total loss:	0.170 (rec:0.000, round:0.170)	b=7.06	count=15500
12/16/2025 14:36:04 - INFO - qdiff.layer_recon -   Total loss:	0.096 (rec:0.000, round:0.096)	b=6.50	count=16000
12/16/2025 14:36:08 - INFO - qdiff.layer_recon -   Total loss:	0.057 (rec:0.000, round:0.057)	b=5.94	count=16500
12/16/2025 14:36:12 - INFO - qdiff.layer_recon -   Total loss:	0.031 (rec:0.000, round:0.031)	b=5.38	count=17000
12/16/2025 14:36:17 - INFO - qdiff.layer_recon -   Total loss:	0.023 (rec:0.000, round:0.023)	b=4.81	count=17500
12/16/2025 14:36:21 - INFO - qdiff.layer_recon -   Total loss:	0.013 (rec:0.000, round:0.013)	b=4.25	count=18000
12/16/2025 14:36:25 - INFO - qdiff.layer_recon -   Total loss:	0.003 (rec:0.000, round:0.003)	b=3.69	count=18500
12/16/2025 14:36:29 - INFO - qdiff.layer_recon -   Total loss:	0.000 (rec:0.000, round:0.000)	b=3.12	count=19000
12/16/2025 14:36:34 - INFO - qdiff.layer_recon -   Total loss:	0.000 (rec:0.000, round:0.000)	b=2.56	count=19500
12/16/2025 14:36:38 - INFO - qdiff.layer_recon -   Total loss:	0.000 (rec:0.000, round:0.000)	b=2.00	count=20000
12/16/2025 14:36:38 - INFO - __main__ -   Saving calibrated quantized UNet model
12/16/2025 14:36:39 - INFO - __main__ -   starting from image 0
