08/12/2026 02:26:32 - INFO - __main__ -   ===========================================================================
08/12/2026 02:26:32 - INFO - __main__ -   logging to:
08/12/2026 02:26:32 - INFO - __main__ -   C:\Users\ASUS\Desktop\q-diffusion-master\outputs\w4a8_nongroup_n512_a7000\samples\2026-08-12-02-26-32
08/12/2026 02:26:32 - INFO - __main__ -   ===========================================================================
08/12/2026 02:26:33 - INFO - __main__ -   Loading checkpoint C:\Users\ASUS/.cache\diffusion_models_converted\ema_diffusion_cifar10_model/model-790000.ckpt
08/12/2026 02:26:34 - INFO - __main__ -   Sampling data from 8 timesteps for calibration
08/12/2026 02:26:42 - INFO - qdiff.utils -   Selected 9 steps from 100 sampling steps
08/12/2026 02:26:42 - INFO - __main__ -   Calibration data shape: torch.Size([4608, 3, 32, 32]) torch.Size([4608])
08/12/2026 02:26:42 - INFO - __main__ -   Initializing weight quantization parameters
08/12/2026 02:26:51 - INFO - qdiff.quant_layer -   split at 256!
08/12/2026 02:26:52 - INFO - qdiff.quant_layer -   split at 256!
08/12/2026 02:26:53 - INFO - qdiff.quant_layer -   split at 256!
08/12/2026 02:26:54 - INFO - qdiff.quant_layer -   split at 256!
08/12/2026 02:26:54 - INFO - qdiff.quant_layer -   split at 256!
08/12/2026 02:26:55 - INFO - qdiff.quant_layer -   split at 256!
08/12/2026 02:26:56 - INFO - qdiff.quant_layer -   split at 256!
08/12/2026 02:26:58 - INFO - qdiff.quant_layer -   split at 256!
08/12/2026 02:26:59 - INFO - qdiff.quant_layer -   split at 256!
08/12/2026 02:27:00 - INFO - qdiff.quant_layer -   split at 256!
08/12/2026 02:27:01 - INFO - qdiff.quant_layer -   split at 128!
08/12/2026 02:27:01 - INFO - qdiff.quant_layer -   split at 128!
08/12/2026 02:27:01 - INFO - __main__ -   Initializing has done!
08/12/2026 02:27:01 - INFO - __main__ -   Doing weight calibration
08/12/2026 02:27:01 - INFO - __main__ -   model False
08/12/2026 02:27:01 - INFO - __main__ -   model.temb False
08/12/2026 02:27:01 - INFO - __main__ -   model.temb.dense False
08/12/2026 02:27:01 - INFO - __main__ -   model.temb.dense.0 False
08/12/2026 02:27:01 - INFO - __main__ -   Reconstruction for layer model.temb.dense.0
08/12/2026 02:27:31 - INFO - qdiff.utils -   in shape: torch.Size([4608, 128])
08/12/2026 02:27:31 - INFO - qdiff.utils -   out shape: torch.Size([4608, 512])
08/12/2026 02:27:33 - INFO - qdiff.layer_recon -   Total loss:	0.000 (rec:0.000, round:0.000)	b=0.00	count=500
08/12/2026 02:27:36 - INFO - qdiff.layer_recon -   Total loss:	0.000 (rec:0.000, round:0.000)	b=0.00	count=1000
08/12/2026 02:27:38 - INFO - qdiff.layer_recon -   Total loss:	0.000 (rec:0.000, round:0.000)	b=0.00	count=1500
08/12/2026 02:27:40 - INFO - qdiff.layer_recon -   Total loss:	0.000 (rec:0.000, round:0.000)	b=0.00	count=2000
08/12/2026 02:27:42 - INFO - qdiff.layer_recon -   Total loss:	0.000 (rec:0.000, round:0.000)	b=0.00	count=2500
08/12/2026 02:27:44 - INFO - qdiff.layer_recon -   Total loss:	0.000 (rec:0.000, round:0.000)	b=0.00	count=3000
08/12/2026 02:27:46 - INFO - qdiff.layer_recon -   Total loss:	0.000 (rec:0.000, round:0.000)	b=0.00	count=3500
08/12/2026 02:27:48 - INFO - qdiff.layer_recon -   Total loss:	623.201 (rec:0.000, round:623.201)	b=20.00	count=4000
08/12/2026 02:27:51 - INFO - qdiff.layer_recon -   Total loss:	275.525 (rec:0.000, round:275.525)	b=19.44	count=4500
08/12/2026 02:27:54 - INFO - qdiff.layer_recon -   Total loss:	253.055 (rec:0.000, round:253.055)	b=18.88	count=5000
08/12/2026 02:27:57 - INFO - qdiff.layer_recon -   Total loss:	239.773 (rec:0.000, round:239.773)	b=18.31	count=5500
08/12/2026 02:28:00 - INFO - qdiff.layer_recon -   Total loss:	228.195 (rec:0.000, round:228.195)	b=17.75	count=6000
08/12/2026 02:28:02 - INFO - qdiff.layer_recon -   Total loss:	217.428 (rec:0.000, round:217.428)	b=17.19	count=6500
08/12/2026 02:28:05 - INFO - qdiff.layer_recon -   Total loss:	206.948 (rec:0.000, round:206.948)	b=16.62	count=7000
08/12/2026 02:28:08 - INFO - qdiff.layer_recon -   Total loss:	196.330 (rec:0.000, round:196.330)	b=16.06	count=7500
08/12/2026 02:28:11 - INFO - qdiff.layer_recon -   Total loss:	184.915 (rec:0.000, round:184.915)	b=15.50	count=8000
08/12/2026 02:28:14 - INFO - qdiff.layer_recon -   Total loss:	173.134 (rec:0.000, round:173.134)	b=14.94	count=8500
08/12/2026 02:28:17 - INFO - qdiff.layer_recon -   Total loss:	161.660 (rec:0.000, round:161.660)	b=14.38	count=9000
08/12/2026 02:28:20 - INFO - qdiff.layer_recon -   Total loss:	148.971 (rec:0.000, round:148.971)	b=13.81	count=9500
08/12/2026 02:28:22 - INFO - qdiff.layer_recon -   Total loss:	135.959 (rec:0.001, round:135.959)	b=13.25	count=10000
08/12/2026 02:28:25 - INFO - qdiff.layer_recon -   Total loss:	122.290 (rec:0.001, round:122.289)	b=12.69	count=10500
08/12/2026 02:28:28 - INFO - qdiff.layer_recon -   Total loss:	108.319 (rec:0.002, round:108.317)	b=12.12	count=11000
08/12/2026 02:28:31 - INFO - qdiff.layer_recon -   Total loss:	93.153 (rec:0.003, round:93.151)	b=11.56	count=11500
08/12/2026 02:28:34 - INFO - qdiff.layer_recon -   Total loss:	78.712 (rec:0.004, round:78.708)	b=11.00	count=12000
08/12/2026 02:28:37 - INFO - qdiff.layer_recon -   Total loss:	65.799 (rec:0.006, round:65.793)	b=10.44	count=12500
08/12/2026 02:28:40 - INFO - qdiff.layer_recon -   Total loss:	54.568 (rec:0.007, round:54.560)	b=9.88	count=13000
08/12/2026 02:28:43 - INFO - qdiff.layer_recon -   Total loss:	44.988 (rec:0.010, round:44.978)	b=9.31	count=13500
08/12/2026 02:28:45 - INFO - qdiff.layer_recon -   Total loss:	37.020 (rec:0.012, round:37.008)	b=8.75	count=14000
08/12/2026 02:28:48 - INFO - qdiff.layer_recon -   Total loss:	30.035 (rec:0.015, round:30.020)	b=8.19	count=14500
08/12/2026 02:28:51 - INFO - qdiff.layer_recon -   Total loss:	23.989 (rec:0.018, round:23.972)	b=7.62	count=15000
08/12/2026 02:28:54 - INFO - qdiff.layer_recon -   Total loss:	18.444 (rec:0.022, round:18.423)	b=7.06	count=15500
08/12/2026 02:28:57 - INFO - qdiff.layer_recon -   Total loss:	13.448 (rec:0.024, round:13.424)	b=6.50	count=16000
08/12/2026 02:29:00 - INFO - qdiff.layer_recon -   Total loss:	9.182 (rec:0.029, round:9.153)	b=5.94	count=16500
08/12/2026 02:29:02 - INFO - qdiff.layer_recon -   Total loss:	5.469 (rec:0.034, round:5.435)	b=5.38	count=17000
08/12/2026 02:29:05 - INFO - qdiff.layer_recon -   Total loss:	2.833 (rec:0.041, round:2.792)	b=4.81	count=17500
08/12/2026 02:29:08 - INFO - qdiff.layer_recon -   Total loss:	1.306 (rec:0.046, round:1.260)	b=4.25	count=18000
08/12/2026 02:29:11 - INFO - qdiff.layer_recon -   Total loss:	0.514 (rec:0.050, round:0.464)	b=3.69	count=18500
08/12/2026 02:29:14 - INFO - qdiff.layer_recon -   Total loss:	0.206 (rec:0.054, round:0.152)	b=3.12	count=19000
08/12/2026 02:29:17 - INFO - qdiff.layer_recon -   Total loss:	0.094 (rec:0.053, round:0.041)	b=2.56	count=19500
08/12/2026 02:29:20 - INFO - qdiff.layer_recon -   Total loss:	0.062 (rec:0.055, round:0.007)	b=2.00	count=20000
08/12/2026 02:29:20 - INFO - __main__ -   model.temb.dense.1 False
08/12/2026 02:29:20 - INFO - __main__ -   Reconstruction for layer model.temb.dense.1
08/12/2026 02:29:50 - INFO - qdiff.utils -   in shape: torch.Size([4608, 512])
08/12/2026 02:29:50 - INFO - qdiff.utils -   out shape: torch.Size([4608, 512])
08/12/2026 02:29:52 - INFO - qdiff.layer_recon -   Total loss:	0.001 (rec:0.001, round:0.000)	b=0.00	count=500
08/12/2026 02:29:54 - INFO - qdiff.layer_recon -   Total loss:	0.001 (rec:0.001, round:0.000)	b=0.00	count=1000
08/12/2026 02:29:56 - INFO - qdiff.layer_recon -   Total loss:	0.000 (rec:0.000, round:0.000)	b=0.00	count=1500
08/12/2026 02:29:58 - INFO - qdiff.layer_recon -   Total loss:	0.000 (rec:0.000, round:0.000)	b=0.00	count=2000
08/12/2026 02:30:00 - INFO - qdiff.layer_recon -   Total loss:	0.000 (rec:0.000, round:0.000)	b=0.00	count=2500
08/12/2026 02:30:02 - INFO - qdiff.layer_recon -   Total loss:	0.000 (rec:0.000, round:0.000)	b=0.00	count=3000
08/12/2026 02:30:05 - INFO - qdiff.layer_recon -   Total loss:	0.000 (rec:0.000, round:0.000)	b=0.00	count=3500
08/12/2026 02:30:07 - INFO - qdiff.layer_recon -   Total loss:	2471.909 (rec:0.000, round:2471.909)	b=20.00	count=4000
08/12/2026 02:30:10 - INFO - qdiff.layer_recon -   Total loss:	966.128 (rec:0.000, round:966.128)	b=19.44	count=4500
08/12/2026 02:30:12 - INFO - qdiff.layer_recon -   Total loss:	854.996 (rec:0.000, round:854.996)	b=18.88	count=5000
08/12/2026 02:30:15 - INFO - qdiff.layer_recon -   Total loss:	794.453 (rec:0.000, round:794.453)	b=18.31	count=5500
08/12/2026 02:30:18 - INFO - qdiff.layer_recon -   Total loss:	747.882 (rec:0.000, round:747.882)	b=17.75	count=6000
08/12/2026 02:30:21 - INFO - qdiff.layer_recon -   Total loss:	704.369 (rec:0.000, round:704.369)	b=17.19	count=6500
08/12/2026 02:30:24 - INFO - qdiff.layer_recon -   Total loss:	660.697 (rec:0.000, round:660.697)	b=16.62	count=7000
08/12/2026 02:30:27 - INFO - qdiff.layer_recon -   Total loss:	614.868 (rec:0.000, round:614.868)	b=16.06	count=7500
08/12/2026 02:30:30 - INFO - qdiff.layer_recon -   Total loss:	570.696 (rec:0.000, round:570.696)	b=15.50	count=8000
08/12/2026 02:30:33 - INFO - qdiff.layer_recon -   Total loss:	519.789 (rec:0.000, round:519.789)	b=14.94	count=8500
08/12/2026 02:30:36 - INFO - qdiff.layer_recon -   Total loss:	467.390 (rec:0.001, round:467.389)	b=14.38	count=9000
08/12/2026 02:30:38 - INFO - qdiff.layer_recon -   Total loss:	415.101 (rec:0.001, round:415.100)	b=13.81	count=9500
08/12/2026 02:30:41 - INFO - qdiff.layer_recon -   Total loss:	362.578 (rec:0.001, round:362.577)	b=13.25	count=10000
08/12/2026 02:30:44 - INFO - qdiff.layer_recon -   Total loss:	309.148 (rec:0.002, round:309.146)	b=12.69	count=10500
08/12/2026 02:30:47 - INFO - qdiff.layer_recon -   Total loss:	255.901 (rec:0.003, round:255.899)	b=12.12	count=11000
08/12/2026 02:30:50 - INFO - qdiff.layer_recon -   Total loss:	202.434 (rec:0.004, round:202.429)	b=11.56	count=11500
08/12/2026 02:30:53 - INFO - qdiff.layer_recon -   Total loss:	152.969 (rec:0.006, round:152.963)	b=11.00	count=12000
08/12/2026 02:30:56 - INFO - qdiff.layer_recon -   Total loss:	112.740 (rec:0.008, round:112.732)	b=10.44	count=12500
08/12/2026 02:30:59 - INFO - qdiff.layer_recon -   Total loss:	78.896 (rec:0.011, round:78.885)	b=9.88	count=13000
08/12/2026 02:31:02 - INFO - qdiff.layer_recon -   Total loss:	52.912 (rec:0.017, round:52.895)	b=9.31	count=13500
08/12/2026 02:31:05 - INFO - qdiff.layer_recon -   Total loss:	33.625 (rec:0.019, round:33.606)	b=8.75	count=14000
08/12/2026 02:31:07 - INFO - qdiff.layer_recon -   Total loss:	20.748 (rec:0.028, round:20.721)	b=8.19	count=14500
08/12/2026 02:31:10 - INFO - qdiff.layer_recon -   Total loss:	13.462 (rec:0.028, round:13.434)	b=7.62	count=15000
08/12/2026 02:31:13 - INFO - qdiff.layer_recon -   Total loss:	8.875 (rec:0.047, round:8.828)	b=7.06	count=15500
08/12/2026 02:31:16 - INFO - qdiff.layer_recon -   Total loss:	6.299 (rec:0.054, round:6.245)	b=6.50	count=16000
08/12/2026 02:31:19 - INFO - qdiff.layer_recon -   Total loss:	4.694 (rec:0.062, round:4.633)	b=5.94	count=16500
08/12/2026 02:31:22 - INFO - qdiff.layer_recon -   Total loss:	3.578 (rec:0.068, round:3.510)	b=5.38	count=17000
08/12/2026 02:31:25 - INFO - qdiff.layer_recon -   Total loss:	2.523 (rec:0.090, round:2.434)	b=4.81	count=17500
08/12/2026 02:31:28 - INFO - qdiff.layer_recon -   Total loss:	1.703 (rec:0.103, round:1.601)	b=4.25	count=18000
08/12/2026 02:31:31 - INFO - qdiff.layer_recon -   Total loss:	1.144 (rec:0.126, round:1.018)	b=3.69	count=18500
08/12/2026 02:31:34 - INFO - qdiff.layer_recon -   Total loss:	0.687 (rec:0.124, round:0.563)	b=3.12	count=19000
08/12/2026 02:31:37 - INFO - qdiff.layer_recon -   Total loss:	0.378 (rec:0.153, round:0.224)	b=2.56	count=19500
08/12/2026 02:31:39 - INFO - qdiff.layer_recon -   Total loss:	0.240 (rec:0.174, round:0.065)	b=2.00	count=20000
08/12/2026 02:31:39 - INFO - __main__ -   model.conv_in False
08/12/2026 02:31:39 - INFO - __main__ -   Reconstruction for layer model.conv_in
08/12/2026 02:32:13 - INFO - qdiff.utils -   in shape: torch.Size([4608, 3, 32, 32])
08/12/2026 02:32:13 - INFO - qdiff.utils -   out shape: torch.Size([4608, 128, 32, 32])
08/12/2026 02:32:18 - INFO - qdiff.layer_recon -   Total loss:	0.044 (rec:0.044, round:0.000)	b=0.00	count=500
08/12/2026 02:32:22 - INFO - qdiff.layer_recon -   Total loss:	0.038 (rec:0.038, round:0.000)	b=0.00	count=1000
08/12/2026 02:32:26 - INFO - qdiff.layer_recon -   Total loss:	0.038 (rec:0.038, round:0.000)	b=0.00	count=1500
08/12/2026 02:32:30 - INFO - qdiff.layer_recon -   Total loss:	0.041 (rec:0.041, round:0.000)	b=0.00	count=2000
08/12/2026 02:32:34 - INFO - qdiff.layer_recon -   Total loss:	0.045 (rec:0.045, round:0.000)	b=0.00	count=2500
08/12/2026 02:32:38 - INFO - qdiff.layer_recon -   Total loss:	0.060 (rec:0.060, round:0.000)	b=0.00	count=3000
08/12/2026 02:32:43 - INFO - qdiff.layer_recon -   Total loss:	0.041 (rec:0.041, round:0.000)	b=0.00	count=3500
08/12/2026 02:32:47 - INFO - qdiff.layer_recon -   Total loss:	32.810 (rec:0.039, round:32.771)	b=20.00	count=4000
08/12/2026 02:32:52 - INFO - qdiff.layer_recon -   Total loss:	20.355 (rec:0.095, round:20.260)	b=19.44	count=4500
08/12/2026 02:32:57 - INFO - qdiff.layer_recon -   Total loss:	20.082 (rec:0.094, round:19.987)	b=18.88	count=5000
08/12/2026 02:33:02 - INFO - qdiff.layer_recon -   Total loss:	19.856 (rec:0.098, round:19.758)	b=18.31	count=5500
08/12/2026 02:33:07 - INFO - qdiff.layer_recon -   Total loss:	19.662 (rec:0.099, round:19.563)	b=17.75	count=6000
08/12/2026 02:33:12 - INFO - qdiff.layer_recon -   Total loss:	19.429 (rec:0.146, round:19.283)	b=17.19	count=6500
08/12/2026 02:33:17 - INFO - qdiff.layer_recon -   Total loss:	19.144 (rec:0.098, round:19.045)	b=16.62	count=7000
08/12/2026 02:33:22 - INFO - qdiff.layer_recon -   Total loss:	18.883 (rec:0.134, round:18.749)	b=16.06	count=7500
08/12/2026 02:33:27 - INFO - qdiff.layer_recon -   Total loss:	18.519 (rec:0.098, round:18.420)	b=15.50	count=8000
08/12/2026 02:33:32 - INFO - qdiff.layer_recon -   Total loss:	18.273 (rec:0.155, round:18.118)	b=14.94	count=8500
08/12/2026 02:33:38 - INFO - qdiff.layer_recon -   Total loss:	17.875 (rec:0.139, round:17.736)	b=14.38	count=9000
08/12/2026 02:33:43 - INFO - qdiff.layer_recon -   Total loss:	17.580 (rec:0.125, round:17.455)	b=13.81	count=9500
08/12/2026 02:33:48 - INFO - qdiff.layer_recon -   Total loss:	17.209 (rec:0.166, round:17.043)	b=13.25	count=10000
08/12/2026 02:33:53 - INFO - qdiff.layer_recon -   Total loss:	16.671 (rec:0.127, round:16.544)	b=12.69	count=10500
08/12/2026 02:33:58 - INFO - qdiff.layer_recon -   Total loss:	16.259 (rec:0.136, round:16.123)	b=12.12	count=11000
08/12/2026 02:34:03 - INFO - qdiff.layer_recon -   Total loss:	15.884 (rec:0.163, round:15.721)	b=11.56	count=11500
08/12/2026 02:34:08 - INFO - qdiff.layer_recon -   Total loss:	15.397 (rec:0.184, round:15.213)	b=11.00	count=12000
08/12/2026 02:34:13 - INFO - qdiff.layer_recon -   Total loss:	15.035 (rec:0.212, round:14.823)	b=10.44	count=12500
08/12/2026 02:34:18 - INFO - qdiff.layer_recon -   Total loss:	14.435 (rec:0.261, round:14.173)	b=9.88	count=13000
08/12/2026 02:34:23 - INFO - qdiff.layer_recon -   Total loss:	13.630 (rec:0.261, round:13.369)	b=9.31	count=13500
08/12/2026 02:34:28 - INFO - qdiff.layer_recon -   Total loss:	12.908 (rec:0.217, round:12.691)	b=8.75	count=14000
08/12/2026 02:34:33 - INFO - qdiff.layer_recon -   Total loss:	12.067 (rec:0.181, round:11.886)	b=8.19	count=14500
08/12/2026 02:34:38 - INFO - qdiff.layer_recon -   Total loss:	11.637 (rec:0.447, round:11.190)	b=7.62	count=15000
08/12/2026 02:34:43 - INFO - qdiff.layer_recon -   Total loss:	10.802 (rec:0.346, round:10.456)	b=7.06	count=15500
08/12/2026 02:34:48 - INFO - qdiff.layer_recon -   Total loss:	9.952 (rec:0.504, round:9.449)	b=6.50	count=16000
08/12/2026 02:34:53 - INFO - qdiff.layer_recon -   Total loss:	8.635 (rec:0.380, round:8.254)	b=5.94	count=16500
08/12/2026 02:34:58 - INFO - qdiff.layer_recon -   Total loss:	7.716 (rec:0.605, round:7.111)	b=5.38	count=17000
08/12/2026 02:35:03 - INFO - qdiff.layer_recon -   Total loss:	6.492 (rec:0.564, round:5.927)	b=4.81	count=17500
08/12/2026 02:35:08 - INFO - qdiff.layer_recon -   Total loss:	5.303 (rec:0.620, round:4.683)	b=4.25	count=18000
08/12/2026 02:35:13 - INFO - qdiff.layer_recon -   Total loss:	4.082 (rec:0.839, round:3.243)	b=3.69	count=18500
08/12/2026 02:35:18 - INFO - qdiff.layer_recon -   Total loss:	2.691 (rec:0.893, round:1.797)	b=3.12	count=19000
08/12/2026 02:35:23 - INFO - qdiff.layer_recon -   Total loss:	1.584 (rec:0.999, round:0.585)	b=2.56	count=19500
08/12/2026 02:35:28 - INFO - qdiff.layer_recon -   Total loss:	0.838 (rec:0.768, round:0.070)	b=2.00	count=20000
08/12/2026 02:35:28 - INFO - __main__ -   model.down False
08/12/2026 02:35:28 - INFO - __main__ -   model.down.0 False
08/12/2026 02:35:28 - INFO - __main__ -   model.down.0.block False
08/12/2026 02:35:28 - INFO - __main__ -   model.down.0.block.0 True
08/12/2026 02:35:28 - INFO - __main__ -   Reconstruction for block model.down.0.block.0
08/12/2026 02:36:14 - INFO - qdiff.utils -   in 1 shape: torch.Size([4608, 128, 32, 32]), in 2 shape: torch.Size([4608, 512])
08/12/2026 02:36:14 - INFO - qdiff.utils -   out shape: torch.Size([4608, 128, 32, 32])
08/12/2026 02:36:33 - INFO - qdiff.block_recon -   Total loss:	1.803 (rec:1.803, round:0.000)	b=0.00	count=500
08/12/2026 02:36:48 - INFO - qdiff.block_recon -   Total loss:	1.885 (rec:1.885, round:0.000)	b=0.00	count=1000
08/12/2026 02:37:04 - INFO - qdiff.block_recon -   Total loss:	1.682 (rec:1.682, round:0.000)	b=0.00	count=1500
08/12/2026 02:37:19 - INFO - qdiff.block_recon -   Total loss:	1.720 (rec:1.720, round:0.000)	b=0.00	count=2000
08/12/2026 02:37:35 - INFO - qdiff.block_recon -   Total loss:	1.493 (rec:1.493, round:0.000)	b=0.00	count=2500
08/12/2026 02:37:50 - INFO - qdiff.block_recon -   Total loss:	1.711 (rec:1.711, round:0.000)	b=0.00	count=3000
08/12/2026 02:38:06 - INFO - qdiff.block_recon -   Total loss:	1.495 (rec:1.495, round:0.000)	b=0.00	count=3500
08/12/2026 02:38:21 - INFO - qdiff.block_recon -   Total loss:	3091.283 (rec:1.563, round:3089.720)	b=20.00	count=4000
08/12/2026 02:38:38 - INFO - qdiff.block_recon -   Total loss:	1657.444 (rec:1.485, round:1655.958)	b=19.44	count=4500
08/12/2026 02:38:55 - INFO - qdiff.block_recon -   Total loss:	1520.421 (rec:1.672, round:1518.749)	b=18.88	count=5000
08/12/2026 02:39:12 - INFO - qdiff.block_recon -   Total loss:	1427.871 (rec:1.554, round:1426.318)	b=18.31	count=5500
08/12/2026 02:39:29 - INFO - qdiff.block_recon -   Total loss:	1348.399 (rec:1.545, round:1346.853)	b=17.75	count=6000
08/12/2026 02:39:45 - INFO - qdiff.block_recon -   Total loss:	1276.535 (rec:1.563, round:1274.972)	b=17.19	count=6500
08/12/2026 02:40:02 - INFO - qdiff.block_recon -   Total loss:	1209.495 (rec:1.654, round:1207.841)	b=16.62	count=7000
08/12/2026 02:40:19 - INFO - qdiff.block_recon -   Total loss:	1146.224 (rec:1.474, round:1144.750)	b=16.06	count=7500
08/12/2026 02:40:36 - INFO - qdiff.block_recon -   Total loss:	1086.299 (rec:1.427, round:1084.872)	b=15.50	count=8000
08/12/2026 02:40:53 - INFO - qdiff.block_recon -   Total loss:	1029.613 (rec:1.547, round:1028.066)	b=14.94	count=8500
08/12/2026 02:41:10 - INFO - qdiff.block_recon -   Total loss:	974.220 (rec:1.550, round:972.669)	b=14.38	count=9000
08/12/2026 02:41:27 - INFO - qdiff.block_recon -   Total loss:	919.246 (rec:1.591, round:917.655)	b=13.81	count=9500
08/12/2026 02:41:44 - INFO - qdiff.block_recon -   Total loss:	865.369 (rec:1.575, round:863.793)	b=13.25	count=10000
08/12/2026 02:42:01 - INFO - qdiff.block_recon -   Total loss:	813.513 (rec:1.517, round:811.996)	b=12.69	count=10500
08/12/2026 02:42:17 - INFO - qdiff.block_recon -   Total loss:	759.738 (rec:1.546, round:758.192)	b=12.12	count=11000
08/12/2026 02:42:34 - INFO - qdiff.block_recon -   Total loss:	706.235 (rec:1.617, round:704.618)	b=11.56	count=11500
08/12/2026 02:42:51 - INFO - qdiff.block_recon -   Total loss:	652.911 (rec:1.652, round:651.259)	b=11.00	count=12000
08/12/2026 02:43:08 - INFO - qdiff.block_recon -   Total loss:	599.247 (rec:1.597, round:597.650)	b=10.44	count=12500
08/12/2026 02:43:25 - INFO - qdiff.block_recon -   Total loss:	545.688 (rec:1.635, round:544.054)	b=9.88	count=13000
08/12/2026 02:43:42 - INFO - qdiff.block_recon -   Total loss:	491.406 (rec:1.636, round:489.770)	b=9.31	count=13500
08/12/2026 02:43:59 - INFO - qdiff.block_recon -   Total loss:	436.291 (rec:1.539, round:434.752)	b=8.75	count=14000
08/12/2026 02:44:16 - INFO - qdiff.block_recon -   Total loss:	381.078 (rec:1.660, round:379.418)	b=8.19	count=14500
08/12/2026 02:44:32 - INFO - qdiff.block_recon -   Total loss:	325.112 (rec:1.700, round:323.412)	b=7.62	count=15000
08/12/2026 02:44:49 - INFO - qdiff.block_recon -   Total loss:	268.330 (rec:1.708, round:266.621)	b=7.06	count=15500
08/12/2026 02:45:06 - INFO - qdiff.block_recon -   Total loss:	211.072 (rec:1.565, round:209.507)	b=6.50	count=16000
08/12/2026 02:45:23 - INFO - qdiff.block_recon -   Total loss:	156.116 (rec:1.655, round:154.461)	b=5.94	count=16500
08/12/2026 02:45:40 - INFO - qdiff.block_recon -   Total loss:	106.540 (rec:1.692, round:104.848)	b=5.38	count=17000
08/12/2026 02:45:57 - INFO - qdiff.block_recon -   Total loss:	63.796 (rec:1.898, round:61.898)	b=4.81	count=17500
08/12/2026 02:46:13 - INFO - qdiff.block_recon -   Total loss:	30.990 (rec:1.713, round:29.277)	b=4.25	count=18000
08/12/2026 02:46:30 - INFO - qdiff.block_recon -   Total loss:	10.866 (rec:1.713, round:9.153)	b=3.69	count=18500
08/12/2026 02:46:47 - INFO - qdiff.block_recon -   Total loss:	3.269 (rec:1.733, round:1.536)	b=3.12	count=19000
08/12/2026 02:47:04 - INFO - qdiff.block_recon -   Total loss:	2.088 (rec:1.922, round:0.165)	b=2.56	count=19500
08/12/2026 02:47:21 - INFO - qdiff.block_recon -   Total loss:	1.870 (rec:1.851, round:0.019)	b=2.00	count=20000
08/12/2026 02:47:21 - INFO - __main__ -   model.down.0.block.1 True
08/12/2026 02:47:21 - INFO - __main__ -   Reconstruction for block model.down.0.block.1
08/12/2026 02:48:11 - INFO - qdiff.utils -   in 1 shape: torch.Size([4608, 128, 32, 32]), in 2 shape: torch.Size([4608, 512])
08/12/2026 02:48:11 - INFO - qdiff.utils -   out shape: torch.Size([4608, 128, 32, 32])
08/12/2026 02:48:28 - INFO - qdiff.block_recon -   Total loss:	4.304 (rec:4.304, round:0.000)	b=0.00	count=500
08/12/2026 02:48:43 - INFO - qdiff.block_recon -   Total loss:	4.287 (rec:4.287, round:0.000)	b=0.00	count=1000
08/12/2026 02:48:59 - INFO - qdiff.block_recon -   Total loss:	3.335 (rec:3.335, round:0.000)	b=0.00	count=1500
08/12/2026 02:49:14 - INFO - qdiff.block_recon -   Total loss:	3.738 (rec:3.738, round:0.000)	b=0.00	count=2000
08/12/2026 02:49:29 - INFO - qdiff.block_recon -   Total loss:	4.416 (rec:4.416, round:0.000)	b=0.00	count=2500
08/12/2026 02:49:45 - INFO - qdiff.block_recon -   Total loss:	2.845 (rec:2.845, round:0.000)	b=0.00	count=3000
08/12/2026 02:50:00 - INFO - qdiff.block_recon -   Total loss:	3.179 (rec:3.179, round:0.000)	b=0.00	count=3500
08/12/2026 02:50:15 - INFO - qdiff.block_recon -   Total loss:	3186.939 (rec:2.662, round:3184.277)	b=20.00	count=4000
08/12/2026 02:50:32 - INFO - qdiff.block_recon -   Total loss:	1856.144 (rec:3.056, round:1853.088)	b=19.44	count=4500
08/12/2026 02:50:49 - INFO - qdiff.block_recon -   Total loss:	1723.533 (rec:3.226, round:1720.307)	b=18.88	count=5000
08/12/2026 02:51:06 - INFO - qdiff.block_recon -   Total loss:	1637.392 (rec:3.088, round:1634.304)	b=18.31	count=5500
08/12/2026 02:51:23 - INFO - qdiff.block_recon -   Total loss:	1566.666 (rec:2.954, round:1563.712)	b=17.75	count=6000
08/12/2026 02:51:40 - INFO - qdiff.block_recon -   Total loss:	1502.699 (rec:2.941, round:1499.759)	b=17.19	count=6500
08/12/2026 02:51:57 - INFO - qdiff.block_recon -   Total loss:	1445.013 (rec:3.316, round:1441.698)	b=16.62	count=7000
08/12/2026 02:52:13 - INFO - qdiff.block_recon -   Total loss:	1387.077 (rec:2.578, round:1384.499)	b=16.06	count=7500
08/12/2026 02:52:30 - INFO - qdiff.block_recon -   Total loss:	1330.793 (rec:2.819, round:1327.974)	b=15.50	count=8000
08/12/2026 02:52:47 - INFO - qdiff.block_recon -   Total loss:	1277.219 (rec:3.178, round:1274.041)	b=14.94	count=8500
08/12/2026 02:53:04 - INFO - qdiff.block_recon -   Total loss:	1223.292 (rec:3.080, round:1220.212)	b=14.38	count=9000
08/12/2026 02:53:21 - INFO - qdiff.block_recon -   Total loss:	1169.502 (rec:3.289, round:1166.213)	b=13.81	count=9500
08/12/2026 02:53:37 - INFO - qdiff.block_recon -   Total loss:	1115.611 (rec:3.154, round:1112.457)	b=13.25	count=10000
08/12/2026 02:53:54 - INFO - qdiff.block_recon -   Total loss:	1060.986 (rec:2.605, round:1058.381)	b=12.69	count=10500
08/12/2026 02:54:11 - INFO - qdiff.block_recon -   Total loss:	1006.038 (rec:2.900, round:1003.138)	b=12.12	count=11000
08/12/2026 02:54:28 - INFO - qdiff.block_recon -   Total loss:	949.504 (rec:3.257, round:946.247)	b=11.56	count=11500
08/12/2026 02:54:44 - INFO - qdiff.block_recon -   Total loss:	890.568 (rec:3.057, round:887.511)	b=11.00	count=12000
08/12/2026 02:55:01 - INFO - qdiff.block_recon -   Total loss:	831.346 (rec:2.607, round:828.739)	b=10.44	count=12500
08/12/2026 02:55:18 - INFO - qdiff.block_recon -   Total loss:	770.750 (rec:3.141, round:767.609)	b=9.88	count=13000
08/12/2026 02:55:35 - INFO - qdiff.block_recon -   Total loss:	708.287 (rec:3.569, round:704.718)	b=9.31	count=13500
08/12/2026 02:55:52 - INFO - qdiff.block_recon -   Total loss:	641.402 (rec:3.240, round:638.162)	b=8.75	count=14000
08/12/2026 02:56:08 - INFO - qdiff.block_recon -   Total loss:	573.895 (rec:3.521, round:570.374)	b=8.19	count=14500
08/12/2026 02:56:25 - INFO - qdiff.block_recon -   Total loss:	503.755 (rec:3.383, round:500.371)	b=7.62	count=15000
08/12/2026 02:56:42 - INFO - qdiff.block_recon -   Total loss:	429.290 (rec:3.239, round:426.051)	b=7.06	count=15500
08/12/2026 02:56:59 - INFO - qdiff.block_recon -   Total loss:	355.400 (rec:4.109, round:351.291)	b=6.50	count=16000
08/12/2026 02:57:16 - INFO - qdiff.block_recon -   Total loss:	279.814 (rec:3.242, round:276.572)	b=5.94	count=16500
08/12/2026 02:57:32 - INFO - qdiff.block_recon -   Total loss:	207.864 (rec:3.552, round:204.313)	b=5.38	count=17000
08/12/2026 02:57:49 - INFO - qdiff.block_recon -   Total loss:	140.599 (rec:3.223, round:137.376)	b=4.81	count=17500
08/12/2026 02:58:06 - INFO - qdiff.block_recon -   Total loss:	83.103 (rec:4.654, round:78.449)	b=4.25	count=18000
08/12/2026 02:58:23 - INFO - qdiff.block_recon -   Total loss:	37.134 (rec:3.279, round:33.855)	b=3.69	count=18500
08/12/2026 02:58:40 - INFO - qdiff.block_recon -   Total loss:	12.421 (rec:3.345, round:9.077)	b=3.12	count=19000
08/12/2026 02:58:57 - INFO - qdiff.block_recon -   Total loss:	5.305 (rec:3.951, round:1.354)	b=2.56	count=19500
08/12/2026 02:59:13 - INFO - qdiff.block_recon -   Total loss:	3.918 (rec:3.816, round:0.103)	b=2.00	count=20000
08/12/2026 02:59:14 - INFO - __main__ -   model.down.0.attn False
08/12/2026 02:59:14 - INFO - __main__ -   model.down.0.downsample False
08/12/2026 02:59:14 - INFO - __main__ -   model.down.0.downsample.conv False
08/12/2026 02:59:14 - INFO - __main__ -   Reconstruction for layer model.down.0.downsample.conv
08/12/2026 02:59:57 - INFO - qdiff.utils -   in shape: torch.Size([4608, 128, 33, 33])
08/12/2026 02:59:57 - INFO - qdiff.utils -   out shape: torch.Size([4608, 128, 16, 16])
08/12/2026 03:00:02 - INFO - qdiff.layer_recon -   Total loss:	6.059 (rec:6.059, round:0.000)	b=0.00	count=500
08/12/2026 03:00:07 - INFO - qdiff.layer_recon -   Total loss:	6.642 (rec:6.642, round:0.000)	b=0.00	count=1000
08/12/2026 03:00:12 - INFO - qdiff.layer_recon -   Total loss:	4.921 (rec:4.921, round:0.000)	b=0.00	count=1500
08/12/2026 03:00:17 - INFO - qdiff.layer_recon -   Total loss:	4.125 (rec:4.125, round:0.000)	b=0.00	count=2000
08/12/2026 03:00:21 - INFO - qdiff.layer_recon -   Total loss:	3.774 (rec:3.774, round:0.000)	b=0.00	count=2500
08/12/2026 03:00:26 - INFO - qdiff.layer_recon -   Total loss:	4.085 (rec:4.085, round:0.000)	b=0.00	count=3000
08/12/2026 03:00:31 - INFO - qdiff.layer_recon -   Total loss:	5.953 (rec:5.953, round:0.000)	b=0.00	count=3500
08/12/2026 03:00:36 - INFO - qdiff.layer_recon -   Total loss:	1296.297 (rec:5.677, round:1290.620)	b=20.00	count=4000
08/12/2026 03:00:41 - INFO - qdiff.layer_recon -   Total loss:	849.645 (rec:5.954, round:843.691)	b=19.44	count=4500
08/12/2026 03:00:46 - INFO - qdiff.layer_recon -   Total loss:	792.518 (rec:4.596, round:787.923)	b=18.88	count=5000
08/12/2026 03:00:52 - INFO - qdiff.layer_recon -   Total loss:	756.549 (rec:5.927, round:750.622)	b=18.31	count=5500
08/12/2026 03:00:57 - INFO - qdiff.layer_recon -   Total loss:	724.966 (rec:4.843, round:720.123)	b=17.75	count=6000
08/12/2026 03:01:02 - INFO - qdiff.layer_recon -   Total loss:	696.607 (rec:3.565, round:693.042)	b=17.19	count=6500
08/12/2026 03:01:08 - INFO - qdiff.layer_recon -   Total loss:	670.654 (rec:3.418, round:667.236)	b=16.62	count=7000
08/12/2026 03:01:13 - INFO - qdiff.layer_recon -   Total loss:	646.988 (rec:5.043, round:641.945)	b=16.06	count=7500
08/12/2026 03:01:18 - INFO - qdiff.layer_recon -   Total loss:	620.731 (rec:3.113, round:617.618)	b=15.50	count=8000
08/12/2026 03:01:24 - INFO - qdiff.layer_recon -   Total loss:	599.631 (rec:5.799, round:593.833)	b=14.94	count=8500
08/12/2026 03:01:29 - INFO - qdiff.layer_recon -   Total loss:	575.202 (rec:5.006, round:570.196)	b=14.38	count=9000
08/12/2026 03:01:34 - INFO - qdiff.layer_recon -   Total loss:	551.884 (rec:5.721, round:546.163)	b=13.81	count=9500
08/12/2026 03:01:40 - INFO - qdiff.layer_recon -   Total loss:	525.884 (rec:4.441, round:521.442)	b=13.25	count=10000
08/12/2026 03:01:45 - INFO - qdiff.layer_recon -   Total loss:	501.649 (rec:4.392, round:497.257)	b=12.69	count=10500
08/12/2026 03:01:50 - INFO - qdiff.layer_recon -   Total loss:	477.013 (rec:4.215, round:472.798)	b=12.12	count=11000
08/12/2026 03:01:56 - INFO - qdiff.layer_recon -   Total loss:	450.967 (rec:3.634, round:447.334)	b=11.56	count=11500
08/12/2026 03:02:01 - INFO - qdiff.layer_recon -   Total loss:	424.704 (rec:3.464, round:421.241)	b=11.00	count=12000
08/12/2026 03:02:06 - INFO - qdiff.layer_recon -   Total loss:	398.073 (rec:3.644, round:394.429)	b=10.44	count=12500
08/12/2026 03:02:12 - INFO - qdiff.layer_recon -   Total loss:	370.010 (rec:3.712, round:366.297)	b=9.88	count=13000
08/12/2026 03:02:17 - INFO - qdiff.layer_recon -   Total loss:	342.297 (rec:5.371, round:336.926)	b=9.31	count=13500
08/12/2026 03:02:22 - INFO - qdiff.layer_recon -   Total loss:	309.300 (rec:3.487, round:305.813)	b=8.75	count=14000
08/12/2026 03:02:28 - INFO - qdiff.layer_recon -   Total loss:	276.536 (rec:3.337, round:273.199)	b=8.19	count=14500
08/12/2026 03:02:33 - INFO - qdiff.layer_recon -   Total loss:	242.326 (rec:3.464, round:238.862)	b=7.62	count=15000
08/12/2026 03:02:38 - INFO - qdiff.layer_recon -   Total loss:	208.325 (rec:5.100, round:203.226)	b=7.06	count=15500
08/12/2026 03:02:44 - INFO - qdiff.layer_recon -   Total loss:	170.362 (rec:3.921, round:166.441)	b=6.50	count=16000
08/12/2026 03:02:49 - INFO - qdiff.layer_recon -   Total loss:	133.227 (rec:4.212, round:129.014)	b=5.94	count=16500
08/12/2026 03:02:54 - INFO - qdiff.layer_recon -   Total loss:	98.487 (rec:5.740, round:92.747)	b=5.38	count=17000
08/12/2026 03:03:00 - INFO - qdiff.layer_recon -   Total loss:	64.878 (rec:5.186, round:59.692)	b=4.81	count=17500
08/12/2026 03:03:05 - INFO - qdiff.layer_recon -   Total loss:	36.380 (rec:4.015, round:32.365)	b=4.25	count=18000
08/12/2026 03:03:10 - INFO - qdiff.layer_recon -   Total loss:	18.551 (rec:4.564, round:13.987)	b=3.69	count=18500
08/12/2026 03:03:16 - INFO - qdiff.layer_recon -   Total loss:	8.962 (rec:4.592, round:4.370)	b=3.12	count=19000
08/12/2026 03:03:21 - INFO - qdiff.layer_recon -   Total loss:	6.101 (rec:5.174, round:0.927)	b=2.56	count=19500
08/12/2026 03:03:26 - INFO - qdiff.layer_recon -   Total loss:	4.975 (rec:4.838, round:0.137)	b=2.00	count=20000
08/12/2026 03:03:27 - INFO - __main__ -   model.down.1 False
08/12/2026 03:03:27 - INFO - __main__ -   model.down.1.block False
08/12/2026 03:03:27 - INFO - __main__ -   model.down.1.block.0 True
08/12/2026 03:03:27 - INFO - __main__ -   Reconstruction for block model.down.1.block.0
08/12/2026 03:04:12 - INFO - qdiff.utils -   in 1 shape: torch.Size([4608, 128, 16, 16]), in 2 shape: torch.Size([4608, 512])
08/12/2026 03:04:12 - INFO - qdiff.utils -   out shape: torch.Size([4608, 256, 16, 16])
08/12/2026 03:04:24 - INFO - qdiff.block_recon -   Total loss:	7.280 (rec:7.280, round:0.000)	b=0.00	count=500
08/12/2026 03:04:34 - INFO - qdiff.block_recon -   Total loss:	6.054 (rec:6.054, round:0.000)	b=0.00	count=1000
08/12/2026 03:04:45 - INFO - qdiff.block_recon -   Total loss:	7.009 (rec:7.009, round:0.000)	b=0.00	count=1500
08/12/2026 03:04:56 - INFO - qdiff.block_recon -   Total loss:	6.923 (rec:6.923, round:0.000)	b=0.00	count=2000
08/12/2026 03:05:07 - INFO - qdiff.block_recon -   Total loss:	6.501 (rec:6.501, round:0.000)	b=0.00	count=2500
08/12/2026 03:05:18 - INFO - qdiff.block_recon -   Total loss:	6.795 (rec:6.795, round:0.000)	b=0.00	count=3000
08/12/2026 03:05:29 - INFO - qdiff.block_recon -   Total loss:	5.763 (rec:5.763, round:0.000)	b=0.00	count=3500
08/12/2026 03:05:40 - INFO - qdiff.block_recon -   Total loss:	9360.165 (rec:6.403, round:9353.763)	b=20.00	count=4000
08/12/2026 03:05:53 - INFO - qdiff.block_recon -   Total loss:	5399.359 (rec:6.520, round:5392.839)	b=19.44	count=4500
08/12/2026 03:06:05 - INFO - qdiff.block_recon -   Total loss:	5003.612 (rec:5.997, round:4997.615)	b=18.88	count=5000
08/12/2026 03:06:18 - INFO - qdiff.block_recon -   Total loss:	4736.640 (rec:6.473, round:4730.167)	b=18.31	count=5500
08/12/2026 03:06:31 - INFO - qdiff.block_recon -   Total loss:	4509.471 (rec:5.393, round:4504.079)	b=17.75	count=6000
08/12/2026 03:06:44 - INFO - qdiff.block_recon -   Total loss:	4303.155 (rec:5.760, round:4297.395)	b=17.19	count=6500
08/12/2026 03:06:56 - INFO - qdiff.block_recon -   Total loss:	4108.140 (rec:6.284, round:4101.855)	b=16.62	count=7000
08/12/2026 03:07:09 - INFO - qdiff.block_recon -   Total loss:	3920.373 (rec:6.174, round:3914.199)	b=16.06	count=7500
08/12/2026 03:07:22 - INFO - qdiff.block_recon -   Total loss:	3738.497 (rec:6.457, round:3732.041)	b=15.50	count=8000
08/12/2026 03:07:34 - INFO - qdiff.block_recon -   Total loss:	3562.353 (rec:5.916, round:3556.436)	b=14.94	count=8500
08/12/2026 03:07:47 - INFO - qdiff.block_recon -   Total loss:	3387.244 (rec:6.174, round:3381.070)	b=14.38	count=9000
08/12/2026 03:08:00 - INFO - qdiff.block_recon -   Total loss:	3211.219 (rec:5.206, round:3206.013)	b=13.81	count=9500
08/12/2026 03:08:13 - INFO - qdiff.block_recon -   Total loss:	3040.798 (rec:5.644, round:3035.154)	b=13.25	count=10000
08/12/2026 03:08:25 - INFO - qdiff.block_recon -   Total loss:	2869.802 (rec:6.458, round:2863.344)	b=12.69	count=10500
08/12/2026 03:08:38 - INFO - qdiff.block_recon -   Total loss:	2696.027 (rec:6.232, round:2689.795)	b=12.12	count=11000
08/12/2026 03:08:51 - INFO - qdiff.block_recon -   Total loss:	2521.924 (rec:5.680, round:2516.244)	b=11.56	count=11500
08/12/2026 03:09:03 - INFO - qdiff.block_recon -   Total loss:	2348.999 (rec:7.513, round:2341.486)	b=11.00	count=12000
08/12/2026 03:09:16 - INFO - qdiff.block_recon -   Total loss:	2172.048 (rec:6.708, round:2165.340)	b=10.44	count=12500
08/12/2026 03:09:29 - INFO - qdiff.block_recon -   Total loss:	1993.412 (rec:5.484, round:1987.928)	b=9.88	count=13000
08/12/2026 03:09:42 - INFO - qdiff.block_recon -   Total loss:	1814.948 (rec:5.970, round:1808.978)	b=9.31	count=13500
08/12/2026 03:09:54 - INFO - qdiff.block_recon -   Total loss:	1630.079 (rec:6.146, round:1623.933)	b=8.75	count=14000
08/12/2026 03:10:07 - INFO - qdiff.block_recon -   Total loss:	1445.088 (rec:6.759, round:1438.329)	b=8.19	count=14500
08/12/2026 03:10:20 - INFO - qdiff.block_recon -   Total loss:	1253.868 (rec:6.477, round:1247.392)	b=7.62	count=15000
08/12/2026 03:10:32 - INFO - qdiff.block_recon -   Total loss:	1060.903 (rec:6.270, round:1054.634)	b=7.06	count=15500
08/12/2026 03:10:45 - INFO - qdiff.block_recon -   Total loss:	868.499 (rec:6.419, round:862.080)	b=6.50	count=16000
08/12/2026 03:10:58 - INFO - qdiff.block_recon -   Total loss:	674.757 (rec:6.301, round:668.456)	b=5.94	count=16500
08/12/2026 03:11:10 - INFO - qdiff.block_recon -   Total loss:	487.426 (rec:6.501, round:480.925)	b=5.38	count=17000
08/12/2026 03:11:23 - INFO - qdiff.block_recon -   Total loss:	316.190 (rec:6.223, round:309.967)	b=4.81	count=17500
08/12/2026 03:11:36 - INFO - qdiff.block_recon -   Total loss:	175.191 (rec:7.149, round:168.042)	b=4.25	count=18000
08/12/2026 03:11:49 - INFO - qdiff.block_recon -   Total loss:	72.689 (rec:6.448, round:66.242)	b=3.69	count=18500
08/12/2026 03:12:01 - INFO - qdiff.block_recon -   Total loss:	22.302 (rec:6.217, round:16.085)	b=3.12	count=19000
08/12/2026 03:12:14 - INFO - qdiff.block_recon -   Total loss:	8.811 (rec:6.334, round:2.477)	b=2.56	count=19500
08/12/2026 03:12:27 - INFO - qdiff.block_recon -   Total loss:	7.096 (rec:6.781, round:0.315)	b=2.00	count=20000
08/12/2026 03:12:27 - INFO - __main__ -   model.down.1.block.1 True
08/12/2026 03:12:27 - INFO - __main__ -   Reconstruction for block model.down.1.block.1
08/12/2026 03:13:21 - INFO - qdiff.utils -   in 1 shape: torch.Size([4608, 256, 16, 16]), in 2 shape: torch.Size([4608, 512])
08/12/2026 03:13:21 - INFO - qdiff.utils -   out shape: torch.Size([4608, 256, 16, 16])
08/12/2026 03:13:34 - INFO - qdiff.block_recon -   Total loss:	14.788 (rec:14.788, round:0.000)	b=0.00	count=500
08/12/2026 03:13:46 - INFO - qdiff.block_recon -   Total loss:	10.151 (rec:10.151, round:0.000)	b=0.00	count=1000
08/12/2026 03:13:59 - INFO - qdiff.block_recon -   Total loss:	10.544 (rec:10.544, round:0.000)	b=0.00	count=1500
08/12/2026 03:14:12 - INFO - qdiff.block_recon -   Total loss:	10.192 (rec:10.192, round:0.000)	b=0.00	count=2000
08/12/2026 03:14:24 - INFO - qdiff.block_recon -   Total loss:	8.115 (rec:8.115, round:0.000)	b=0.00	count=2500
08/12/2026 03:14:37 - INFO - qdiff.block_recon -   Total loss:	11.012 (rec:11.012, round:0.000)	b=0.00	count=3000
08/12/2026 03:14:49 - INFO - qdiff.block_recon -   Total loss:	8.917 (rec:8.917, round:0.000)	b=0.00	count=3500
08/12/2026 03:15:02 - INFO - qdiff.block_recon -   Total loss:	11746.196 (rec:8.058, round:11738.139)	b=20.00	count=4000
08/12/2026 03:15:15 - INFO - qdiff.block_recon -   Total loss:	6992.222 (rec:11.527, round:6980.694)	b=19.44	count=4500
08/12/2026 03:15:29 - INFO - qdiff.block_recon -   Total loss:	6505.884 (rec:9.130, round:6496.754)	b=18.88	count=5000
08/12/2026 03:15:43 - INFO - qdiff.block_recon -   Total loss:	6190.305 (rec:9.615, round:6180.690)	b=18.31	count=5500
08/12/2026 03:15:57 - INFO - qdiff.block_recon -   Total loss:	5922.553 (rec:9.625, round:5912.929)	b=17.75	count=6000
08/12/2026 03:16:11 - INFO - qdiff.block_recon -   Total loss:	5677.822 (rec:8.553, round:5669.270)	b=17.19	count=6500
08/12/2026 03:16:25 - INFO - qdiff.block_recon -   Total loss:	5449.642 (rec:12.855, round:5436.788)	b=16.62	count=7000
08/12/2026 03:16:39 - INFO - qdiff.block_recon -   Total loss:	5226.753 (rec:11.836, round:5214.918)	b=16.06	count=7500
08/12/2026 03:16:53 - INFO - qdiff.block_recon -   Total loss:	5006.518 (rec:10.207, round:4996.311)	b=15.50	count=8000
08/12/2026 03:17:07 - INFO - qdiff.block_recon -   Total loss:	4796.322 (rec:11.939, round:4784.383)	b=14.94	count=8500
08/12/2026 03:17:21 - INFO - qdiff.block_recon -   Total loss:	4589.137 (rec:12.410, round:4576.727)	b=14.38	count=9000
08/12/2026 03:17:35 - INFO - qdiff.block_recon -   Total loss:	4379.619 (rec:11.342, round:4368.276)	b=13.81	count=9500
08/12/2026 03:17:49 - INFO - qdiff.block_recon -   Total loss:	4170.863 (rec:8.173, round:4162.690)	b=13.25	count=10000
08/12/2026 03:18:03 - INFO - qdiff.block_recon -   Total loss:	3963.757 (rec:7.741, round:3956.016)	b=12.69	count=10500
08/12/2026 03:18:17 - INFO - qdiff.block_recon -   Total loss:	3755.058 (rec:10.261, round:3744.797)	b=12.12	count=11000
08/12/2026 03:18:31 - INFO - qdiff.block_recon -   Total loss:	3542.578 (rec:8.365, round:3534.213)	b=11.56	count=11500
08/12/2026 03:18:45 - INFO - qdiff.block_recon -   Total loss:	3329.418 (rec:10.517, round:3318.901)	b=11.00	count=12000
08/12/2026 03:18:59 - INFO - qdiff.block_recon -   Total loss:	3111.599 (rec:11.084, round:3100.515)	b=10.44	count=12500
08/12/2026 03:19:13 - INFO - qdiff.block_recon -   Total loss:	2887.018 (rec:8.427, round:2878.590)	b=9.88	count=13000
08/12/2026 03:19:26 - INFO - qdiff.block_recon -   Total loss:	2659.679 (rec:7.868, round:2651.811)	b=9.31	count=13500
08/12/2026 03:19:40 - INFO - qdiff.block_recon -   Total loss:	2428.427 (rec:11.650, round:2416.776)	b=8.75	count=14000
08/12/2026 03:19:54 - INFO - qdiff.block_recon -   Total loss:	2186.176 (rec:11.069, round:2175.107)	b=8.19	count=14500
08/12/2026 03:20:08 - INFO - qdiff.block_recon -   Total loss:	1937.945 (rec:9.927, round:1928.018)	b=7.62	count=15000
08/12/2026 03:20:22 - INFO - qdiff.block_recon -   Total loss:	1682.954 (rec:9.501, round:1673.453)	b=7.06	count=15500
08/12/2026 03:20:36 - INFO - qdiff.block_recon -   Total loss:	1419.276 (rec:9.426, round:1409.850)	b=6.50	count=16000
08/12/2026 03:20:50 - INFO - qdiff.block_recon -   Total loss:	1151.734 (rec:10.312, round:1141.423)	b=5.94	count=16500
08/12/2026 03:21:04 - INFO - qdiff.block_recon -   Total loss:	881.525 (rec:11.540, round:869.986)	b=5.38	count=17000
08/12/2026 03:21:18 - INFO - qdiff.block_recon -   Total loss:	614.403 (rec:9.798, round:604.605)	b=4.81	count=17500
08/12/2026 03:21:32 - INFO - qdiff.block_recon -   Total loss:	373.894 (rec:12.193, round:361.701)	b=4.25	count=18000
08/12/2026 03:21:46 - INFO - qdiff.block_recon -   Total loss:	172.188 (rec:9.012, round:163.177)	b=3.69	count=18500
08/12/2026 03:22:00 - INFO - qdiff.block_recon -   Total loss:	53.910 (rec:11.326, round:42.584)	b=3.12	count=19000
08/12/2026 03:22:14 - INFO - qdiff.block_recon -   Total loss:	17.335 (rec:11.736, round:5.599)	b=2.56	count=19500
08/12/2026 03:22:28 - INFO - qdiff.block_recon -   Total loss:	10.988 (rec:10.469, round:0.519)	b=2.00	count=20000
08/12/2026 03:22:28 - INFO - __main__ -   model.down.1.attn False
08/12/2026 03:22:28 - INFO - __main__ -   model.down.1.attn.0 True
08/12/2026 03:22:28 - INFO - __main__ -   Reconstruction for block model.down.1.attn.0
08/12/2026 03:23:18 - INFO - qdiff.utils -   in shape: torch.Size([4608, 256, 16, 16])
08/12/2026 03:23:18 - INFO - qdiff.utils -   out shape: torch.Size([4608, 256, 16, 16])
08/12/2026 03:23:26 - INFO - qdiff.block_recon -   Total loss:	2.990 (rec:2.990, round:0.000)	b=0.00	count=500
08/12/2026 03:23:34 - INFO - qdiff.block_recon -   Total loss:	2.420 (rec:2.420, round:0.000)	b=0.00	count=1000
08/12/2026 03:23:42 - INFO - qdiff.block_recon -   Total loss:	2.636 (rec:2.636, round:0.000)	b=0.00	count=1500
08/12/2026 03:23:49 - INFO - qdiff.block_recon -   Total loss:	3.055 (rec:3.055, round:0.000)	b=0.00	count=2000
08/12/2026 03:23:57 - INFO - qdiff.block_recon -   Total loss:	3.057 (rec:3.057, round:0.000)	b=0.00	count=2500
08/12/2026 03:24:05 - INFO - qdiff.block_recon -   Total loss:	2.489 (rec:2.489, round:0.000)	b=0.00	count=3000
08/12/2026 03:24:13 - INFO - qdiff.block_recon -   Total loss:	2.626 (rec:2.626, round:0.000)	b=0.00	count=3500
08/12/2026 03:24:21 - INFO - qdiff.block_recon -   Total loss:	2423.788 (rec:2.444, round:2421.345)	b=20.00	count=4000
08/12/2026 03:24:31 - INFO - qdiff.block_recon -   Total loss:	1427.817 (rec:2.339, round:1425.477)	b=19.44	count=4500
08/12/2026 03:24:41 - INFO - qdiff.block_recon -   Total loss:	1335.976 (rec:3.245, round:1332.732)	b=18.88	count=5000
08/12/2026 03:24:51 - INFO - qdiff.block_recon -   Total loss:	1276.191 (rec:2.440, round:1273.751)	b=18.31	count=5500
08/12/2026 03:25:01 - INFO - qdiff.block_recon -   Total loss:	1229.997 (rec:3.852, round:1226.145)	b=17.75	count=6000
08/12/2026 03:25:11 - INFO - qdiff.block_recon -   Total loss:	1184.775 (rec:2.029, round:1182.745)	b=17.19	count=6500
08/12/2026 03:25:21 - INFO - qdiff.block_recon -   Total loss:	1144.666 (rec:2.682, round:1141.983)	b=16.62	count=7000
08/12/2026 03:25:31 - INFO - qdiff.block_recon -   Total loss:	1105.704 (rec:3.462, round:1102.242)	b=16.06	count=7500
08/12/2026 03:25:41 - INFO - qdiff.block_recon -   Total loss:	1066.670 (rec:3.530, round:1063.140)	b=15.50	count=8000
08/12/2026 03:25:51 - INFO - qdiff.block_recon -   Total loss:	1026.169 (rec:2.542, round:1023.627)	b=14.94	count=8500
08/12/2026 03:26:01 - INFO - qdiff.block_recon -   Total loss:	987.134 (rec:2.892, round:984.241)	b=14.38	count=9000
08/12/2026 03:26:12 - INFO - qdiff.block_recon -   Total loss:	948.033 (rec:2.210, round:945.823)	b=13.81	count=9500
08/12/2026 03:26:22 - INFO - qdiff.block_recon -   Total loss:	906.542 (rec:2.284, round:904.259)	b=13.25	count=10000
08/12/2026 03:26:32 - INFO - qdiff.block_recon -   Total loss:	866.104 (rec:3.119, round:862.985)	b=12.69	count=10500
08/12/2026 03:26:42 - INFO - qdiff.block_recon -   Total loss:	824.012 (rec:3.728, round:820.284)	b=12.12	count=11000
08/12/2026 03:26:52 - INFO - qdiff.block_recon -   Total loss:	779.407 (rec:3.245, round:776.162)	b=11.56	count=11500
08/12/2026 03:27:02 - INFO - qdiff.block_recon -   Total loss:	733.401 (rec:2.399, round:731.002)	b=11.00	count=12000
08/12/2026 03:27:12 - INFO - qdiff.block_recon -   Total loss:	686.758 (rec:2.570, round:684.188)	b=10.44	count=12500
08/12/2026 03:27:22 - INFO - qdiff.block_recon -   Total loss:	638.199 (rec:2.905, round:635.294)	b=9.88	count=13000
08/12/2026 03:27:32 - INFO - qdiff.block_recon -   Total loss:	586.676 (rec:3.055, round:583.622)	b=9.31	count=13500
08/12/2026 03:27:42 - INFO - qdiff.block_recon -   Total loss:	532.918 (rec:3.002, round:529.916)	b=8.75	count=14000
08/12/2026 03:27:52 - INFO - qdiff.block_recon -   Total loss:	476.526 (rec:2.701, round:473.825)	b=8.19	count=14500
08/12/2026 03:28:02 - INFO - qdiff.block_recon -   Total loss:	419.735 (rec:3.234, round:416.500)	b=7.62	count=15000
08/12/2026 03:28:13 - INFO - qdiff.block_recon -   Total loss:	359.824 (rec:3.080, round:356.744)	b=7.06	count=15500
08/12/2026 03:28:23 - INFO - qdiff.block_recon -   Total loss:	298.130 (rec:3.700, round:294.429)	b=6.50	count=16000
08/12/2026 03:28:33 - INFO - qdiff.block_recon -   Total loss:	232.404 (rec:2.444, round:229.960)	b=5.94	count=16500
08/12/2026 03:28:43 - INFO - qdiff.block_recon -   Total loss:	169.006 (rec:3.258, round:165.748)	b=5.38	count=17000
08/12/2026 03:28:53 - INFO - qdiff.block_recon -   Total loss:	107.927 (rec:2.706, round:105.221)	b=4.81	count=17500
08/12/2026 03:29:03 - INFO - qdiff.block_recon -   Total loss:	54.937 (rec:2.662, round:52.275)	b=4.25	count=18000
08/12/2026 03:29:13 - INFO - qdiff.block_recon -   Total loss:	19.645 (rec:2.670, round:16.975)	b=3.69	count=18500
08/12/2026 03:29:23 - INFO - qdiff.block_recon -   Total loss:	5.806 (rec:2.677, round:3.129)	b=3.12	count=19000
08/12/2026 03:29:33 - INFO - qdiff.block_recon -   Total loss:	3.610 (rec:3.277, round:0.333)	b=2.56	count=19500
08/12/2026 03:29:43 - INFO - qdiff.block_recon -   Total loss:	3.113 (rec:3.083, round:0.029)	b=2.00	count=20000
08/12/2026 03:29:43 - INFO - __main__ -   model.down.1.attn.1 True
08/12/2026 03:29:43 - INFO - __main__ -   Reconstruction for block model.down.1.attn.1
08/12/2026 03:30:42 - INFO - qdiff.utils -   in shape: torch.Size([4608, 256, 16, 16])
08/12/2026 03:30:42 - INFO - qdiff.utils -   out shape: torch.Size([4608, 256, 16, 16])
08/12/2026 03:30:50 - INFO - qdiff.block_recon -   Total loss:	6.083 (rec:6.083, round:0.000)	b=0.00	count=500
08/12/2026 03:30:58 - INFO - qdiff.block_recon -   Total loss:	5.106 (rec:5.106, round:0.000)	b=0.00	count=1000
08/12/2026 03:31:05 - INFO - qdiff.block_recon -   Total loss:	5.038 (rec:5.038, round:0.000)	b=0.00	count=1500
08/12/2026 03:31:13 - INFO - qdiff.block_recon -   Total loss:	4.780 (rec:4.780, round:0.000)	b=0.00	count=2000
08/12/2026 03:31:21 - INFO - qdiff.block_recon -   Total loss:	4.336 (rec:4.336, round:0.000)	b=0.00	count=2500
08/12/2026 03:31:29 - INFO - qdiff.block_recon -   Total loss:	4.831 (rec:4.831, round:0.000)	b=0.00	count=3000
08/12/2026 03:31:37 - INFO - qdiff.block_recon -   Total loss:	5.200 (rec:5.200, round:0.000)	b=0.00	count=3500
08/12/2026 03:31:45 - INFO - qdiff.block_recon -   Total loss:	2414.832 (rec:4.747, round:2410.085)	b=20.00	count=4000
08/12/2026 03:31:55 - INFO - qdiff.block_recon -   Total loss:	1493.519 (rec:5.569, round:1487.950)	b=19.44	count=4500
08/12/2026 03:32:05 - INFO - qdiff.block_recon -   Total loss:	1397.589 (rec:5.007, round:1392.582)	b=18.88	count=5000
08/12/2026 03:32:15 - INFO - qdiff.block_recon -   Total loss:	1338.309 (rec:4.317, round:1333.992)	b=18.31	count=5500
08/12/2026 03:32:25 - INFO - qdiff.block_recon -   Total loss:	1289.739 (rec:4.215, round:1285.523)	b=17.75	count=6000
08/12/2026 03:32:35 - INFO - qdiff.block_recon -   Total loss:	1246.773 (rec:4.650, round:1242.123)	b=17.19	count=6500
08/12/2026 03:32:45 - INFO - qdiff.block_recon -   Total loss:	1206.979 (rec:5.348, round:1201.631)	b=16.62	count=7000
08/12/2026 03:32:55 - INFO - qdiff.block_recon -   Total loss:	1167.799 (rec:5.367, round:1162.432)	b=16.06	count=7500
08/12/2026 03:33:05 - INFO - qdiff.block_recon -   Total loss:	1126.529 (rec:4.590, round:1121.940)	b=15.50	count=8000
08/12/2026 03:33:15 - INFO - qdiff.block_recon -   Total loss:	1087.433 (rec:4.038, round:1083.394)	b=14.94	count=8500
08/12/2026 03:33:25 - INFO - qdiff.block_recon -   Total loss:	1049.620 (rec:5.003, round:1044.617)	b=14.38	count=9000
08/12/2026 03:33:35 - INFO - qdiff.block_recon -   Total loss:	1009.035 (rec:4.605, round:1004.430)	b=13.81	count=9500
08/12/2026 03:33:45 - INFO - qdiff.block_recon -   Total loss:	969.151 (rec:4.998, round:964.153)	b=13.25	count=10000
08/12/2026 03:33:55 - INFO - qdiff.block_recon -   Total loss:	928.367 (rec:5.200, round:923.166)	b=12.69	count=10500
08/12/2026 03:34:05 - INFO - qdiff.block_recon -   Total loss:	884.391 (rec:3.293, round:881.098)	b=12.12	count=11000
08/12/2026 03:34:15 - INFO - qdiff.block_recon -   Total loss:	841.820 (rec:5.130, round:836.690)	b=11.56	count=11500
08/12/2026 03:34:25 - INFO - qdiff.block_recon -   Total loss:	794.824 (rec:4.302, round:790.522)	b=11.00	count=12000
08/12/2026 03:34:35 - INFO - qdiff.block_recon -   Total loss:	749.459 (rec:6.387, round:743.072)	b=10.44	count=12500
08/12/2026 03:34:46 - INFO - qdiff.block_recon -   Total loss:	699.833 (rec:5.962, round:693.871)	b=9.88	count=13000
08/12/2026 03:34:56 - INFO - qdiff.block_recon -   Total loss:	647.377 (rec:4.694, round:642.683)	b=9.31	count=13500
08/12/2026 03:35:06 - INFO - qdiff.block_recon -   Total loss:	594.712 (rec:4.753, round:589.959)	b=8.75	count=14000
08/12/2026 03:35:16 - INFO - qdiff.block_recon -   Total loss:	538.408 (rec:4.293, round:534.116)	b=8.19	count=14500
08/12/2026 03:35:26 - INFO - qdiff.block_recon -   Total loss:	480.642 (rec:5.146, round:475.496)	b=7.62	count=15000
08/12/2026 03:35:36 - INFO - qdiff.block_recon -   Total loss:	419.905 (rec:6.124, round:413.781)	b=7.06	count=15500
08/12/2026 03:35:46 - INFO - qdiff.block_recon -   Total loss:	352.871 (rec:4.098, round:348.772)	b=6.50	count=16000
08/12/2026 03:35:56 - INFO - qdiff.block_recon -   Total loss:	287.700 (rec:5.334, round:282.366)	b=5.94	count=16500
08/12/2026 03:36:06 - INFO - qdiff.block_recon -   Total loss:	220.442 (rec:5.693, round:214.749)	b=5.38	count=17000
08/12/2026 03:36:16 - INFO - qdiff.block_recon -   Total loss:	154.639 (rec:6.083, round:148.556)	b=4.81	count=17500
08/12/2026 03:36:26 - INFO - qdiff.block_recon -   Total loss:	91.231 (rec:5.096, round:86.135)	b=4.25	count=18000
08/12/2026 03:36:36 - INFO - qdiff.block_recon -   Total loss:	42.496 (rec:6.315, round:36.181)	b=3.69	count=18500
08/12/2026 03:36:46 - INFO - qdiff.block_recon -   Total loss:	15.342 (rec:6.637, round:8.705)	b=3.12	count=19000
08/12/2026 03:36:56 - INFO - qdiff.block_recon -   Total loss:	6.978 (rec:5.952, round:1.026)	b=2.56	count=19500
08/12/2026 03:37:06 - INFO - qdiff.block_recon -   Total loss:	4.622 (rec:4.565, round:0.057)	b=2.00	count=20000
08/12/2026 03:37:06 - INFO - __main__ -   model.down.1.downsample False
08/12/2026 03:37:06 - INFO - __main__ -   model.down.1.downsample.conv False
08/12/2026 03:37:06 - INFO - __main__ -   Reconstruction for layer model.down.1.downsample.conv
08/12/2026 03:38:06 - INFO - qdiff.utils -   in shape: torch.Size([4608, 256, 17, 17])
08/12/2026 03:38:06 - INFO - qdiff.utils -   out shape: torch.Size([4608, 256, 8, 8])
08/12/2026 03:38:10 - INFO - qdiff.layer_recon -   Total loss:	21.126 (rec:21.126, round:0.000)	b=0.00	count=500
08/12/2026 03:38:14 - INFO - qdiff.layer_recon -   Total loss:	20.613 (rec:20.613, round:0.000)	b=0.00	count=1000
08/12/2026 03:38:17 - INFO - qdiff.layer_recon -   Total loss:	23.722 (rec:23.722, round:0.000)	b=0.00	count=1500
08/12/2026 03:38:21 - INFO - qdiff.layer_recon -   Total loss:	23.133 (rec:23.133, round:0.000)	b=0.00	count=2000
08/12/2026 03:38:25 - INFO - qdiff.layer_recon -   Total loss:	17.001 (rec:17.001, round:0.000)	b=0.00	count=2500
08/12/2026 03:38:28 - INFO - qdiff.layer_recon -   Total loss:	17.474 (rec:17.474, round:0.000)	b=0.00	count=3000
08/12/2026 03:38:32 - INFO - qdiff.layer_recon -   Total loss:	14.077 (rec:14.077, round:0.000)	b=0.00	count=3500
08/12/2026 03:38:35 - INFO - qdiff.layer_recon -   Total loss:	5400.799 (rec:15.725, round:5385.074)	b=20.00	count=4000
08/12/2026 03:38:40 - INFO - qdiff.layer_recon -   Total loss:	3713.653 (rec:19.605, round:3694.047)	b=19.44	count=4500
08/12/2026 03:38:44 - INFO - qdiff.layer_recon -   Total loss:	3496.636 (rec:17.775, round:3478.861)	b=18.88	count=5000
08/12/2026 03:38:48 - INFO - qdiff.layer_recon -   Total loss:	3361.331 (rec:16.445, round:3344.885)	b=18.31	count=5500
08/12/2026 03:38:52 - INFO - qdiff.layer_recon -   Total loss:	3255.801 (rec:18.131, round:3237.670)	b=17.75	count=6000
08/12/2026 03:38:56 - INFO - qdiff.layer_recon -   Total loss:	3164.250 (rec:21.374, round:3142.876)	b=17.19	count=6500
08/12/2026 03:39:00 - INFO - qdiff.layer_recon -   Total loss:	3081.241 (rec:26.884, round:3054.356)	b=16.62	count=7000
08/12/2026 03:39:05 - INFO - qdiff.layer_recon -   Total loss:	2988.258 (rec:20.043, round:2968.215)	b=16.06	count=7500
08/12/2026 03:39:09 - INFO - qdiff.layer_recon -   Total loss:	2900.091 (rec:14.288, round:2885.802)	b=15.50	count=8000
08/12/2026 03:39:13 - INFO - qdiff.layer_recon -   Total loss:	2823.788 (rec:20.203, round:2803.585)	b=14.94	count=8500
08/12/2026 03:39:17 - INFO - qdiff.layer_recon -   Total loss:	2740.596 (rec:17.688, round:2722.909)	b=14.38	count=9000
08/12/2026 03:39:21 - INFO - qdiff.layer_recon -   Total loss:	2662.425 (rec:22.445, round:2639.980)	b=13.81	count=9500
08/12/2026 03:39:26 - INFO - qdiff.layer_recon -   Total loss:	2576.233 (rec:20.087, round:2556.146)	b=13.25	count=10000
08/12/2026 03:39:30 - INFO - qdiff.layer_recon -   Total loss:	2489.499 (rec:19.716, round:2469.783)	b=12.69	count=10500
08/12/2026 03:39:34 - INFO - qdiff.layer_recon -   Total loss:	2396.002 (rec:16.005, round:2379.997)	b=12.12	count=11000
08/12/2026 03:39:38 - INFO - qdiff.layer_recon -   Total loss:	2305.288 (rec:18.663, round:2286.625)	b=11.56	count=11500
08/12/2026 03:39:42 - INFO - qdiff.layer_recon -   Total loss:	2206.182 (rec:15.744, round:2190.438)	b=11.00	count=12000
08/12/2026 03:39:47 - INFO - qdiff.layer_recon -   Total loss:	2108.135 (rec:18.100, round:2090.034)	b=10.44	count=12500
08/12/2026 03:39:51 - INFO - qdiff.layer_recon -   Total loss:	2003.170 (rec:19.857, round:1983.313)	b=9.88	count=13000
08/12/2026 03:39:55 - INFO - qdiff.layer_recon -   Total loss:	1894.994 (rec:21.565, round:1873.429)	b=9.31	count=13500
08/12/2026 03:39:59 - INFO - qdiff.layer_recon -   Total loss:	1775.377 (rec:18.111, round:1757.266)	b=8.75	count=14000
08/12/2026 03:40:03 - INFO - qdiff.layer_recon -   Total loss:	1652.852 (rec:19.621, round:1633.231)	b=8.19	count=14500
08/12/2026 03:40:07 - INFO - qdiff.layer_recon -   Total loss:	1515.538 (rec:14.575, round:1500.962)	b=7.62	count=15000
08/12/2026 03:40:12 - INFO - qdiff.layer_recon -   Total loss:	1378.397 (rec:19.814, round:1358.583)	b=7.06	count=15500
08/12/2026 03:40:16 - INFO - qdiff.layer_recon -   Total loss:	1222.398 (rec:16.475, round:1205.923)	b=6.50	count=16000
08/12/2026 03:40:20 - INFO - qdiff.layer_recon -   Total loss:	1059.230 (rec:17.666, round:1041.563)	b=5.94	count=16500
08/12/2026 03:40:24 - INFO - qdiff.layer_recon -   Total loss:	881.906 (rec:14.353, round:867.553)	b=5.38	count=17000
08/12/2026 03:40:29 - INFO - qdiff.layer_recon -   Total loss:	703.174 (rec:22.973, round:680.202)	b=4.81	count=17500
08/12/2026 03:40:33 - INFO - qdiff.layer_recon -   Total loss:	501.818 (rec:17.104, round:484.714)	b=4.25	count=18000
08/12/2026 03:40:37 - INFO - qdiff.layer_recon -   Total loss:	315.983 (rec:22.524, round:293.458)	b=3.69	count=18500
08/12/2026 03:40:41 - INFO - qdiff.layer_recon -   Total loss:	154.497 (rec:22.519, round:131.979)	b=3.12	count=19000
08/12/2026 03:40:45 - INFO - qdiff.layer_recon -   Total loss:	57.576 (rec:22.840, round:34.735)	b=2.56	count=19500
08/12/2026 03:40:49 - INFO - qdiff.layer_recon -   Total loss:	28.364 (rec:24.148, round:4.217)	b=2.00	count=20000
08/12/2026 03:40:49 - INFO - __main__ -   model.down.2 False
08/12/2026 03:40:49 - INFO - __main__ -   model.down.2.block False
08/12/2026 03:40:49 - INFO - __main__ -   model.down.2.block.0 True
08/12/2026 03:40:49 - INFO - __main__ -   Reconstruction for block model.down.2.block.0
08/12/2026 03:41:54 - INFO - qdiff.utils -   in 1 shape: torch.Size([4608, 256, 8, 8]), in 2 shape: torch.Size([4608, 512])
08/12/2026 03:41:54 - INFO - qdiff.utils -   out shape: torch.Size([4608, 256, 8, 8])
08/12/2026 03:42:00 - INFO - qdiff.block_recon -   Total loss:	66.666 (rec:66.666, round:0.000)	b=0.00	count=500
08/12/2026 03:42:06 - INFO - qdiff.block_recon -   Total loss:	63.691 (rec:63.691, round:0.000)	b=0.00	count=1000
08/12/2026 03:42:11 - INFO - qdiff.block_recon -   Total loss:	70.595 (rec:70.595, round:0.000)	b=0.00	count=1500
08/12/2026 03:42:17 - INFO - qdiff.block_recon -   Total loss:	68.706 (rec:68.706, round:0.000)	b=0.00	count=2000
08/12/2026 03:42:23 - INFO - qdiff.block_recon -   Total loss:	67.374 (rec:67.374, round:0.000)	b=0.00	count=2500
08/12/2026 03:42:29 - INFO - qdiff.block_recon -   Total loss:	57.474 (rec:57.474, round:0.000)	b=0.00	count=3000
08/12/2026 03:42:35 - INFO - qdiff.block_recon -   Total loss:	73.566 (rec:73.566, round:0.000)	b=0.00	count=3500
08/12/2026 03:42:40 - INFO - qdiff.block_recon -   Total loss:	12037.832 (rec:68.631, round:11969.201)	b=20.00	count=4000
08/12/2026 03:42:48 - INFO - qdiff.block_recon -   Total loss:	7987.805 (rec:59.653, round:7928.151)	b=19.44	count=4500
08/12/2026 03:42:56 - INFO - qdiff.block_recon -   Total loss:	7503.413 (rec:64.848, round:7438.565)	b=18.88	count=5000
08/12/2026 03:43:03 - INFO - qdiff.block_recon -   Total loss:	7198.242 (rec:68.243, round:7129.999)	b=18.31	count=5500
08/12/2026 03:43:11 - INFO - qdiff.block_recon -   Total loss:	6945.039 (rec:66.023, round:6879.017)	b=17.75	count=6000
08/12/2026 03:43:18 - INFO - qdiff.block_recon -   Total loss:	6717.679 (rec:66.167, round:6651.512)	b=17.19	count=6500
08/12/2026 03:43:26 - INFO - qdiff.block_recon -   Total loss:	6508.545 (rec:68.934, round:6439.611)	b=16.62	count=7000
08/12/2026 03:43:34 - INFO - qdiff.block_recon -   Total loss:	6294.953 (rec:61.643, round:6233.310)	b=16.06	count=7500
08/12/2026 03:43:41 - INFO - qdiff.block_recon -   Total loss:	6094.981 (rec:62.369, round:6032.613)	b=15.50	count=8000
08/12/2026 03:43:49 - INFO - qdiff.block_recon -   Total loss:	5900.517 (rec:65.347, round:5835.169)	b=14.94	count=8500
08/12/2026 03:43:56 - INFO - qdiff.block_recon -   Total loss:	5698.081 (rec:59.246, round:5638.835)	b=14.38	count=9000
08/12/2026 03:44:04 - INFO - qdiff.block_recon -   Total loss:	5498.030 (rec:59.217, round:5438.813)	b=13.81	count=9500
08/12/2026 03:44:12 - INFO - qdiff.block_recon -   Total loss:	5308.846 (rec:67.203, round:5241.643)	b=13.25	count=10000
08/12/2026 03:44:19 - INFO - qdiff.block_recon -   Total loss:	5095.270 (rec:53.768, round:5041.502)	b=12.69	count=10500
08/12/2026 03:44:27 - INFO - qdiff.block_recon -   Total loss:	4900.400 (rec:59.956, round:4840.443)	b=12.12	count=11000
08/12/2026 03:44:35 - INFO - qdiff.block_recon -   Total loss:	4707.696 (rec:76.120, round:4631.576)	b=11.56	count=11500
08/12/2026 03:44:42 - INFO - qdiff.block_recon -   Total loss:	4482.633 (rec:63.893, round:4418.740)	b=11.00	count=12000
08/12/2026 03:44:50 - INFO - qdiff.block_recon -   Total loss:	4261.315 (rec:61.598, round:4199.717)	b=10.44	count=12500
08/12/2026 03:44:57 - INFO - qdiff.block_recon -   Total loss:	4045.070 (rec:69.686, round:3975.384)	b=9.88	count=13000
08/12/2026 03:45:05 - INFO - qdiff.block_recon -   Total loss:	3799.358 (rec:54.412, round:3744.946)	b=9.31	count=13500
08/12/2026 03:45:13 - INFO - qdiff.block_recon -   Total loss:	3571.309 (rec:67.468, round:3503.842)	b=8.75	count=14000
08/12/2026 03:45:20 - INFO - qdiff.block_recon -   Total loss:	3313.422 (rec:60.320, round:3253.102)	b=8.19	count=14500
08/12/2026 03:45:28 - INFO - qdiff.block_recon -   Total loss:	3054.862 (rec:64.923, round:2989.939)	b=7.62	count=15000
08/12/2026 03:45:35 - INFO - qdiff.block_recon -   Total loss:	2781.759 (rec:69.484, round:2712.275)	b=7.06	count=15500
08/12/2026 03:45:43 - INFO - qdiff.block_recon -   Total loss:	2495.101 (rec:74.387, round:2420.713)	b=6.50	count=16000
08/12/2026 03:45:51 - INFO - qdiff.block_recon -   Total loss:	2179.608 (rec:65.016, round:2114.592)	b=5.94	count=16500
08/12/2026 03:45:58 - INFO - qdiff.block_recon -   Total loss:	1859.752 (rec:68.227, round:1791.525)	b=5.38	count=17000
08/12/2026 03:46:06 - INFO - qdiff.block_recon -   Total loss:	1526.540 (rec:73.833, round:1452.707)	b=4.81	count=17500
08/12/2026 03:46:13 - INFO - qdiff.block_recon -   Total loss:	1171.852 (rec:68.305, round:1103.547)	b=4.25	count=18000
08/12/2026 03:46:21 - INFO - qdiff.block_recon -   Total loss:	813.767 (rec:66.890, round:746.877)	b=3.69	count=18500
08/12/2026 03:46:29 - INFO - qdiff.block_recon -   Total loss:	477.939 (rec:72.830, round:405.109)	b=3.12	count=19000
08/12/2026 03:46:36 - INFO - qdiff.block_recon -   Total loss:	198.708 (rec:64.556, round:134.152)	b=2.56	count=19500
08/12/2026 03:46:44 - INFO - qdiff.block_recon -   Total loss:	100.078 (rec:80.237, round:19.841)	b=2.00	count=20000
08/12/2026 03:46:44 - INFO - __main__ -   model.down.2.block.1 True
08/12/2026 03:46:44 - INFO - __main__ -   Reconstruction for block model.down.2.block.1
08/12/2026 03:47:53 - INFO - qdiff.utils -   in 1 shape: torch.Size([4608, 256, 8, 8]), in 2 shape: torch.Size([4608, 512])
08/12/2026 03:47:53 - INFO - qdiff.utils -   out shape: torch.Size([4608, 256, 8, 8])
08/12/2026 03:47:59 - INFO - qdiff.block_recon -   Total loss:	57.018 (rec:57.018, round:0.000)	b=0.00	count=500
08/12/2026 03:48:05 - INFO - qdiff.block_recon -   Total loss:	66.836 (rec:66.836, round:0.000)	b=0.00	count=1000
08/12/2026 03:48:10 - INFO - qdiff.block_recon -   Total loss:	72.612 (rec:72.612, round:0.000)	b=0.00	count=1500
08/12/2026 03:48:16 - INFO - qdiff.block_recon -   Total loss:	72.018 (rec:72.018, round:0.000)	b=0.00	count=2000
08/12/2026 03:48:22 - INFO - qdiff.block_recon -   Total loss:	61.303 (rec:61.303, round:0.000)	b=0.00	count=2500
08/12/2026 03:48:28 - INFO - qdiff.block_recon -   Total loss:	62.928 (rec:62.928, round:0.000)	b=0.00	count=3000
08/12/2026 03:48:34 - INFO - qdiff.block_recon -   Total loss:	56.306 (rec:56.306, round:0.000)	b=0.00	count=3500
08/12/2026 03:48:40 - INFO - qdiff.block_recon -   Total loss:	12061.835 (rec:68.108, round:11993.727)	b=20.00	count=4000
08/12/2026 03:48:47 - INFO - qdiff.block_recon -   Total loss:	7944.852 (rec:55.587, round:7889.265)	b=19.44	count=4500
08/12/2026 03:48:55 - INFO - qdiff.block_recon -   Total loss:	7475.100 (rec:72.567, round:7402.533)	b=18.88	count=5000
08/12/2026 03:49:02 - INFO - qdiff.block_recon -   Total loss:	7161.900 (rec:64.627, round:7097.272)	b=18.31	count=5500
08/12/2026 03:49:10 - INFO - qdiff.block_recon -   Total loss:	6915.116 (rec:67.514, round:6847.602)	b=17.75	count=6000
08/12/2026 03:49:17 - INFO - qdiff.block_recon -   Total loss:	6686.818 (rec:65.210, round:6621.608)	b=17.19	count=6500
08/12/2026 03:49:25 - INFO - qdiff.block_recon -   Total loss:	6470.045 (rec:63.259, round:6406.787)	b=16.62	count=7000
08/12/2026 03:49:33 - INFO - qdiff.block_recon -   Total loss:	6268.208 (rec:68.204, round:6200.004)	b=16.06	count=7500
08/12/2026 03:49:40 - INFO - qdiff.block_recon -   Total loss:	6063.949 (rec:62.325, round:6001.625)	b=15.50	count=8000
08/12/2026 03:49:48 - INFO - qdiff.block_recon -   Total loss:	5857.288 (rec:55.087, round:5802.200)	b=14.94	count=8500
08/12/2026 03:49:55 - INFO - qdiff.block_recon -   Total loss:	5665.015 (rec:61.405, round:5603.610)	b=14.38	count=9000
08/12/2026 03:50:03 - INFO - qdiff.block_recon -   Total loss:	5456.617 (rec:53.898, round:5402.719)	b=13.81	count=9500
08/12/2026 03:50:10 - INFO - qdiff.block_recon -   Total loss:	5258.253 (rec:55.758, round:5202.495)	b=13.25	count=10000
08/12/2026 03:50:18 - INFO - qdiff.block_recon -   Total loss:	5060.257 (rec:59.756, round:5000.501)	b=12.69	count=10500
08/12/2026 03:50:26 - INFO - qdiff.block_recon -   Total loss:	4852.979 (rec:57.378, round:4795.601)	b=12.12	count=11000
08/12/2026 03:50:33 - INFO - qdiff.block_recon -   Total loss:	4644.071 (rec:58.730, round:4585.341)	b=11.56	count=11500
08/12/2026 03:50:41 - INFO - qdiff.block_recon -   Total loss:	4436.320 (rec:67.457, round:4368.862)	b=11.00	count=12000
08/12/2026 03:50:48 - INFO - qdiff.block_recon -   Total loss:	4201.312 (rec:54.096, round:4147.217)	b=10.44	count=12500
08/12/2026 03:50:56 - INFO - qdiff.block_recon -   Total loss:	3987.961 (rec:69.316, round:3918.645)	b=9.88	count=13000
08/12/2026 03:51:03 - INFO - qdiff.block_recon -   Total loss:	3737.892 (rec:56.445, round:3681.448)	b=9.31	count=13500
08/12/2026 03:51:11 - INFO - qdiff.block_recon -   Total loss:	3506.348 (rec:70.560, round:3435.788)	b=8.75	count=14000
08/12/2026 03:51:19 - INFO - qdiff.block_recon -   Total loss:	3248.061 (rec:65.809, round:3182.251)	b=8.19	count=14500
08/12/2026 03:51:26 - INFO - qdiff.block_recon -   Total loss:	2980.984 (rec:66.262, round:2914.722)	b=7.62	count=15000
08/12/2026 03:51:34 - INFO - qdiff.block_recon -   Total loss:	2698.953 (rec:64.263, round:2634.690)	b=7.06	count=15500
08/12/2026 03:51:42 - INFO - qdiff.block_recon -   Total loss:	2404.326 (rec:60.278, round:2344.048)	b=6.50	count=16000
08/12/2026 03:51:49 - INFO - qdiff.block_recon -   Total loss:	2105.865 (rec:68.478, round:2037.387)	b=5.94	count=16500
08/12/2026 03:51:57 - INFO - qdiff.block_recon -   Total loss:	1792.580 (rec:75.411, round:1717.169)	b=5.38	count=17000
08/12/2026 03:52:04 - INFO - qdiff.block_recon -   Total loss:	1442.791 (rec:55.023, round:1387.768)	b=4.81	count=17500
08/12/2026 03:52:12 - INFO - qdiff.block_recon -   Total loss:	1105.154 (rec:59.509, round:1045.645)	b=4.25	count=18000
08/12/2026 03:52:19 - INFO - qdiff.block_recon -   Total loss:	764.320 (rec:59.240, round:705.080)	b=3.69	count=18500
08/12/2026 03:52:27 - INFO - qdiff.block_recon -   Total loss:	441.437 (rec:63.284, round:378.154)	b=3.12	count=19000
08/12/2026 03:52:35 - INFO - qdiff.block_recon -   Total loss:	190.662 (rec:65.561, round:125.101)	b=2.56	count=19500
08/12/2026 03:52:42 - INFO - qdiff.block_recon -   Total loss:	83.511 (rec:65.285, round:18.226)	b=2.00	count=20000
08/12/2026 03:52:42 - INFO - __main__ -   model.down.2.attn False
08/12/2026 03:52:42 - INFO - __main__ -   model.down.2.downsample False
08/12/2026 03:52:42 - INFO - __main__ -   model.down.2.downsample.conv False
08/12/2026 03:52:42 - INFO - __main__ -   Reconstruction for layer model.down.2.downsample.conv
08/12/2026 03:53:51 - INFO - qdiff.utils -   in shape: torch.Size([4608, 256, 9, 9])
08/12/2026 03:53:51 - INFO - qdiff.utils -   out shape: torch.Size([4608, 256, 4, 4])
08/12/2026 03:53:54 - INFO - qdiff.layer_recon -   Total loss:	230.851 (rec:230.851, round:0.000)	b=0.00	count=500
08/12/2026 03:53:56 - INFO - qdiff.layer_recon -   Total loss:	181.746 (rec:181.746, round:0.000)	b=0.00	count=1000
08/12/2026 03:53:59 - INFO - qdiff.layer_recon -   Total loss:	281.980 (rec:281.980, round:0.000)	b=0.00	count=1500
08/12/2026 03:54:01 - INFO - qdiff.layer_recon -   Total loss:	210.991 (rec:210.991, round:0.000)	b=0.00	count=2000
08/12/2026 03:54:04 - INFO - qdiff.layer_recon -   Total loss:	247.085 (rec:247.085, round:0.000)	b=0.00	count=2500
08/12/2026 03:54:07 - INFO - qdiff.layer_recon -   Total loss:	226.741 (rec:226.741, round:0.000)	b=0.00	count=3000
08/12/2026 03:54:09 - INFO - qdiff.layer_recon -   Total loss:	265.674 (rec:265.674, round:0.000)	b=0.00	count=3500
08/12/2026 03:54:12 - INFO - qdiff.layer_recon -   Total loss:	5683.555 (rec:222.753, round:5460.802)	b=20.00	count=4000
08/12/2026 03:54:15 - INFO - qdiff.layer_recon -   Total loss:	4634.490 (rec:196.689, round:4437.801)	b=19.44	count=4500
08/12/2026 03:54:18 - INFO - qdiff.layer_recon -   Total loss:	4422.546 (rec:206.145, round:4216.401)	b=18.88	count=5000
08/12/2026 03:54:22 - INFO - qdiff.layer_recon -   Total loss:	4325.021 (rec:241.177, round:4083.844)	b=18.31	count=5500
08/12/2026 03:54:25 - INFO - qdiff.layer_recon -   Total loss:	4191.397 (rec:209.236, round:3982.162)	b=17.75	count=6000
08/12/2026 03:54:28 - INFO - qdiff.layer_recon -   Total loss:	4148.678 (rec:251.693, round:3896.985)	b=17.19	count=6500
08/12/2026 03:54:31 - INFO - qdiff.layer_recon -   Total loss:	4040.999 (rec:220.973, round:3820.026)	b=16.62	count=7000
08/12/2026 03:54:35 - INFO - qdiff.layer_recon -   Total loss:	4003.304 (rec:254.749, round:3748.554)	b=16.06	count=7500
08/12/2026 03:54:38 - INFO - qdiff.layer_recon -   Total loss:	3854.829 (rec:173.599, round:3681.230)	b=15.50	count=8000
08/12/2026 03:54:41 - INFO - qdiff.layer_recon -   Total loss:	3816.980 (rec:203.501, round:3613.479)	b=14.94	count=8500
08/12/2026 03:54:45 - INFO - qdiff.layer_recon -   Total loss:	3742.763 (rec:196.378, round:3546.385)	b=14.38	count=9000
08/12/2026 03:54:48 - INFO - qdiff.layer_recon -   Total loss:	3711.071 (rec:230.836, round:3480.234)	b=13.81	count=9500
08/12/2026 03:54:51 - INFO - qdiff.layer_recon -   Total loss:	3623.168 (rec:209.705, round:3413.463)	b=13.25	count=10000
08/12/2026 03:54:54 - INFO - qdiff.layer_recon -   Total loss:	3587.003 (rec:241.402, round:3345.601)	b=12.69	count=10500
08/12/2026 03:54:58 - INFO - qdiff.layer_recon -   Total loss:	3512.896 (rec:235.974, round:3276.922)	b=12.12	count=11000
08/12/2026 03:55:01 - INFO - qdiff.layer_recon -   Total loss:	3449.185 (rec:241.014, round:3208.171)	b=11.56	count=11500
08/12/2026 03:55:04 - INFO - qdiff.layer_recon -   Total loss:	3356.752 (rec:222.408, round:3134.344)	b=11.00	count=12000
08/12/2026 03:55:08 - INFO - qdiff.layer_recon -   Total loss:	3283.356 (rec:224.948, round:3058.409)	b=10.44	count=12500
08/12/2026 03:55:11 - INFO - qdiff.layer_recon -   Total loss:	3190.240 (rec:210.131, round:2980.110)	b=9.88	count=13000
08/12/2026 03:55:14 - INFO - qdiff.layer_recon -   Total loss:	3086.545 (rec:189.675, round:2896.870)	b=9.31	count=13500
08/12/2026 03:55:18 - INFO - qdiff.layer_recon -   Total loss:	3038.735 (rec:230.595, round:2808.140)	b=8.75	count=14000
08/12/2026 03:55:21 - INFO - qdiff.layer_recon -   Total loss:	2918.096 (rec:204.784, round:2713.312)	b=8.19	count=14500
08/12/2026 03:55:24 - INFO - qdiff.layer_recon -   Total loss:	2877.640 (rec:264.818, round:2612.822)	b=7.62	count=15000
08/12/2026 03:55:27 - INFO - qdiff.layer_recon -   Total loss:	2734.089 (rec:229.973, round:2504.116)	b=7.06	count=15500
08/12/2026 03:55:31 - INFO - qdiff.layer_recon -   Total loss:	2635.941 (rec:251.422, round:2384.520)	b=6.50	count=16000
08/12/2026 03:55:34 - INFO - qdiff.layer_recon -   Total loss:	2508.230 (rec:252.692, round:2255.539)	b=5.94	count=16500
08/12/2026 03:55:37 - INFO - qdiff.layer_recon -   Total loss:	2305.781 (rec:194.694, round:2111.087)	b=5.38	count=17000
08/12/2026 03:55:41 - INFO - qdiff.layer_recon -   Total loss:	2217.702 (rec:267.344, round:1950.358)	b=4.81	count=17500
08/12/2026 03:55:44 - INFO - qdiff.layer_recon -   Total loss:	2015.881 (rec:243.475, round:1772.406)	b=4.25	count=18000
08/12/2026 03:55:47 - INFO - qdiff.layer_recon -   Total loss:	1841.947 (rec:272.844, round:1569.102)	b=3.69	count=18500
08/12/2026 03:55:51 - INFO - qdiff.layer_recon -   Total loss:	1589.471 (rec:255.643, round:1333.828)	b=3.12	count=19000
08/12/2026 03:55:54 - INFO - qdiff.layer_recon -   Total loss:	1344.869 (rec:284.407, round:1060.462)	b=2.56	count=19500
08/12/2026 03:55:57 - INFO - qdiff.layer_recon -   Total loss:	1035.448 (rec:295.100, round:740.347)	b=2.00	count=20000
08/12/2026 03:55:57 - INFO - __main__ -   model.down.3 False
08/12/2026 03:55:57 - INFO - __main__ -   model.down.3.block False
08/12/2026 03:55:57 - INFO - __main__ -   model.down.3.block.0 True
08/12/2026 03:55:57 - INFO - __main__ -   Reconstruction for block model.down.3.block.0
08/12/2026 03:57:11 - INFO - qdiff.utils -   in 1 shape: torch.Size([4608, 256, 4, 4]), in 2 shape: torch.Size([4608, 512])
08/12/2026 03:57:11 - INFO - qdiff.utils -   out shape: torch.Size([4608, 256, 4, 4])
08/12/2026 03:57:16 - INFO - qdiff.block_recon -   Total loss:	747.842 (rec:747.842, round:0.000)	b=0.00	count=500
08/12/2026 03:57:21 - INFO - qdiff.block_recon -   Total loss:	722.161 (rec:722.161, round:0.000)	b=0.00	count=1000
08/12/2026 03:57:27 - INFO - qdiff.block_recon -   Total loss:	695.867 (rec:695.867, round:0.000)	b=0.00	count=1500
08/12/2026 03:57:32 - INFO - qdiff.block_recon -   Total loss:	650.381 (rec:650.381, round:0.000)	b=0.00	count=2000
08/12/2026 03:57:37 - INFO - qdiff.block_recon -   Total loss:	614.297 (rec:614.297, round:0.000)	b=0.00	count=2500
08/12/2026 03:57:43 - INFO - qdiff.block_recon -   Total loss:	651.486 (rec:651.486, round:0.000)	b=0.00	count=3000
08/12/2026 03:57:48 - INFO - qdiff.block_recon -   Total loss:	669.176 (rec:669.176, round:0.000)	b=0.00	count=3500
08/12/2026 03:57:53 - INFO - qdiff.block_recon -   Total loss:	12752.229 (rec:645.388, round:12106.840)	b=20.00	count=4000
08/12/2026 03:58:00 - INFO - qdiff.block_recon -   Total loss:	10074.417 (rec:635.078, round:9439.339)	b=19.44	count=4500
08/12/2026 03:58:07 - INFO - qdiff.block_recon -   Total loss:	9575.916 (rec:642.534, round:8933.382)	b=18.88	count=5000
08/12/2026 03:58:15 - INFO - qdiff.block_recon -   Total loss:	9233.383 (rec:610.260, round:8623.123)	b=18.31	count=5500
08/12/2026 03:58:22 - INFO - qdiff.block_recon -   Total loss:	9035.550 (rec:657.511, round:8378.039)	b=17.75	count=6000
08/12/2026 03:58:29 - INFO - qdiff.block_recon -   Total loss:	8704.456 (rec:536.139, round:8168.317)	b=17.19	count=6500
08/12/2026 03:58:37 - INFO - qdiff.block_recon -   Total loss:	8616.480 (rec:644.180, round:7972.301)	b=16.62	count=7000
08/12/2026 03:58:44 - INFO - qdiff.block_recon -   Total loss:	8390.740 (rec:602.420, round:7788.321)	b=16.06	count=7500
08/12/2026 03:58:51 - INFO - qdiff.block_recon -   Total loss:	8268.413 (rec:659.707, round:7608.707)	b=15.50	count=8000
08/12/2026 03:58:59 - INFO - qdiff.block_recon -   Total loss:	7964.682 (rec:532.804, round:7431.878)	b=14.94	count=8500
08/12/2026 03:59:06 - INFO - qdiff.block_recon -   Total loss:	7872.143 (rec:614.529, round:7257.614)	b=14.38	count=9000
08/12/2026 03:59:13 - INFO - qdiff.block_recon -   Total loss:	7679.750 (rec:594.595, round:7085.155)	b=13.81	count=9500
08/12/2026 03:59:20 - INFO - qdiff.block_recon -   Total loss:	7495.595 (rec:585.592, round:6910.003)	b=13.25	count=10000
08/12/2026 03:59:28 - INFO - qdiff.block_recon -   Total loss:	7333.650 (rec:601.091, round:6732.560)	b=12.69	count=10500
08/12/2026 03:59:35 - INFO - qdiff.block_recon -   Total loss:	7173.955 (rec:620.304, round:6553.651)	b=12.12	count=11000
08/12/2026 03:59:42 - INFO - qdiff.block_recon -   Total loss:	7019.925 (rec:648.248, round:6371.677)	b=11.56	count=11500
08/12/2026 03:59:50 - INFO - qdiff.block_recon -   Total loss:	6847.759 (rec:662.968, round:6184.791)	b=11.00	count=12000
08/12/2026 03:59:57 - INFO - qdiff.block_recon -   Total loss:	6651.529 (rec:658.355, round:5993.174)	b=10.44	count=12500
08/12/2026 04:00:04 - INFO - qdiff.block_recon -   Total loss:	6455.994 (rec:661.694, round:5794.299)	b=9.88	count=13000
08/12/2026 04:00:11 - INFO - qdiff.block_recon -   Total loss:	6195.064 (rec:606.174, round:5588.890)	b=9.31	count=13500
08/12/2026 04:00:19 - INFO - qdiff.block_recon -   Total loss:	6021.043 (rec:648.079, round:5372.964)	b=8.75	count=14000
08/12/2026 04:00:26 - INFO - qdiff.block_recon -   Total loss:	5747.120 (rec:601.983, round:5145.137)	b=8.19	count=14500
08/12/2026 04:00:33 - INFO - qdiff.block_recon -   Total loss:	5477.685 (rec:573.111, round:4904.573)	b=7.62	count=15000
08/12/2026 04:00:41 - INFO - qdiff.block_recon -   Total loss:	5309.452 (rec:657.873, round:4651.578)	b=7.06	count=15500
08/12/2026 04:00:48 - INFO - qdiff.block_recon -   Total loss:	5048.841 (rec:670.470, round:4378.371)	b=6.50	count=16000
08/12/2026 04:00:55 - INFO - qdiff.block_recon -   Total loss:	4724.792 (rec:639.905, round:4084.887)	b=5.94	count=16500
08/12/2026 04:01:03 - INFO - qdiff.block_recon -   Total loss:	4348.667 (rec:581.906, round:3766.762)	b=5.38	count=17000
08/12/2026 04:01:10 - INFO - qdiff.block_recon -   Total loss:	3994.638 (rec:573.846, round:3420.792)	b=4.81	count=17500
08/12/2026 04:01:18 - INFO - qdiff.block_recon -   Total loss:	3674.170 (rec:633.200, round:3040.970)	b=4.25	count=18000
08/12/2026 04:01:25 - INFO - qdiff.block_recon -   Total loss:	3198.425 (rec:577.721, round:2620.705)	b=3.69	count=18500
08/12/2026 04:01:32 - INFO - qdiff.block_recon -   Total loss:	2756.389 (rec:600.673, round:2155.717)	b=3.12	count=19000
08/12/2026 04:01:40 - INFO - qdiff.block_recon -   Total loss:	2325.452 (rec:689.008, round:1636.444)	b=2.56	count=19500
08/12/2026 04:01:47 - INFO - qdiff.block_recon -   Total loss:	1673.022 (rec:617.319, round:1055.703)	b=2.00	count=20000
08/12/2026 04:01:47 - INFO - __main__ -   model.down.3.block.1 True
08/12/2026 04:01:47 - INFO - __main__ -   Reconstruction for block model.down.3.block.1
08/12/2026 04:03:04 - INFO - qdiff.utils -   in 1 shape: torch.Size([4608, 256, 4, 4]), in 2 shape: torch.Size([4608, 512])
08/12/2026 04:03:04 - INFO - qdiff.utils -   out shape: torch.Size([4608, 256, 4, 4])
08/12/2026 04:03:10 - INFO - qdiff.block_recon -   Total loss:	707.071 (rec:707.071, round:0.000)	b=0.00	count=500
08/12/2026 04:03:15 - INFO - qdiff.block_recon -   Total loss:	658.621 (rec:658.621, round:0.000)	b=0.00	count=1000
08/12/2026 04:03:20 - INFO - qdiff.block_recon -   Total loss:	653.209 (rec:653.209, round:0.000)	b=0.00	count=1500
08/12/2026 04:03:25 - INFO - qdiff.block_recon -   Total loss:	709.825 (rec:709.825, round:0.000)	b=0.00	count=2000
08/12/2026 04:03:30 - INFO - qdiff.block_recon -   Total loss:	688.007 (rec:688.007, round:0.000)	b=0.00	count=2500
08/12/2026 04:03:36 - INFO - qdiff.block_recon -   Total loss:	653.721 (rec:653.721, round:0.000)	b=0.00	count=3000
08/12/2026 04:03:41 - INFO - qdiff.block_recon -   Total loss:	663.326 (rec:663.326, round:0.000)	b=0.00	count=3500
08/12/2026 04:03:46 - INFO - qdiff.block_recon -   Total loss:	12775.301 (rec:636.306, round:12138.995)	b=20.00	count=4000
08/12/2026 04:03:53 - INFO - qdiff.block_recon -   Total loss:	10193.579 (rec:718.385, round:9475.194)	b=19.44	count=4500
08/12/2026 04:04:01 - INFO - qdiff.block_recon -   Total loss:	9586.772 (rec:620.759, round:8966.014)	b=18.88	count=5000
08/12/2026 04:04:08 - INFO - qdiff.block_recon -   Total loss:	9309.942 (rec:653.626, round:8656.316)	b=18.31	count=5500
08/12/2026 04:04:15 - INFO - qdiff.block_recon -   Total loss:	9082.015 (rec:665.349, round:8416.666)	b=17.75	count=6000
08/12/2026 04:04:22 - INFO - qdiff.block_recon -   Total loss:	8847.038 (rec:641.758, round:8205.280)	b=17.19	count=6500
08/12/2026 04:04:30 - INFO - qdiff.block_recon -   Total loss:	8627.680 (rec:618.185, round:8009.494)	b=16.62	count=7000
08/12/2026 04:04:37 - INFO - qdiff.block_recon -   Total loss:	8460.184 (rec:634.523, round:7825.661)	b=16.06	count=7500
08/12/2026 04:04:44 - INFO - qdiff.block_recon -   Total loss:	8327.144 (rec:679.188, round:7647.956)	b=15.50	count=8000
08/12/2026 04:04:51 - INFO - qdiff.block_recon -   Total loss:	8150.212 (rec:679.386, round:7470.827)	b=14.94	count=8500
08/12/2026 04:04:59 - INFO - qdiff.block_recon -   Total loss:	7981.117 (rec:686.898, round:7294.219)	b=14.38	count=9000
08/12/2026 04:05:06 - INFO - qdiff.block_recon -   Total loss:	7719.233 (rec:599.377, round:7119.855)	b=13.81	count=9500
08/12/2026 04:05:13 - INFO - qdiff.block_recon -   Total loss:	7623.158 (rec:675.590, round:6947.568)	b=13.25	count=10000
08/12/2026 04:05:20 - INFO - qdiff.block_recon -   Total loss:	7470.032 (rec:699.280, round:6770.752)	b=12.69	count=10500
08/12/2026 04:05:28 - INFO - qdiff.block_recon -   Total loss:	7306.404 (rec:713.020, round:6593.385)	b=12.12	count=11000
08/12/2026 04:05:35 - INFO - qdiff.block_recon -   Total loss:	7089.050 (rec:677.471, round:6411.579)	b=11.56	count=11500
08/12/2026 04:05:42 - INFO - qdiff.block_recon -   Total loss:	6890.905 (rec:664.317, round:6226.588)	b=11.00	count=12000
08/12/2026 04:05:49 - INFO - qdiff.block_recon -   Total loss:	6662.285 (rec:627.990, round:6034.295)	b=10.44	count=12500
08/12/2026 04:05:57 - INFO - qdiff.block_recon -   Total loss:	6489.349 (rec:657.833, round:5831.516)	b=9.88	count=13000
08/12/2026 04:06:04 - INFO - qdiff.block_recon -   Total loss:	6247.286 (rec:625.043, round:5622.243)	b=9.31	count=13500
08/12/2026 04:06:11 - INFO - qdiff.block_recon -   Total loss:	6033.987 (rec:632.003, round:5401.984)	b=8.75	count=14000
08/12/2026 04:06:19 - INFO - qdiff.block_recon -   Total loss:	5864.972 (rec:690.700, round:5174.271)	b=8.19	count=14500
08/12/2026 04:06:26 - INFO - qdiff.block_recon -   Total loss:	5551.948 (rec:618.928, round:4933.020)	b=7.62	count=15000
08/12/2026 04:06:33 - INFO - qdiff.block_recon -   Total loss:	5314.764 (rec:635.173, round:4679.591)	b=7.06	count=15500
08/12/2026 04:06:40 - INFO - qdiff.block_recon -   Total loss:	5071.456 (rec:662.725, round:4408.731)	b=6.50	count=16000
08/12/2026 04:06:48 - INFO - qdiff.block_recon -   Total loss:	4780.716 (rec:666.284, round:4114.433)	b=5.94	count=16500
08/12/2026 04:06:55 - INFO - qdiff.block_recon -   Total loss:	4414.287 (rec:619.217, round:3795.070)	b=5.38	count=17000
08/12/2026 04:07:02 - INFO - qdiff.block_recon -   Total loss:	4058.479 (rec:608.224, round:3450.256)	b=4.81	count=17500
08/12/2026 04:07:09 - INFO - qdiff.block_recon -   Total loss:	3693.673 (rec:625.564, round:3068.108)	b=4.25	count=18000
08/12/2026 04:07:16 - INFO - qdiff.block_recon -   Total loss:	3331.389 (rec:685.620, round:2645.770)	b=3.69	count=18500
08/12/2026 04:07:24 - INFO - qdiff.block_recon -   Total loss:	2799.773 (rec:621.277, round:2178.496)	b=3.12	count=19000
08/12/2026 04:07:31 - INFO - qdiff.block_recon -   Total loss:	2324.518 (rec:668.202, round:1656.316)	b=2.56	count=19500
08/12/2026 04:07:38 - INFO - qdiff.block_recon -   Total loss:	1733.499 (rec:659.490, round:1074.009)	b=2.00	count=20000
08/12/2026 04:07:38 - INFO - __main__ -   model.down.3.attn False
08/12/2026 04:07:38 - INFO - __main__ -   model.mid False
08/12/2026 04:07:38 - INFO - __main__ -   model.mid.block_1 True
08/12/2026 04:07:38 - INFO - __main__ -   Reconstruction for block model.mid.block_1
08/12/2026 04:09:00 - INFO - qdiff.utils -   in 1 shape: torch.Size([4608, 256, 4, 4]), in 2 shape: torch.Size([4608, 512])
08/12/2026 04:09:00 - INFO - qdiff.utils -   out shape: torch.Size([4608, 256, 4, 4])
08/12/2026 04:09:05 - INFO - qdiff.block_recon -   Total loss:	796.521 (rec:796.521, round:0.000)	b=0.00	count=500
08/12/2026 04:09:10 - INFO - qdiff.block_recon -   Total loss:	789.378 (rec:789.378, round:0.000)	b=0.00	count=1000
08/12/2026 04:09:15 - INFO - qdiff.block_recon -   Total loss:	842.497 (rec:842.497, round:0.000)	b=0.00	count=1500
08/12/2026 04:09:21 - INFO - qdiff.block_recon -   Total loss:	817.524 (rec:817.524, round:0.000)	b=0.00	count=2000
08/12/2026 04:09:26 - INFO - qdiff.block_recon -   Total loss:	779.318 (rec:779.318, round:0.000)	b=0.00	count=2500
08/12/2026 04:09:31 - INFO - qdiff.block_recon -   Total loss:	701.728 (rec:701.728, round:0.000)	b=0.00	count=3000
08/12/2026 04:09:36 - INFO - qdiff.block_recon -   Total loss:	686.212 (rec:686.212, round:0.000)	b=0.00	count=3500
08/12/2026 04:09:41 - INFO - qdiff.block_recon -   Total loss:	12872.905 (rec:730.177, round:12142.729)	b=20.00	count=4000
08/12/2026 04:09:49 - INFO - qdiff.block_recon -   Total loss:	10328.218 (rec:784.642, round:9543.576)	b=19.44	count=4500
08/12/2026 04:09:56 - INFO - qdiff.block_recon -   Total loss:	9763.021 (rec:724.838, round:9038.184)	b=18.88	count=5000
08/12/2026 04:10:03 - INFO - qdiff.block_recon -   Total loss:	9538.938 (rec:809.618, round:8729.320)	b=18.31	count=5500
08/12/2026 04:10:10 - INFO - qdiff.block_recon -   Total loss:	9259.174 (rec:772.995, round:8486.179)	b=17.75	count=6000
08/12/2026 04:10:18 - INFO - qdiff.block_recon -   Total loss:	9046.062 (rec:769.472, round:8276.590)	b=17.19	count=6500
08/12/2026 04:10:25 - INFO - qdiff.block_recon -   Total loss:	8779.337 (rec:696.743, round:8082.595)	b=16.62	count=7000
08/12/2026 04:10:32 - INFO - qdiff.block_recon -   Total loss:	8614.047 (rec:717.127, round:7896.920)	b=16.06	count=7500
08/12/2026 04:10:39 - INFO - qdiff.block_recon -   Total loss:	8468.075 (rec:746.498, round:7721.577)	b=15.50	count=8000
08/12/2026 04:10:47 - INFO - qdiff.block_recon -   Total loss:	8277.730 (rec:730.916, round:7546.814)	b=14.94	count=8500
08/12/2026 04:10:54 - INFO - qdiff.block_recon -   Total loss:	8111.855 (rec:738.389, round:7373.466)	b=14.38	count=9000
08/12/2026 04:11:01 - INFO - qdiff.block_recon -   Total loss:	7934.529 (rec:733.194, round:7201.335)	b=13.81	count=9500
08/12/2026 04:11:08 - INFO - qdiff.block_recon -   Total loss:	7741.540 (rec:715.464, round:7026.076)	b=13.25	count=10000
08/12/2026 04:11:16 - INFO - qdiff.block_recon -   Total loss:	7589.606 (rec:736.730, round:6852.876)	b=12.69	count=10500
08/12/2026 04:11:23 - INFO - qdiff.block_recon -   Total loss:	7404.790 (rec:730.421, round:6674.369)	b=12.12	count=11000
08/12/2026 04:11:30 - INFO - qdiff.block_recon -   Total loss:	7220.204 (rec:727.374, round:6492.831)	b=11.56	count=11500
08/12/2026 04:11:37 - INFO - qdiff.block_recon -   Total loss:	7039.799 (rec:734.462, round:6305.337)	b=11.00	count=12000
08/12/2026 04:11:45 - INFO - qdiff.block_recon -   Total loss:	6835.320 (rec:722.360, round:6112.960)	b=10.44	count=12500
08/12/2026 04:11:52 - INFO - qdiff.block_recon -   Total loss:	6641.603 (rec:728.977, round:5912.625)	b=9.88	count=13000
08/12/2026 04:11:59 - INFO - qdiff.block_recon -   Total loss:	6407.956 (rec:701.369, round:5706.587)	b=9.31	count=13500
08/12/2026 04:12:06 - INFO - qdiff.block_recon -   Total loss:	6253.217 (rec:762.606, round:5490.611)	b=8.75	count=14000
08/12/2026 04:12:14 - INFO - qdiff.block_recon -   Total loss:	5947.619 (rec:683.753, round:5263.866)	b=8.19	count=14500
08/12/2026 04:12:21 - INFO - qdiff.block_recon -   Total loss:	5802.979 (rec:777.211, round:5025.769)	b=7.62	count=15000
08/12/2026 04:12:28 - INFO - qdiff.block_recon -   Total loss:	5454.938 (rec:683.451, round:4771.487)	b=7.06	count=15500
08/12/2026 04:12:35 - INFO - qdiff.block_recon -   Total loss:	5291.239 (rec:791.275, round:4499.965)	b=6.50	count=16000
08/12/2026 04:12:43 - INFO - qdiff.block_recon -   Total loss:	4961.317 (rec:754.380, round:4206.937)	b=5.94	count=16500
08/12/2026 04:12:50 - INFO - qdiff.block_recon -   Total loss:	4622.234 (rec:728.220, round:3894.014)	b=5.38	count=17000
08/12/2026 04:12:57 - INFO - qdiff.block_recon -   Total loss:	4281.896 (rec:733.339, round:3548.557)	b=4.81	count=17500
08/12/2026 04:13:04 - INFO - qdiff.block_recon -   Total loss:	3917.738 (rec:747.578, round:3170.160)	b=4.25	count=18000
08/12/2026 04:13:12 - INFO - qdiff.block_recon -   Total loss:	3520.785 (rec:767.143, round:2753.642)	b=3.69	count=18500
08/12/2026 04:13:19 - INFO - qdiff.block_recon -   Total loss:	3048.514 (rec:760.316, round:2288.198)	b=3.12	count=19000
08/12/2026 04:13:26 - INFO - qdiff.block_recon -   Total loss:	2490.821 (rec:723.837, round:1766.984)	b=2.56	count=19500
08/12/2026 04:13:33 - INFO - qdiff.block_recon -   Total loss:	1983.388 (rec:799.651, round:1183.736)	b=2.00	count=20000
08/12/2026 04:13:33 - INFO - __main__ -   model.mid.attn_1 True
08/12/2026 04:13:33 - INFO - __main__ -   Reconstruction for block model.mid.attn_1
08/12/2026 04:15:00 - INFO - qdiff.utils -   in shape: torch.Size([4608, 256, 4, 4])
08/12/2026 04:15:00 - INFO - qdiff.utils -   out shape: torch.Size([4608, 256, 4, 4])
08/12/2026 04:15:06 - INFO - qdiff.block_recon -   Total loss:	490.832 (rec:490.832, round:0.000)	b=0.00	count=500
08/12/2026 04:15:11 - INFO - qdiff.block_recon -   Total loss:	511.847 (rec:511.847, round:0.000)	b=0.00	count=1000
08/12/2026 04:15:17 - INFO - qdiff.block_recon -   Total loss:	478.050 (rec:478.050, round:0.000)	b=0.00	count=1500
08/12/2026 04:15:23 - INFO - qdiff.block_recon -   Total loss:	444.143 (rec:444.143, round:0.000)	b=0.00	count=2000
08/12/2026 04:15:28 - INFO - qdiff.block_recon -   Total loss:	511.146 (rec:511.146, round:0.000)	b=0.00	count=2500
08/12/2026 04:15:34 - INFO - qdiff.block_recon -   Total loss:	480.638 (rec:480.638, round:0.000)	b=0.00	count=3000
08/12/2026 04:15:40 - INFO - qdiff.block_recon -   Total loss:	550.873 (rec:550.873, round:0.000)	b=0.00	count=3500
08/12/2026 04:15:45 - INFO - qdiff.block_recon -   Total loss:	2933.777 (rec:490.499, round:2443.278)	b=20.00	count=4000
08/12/2026 04:15:54 - INFO - qdiff.block_recon -   Total loss:	2388.517 (rec:528.430, round:1860.087)	b=19.44	count=4500
08/12/2026 04:16:02 - INFO - qdiff.block_recon -   Total loss:	2295.437 (rec:538.316, round:1757.120)	b=18.88	count=5000
08/12/2026 04:16:11 - INFO - qdiff.block_recon -   Total loss:	2119.599 (rec:424.686, round:1694.912)	b=18.31	count=5500
08/12/2026 04:16:19 - INFO - qdiff.block_recon -   Total loss:	2157.104 (rec:510.030, round:1647.075)	b=17.75	count=6000
08/12/2026 04:16:27 - INFO - qdiff.block_recon -   Total loss:	2125.646 (rec:520.820, round:1604.826)	b=17.19	count=6500
08/12/2026 04:16:36 - INFO - qdiff.block_recon -   Total loss:	2097.645 (rec:531.630, round:1566.014)	b=16.62	count=7000
08/12/2026 04:16:44 - INFO - qdiff.block_recon -   Total loss:	2044.932 (rec:515.168, round:1529.764)	b=16.06	count=7500
08/12/2026 04:16:53 - INFO - qdiff.block_recon -   Total loss:	1990.492 (rec:497.537, round:1492.955)	b=15.50	count=8000
08/12/2026 04:17:01 - INFO - qdiff.block_recon -   Total loss:	1878.941 (rec:420.906, round:1458.035)	b=14.94	count=8500
08/12/2026 04:17:09 - INFO - qdiff.block_recon -   Total loss:	1922.870 (rec:501.312, round:1421.558)	b=14.38	count=9000
08/12/2026 04:17:18 - INFO - qdiff.block_recon -   Total loss:	1859.002 (rec:473.385, round:1385.618)	b=13.81	count=9500
08/12/2026 04:17:26 - INFO - qdiff.block_recon -   Total loss:	1777.647 (rec:426.643, round:1351.004)	b=13.25	count=10000
08/12/2026 04:17:35 - INFO - qdiff.block_recon -   Total loss:	1805.495 (rec:491.261, round:1314.235)	b=12.69	count=10500
08/12/2026 04:17:43 - INFO - qdiff.block_recon -   Total loss:	1790.536 (rec:513.825, round:1276.710)	b=12.12	count=11000
08/12/2026 04:17:51 - INFO - qdiff.block_recon -   Total loss:	1743.007 (rec:504.501, round:1238.506)	b=11.56	count=11500
08/12/2026 04:18:00 - INFO - qdiff.block_recon -   Total loss:	1627.140 (rec:428.579, round:1198.560)	b=11.00	count=12000
08/12/2026 04:18:08 - INFO - qdiff.block_recon -   Total loss:	1604.619 (rec:447.668, round:1156.951)	b=10.44	count=12500
08/12/2026 04:18:16 - INFO - qdiff.block_recon -   Total loss:	1618.145 (rec:504.734, round:1113.411)	b=9.88	count=13000
08/12/2026 04:18:25 - INFO - qdiff.block_recon -   Total loss:	1571.548 (rec:501.949, round:1069.598)	b=9.31	count=13500
08/12/2026 04:18:33 - INFO - qdiff.block_recon -   Total loss:	1519.735 (rec:496.448, round:1023.287)	b=8.75	count=14000
08/12/2026 04:18:42 - INFO - qdiff.block_recon -   Total loss:	1467.216 (rec:493.549, round:973.667)	b=8.19	count=14500
08/12/2026 04:18:50 - INFO - qdiff.block_recon -   Total loss:	1420.880 (rec:499.849, round:921.032)	b=7.62	count=15000
08/12/2026 04:18:58 - INFO - qdiff.block_recon -   Total loss:	1346.140 (rec:481.529, round:864.611)	b=7.06	count=15500
08/12/2026 04:19:07 - INFO - qdiff.block_recon -   Total loss:	1341.984 (rec:537.315, round:804.669)	b=6.50	count=16000
08/12/2026 04:19:15 - INFO - qdiff.block_recon -   Total loss:	1216.264 (rec:475.187, round:741.077)	b=5.94	count=16500
08/12/2026 04:19:24 - INFO - qdiff.block_recon -   Total loss:	1228.341 (rec:556.079, round:672.263)	b=5.38	count=17000
08/12/2026 04:19:32 - INFO - qdiff.block_recon -   Total loss:	1105.626 (rec:508.738, round:596.888)	b=4.81	count=17500
08/12/2026 04:19:40 - INFO - qdiff.block_recon -   Total loss:	985.589 (rec:471.073, round:514.516)	b=4.25	count=18000
08/12/2026 04:19:49 - INFO - qdiff.block_recon -   Total loss:	886.001 (rec:462.288, round:423.713)	b=3.69	count=18500
08/12/2026 04:19:57 - INFO - qdiff.block_recon -   Total loss:	814.731 (rec:490.040, round:324.691)	b=3.12	count=19000
08/12/2026 04:20:06 - INFO - qdiff.block_recon -   Total loss:	722.822 (rec:504.630, round:218.192)	b=2.56	count=19500
08/12/2026 04:20:14 - INFO - qdiff.block_recon -   Total loss:	516.940 (rec:408.781, round:108.159)	b=2.00	count=20000
08/12/2026 04:20:14 - INFO - __main__ -   model.mid.block_2 True
08/12/2026 04:20:14 - INFO - __main__ -   Reconstruction for block model.mid.block_2
08/12/2026 04:21:44 - INFO - qdiff.utils -   in 1 shape: torch.Size([4608, 256, 4, 4]), in 2 shape: torch.Size([4608, 512])
08/12/2026 04:21:44 - INFO - qdiff.utils -   out shape: torch.Size([4608, 256, 4, 4])
08/12/2026 04:21:49 - INFO - qdiff.block_recon -   Total loss:	887.616 (rec:887.616, round:0.000)	b=0.00	count=500
08/12/2026 04:21:54 - INFO - qdiff.block_recon -   Total loss:	829.338 (rec:829.338, round:0.000)	b=0.00	count=1000
08/12/2026 04:21:59 - INFO - qdiff.block_recon -   Total loss:	836.347 (rec:836.347, round:0.000)	b=0.00	count=1500
08/12/2026 04:22:05 - INFO - qdiff.block_recon -   Total loss:	849.661 (rec:849.661, round:0.000)	b=0.00	count=2000
08/12/2026 04:22:10 - INFO - qdiff.block_recon -   Total loss:	800.014 (rec:800.014, round:0.000)	b=0.00	count=2500
08/12/2026 04:22:15 - INFO - qdiff.block_recon -   Total loss:	815.454 (rec:815.454, round:0.000)	b=0.00	count=3000
08/12/2026 04:22:20 - INFO - qdiff.block_recon -   Total loss:	870.084 (rec:870.084, round:0.000)	b=0.00	count=3500
08/12/2026 04:22:25 - INFO - qdiff.block_recon -   Total loss:	13012.949 (rec:842.525, round:12170.424)	b=20.00	count=4000
08/12/2026 04:22:33 - INFO - qdiff.block_recon -   Total loss:	10430.607 (rec:843.349, round:9587.259)	b=19.44	count=4500
08/12/2026 04:22:40 - INFO - qdiff.block_recon -   Total loss:	9868.484 (rec:794.894, round:9073.590)	b=18.88	count=5000
08/12/2026 04:22:47 - INFO - qdiff.block_recon -   Total loss:	9638.141 (rec:874.393, round:8763.748)	b=18.31	count=5500
08/12/2026 04:22:55 - INFO - qdiff.block_recon -   Total loss:	9290.242 (rec:768.416, round:8521.826)	b=17.75	count=6000
08/12/2026 04:23:02 - INFO - qdiff.block_recon -   Total loss:	9114.777 (rec:802.455, round:8312.322)	b=17.19	count=6500
08/12/2026 04:23:09 - INFO - qdiff.block_recon -   Total loss:	8860.040 (rec:741.358, round:8118.682)	b=16.62	count=7000
08/12/2026 04:23:16 - INFO - qdiff.block_recon -   Total loss:	8658.544 (rec:723.430, round:7935.114)	b=16.06	count=7500
08/12/2026 04:23:24 - INFO - qdiff.block_recon -   Total loss:	8604.278 (rec:845.849, round:7758.430)	b=15.50	count=8000
08/12/2026 04:23:31 - INFO - qdiff.block_recon -   Total loss:	8351.707 (rec:767.419, round:7584.288)	b=14.94	count=8500
08/12/2026 04:23:38 - INFO - qdiff.block_recon -   Total loss:	8198.579 (rec:785.767, round:7412.812)	b=14.38	count=9000
08/12/2026 04:23:46 - INFO - qdiff.block_recon -   Total loss:	8047.146 (rec:806.251, round:7240.895)	b=13.81	count=9500
08/12/2026 04:23:53 - INFO - qdiff.block_recon -   Total loss:	7798.619 (rec:732.536, round:7066.083)	b=13.25	count=10000
08/12/2026 04:24:00 - INFO - qdiff.block_recon -   Total loss:	7598.637 (rec:706.567, round:6892.069)	b=12.69	count=10500
08/12/2026 04:24:07 - INFO - qdiff.block_recon -   Total loss:	7506.449 (rec:790.455, round:6715.994)	b=12.12	count=11000
08/12/2026 04:24:15 - INFO - qdiff.block_recon -   Total loss:	7275.303 (rec:741.145, round:6534.158)	b=11.56	count=11500
08/12/2026 04:24:22 - INFO - qdiff.block_recon -   Total loss:	7167.157 (rec:820.915, round:6346.242)	b=11.00	count=12000
08/12/2026 04:24:29 - INFO - qdiff.block_recon -   Total loss:	6907.926 (rec:751.871, round:6156.055)	b=10.44	count=12500
08/12/2026 04:24:36 - INFO - qdiff.block_recon -   Total loss:	6772.806 (rec:816.432, round:5956.373)	b=9.88	count=13000
08/12/2026 04:24:44 - INFO - qdiff.block_recon -   Total loss:	6546.397 (rec:796.828, round:5749.570)	b=9.31	count=13500
08/12/2026 04:24:51 - INFO - qdiff.block_recon -   Total loss:	6337.650 (rec:803.376, round:5534.275)	b=8.75	count=14000
08/12/2026 04:24:58 - INFO - qdiff.block_recon -   Total loss:	6086.214 (rec:779.299, round:5306.915)	b=8.19	count=14500
08/12/2026 04:25:05 - INFO - qdiff.block_recon -   Total loss:	5893.820 (rec:825.382, round:5068.438)	b=7.62	count=15000
08/12/2026 04:25:13 - INFO - qdiff.block_recon -   Total loss:	5700.931 (rec:887.119, round:4813.812)	b=7.06	count=15500
08/12/2026 04:25:20 - INFO - qdiff.block_recon -   Total loss:	5298.247 (rec:756.302, round:4541.944)	b=6.50	count=16000
08/12/2026 04:25:27 - INFO - qdiff.block_recon -   Total loss:	5030.657 (rec:778.765, round:4251.893)	b=5.94	count=16500
08/12/2026 04:25:34 - INFO - qdiff.block_recon -   Total loss:	4685.366 (rec:751.272, round:3934.094)	b=5.38	count=17000
08/12/2026 04:25:42 - INFO - qdiff.block_recon -   Total loss:	4415.501 (rec:826.507, round:3588.995)	b=4.81	count=17500
08/12/2026 04:25:49 - INFO - qdiff.block_recon -   Total loss:	4013.886 (rec:803.145, round:3210.740)	b=4.25	count=18000
08/12/2026 04:25:56 - INFO - qdiff.block_recon -   Total loss:	3558.105 (rec:765.190, round:2792.915)	b=3.69	count=18500
08/12/2026 04:26:03 - INFO - qdiff.block_recon -   Total loss:	3067.040 (rec:739.032, round:2328.008)	b=3.12	count=19000
08/12/2026 04:26:11 - INFO - qdiff.block_recon -   Total loss:	2600.711 (rec:792.993, round:1807.718)	b=2.56	count=19500
08/12/2026 04:26:18 - INFO - qdiff.block_recon -   Total loss:	1971.458 (rec:748.210, round:1223.248)	b=2.00	count=20000
08/12/2026 04:26:18 - INFO - __main__ -   model.up False
08/12/2026 04:26:18 - INFO - __main__ -   model.up.0 False
08/12/2026 04:26:18 - INFO - __main__ -   model.up.0.block False
08/12/2026 04:26:18 - INFO - __main__ -   model.up.0.block.0 True
08/12/2026 04:26:18 - INFO - __main__ -   Reconstruction for block model.up.0.block.0
08/12/2026 04:29:51 - INFO - qdiff.utils -   in 1 shape: torch.Size([4608, 384, 32, 32]), in 2 shape: torch.Size([4608, 512])
08/12/2026 04:29:51 - INFO - qdiff.utils -   out shape: torch.Size([4608, 128, 32, 32])
08/12/2026 04:30:36 - INFO - qdiff.block_recon -   Total loss:	1461.545 (rec:1461.545, round:0.000)	b=0.00	count=500
08/12/2026 04:31:18 - INFO - qdiff.block_recon -   Total loss:	1355.044 (rec:1355.044, round:0.000)	b=0.00	count=1000
08/12/2026 04:32:07 - INFO - qdiff.block_recon -   Total loss:	1415.373 (rec:1415.373, round:0.000)	b=0.00	count=1500
08/12/2026 04:32:52 - INFO - qdiff.block_recon -   Total loss:	1388.216 (rec:1388.216, round:0.000)	b=0.00	count=2000
08/12/2026 04:33:34 - INFO - qdiff.block_recon -   Total loss:	1287.521 (rec:1287.521, round:0.000)	b=0.00	count=2500
08/12/2026 04:34:11 - INFO - qdiff.block_recon -   Total loss:	1424.480 (rec:1424.480, round:0.000)	b=0.00	count=3000
08/12/2026 04:34:48 - INFO - qdiff.block_recon -   Total loss:	1333.273 (rec:1333.273, round:0.000)	b=0.00	count=3500
08/12/2026 04:35:30 - INFO - qdiff.block_recon -   Total loss:	7569.011 (rec:1283.343, round:6285.668)	b=20.00	count=4000
08/12/2026 04:36:12 - INFO - qdiff.block_recon -   Total loss:	6333.064 (rec:1148.284, round:5184.780)	b=19.44	count=4500
08/12/2026 04:36:54 - INFO - qdiff.block_recon -   Total loss:	6286.627 (rec:1361.414, round:4925.213)	b=18.88	count=5000
08/12/2026 04:37:36 - INFO - qdiff.block_recon -   Total loss:	6008.776 (rec:1246.400, round:4762.375)	b=18.31	count=5500
08/12/2026 04:38:30 - INFO - qdiff.block_recon -   Total loss:	5993.772 (rec:1357.748, round:4636.024)	b=17.75	count=6000
08/12/2026 04:39:13 - INFO - qdiff.block_recon -   Total loss:	5696.011 (rec:1170.599, round:4525.412)	b=17.19	count=6500
08/12/2026 04:39:55 - INFO - qdiff.block_recon -   Total loss:	5757.375 (rec:1332.676, round:4424.699)	b=16.62	count=7000
08/12/2026 04:40:37 - INFO - qdiff.block_recon -   Total loss:	5494.067 (rec:1161.224, round:4332.844)	b=16.06	count=7500
08/12/2026 04:41:26 - INFO - qdiff.block_recon -   Total loss:	5272.033 (rec:1028.041, round:4243.993)	b=15.50	count=8000
08/12/2026 04:42:16 - INFO - qdiff.block_recon -   Total loss:	5327.726 (rec:1168.691, round:4159.034)	b=14.94	count=8500
08/12/2026 04:43:01 - INFO - qdiff.block_recon -   Total loss:	5171.849 (rec:1096.528, round:4075.322)	b=14.38	count=9000
08/12/2026 04:43:45 - INFO - qdiff.block_recon -   Total loss:	5348.872 (rec:1356.848, round:3992.024)	b=13.81	count=9500
08/12/2026 04:44:26 - INFO - qdiff.block_recon -   Total loss:	4946.002 (rec:1036.970, round:3909.033)	b=13.25	count=10000
08/12/2026 04:45:09 - INFO - qdiff.block_recon -   Total loss:	5138.932 (rec:1312.416, round:3826.516)	b=12.69	count=10500
08/12/2026 04:45:50 - INFO - qdiff.block_recon -   Total loss:	4982.468 (rec:1239.776, round:3742.692)	b=12.12	count=11000
08/12/2026 04:46:30 - INFO - qdiff.block_recon -   Total loss:	5004.055 (rec:1346.329, round:3657.726)	b=11.56	count=11500
08/12/2026 04:47:11 - INFO - qdiff.block_recon -   Total loss:	4863.311 (rec:1292.320, round:3570.990)	b=11.00	count=12000
08/12/2026 04:47:59 - INFO - qdiff.block_recon -   Total loss:	4681.219 (rec:1199.119, round:3482.100)	b=10.44	count=12500
08/12/2026 04:48:46 - INFO - qdiff.block_recon -   Total loss:	4596.696 (rec:1204.867, round:3391.829)	b=9.88	count=13000
08/12/2026 04:49:29 - INFO - qdiff.block_recon -   Total loss:	4433.558 (rec:1136.173, round:3297.385)	b=9.31	count=13500
08/12/2026 04:50:11 - INFO - qdiff.block_recon -   Total loss:	4409.977 (rec:1212.042, round:3197.935)	b=8.75	count=14000
08/12/2026 04:50:55 - INFO - qdiff.block_recon -   Total loss:	4307.940 (rec:1215.234, round:3092.707)	b=8.19	count=14500
08/12/2026 04:51:38 - INFO - qdiff.block_recon -   Total loss:	4370.018 (rec:1387.222, round:2982.796)	b=7.62	count=15000
08/12/2026 04:52:19 - INFO - qdiff.block_recon -   Total loss:	3834.808 (rec:969.509, round:2865.299)	b=7.06	count=15500
08/12/2026 04:53:01 - INFO - qdiff.block_recon -   Total loss:	3974.676 (rec:1233.262, round:2741.414)	b=6.50	count=16000
08/12/2026 04:53:43 - INFO - qdiff.block_recon -   Total loss:	4032.519 (rec:1423.134, round:2609.385)	b=5.94	count=16500
08/12/2026 04:54:22 - INFO - qdiff.block_recon -   Total loss:	3726.346 (rec:1260.787, round:2465.559)	b=5.38	count=17000
08/12/2026 04:55:07 - INFO - qdiff.block_recon -   Total loss:	3590.813 (rec:1283.438, round:2307.376)	b=4.81	count=17500
08/12/2026 04:55:49 - INFO - qdiff.block_recon -   Total loss:	3314.683 (rec:1183.067, round:2131.615)	b=4.25	count=18000
08/12/2026 04:56:33 - INFO - qdiff.block_recon -   Total loss:	3109.158 (rec:1174.260, round:1934.898)	b=3.69	count=18500
08/12/2026 04:57:17 - INFO - qdiff.block_recon -   Total loss:	2806.558 (rec:1095.469, round:1711.089)	b=3.12	count=19000
08/12/2026 04:58:07 - INFO - qdiff.block_recon -   Total loss:	2640.204 (rec:1187.915, round:1452.289)	b=2.56	count=19500
08/12/2026 04:58:55 - INFO - qdiff.block_recon -   Total loss:	2355.344 (rec:1209.747, round:1145.597)	b=2.00	count=20000
08/12/2026 04:58:56 - INFO - __main__ -   model.up.0.block.1 True
08/12/2026 04:58:56 - INFO - __main__ -   Reconstruction for block model.up.0.block.1
08/12/2026 05:02:04 - INFO - qdiff.utils -   in 1 shape: torch.Size([4608, 256, 32, 32]), in 2 shape: torch.Size([4608, 512])
08/12/2026 05:02:04 - INFO - qdiff.utils -   out shape: torch.Size([4608, 128, 32, 32])
08/12/2026 05:02:31 - INFO - qdiff.block_recon -   Total loss:	273.656 (rec:273.656, round:0.000)	b=0.00	count=500
08/12/2026 05:02:54 - INFO - qdiff.block_recon -   Total loss:	281.638 (rec:281.638, round:0.000)	b=0.00	count=1000
08/12/2026 05:03:18 - INFO - qdiff.block_recon -   Total loss:	218.833 (rec:218.833, round:0.000)	b=0.00	count=1500
08/12/2026 05:03:41 - INFO - qdiff.block_recon -   Total loss:	279.816 (rec:279.816, round:0.000)	b=0.00	count=2000
08/12/2026 05:04:04 - INFO - qdiff.block_recon -   Total loss:	316.204 (rec:316.204, round:0.000)	b=0.00	count=2500
08/12/2026 05:04:27 - INFO - qdiff.block_recon -   Total loss:	248.680 (rec:248.680, round:0.000)	b=0.00	count=3000
08/12/2026 05:04:51 - INFO - qdiff.block_recon -   Total loss:	275.263 (rec:275.263, round:0.000)	b=0.00	count=3500
08/12/2026 05:05:14 - INFO - qdiff.block_recon -   Total loss:	5108.253 (rec:303.958, round:4804.295)	b=20.00	count=4000
08/12/2026 05:05:39 - INFO - qdiff.block_recon -   Total loss:	3936.523 (rec:258.651, round:3677.873)	b=19.44	count=4500
08/12/2026 05:06:04 - INFO - qdiff.block_recon -   Total loss:	3739.946 (rec:264.408, round:3475.538)	b=18.88	count=5000
08/12/2026 05:06:29 - INFO - qdiff.block_recon -   Total loss:	3644.618 (rec:289.720, round:3354.898)	b=18.31	count=5500
08/12/2026 05:06:54 - INFO - qdiff.block_recon -   Total loss:	3518.562 (rec:258.951, round:3259.611)	b=17.75	count=6000
08/12/2026 05:07:19 - INFO - qdiff.block_recon -   Total loss:	3415.966 (rec:239.716, round:3176.250)	b=17.19	count=6500
08/12/2026 05:07:44 - INFO - qdiff.block_recon -   Total loss:	3371.904 (rec:271.930, round:3099.973)	b=16.62	count=7000
08/12/2026 05:08:09 - INFO - qdiff.block_recon -   Total loss:	3318.290 (rec:291.269, round:3027.021)	b=16.06	count=7500
08/12/2026 05:08:34 - INFO - qdiff.block_recon -   Total loss:	3189.709 (rec:232.285, round:2957.425)	b=15.50	count=8000
08/12/2026 05:09:00 - INFO - qdiff.block_recon -   Total loss:	3166.198 (rec:275.139, round:2891.059)	b=14.94	count=8500
08/12/2026 05:09:25 - INFO - qdiff.block_recon -   Total loss:	3088.670 (rec:264.944, round:2823.727)	b=14.38	count=9000
08/12/2026 05:09:50 - INFO - qdiff.block_recon -   Total loss:	3079.011 (rec:320.965, round:2758.046)	b=13.81	count=9500
08/12/2026 05:10:15 - INFO - qdiff.block_recon -   Total loss:	2948.158 (rec:258.704, round:2689.454)	b=13.25	count=10000
08/12/2026 05:10:40 - INFO - qdiff.block_recon -   Total loss:	2852.899 (rec:232.839, round:2620.059)	b=12.69	count=10500
08/12/2026 05:11:05 - INFO - qdiff.block_recon -   Total loss:	2797.741 (rec:246.436, round:2551.306)	b=12.12	count=11000
08/12/2026 05:11:30 - INFO - qdiff.block_recon -   Total loss:	2712.665 (rec:231.607, round:2481.058)	b=11.56	count=11500
08/12/2026 05:11:55 - INFO - qdiff.block_recon -   Total loss:	2717.712 (rec:309.557, round:2408.155)	b=11.00	count=12000
08/12/2026 05:12:20 - INFO - qdiff.block_recon -   Total loss:	2571.884 (rec:237.917, round:2333.968)	b=10.44	count=12500
08/12/2026 05:12:45 - INFO - qdiff.block_recon -   Total loss:	2527.200 (rec:271.579, round:2255.620)	b=9.88	count=13000
08/12/2026 05:13:10 - INFO - qdiff.block_recon -   Total loss:	2477.216 (rec:301.838, round:2175.378)	b=9.31	count=13500
08/12/2026 05:13:35 - INFO - qdiff.block_recon -   Total loss:	2379.527 (rec:289.364, round:2090.163)	b=8.75	count=14000
08/12/2026 05:14:00 - INFO - qdiff.block_recon -   Total loss:	2288.723 (rec:288.979, round:1999.744)	b=8.19	count=14500
08/12/2026 05:14:25 - INFO - qdiff.block_recon -   Total loss:	2161.906 (rec:258.151, round:1903.755)	b=7.62	count=15000
08/12/2026 05:14:50 - INFO - qdiff.block_recon -   Total loss:	2079.297 (rec:278.272, round:1801.025)	b=7.06	count=15500
08/12/2026 05:15:16 - INFO - qdiff.block_recon -   Total loss:	1939.301 (rec:248.062, round:1691.239)	b=6.50	count=16000
08/12/2026 05:15:41 - INFO - qdiff.block_recon -   Total loss:	1903.656 (rec:332.882, round:1570.774)	b=5.94	count=16500
08/12/2026 05:16:06 - INFO - qdiff.block_recon -   Total loss:	1739.860 (rec:299.544, round:1440.316)	b=5.38	count=17000
08/12/2026 05:16:31 - INFO - qdiff.block_recon -   Total loss:	1571.958 (rec:273.747, round:1298.211)	b=4.81	count=17500
08/12/2026 05:16:55 - INFO - qdiff.block_recon -   Total loss:	1391.696 (rec:249.849, round:1141.848)	b=4.25	count=18000
08/12/2026 05:17:20 - INFO - qdiff.block_recon -   Total loss:	1243.470 (rec:273.710, round:969.760)	b=3.69	count=18500
08/12/2026 05:17:45 - INFO - qdiff.block_recon -   Total loss:	1056.489 (rec:277.452, round:779.036)	b=3.12	count=19000
08/12/2026 05:18:10 - INFO - qdiff.block_recon -   Total loss:	862.266 (rec:291.075, round:571.190)	b=2.56	count=19500
08/12/2026 05:18:36 - INFO - qdiff.block_recon -   Total loss:	626.320 (rec:271.491, round:354.830)	b=2.00	count=20000
08/12/2026 05:18:36 - INFO - __main__ -   model.up.0.block.2 True
08/12/2026 05:18:36 - INFO - __main__ -   Reconstruction for block model.up.0.block.2
08/12/2026 05:21:50 - INFO - qdiff.utils -   in 1 shape: torch.Size([4608, 256, 32, 32]), in 2 shape: torch.Size([4608, 512])
08/12/2026 05:21:50 - INFO - qdiff.utils -   out shape: torch.Size([4608, 128, 32, 32])
08/12/2026 05:22:16 - INFO - qdiff.block_recon -   Total loss:	499.622 (rec:499.622, round:0.000)	b=0.00	count=500
08/12/2026 05:22:39 - INFO - qdiff.block_recon -   Total loss:	568.438 (rec:568.438, round:0.000)	b=0.00	count=1000
08/12/2026 05:23:02 - INFO - qdiff.block_recon -   Total loss:	620.558 (rec:620.558, round:0.000)	b=0.00	count=1500
08/12/2026 05:23:25 - INFO - qdiff.block_recon -   Total loss:	530.138 (rec:530.138, round:0.000)	b=0.00	count=2000
08/12/2026 05:23:49 - INFO - qdiff.block_recon -   Total loss:	512.029 (rec:512.029, round:0.000)	b=0.00	count=2500
08/12/2026 05:24:12 - INFO - qdiff.block_recon -   Total loss:	560.701 (rec:560.701, round:0.000)	b=0.00	count=3000
08/12/2026 05:24:35 - INFO - qdiff.block_recon -   Total loss:	478.260 (rec:478.260, round:0.000)	b=0.00	count=3500
08/12/2026 05:24:58 - INFO - qdiff.block_recon -   Total loss:	5279.755 (rec:499.529, round:4780.226)	b=20.00	count=4000
08/12/2026 05:25:24 - INFO - qdiff.block_recon -   Total loss:	4253.491 (rec:464.180, round:3789.311)	b=19.44	count=4500
08/12/2026 05:25:49 - INFO - qdiff.block_recon -   Total loss:	4024.490 (rec:441.340, round:3583.149)	b=18.88	count=5000
08/12/2026 05:26:14 - INFO - qdiff.block_recon -   Total loss:	3985.106 (rec:533.772, round:3451.334)	b=18.31	count=5500
08/12/2026 05:26:40 - INFO - qdiff.block_recon -   Total loss:	3868.921 (rec:523.706, round:3345.216)	b=17.75	count=6000
08/12/2026 05:27:05 - INFO - qdiff.block_recon -   Total loss:	3734.952 (rec:481.225, round:3253.727)	b=17.19	count=6500
08/12/2026 05:27:30 - INFO - qdiff.block_recon -   Total loss:	3635.410 (rec:464.498, round:3170.912)	b=16.62	count=7000
08/12/2026 05:27:57 - INFO - qdiff.block_recon -   Total loss:	3474.743 (rec:381.969, round:3092.774)	b=16.06	count=7500
08/12/2026 05:28:22 - INFO - qdiff.block_recon -   Total loss:	3460.402 (rec:441.260, round:3019.143)	b=15.50	count=8000
08/12/2026 05:28:47 - INFO - qdiff.block_recon -   Total loss:	3416.533 (rec:469.607, round:2946.926)	b=14.94	count=8500
08/12/2026 05:29:12 - INFO - qdiff.block_recon -   Total loss:	3320.487 (rec:444.144, round:2876.343)	b=14.38	count=9000
08/12/2026 05:29:37 - INFO - qdiff.block_recon -   Total loss:	3300.679 (rec:495.353, round:2805.327)	b=13.81	count=9500
08/12/2026 05:30:02 - INFO - qdiff.block_recon -   Total loss:	3219.507 (rec:483.393, round:2736.114)	b=13.25	count=10000
08/12/2026 05:30:28 - INFO - qdiff.block_recon -   Total loss:	3114.691 (rec:448.248, round:2666.443)	b=12.69	count=10500
08/12/2026 05:30:52 - INFO - qdiff.block_recon -   Total loss:	3075.780 (rec:479.066, round:2596.714)	b=12.12	count=11000
08/12/2026 05:31:17 - INFO - qdiff.block_recon -   Total loss:	2988.731 (rec:462.487, round:2526.244)	b=11.56	count=11500
08/12/2026 05:31:43 - INFO - qdiff.block_recon -   Total loss:	2911.785 (rec:455.887, round:2455.898)	b=11.00	count=12000
08/12/2026 05:32:07 - INFO - qdiff.block_recon -   Total loss:	2880.766 (rec:497.115, round:2383.651)	b=10.44	count=12500
08/12/2026 05:32:32 - INFO - qdiff.block_recon -   Total loss:	2706.727 (rec:396.891, round:2309.836)	b=9.88	count=13000
08/12/2026 05:32:57 - INFO - qdiff.block_recon -   Total loss:	2721.076 (rec:488.649, round:2232.427)	b=9.31	count=13500
08/12/2026 05:33:22 - INFO - qdiff.block_recon -   Total loss:	2612.878 (rec:460.910, round:2151.969)	b=8.75	count=14000
08/12/2026 09:19:05 - INFO - qdiff.block_recon -   Total loss:	2519.715 (rec:451.819, round:2067.896)	b=8.19	count=14500
08/12/2026 09:20:11 - INFO - qdiff.block_recon -   Total loss:	2455.279 (rec:476.501, round:1978.778)	b=7.62	count=15000
08/12/2026 09:20:49 - INFO - qdiff.block_recon -   Total loss:	2301.321 (rec:414.247, round:1887.073)	b=7.06	count=15500
08/12/2026 09:21:19 - INFO - qdiff.block_recon -   Total loss:	2225.107 (rec:436.067, round:1789.040)	b=6.50	count=16000
08/12/2026 09:21:50 - INFO - qdiff.block_recon -   Total loss:	2131.815 (rec:448.859, round:1682.956)	b=5.94	count=16500
08/12/2026 09:22:28 - INFO - qdiff.block_recon -   Total loss:	2037.329 (rec:468.285, round:1569.044)	b=5.38	count=17000
08/12/2026 09:22:56 - INFO - qdiff.block_recon -   Total loss:	1931.210 (rec:485.290, round:1445.920)	b=4.81	count=17500
08/12/2026 09:23:21 - INFO - qdiff.block_recon -   Total loss:	1769.172 (rec:458.060, round:1311.111)	b=4.25	count=18000
08/12/2026 09:23:51 - INFO - qdiff.block_recon -   Total loss:	1581.971 (rec:421.705, round:1160.266)	b=3.69	count=18500
08/12/2026 09:24:14 - INFO - qdiff.block_recon -   Total loss:	1468.820 (rec:474.908, round:993.912)	b=3.12	count=19000
08/12/2026 09:24:38 - INFO - qdiff.block_recon -   Total loss:	1210.907 (rec:401.718, round:809.189)	b=2.56	count=19500
08/12/2026 09:25:01 - INFO - qdiff.block_recon -   Total loss:	1116.469 (rec:513.028, round:603.441)	b=2.00	count=20000
08/12/2026 09:25:02 - INFO - __main__ -   model.up.0.attn False
08/12/2026 09:25:02 - INFO - __main__ -   model.up.1 False
08/12/2026 09:25:02 - INFO - __main__ -   model.up.1.block False
08/12/2026 09:25:02 - INFO - __main__ -   model.up.1.block.0 True
08/12/2026 09:25:02 - INFO - __main__ -   Reconstruction for block model.up.1.block.0
08/12/2026 09:27:01 - INFO - qdiff.utils -   in 1 shape: torch.Size([4608, 512, 16, 16]), in 2 shape: torch.Size([4608, 512])
08/12/2026 09:27:01 - INFO - qdiff.utils -   out shape: torch.Size([4608, 256, 16, 16])
08/12/2026 09:27:20 - INFO - qdiff.block_recon -   Total loss:	696.278 (rec:696.278, round:0.000)	b=0.00	count=500
08/12/2026 09:27:37 - INFO - qdiff.block_recon -   Total loss:	711.854 (rec:711.854, round:0.000)	b=0.00	count=1000
08/12/2026 09:27:55 - INFO - qdiff.block_recon -   Total loss:	650.666 (rec:650.666, round:0.000)	b=0.00	count=1500
08/12/2026 09:28:13 - INFO - qdiff.block_recon -   Total loss:	689.230 (rec:689.230, round:0.000)	b=0.00	count=2000
08/12/2026 09:28:30 - INFO - qdiff.block_recon -   Total loss:	615.599 (rec:615.599, round:0.000)	b=0.00	count=2500
08/12/2026 09:28:48 - INFO - qdiff.block_recon -   Total loss:	586.433 (rec:586.433, round:0.000)	b=0.00	count=3000
08/12/2026 09:29:07 - INFO - qdiff.block_recon -   Total loss:	594.941 (rec:594.941, round:0.000)	b=0.00	count=3500
08/12/2026 09:29:26 - INFO - qdiff.block_recon -   Total loss:	18638.270 (rec:634.625, round:18003.645)	b=20.00	count=4000
08/12/2026 09:29:46 - INFO - qdiff.block_recon -   Total loss:	14334.309 (rec:650.166, round:13684.143)	b=19.44	count=4500
08/12/2026 09:30:05 - INFO - qdiff.block_recon -   Total loss:	13642.775 (rec:710.586, round:12932.189)	b=18.88	count=5000
08/12/2026 09:30:25 - INFO - qdiff.block_recon -   Total loss:	13151.133 (rec:682.399, round:12468.733)	b=18.31	count=5500
08/12/2026 09:30:44 - INFO - qdiff.block_recon -   Total loss:	12749.016 (rec:645.808, round:12103.207)	b=17.75	count=6000
08/12/2026 09:31:04 - INFO - qdiff.block_recon -   Total loss:	12391.802 (rec:609.110, round:11782.692)	b=17.19	count=6500
08/12/2026 09:31:23 - INFO - qdiff.block_recon -   Total loss:	12105.908 (rec:619.989, round:11485.919)	b=16.62	count=7000
08/12/2026 09:31:42 - INFO - qdiff.block_recon -   Total loss:	11874.546 (rec:667.090, round:11207.456)	b=16.06	count=7500
08/12/2026 09:32:02 - INFO - qdiff.block_recon -   Total loss:	11485.881 (rec:551.287, round:10934.594)	b=15.50	count=8000
08/12/2026 09:32:22 - INFO - qdiff.block_recon -   Total loss:	11308.409 (rec:639.236, round:10669.173)	b=14.94	count=8500
08/12/2026 09:32:41 - INFO - qdiff.block_recon -   Total loss:	11041.418 (rec:636.661, round:10404.757)	b=14.38	count=9000
08/12/2026 09:33:01 - INFO - qdiff.block_recon -   Total loss:	10808.265 (rec:665.225, round:10143.040)	b=13.81	count=9500
08/12/2026 09:33:20 - INFO - qdiff.block_recon -   Total loss:	10467.054 (rec:590.659, round:9876.395)	b=13.25	count=10000
08/12/2026 09:33:39 - INFO - qdiff.block_recon -   Total loss:	10310.878 (rec:699.932, round:9610.945)	b=12.69	count=10500
08/12/2026 09:33:59 - INFO - qdiff.block_recon -   Total loss:	10012.577 (rec:672.067, round:9340.510)	b=12.12	count=11000
08/12/2026 09:34:18 - INFO - qdiff.block_recon -   Total loss:	9693.328 (rec:627.145, round:9066.184)	b=11.56	count=11500
08/12/2026 09:34:38 - INFO - qdiff.block_recon -   Total loss:	9436.947 (rec:651.007, round:8785.939)	b=11.00	count=12000
08/12/2026 09:34:57 - INFO - qdiff.block_recon -   Total loss:	9232.002 (rec:738.027, round:8493.976)	b=10.44	count=12500
08/12/2026 09:35:16 - INFO - qdiff.block_recon -   Total loss:	8852.155 (rec:658.256, round:8193.898)	b=9.88	count=13000
08/12/2026 09:35:35 - INFO - qdiff.block_recon -   Total loss:	8474.197 (rec:595.282, round:7878.915)	b=9.31	count=13500
08/12/2026 09:35:55 - INFO - qdiff.block_recon -   Total loss:	8148.130 (rec:600.733, round:7547.397)	b=8.75	count=14000
08/12/2026 09:36:14 - INFO - qdiff.block_recon -   Total loss:	7871.867 (rec:671.557, round:7200.310)	b=8.19	count=14500
08/12/2026 09:36:33 - INFO - qdiff.block_recon -   Total loss:	7483.522 (rec:652.105, round:6831.417)	b=7.62	count=15000
08/12/2026 09:36:53 - INFO - qdiff.block_recon -   Total loss:	7060.081 (rec:623.444, round:6436.637)	b=7.06	count=15500
08/12/2026 09:37:12 - INFO - qdiff.block_recon -   Total loss:	6587.830 (rec:574.744, round:6013.085)	b=6.50	count=16000
08/12/2026 09:37:32 - INFO - qdiff.block_recon -   Total loss:	6183.143 (rec:626.488, round:5556.654)	b=5.94	count=16500
08/12/2026 09:37:52 - INFO - qdiff.block_recon -   Total loss:	5785.468 (rec:728.071, round:5057.397)	b=5.38	count=17000
08/12/2026 09:38:13 - INFO - qdiff.block_recon -   Total loss:	5051.939 (rec:538.881, round:4513.058)	b=4.81	count=17500
08/12/2026 10:16:18 - INFO - qdiff.block_recon -   Total loss:	4602.933 (rec:686.876, round:3916.057)	b=4.25	count=18000
08/12/2026 10:16:35 - INFO - qdiff.block_recon -   Total loss:	3887.625 (rec:626.278, round:3261.348)	b=3.69	count=18500
08/12/2026 10:16:59 - INFO - qdiff.block_recon -   Total loss:	3225.976 (rec:686.525, round:2539.451)	b=3.12	count=19000
08/12/2026 10:17:20 - INFO - qdiff.block_recon -   Total loss:	2393.409 (rec:645.280, round:1748.129)	b=2.56	count=19500
08/12/2026 10:17:42 - INFO - qdiff.block_recon -   Total loss:	1613.438 (rec:683.093, round:930.345)	b=2.00	count=20000
08/12/2026 10:17:42 - INFO - __main__ -   model.up.1.block.1 True
08/12/2026 10:17:42 - INFO - __main__ -   Reconstruction for block model.up.1.block.1
08/12/2026 10:20:39 - INFO - qdiff.utils -   in 1 shape: torch.Size([4608, 512, 16, 16]), in 2 shape: torch.Size([4608, 512])
08/12/2026 10:20:39 - INFO - qdiff.utils -   out shape: torch.Size([4608, 256, 16, 16])
08/12/2026 10:20:59 - INFO - qdiff.block_recon -   Total loss:	559.688 (rec:559.688, round:0.000)	b=0.00	count=500
08/12/2026 10:21:17 - INFO - qdiff.block_recon -   Total loss:	548.780 (rec:548.780, round:0.000)	b=0.00	count=1000
08/12/2026 10:21:36 - INFO - qdiff.block_recon -   Total loss:	500.184 (rec:500.184, round:0.000)	b=0.00	count=1500
08/12/2026 10:21:54 - INFO - qdiff.block_recon -   Total loss:	496.626 (rec:496.626, round:0.000)	b=0.00	count=2000
08/12/2026 10:22:13 - INFO - qdiff.block_recon -   Total loss:	424.114 (rec:424.114, round:0.000)	b=0.00	count=2500
08/12/2026 10:22:31 - INFO - qdiff.block_recon -   Total loss:	404.009 (rec:404.009, round:0.000)	b=0.00	count=3000
08/12/2026 10:22:50 - INFO - qdiff.block_recon -   Total loss:	470.215 (rec:470.215, round:0.000)	b=0.00	count=3500
08/12/2026 10:23:07 - INFO - qdiff.block_recon -   Total loss:	18664.494 (rec:526.106, round:18138.389)	b=20.00	count=4000
08/12/2026 10:23:25 - INFO - qdiff.block_recon -   Total loss:	13972.092 (rec:445.410, round:13526.682)	b=19.44	count=4500
08/12/2026 10:23:43 - INFO - qdiff.block_recon -   Total loss:	13187.077 (rec:398.945, round:12788.132)	b=18.88	count=5000
08/12/2026 10:24:02 - INFO - qdiff.block_recon -   Total loss:	12852.039 (rec:515.491, round:12336.548)	b=18.31	count=5500
08/12/2026 10:24:20 - INFO - qdiff.block_recon -   Total loss:	12410.785 (rec:427.546, round:11983.239)	b=17.75	count=6000
08/12/2026 10:24:39 - INFO - qdiff.block_recon -   Total loss:	12139.639 (rec:464.713, round:11674.926)	b=17.19	count=6500
08/12/2026 10:24:57 - INFO - qdiff.block_recon -   Total loss:	11822.229 (rec:429.629, round:11392.600)	b=16.62	count=7000
08/12/2026 10:25:15 - INFO - qdiff.block_recon -   Total loss:	11630.288 (rec:506.834, round:11123.454)	b=16.06	count=7500
08/12/2026 10:25:33 - INFO - qdiff.block_recon -   Total loss:	11333.532 (rec:474.290, round:10859.242)	b=15.50	count=8000
08/12/2026 10:25:51 - INFO - qdiff.block_recon -   Total loss:	11099.000 (rec:497.806, round:10601.194)	b=14.94	count=8500
08/12/2026 10:26:09 - INFO - qdiff.block_recon -   Total loss:	10861.106 (rec:515.156, round:10345.950)	b=14.38	count=9000
08/12/2026 10:26:27 - INFO - qdiff.block_recon -   Total loss:	10592.259 (rec:501.534, round:10090.725)	b=13.81	count=9500
08/12/2026 10:26:45 - INFO - qdiff.block_recon -   Total loss:	10284.253 (rec:451.860, round:9832.394)	b=13.25	count=10000
08/12/2026 10:27:03 - INFO - qdiff.block_recon -   Total loss:	10143.630 (rec:571.263, round:9572.366)	b=12.69	count=10500
08/12/2026 10:27:21 - INFO - qdiff.block_recon -   Total loss:	9805.340 (rec:501.781, round:9303.559)	b=12.12	count=11000
08/12/2026 10:27:39 - INFO - qdiff.block_recon -   Total loss:	9473.253 (rec:443.064, round:9030.188)	b=11.56	count=11500
08/12/2026 10:27:57 - INFO - qdiff.block_recon -   Total loss:	9252.959 (rec:505.819, round:8747.140)	b=11.00	count=12000
08/12/2026 10:28:15 - INFO - qdiff.block_recon -   Total loss:	8981.113 (rec:529.241, round:8451.872)	b=10.44	count=12500
08/12/2026 10:28:33 - INFO - qdiff.block_recon -   Total loss:	8637.572 (rec:494.855, round:8142.717)	b=9.88	count=13000
08/12/2026 10:28:51 - INFO - qdiff.block_recon -   Total loss:	8241.835 (rec:421.271, round:7820.564)	b=9.31	count=13500
08/12/2026 10:29:09 - INFO - qdiff.block_recon -   Total loss:	7898.291 (rec:416.207, round:7482.084)	b=8.75	count=14000
08/12/2026 10:29:27 - INFO - qdiff.block_recon -   Total loss:	7540.944 (rec:419.707, round:7121.237)	b=8.19	count=14500
08/12/2026 10:29:45 - INFO - qdiff.block_recon -   Total loss:	7246.404 (rec:508.800, round:6737.604)	b=7.62	count=15000
08/12/2026 10:30:03 - INFO - qdiff.block_recon -   Total loss:	6876.860 (rec:550.858, round:6326.002)	b=7.06	count=15500
08/12/2026 10:30:21 - INFO - qdiff.block_recon -   Total loss:	6348.950 (rec:465.446, round:5883.504)	b=6.50	count=16000
08/12/2026 10:30:39 - INFO - qdiff.block_recon -   Total loss:	5856.383 (rec:451.223, round:5405.160)	b=5.94	count=16500
08/12/2026 10:30:57 - INFO - qdiff.block_recon -   Total loss:	5365.735 (rec:481.813, round:4883.922)	b=5.38	count=17000
08/12/2026 10:31:15 - INFO - qdiff.block_recon -   Total loss:	4834.776 (rec:519.332, round:4315.444)	b=4.81	count=17500
08/12/2026 10:31:33 - INFO - qdiff.block_recon -   Total loss:	4158.459 (rec:465.174, round:3693.285)	b=4.25	count=18000
08/12/2026 10:31:51 - INFO - qdiff.block_recon -   Total loss:	3400.289 (rec:386.395, round:3013.894)	b=3.69	count=18500
08/12/2026 10:32:09 - INFO - qdiff.block_recon -   Total loss:	2798.263 (rec:528.567, round:2269.696)	b=3.12	count=19000
08/12/2026 10:32:27 - INFO - qdiff.block_recon -   Total loss:	2044.773 (rec:568.674, round:1476.099)	b=2.56	count=19500
08/12/2026 10:32:46 - INFO - qdiff.block_recon -   Total loss:	1197.667 (rec:483.608, round:714.059)	b=2.00	count=20000
08/12/2026 10:32:46 - INFO - __main__ -   model.up.1.block.2 True
08/12/2026 10:32:46 - INFO - __main__ -   Reconstruction for block model.up.1.block.2
08/12/2026 10:34:19 - INFO - qdiff.utils -   in 1 shape: torch.Size([4608, 384, 16, 16]), in 2 shape: torch.Size([4608, 512])
08/12/2026 10:34:19 - INFO - qdiff.utils -   out shape: torch.Size([4608, 256, 16, 16])
08/12/2026 10:34:34 - INFO - qdiff.block_recon -   Total loss:	396.294 (rec:396.294, round:0.000)	b=0.00	count=500
08/12/2026 10:34:48 - INFO - qdiff.block_recon -   Total loss:	376.759 (rec:376.759, round:0.000)	b=0.00	count=1000
08/12/2026 10:35:02 - INFO - qdiff.block_recon -   Total loss:	348.449 (rec:348.449, round:0.000)	b=0.00	count=1500
08/12/2026 10:35:16 - INFO - qdiff.block_recon -   Total loss:	324.260 (rec:324.260, round:0.000)	b=0.00	count=2000
08/12/2026 10:35:31 - INFO - qdiff.block_recon -   Total loss:	374.387 (rec:374.387, round:0.000)	b=0.00	count=2500
08/12/2026 10:35:45 - INFO - qdiff.block_recon -   Total loss:	385.447 (rec:385.447, round:0.000)	b=0.00	count=3000
08/12/2026 10:35:59 - INFO - qdiff.block_recon -   Total loss:	381.817 (rec:381.817, round:0.000)	b=0.00	count=3500
08/12/2026 10:36:13 - INFO - qdiff.block_recon -   Total loss:	15800.418 (rec:432.546, round:15367.872)	b=20.00	count=4000
08/12/2026 10:36:29 - INFO - qdiff.block_recon -   Total loss:	11645.705 (rec:326.600, round:11319.105)	b=19.44	count=4500
08/12/2026 10:36:44 - INFO - qdiff.block_recon -   Total loss:	11055.202 (rec:368.118, round:10687.084)	b=18.88	count=5000
08/12/2026 10:37:00 - INFO - qdiff.block_recon -   Total loss:	10632.185 (rec:333.601, round:10298.584)	b=18.31	count=5500
08/12/2026 10:37:15 - INFO - qdiff.block_recon -   Total loss:	10329.550 (rec:339.826, round:9989.725)	b=17.75	count=6000
08/12/2026 10:37:31 - INFO - qdiff.block_recon -   Total loss:	10108.897 (rec:392.115, round:9716.782)	b=17.19	count=6500
08/12/2026 10:37:47 - INFO - qdiff.block_recon -   Total loss:	9822.223 (rec:353.793, round:9468.430)	b=16.62	count=7000
08/12/2026 10:38:02 - INFO - qdiff.block_recon -   Total loss:	9601.277 (rec:373.542, round:9227.735)	b=16.06	count=7500
08/12/2026 10:38:18 - INFO - qdiff.block_recon -   Total loss:	9351.004 (rec:354.926, round:8996.078)	b=15.50	count=8000
08/12/2026 10:38:33 - INFO - qdiff.block_recon -   Total loss:	9116.933 (rec:348.504, round:8768.429)	b=14.94	count=8500
08/12/2026 10:38:49 - INFO - qdiff.block_recon -   Total loss:	8879.533 (rec:339.406, round:8540.127)	b=14.38	count=9000
08/12/2026 10:39:05 - INFO - qdiff.block_recon -   Total loss:	8666.803 (rec:353.758, round:8313.045)	b=13.81	count=9500
08/12/2026 10:39:21 - INFO - qdiff.block_recon -   Total loss:	8464.119 (rec:378.065, round:8086.054)	b=13.25	count=10000
08/12/2026 10:39:37 - INFO - qdiff.block_recon -   Total loss:	8199.729 (rec:344.754, round:7854.976)	b=12.69	count=10500
08/12/2026 10:39:53 - INFO - qdiff.block_recon -   Total loss:	7958.942 (rec:340.646, round:7618.296)	b=12.12	count=11000
08/12/2026 10:40:08 - INFO - qdiff.block_recon -   Total loss:	7714.551 (rec:335.655, round:7378.896)	b=11.56	count=11500
08/12/2026 10:40:24 - INFO - qdiff.block_recon -   Total loss:	7473.423 (rec:345.430, round:7127.994)	b=11.00	count=12000
08/12/2026 10:40:39 - INFO - qdiff.block_recon -   Total loss:	7225.209 (rec:353.507, round:6871.702)	b=10.44	count=12500
08/12/2026 10:40:55 - INFO - qdiff.block_recon -   Total loss:	6992.804 (rec:388.523, round:6604.281)	b=9.88	count=13000
08/12/2026 10:41:10 - INFO - qdiff.block_recon -   Total loss:	6679.849 (rec:352.367, round:6327.481)	b=9.31	count=13500
08/12/2026 10:41:26 - INFO - qdiff.block_recon -   Total loss:	6416.712 (rec:382.211, round:6034.501)	b=8.75	count=14000
08/12/2026 10:41:42 - INFO - qdiff.block_recon -   Total loss:	6069.843 (rec:346.846, round:5722.997)	b=8.19	count=14500
08/12/2026 10:41:57 - INFO - qdiff.block_recon -   Total loss:	5735.533 (rec:342.628, round:5392.904)	b=7.62	count=15000
08/12/2026 10:42:13 - INFO - qdiff.block_recon -   Total loss:	5389.679 (rec:349.005, round:5040.674)	b=7.06	count=15500
08/12/2026 10:42:28 - INFO - qdiff.block_recon -   Total loss:	5040.811 (rec:379.556, round:4661.255)	b=6.50	count=16000
08/12/2026 10:42:44 - INFO - qdiff.block_recon -   Total loss:	4628.427 (rec:373.419, round:4255.008)	b=5.94	count=16500
08/12/2026 10:42:59 - INFO - qdiff.block_recon -   Total loss:	4197.978 (rec:381.227, round:3816.751)	b=5.38	count=17000
08/12/2026 10:43:15 - INFO - qdiff.block_recon -   Total loss:	3713.115 (rec:374.977, round:3338.137)	b=4.81	count=17500
08/12/2026 10:43:30 - INFO - qdiff.block_recon -   Total loss:	3175.825 (rec:357.122, round:2818.702)	b=4.25	count=18000
08/12/2026 10:43:46 - INFO - qdiff.block_recon -   Total loss:	2615.924 (rec:358.979, round:2256.945)	b=3.69	count=18500
08/12/2026 10:44:01 - INFO - qdiff.block_recon -   Total loss:	2058.110 (rec:405.408, round:1652.701)	b=3.12	count=19000
08/12/2026 10:44:17 - INFO - qdiff.block_recon -   Total loss:	1445.930 (rec:419.559, round:1026.370)	b=2.56	count=19500
08/12/2026 10:44:32 - INFO - qdiff.block_recon -   Total loss:	811.941 (rec:343.652, round:468.289)	b=2.00	count=20000
08/12/2026 10:44:32 - INFO - __main__ -   model.up.1.attn False
08/12/2026 10:44:32 - INFO - __main__ -   model.up.1.attn.0 True
08/12/2026 10:44:32 - INFO - __main__ -   Reconstruction for block model.up.1.attn.0
08/12/2026 10:45:51 - INFO - qdiff.utils -   in shape: torch.Size([4608, 256, 16, 16])
08/12/2026 10:45:51 - INFO - qdiff.utils -   out shape: torch.Size([4608, 256, 16, 16])
08/12/2026 10:45:58 - INFO - qdiff.block_recon -   Total loss:	449.461 (rec:449.461, round:0.000)	b=0.00	count=500
08/12/2026 10:46:04 - INFO - qdiff.block_recon -   Total loss:	501.798 (rec:501.798, round:0.000)	b=0.00	count=1000
08/12/2026 10:46:11 - INFO - qdiff.block_recon -   Total loss:	511.208 (rec:511.208, round:0.000)	b=0.00	count=1500
08/12/2026 10:46:17 - INFO - qdiff.block_recon -   Total loss:	475.454 (rec:475.454, round:0.000)	b=0.00	count=2000
08/12/2026 10:46:24 - INFO - qdiff.block_recon -   Total loss:	443.834 (rec:443.834, round:0.000)	b=0.00	count=2500
08/12/2026 10:46:30 - INFO - qdiff.block_recon -   Total loss:	495.264 (rec:495.264, round:0.000)	b=0.00	count=3000
08/12/2026 10:46:36 - INFO - qdiff.block_recon -   Total loss:	424.691 (rec:424.691, round:0.000)	b=0.00	count=3500
08/12/2026 10:46:43 - INFO - qdiff.block_recon -   Total loss:	2812.109 (rec:389.165, round:2422.944)	b=20.00	count=4000
08/12/2026 10:46:51 - INFO - qdiff.block_recon -   Total loss:	2327.435 (rec:421.579, round:1905.856)	b=19.44	count=4500
08/12/2026 10:46:58 - INFO - qdiff.block_recon -   Total loss:	2280.865 (rec:477.184, round:1803.681)	b=18.88	count=5000
08/12/2026 10:47:06 - INFO - qdiff.block_recon -   Total loss:	2188.163 (rec:445.759, round:1742.403)	b=18.31	count=5500
08/12/2026 10:47:14 - INFO - qdiff.block_recon -   Total loss:	2113.554 (rec:417.795, round:1695.759)	b=17.75	count=6000
08/12/2026 10:47:22 - INFO - qdiff.block_recon -   Total loss:	2082.832 (rec:428.659, round:1654.173)	b=17.19	count=6500
08/12/2026 10:47:30 - INFO - qdiff.block_recon -   Total loss:	2083.843 (rec:467.038, round:1616.805)	b=16.62	count=7000
08/12/2026 10:47:38 - INFO - qdiff.block_recon -   Total loss:	2054.573 (rec:472.638, round:1581.935)	b=16.06	count=7500
08/12/2026 10:47:45 - INFO - qdiff.block_recon -   Total loss:	1989.089 (rec:441.758, round:1547.331)	b=15.50	count=8000
08/12/2026 10:47:53 - INFO - qdiff.block_recon -   Total loss:	1921.059 (rec:406.829, round:1514.229)	b=14.94	count=8500
08/12/2026 10:48:01 - INFO - qdiff.block_recon -   Total loss:	1944.091 (rec:464.057, round:1480.034)	b=14.38	count=9000
08/12/2026 10:48:09 - INFO - qdiff.block_recon -   Total loss:	1929.489 (rec:482.481, round:1447.008)	b=13.81	count=9500
08/12/2026 10:48:17 - INFO - qdiff.block_recon -   Total loss:	1877.328 (rec:463.733, round:1413.595)	b=13.25	count=10000
08/12/2026 10:48:24 - INFO - qdiff.block_recon -   Total loss:	1821.614 (rec:442.715, round:1378.898)	b=12.69	count=10500
08/12/2026 10:48:32 - INFO - qdiff.block_recon -   Total loss:	1803.289 (rec:460.325, round:1342.964)	b=12.12	count=11000
08/12/2026 10:48:40 - INFO - qdiff.block_recon -   Total loss:	1815.245 (rec:508.545, round:1306.700)	b=11.56	count=11500
08/12/2026 10:48:48 - INFO - qdiff.block_recon -   Total loss:	1723.952 (rec:454.426, round:1269.526)	b=11.00	count=12000
08/12/2026 10:48:56 - INFO - qdiff.block_recon -   Total loss:	1690.691 (rec:459.999, round:1230.692)	b=10.44	count=12500
08/12/2026 10:49:04 - INFO - qdiff.block_recon -   Total loss:	1616.986 (rec:426.618, round:1190.368)	b=9.88	count=13000
08/12/2026 10:49:12 - INFO - qdiff.block_recon -   Total loss:	1632.375 (rec:483.565, round:1148.810)	b=9.31	count=13500
08/12/2026 10:49:19 - INFO - qdiff.block_recon -   Total loss:	1542.070 (rec:437.682, round:1104.387)	b=8.75	count=14000
08/12/2026 10:49:27 - INFO - qdiff.block_recon -   Total loss:	1490.739 (rec:432.859, round:1057.880)	b=8.19	count=14500
08/12/2026 10:49:35 - INFO - qdiff.block_recon -   Total loss:	1455.093 (rec:446.547, round:1008.546)	b=7.62	count=15000
08/12/2026 10:49:43 - INFO - qdiff.block_recon -   Total loss:	1480.272 (rec:524.142, round:956.130)	b=7.06	count=15500
08/12/2026 10:49:50 - INFO - qdiff.block_recon -   Total loss:	1334.347 (rec:434.710, round:899.637)	b=6.50	count=16000
08/12/2026 10:49:58 - INFO - qdiff.block_recon -   Total loss:	1310.777 (rec:472.547, round:838.230)	b=5.94	count=16500
08/12/2026 10:50:06 - INFO - qdiff.block_recon -   Total loss:	1244.942 (rec:474.403, round:770.539)	b=5.38	count=17000
08/12/2026 10:50:14 - INFO - qdiff.block_recon -   Total loss:	1156.465 (rec:459.852, round:696.613)	b=4.81	count=17500
08/12/2026 10:50:22 - INFO - qdiff.block_recon -   Total loss:	1067.543 (rec:452.856, round:614.687)	b=4.25	count=18000
08/12/2026 10:50:30 - INFO - qdiff.block_recon -   Total loss:	993.622 (rec:468.948, round:524.674)	b=3.69	count=18500
08/12/2026 10:50:37 - INFO - qdiff.block_recon -   Total loss:	851.501 (rec:427.796, round:423.705)	b=3.12	count=19000
08/12/2026 10:50:45 - INFO - qdiff.block_recon -   Total loss:	747.196 (rec:436.545, round:310.651)	b=2.56	count=19500
08/12/2026 10:50:53 - INFO - qdiff.block_recon -   Total loss:	609.035 (rec:422.742, round:186.294)	b=2.00	count=20000
08/12/2026 10:50:53 - INFO - __main__ -   model.up.1.attn.1 True
08/12/2026 10:50:53 - INFO - __main__ -   Reconstruction for block model.up.1.attn.1
08/12/2026 10:52:17 - INFO - qdiff.utils -   in shape: torch.Size([4608, 256, 16, 16])
08/12/2026 10:52:17 - INFO - qdiff.utils -   out shape: torch.Size([4608, 256, 16, 16])
08/12/2026 10:52:23 - INFO - qdiff.block_recon -   Total loss:	314.737 (rec:314.737, round:0.000)	b=0.00	count=500
08/12/2026 10:52:30 - INFO - qdiff.block_recon -   Total loss:	347.217 (rec:347.217, round:0.000)	b=0.00	count=1000
08/12/2026 10:52:36 - INFO - qdiff.block_recon -   Total loss:	339.209 (rec:339.209, round:0.000)	b=0.00	count=1500
08/12/2026 10:52:43 - INFO - qdiff.block_recon -   Total loss:	316.667 (rec:316.667, round:0.000)	b=0.00	count=2000
08/12/2026 10:52:49 - INFO - qdiff.block_recon -   Total loss:	347.861 (rec:347.861, round:0.000)	b=0.00	count=2500
08/12/2026 10:52:56 - INFO - qdiff.block_recon -   Total loss:	344.889 (rec:344.889, round:0.000)	b=0.00	count=3000
08/12/2026 10:53:02 - INFO - qdiff.block_recon -   Total loss:	374.714 (rec:374.714, round:0.000)	b=0.00	count=3500
08/12/2026 10:53:08 - INFO - qdiff.block_recon -   Total loss:	2794.024 (rec:401.115, round:2392.909)	b=20.00	count=4000
08/12/2026 10:53:16 - INFO - qdiff.block_recon -   Total loss:	2204.703 (rec:378.206, round:1826.497)	b=19.44	count=4500
08/12/2026 10:53:24 - INFO - qdiff.block_recon -   Total loss:	2135.433 (rec:409.847, round:1725.586)	b=18.88	count=5000
08/12/2026 10:53:32 - INFO - qdiff.block_recon -   Total loss:	1982.609 (rec:320.064, round:1662.546)	b=18.31	count=5500
08/12/2026 10:53:40 - INFO - qdiff.block_recon -   Total loss:	1966.290 (rec:354.267, round:1612.022)	b=17.75	count=6000
08/12/2026 10:53:47 - INFO - qdiff.block_recon -   Total loss:	1916.338 (rec:347.720, round:1568.619)	b=17.19	count=6500
08/12/2026 10:53:55 - INFO - qdiff.block_recon -   Total loss:	1886.590 (rec:359.437, round:1527.153)	b=16.62	count=7000
08/12/2026 10:54:03 - INFO - qdiff.block_recon -   Total loss:	1869.427 (rec:380.111, round:1489.316)	b=16.06	count=7500
08/12/2026 10:54:11 - INFO - qdiff.block_recon -   Total loss:	1843.274 (rec:390.387, round:1452.888)	b=15.50	count=8000
08/12/2026 10:54:18 - INFO - qdiff.block_recon -   Total loss:	1724.116 (rec:306.720, round:1417.396)	b=14.94	count=8500
08/12/2026 10:54:26 - INFO - qdiff.block_recon -   Total loss:	1718.781 (rec:338.475, round:1380.306)	b=14.38	count=9000
08/12/2026 10:54:34 - INFO - qdiff.block_recon -   Total loss:	1692.154 (rec:348.934, round:1343.220)	b=13.81	count=9500
08/12/2026 10:54:42 - INFO - qdiff.block_recon -   Total loss:	1660.313 (rec:352.909, round:1307.404)	b=13.25	count=10000
08/12/2026 10:54:50 - INFO - qdiff.block_recon -   Total loss:	1567.050 (rec:296.016, round:1271.034)	b=12.69	count=10500
08/12/2026 10:54:57 - INFO - qdiff.block_recon -   Total loss:	1592.735 (rec:359.380, round:1233.355)	b=12.12	count=11000
08/12/2026 10:55:05 - INFO - qdiff.block_recon -   Total loss:	1558.875 (rec:363.193, round:1195.682)	b=11.56	count=11500
08/12/2026 10:55:13 - INFO - qdiff.block_recon -   Total loss:	1497.909 (rec:340.943, round:1156.966)	b=11.00	count=12000
08/12/2026 10:55:21 - INFO - qdiff.block_recon -   Total loss:	1533.089 (rec:416.149, round:1116.940)	b=10.44	count=12500
08/12/2026 10:55:28 - INFO - qdiff.block_recon -   Total loss:	1399.183 (rec:323.795, round:1075.387)	b=9.88	count=13000
08/12/2026 10:55:36 - INFO - qdiff.block_recon -   Total loss:	1357.363 (rec:325.433, round:1031.930)	b=9.31	count=13500
08/12/2026 10:55:44 - INFO - qdiff.block_recon -   Total loss:	1265.734 (rec:279.418, round:986.316)	b=8.75	count=14000
08/12/2026 10:55:52 - INFO - qdiff.block_recon -   Total loss:	1289.712 (rec:352.455, round:937.257)	b=8.19	count=14500
08/12/2026 10:56:00 - INFO - qdiff.block_recon -   Total loss:	1166.850 (rec:280.835, round:886.014)	b=7.62	count=15000
08/12/2026 10:56:07 - INFO - qdiff.block_recon -   Total loss:	1213.378 (rec:380.224, round:833.153)	b=7.06	count=15500
08/12/2026 10:56:15 - INFO - qdiff.block_recon -   Total loss:	1083.338 (rec:307.702, round:775.636)	b=6.50	count=16000
08/12/2026 10:56:23 - INFO - qdiff.block_recon -   Total loss:	1119.637 (rec:406.253, round:713.384)	b=5.94	count=16500
08/12/2026 10:56:31 - INFO - qdiff.block_recon -   Total loss:	1000.001 (rec:353.159, round:646.842)	b=5.38	count=17000
08/12/2026 10:56:38 - INFO - qdiff.block_recon -   Total loss:	863.679 (rec:290.073, round:573.607)	b=4.81	count=17500
08/12/2026 10:56:46 - INFO - qdiff.block_recon -   Total loss:	794.955 (rec:301.368, round:493.586)	b=4.25	count=18000
08/12/2026 10:56:54 - INFO - qdiff.block_recon -   Total loss:	709.669 (rec:301.804, round:407.865)	b=3.69	count=18500
08/12/2026 10:57:02 - INFO - qdiff.block_recon -   Total loss:	621.102 (rec:307.628, round:313.474)	b=3.12	count=19000
08/12/2026 10:57:10 - INFO - qdiff.block_recon -   Total loss:	581.884 (rec:371.283, round:210.601)	b=2.56	count=19500
08/12/2026 10:57:17 - INFO - qdiff.block_recon -   Total loss:	496.908 (rec:387.945, round:108.963)	b=2.00	count=20000
08/12/2026 10:57:17 - INFO - __main__ -   model.up.1.attn.2 True
08/12/2026 10:57:17 - INFO - __main__ -   Reconstruction for block model.up.1.attn.2
08/12/2026 10:58:47 - INFO - qdiff.utils -   in shape: torch.Size([4608, 256, 16, 16])
08/12/2026 10:58:47 - INFO - qdiff.utils -   out shape: torch.Size([4608, 256, 16, 16])
08/12/2026 10:58:53 - INFO - qdiff.block_recon -   Total loss:	290.292 (rec:290.292, round:0.000)	b=0.00	count=500
08/12/2026 10:59:00 - INFO - qdiff.block_recon -   Total loss:	324.013 (rec:324.013, round:0.000)	b=0.00	count=1000
08/12/2026 10:59:06 - INFO - qdiff.block_recon -   Total loss:	306.595 (rec:306.595, round:0.000)	b=0.00	count=1500
08/12/2026 10:59:13 - INFO - qdiff.block_recon -   Total loss:	286.944 (rec:286.944, round:0.000)	b=0.00	count=2000
08/12/2026 10:59:19 - INFO - qdiff.block_recon -   Total loss:	289.782 (rec:289.782, round:0.000)	b=0.00	count=2500
08/12/2026 10:59:25 - INFO - qdiff.block_recon -   Total loss:	308.329 (rec:308.329, round:0.000)	b=0.00	count=3000
08/12/2026 10:59:32 - INFO - qdiff.block_recon -   Total loss:	304.502 (rec:304.502, round:0.000)	b=0.00	count=3500
08/12/2026 10:59:38 - INFO - qdiff.block_recon -   Total loss:	2663.949 (rec:282.545, round:2381.404)	b=20.00	count=4000
08/12/2026 10:59:46 - INFO - qdiff.block_recon -   Total loss:	2061.974 (rec:288.031, round:1773.943)	b=19.44	count=4500
08/12/2026 10:59:54 - INFO - qdiff.block_recon -   Total loss:	1929.892 (rec:260.643, round:1669.249)	b=18.88	count=5000
08/12/2026 11:00:02 - INFO - qdiff.block_recon -   Total loss:	1910.594 (rec:305.556, round:1605.038)	b=18.31	count=5500
08/12/2026 11:00:09 - INFO - qdiff.block_recon -   Total loss:	1781.025 (rec:227.449, round:1553.577)	b=17.75	count=6000
08/12/2026 11:00:17 - INFO - qdiff.block_recon -   Total loss:	1829.809 (rec:322.831, round:1506.978)	b=17.19	count=6500
08/12/2026 11:00:25 - INFO - qdiff.block_recon -   Total loss:	1757.122 (rec:292.805, round:1464.317)	b=16.62	count=7000
08/12/2026 11:00:33 - INFO - qdiff.block_recon -   Total loss:	1700.165 (rec:277.497, round:1422.667)	b=16.06	count=7500
08/12/2026 11:00:40 - INFO - qdiff.block_recon -   Total loss:	1681.271 (rec:300.147, round:1381.124)	b=15.50	count=8000
08/12/2026 11:00:48 - INFO - qdiff.block_recon -   Total loss:	1654.410 (rec:312.956, round:1341.454)	b=14.94	count=8500
08/12/2026 11:00:56 - INFO - qdiff.block_recon -   Total loss:	1602.731 (rec:300.812, round:1301.919)	b=14.38	count=9000
08/12/2026 11:01:04 - INFO - qdiff.block_recon -   Total loss:	1540.710 (rec:277.868, round:1262.842)	b=13.81	count=9500
08/12/2026 11:01:11 - INFO - qdiff.block_recon -   Total loss:	1521.563 (rec:297.480, round:1224.083)	b=13.25	count=10000
08/12/2026 11:01:19 - INFO - qdiff.block_recon -   Total loss:	1450.832 (rec:265.653, round:1185.179)	b=12.69	count=10500
08/12/2026 11:01:27 - INFO - qdiff.block_recon -   Total loss:	1438.174 (rec:293.602, round:1144.573)	b=12.12	count=11000
08/12/2026 11:01:35 - INFO - qdiff.block_recon -   Total loss:	1348.752 (rec:245.560, round:1103.193)	b=11.56	count=11500
08/12/2026 11:01:43 - INFO - qdiff.block_recon -   Total loss:	1383.867 (rec:323.081, round:1060.785)	b=11.00	count=12000
08/12/2026 11:01:50 - INFO - qdiff.block_recon -   Total loss:	1298.539 (rec:280.871, round:1017.667)	b=10.44	count=12500
08/12/2026 11:01:58 - INFO - qdiff.block_recon -   Total loss:	1255.273 (rec:281.053, round:974.221)	b=9.88	count=13000
08/12/2026 11:02:06 - INFO - qdiff.block_recon -   Total loss:	1182.885 (rec:253.923, round:928.962)	b=9.31	count=13500
08/12/2026 11:02:14 - INFO - qdiff.block_recon -   Total loss:	1157.134 (rec:275.058, round:882.076)	b=8.75	count=14000
08/12/2026 11:02:22 - INFO - qdiff.block_recon -   Total loss:	1087.214 (rec:254.403, round:832.810)	b=8.19	count=14500
08/12/2026 11:02:30 - INFO - qdiff.block_recon -   Total loss:	1052.537 (rec:271.201, round:781.335)	b=7.62	count=15000
08/12/2026 11:02:38 - INFO - qdiff.block_recon -   Total loss:	1052.860 (rec:324.017, round:728.844)	b=7.06	count=15500
08/12/2026 11:02:45 - INFO - qdiff.block_recon -   Total loss:	926.807 (rec:257.032, round:669.774)	b=6.50	count=16000
08/12/2026 11:02:53 - INFO - qdiff.block_recon -   Total loss:	939.504 (rec:330.723, round:608.781)	b=5.94	count=16500
08/12/2026 11:03:01 - INFO - qdiff.block_recon -   Total loss:	834.915 (rec:290.052, round:544.863)	b=5.38	count=17000
08/12/2026 11:03:09 - INFO - qdiff.block_recon -   Total loss:	751.046 (rec:274.254, round:476.792)	b=4.81	count=17500
08/12/2026 11:03:17 - INFO - qdiff.block_recon -   Total loss:	661.600 (rec:258.585, round:403.015)	b=4.25	count=18000
08/12/2026 11:03:25 - INFO - qdiff.block_recon -   Total loss:	613.957 (rec:290.844, round:323.113)	b=3.69	count=18500
08/12/2026 11:03:32 - INFO - qdiff.block_recon -   Total loss:	527.458 (rec:289.203, round:238.256)	b=3.12	count=19000
08/12/2026 11:03:40 - INFO - qdiff.block_recon -   Total loss:	411.183 (rec:260.551, round:150.632)	b=2.56	count=19500
08/12/2026 11:03:48 - INFO - qdiff.block_recon -   Total loss:	418.291 (rec:345.107, round:73.184)	b=2.00	count=20000
08/12/2026 11:03:48 - INFO - __main__ -   model.up.1.upsample False
08/12/2026 11:03:48 - INFO - __main__ -   model.up.1.upsample.conv False
08/12/2026 11:03:48 - INFO - __main__ -   Reconstruction for layer model.up.1.upsample.conv
08/12/2026 11:05:44 - INFO - qdiff.utils -   in shape: torch.Size([4608, 256, 32, 32])
08/12/2026 11:05:44 - INFO - qdiff.utils -   out shape: torch.Size([4608, 256, 32, 32])
08/12/2026 11:06:09 - INFO - qdiff.layer_recon -   Total loss:	4669.623 (rec:4669.623, round:0.000)	b=0.00	count=500
08/12/2026 11:06:27 - INFO - qdiff.layer_recon -   Total loss:	5213.337 (rec:5213.337, round:0.000)	b=0.00	count=1000
08/12/2026 11:06:46 - INFO - qdiff.layer_recon -   Total loss:	5249.775 (rec:5249.775, round:0.000)	b=0.00	count=1500
08/12/2026 11:07:04 - INFO - qdiff.layer_recon -   Total loss:	5213.982 (rec:5213.982, round:0.000)	b=0.00	count=2000
08/12/2026 11:07:24 - INFO - qdiff.layer_recon -   Total loss:	3908.337 (rec:3908.337, round:0.000)	b=0.00	count=2500
08/12/2026 11:07:49 - INFO - qdiff.layer_recon -   Total loss:	4777.112 (rec:4777.112, round:0.000)	b=0.00	count=3000
08/12/2026 11:08:15 - INFO - qdiff.layer_recon -   Total loss:	4735.312 (rec:4735.312, round:0.000)	b=0.00	count=3500
08/12/2026 11:08:41 - INFO - qdiff.layer_recon -   Total loss:	10842.730 (rec:5429.718, round:5413.012)	b=20.00	count=4000
08/12/2026 11:09:03 - INFO - qdiff.layer_recon -   Total loss:	9982.331 (rec:5126.071, round:4856.260)	b=19.44	count=4500
08/12/2026 11:09:27 - INFO - qdiff.layer_recon -   Total loss:	10147.480 (rec:5487.793, round:4659.688)	b=18.88	count=5000
08/12/2026 11:09:49 - INFO - qdiff.layer_recon -   Total loss:	9229.200 (rec:4695.417, round:4533.784)	b=18.31	count=5500
08/12/2026 11:10:07 - INFO - qdiff.layer_recon -   Total loss:	8825.441 (rec:4387.951, round:4437.491)	b=17.75	count=6000
08/12/2026 11:10:26 - INFO - qdiff.layer_recon -   Total loss:	9892.229 (rec:5533.417, round:4358.811)	b=17.19	count=6500
08/12/2026 11:10:44 - INFO - qdiff.layer_recon -   Total loss:	9037.484 (rec:4748.993, round:4288.492)	b=16.62	count=7000
08/12/2026 11:11:03 - INFO - qdiff.layer_recon -   Total loss:	9002.432 (rec:4778.722, round:4223.710)	b=16.06	count=7500
08/12/2026 11:11:30 - INFO - qdiff.layer_recon -   Total loss:	8640.030 (rec:4476.341, round:4163.689)	b=15.50	count=8000
08/12/2026 11:11:52 - INFO - qdiff.layer_recon -   Total loss:	9024.898 (rec:4918.654, round:4106.244)	b=14.94	count=8500
08/12/2026 11:12:17 - INFO - qdiff.layer_recon -   Total loss:	8146.568 (rec:4096.116, round:4050.452)	b=14.38	count=9000
08/12/2026 11:12:40 - INFO - qdiff.layer_recon -   Total loss:	9341.807 (rec:5346.506, round:3995.301)	b=13.81	count=9500
08/12/2026 11:13:03 - INFO - qdiff.layer_recon -   Total loss:	8651.856 (rec:4710.786, round:3941.071)	b=13.25	count=10000
08/12/2026 11:13:25 - INFO - qdiff.layer_recon -   Total loss:	8183.608 (rec:4296.335, round:3887.274)	b=12.69	count=10500
08/12/2026 11:13:47 - INFO - qdiff.layer_recon -   Total loss:	8399.222 (rec:4565.363, round:3833.859)	b=12.12	count=11000
08/12/2026 11:14:07 - INFO - qdiff.layer_recon -   Total loss:	8255.665 (rec:4476.215, round:3779.450)	b=11.56	count=11500
08/12/2026 11:14:31 - INFO - qdiff.layer_recon -   Total loss:	8234.528 (rec:4509.884, round:3724.644)	b=11.00	count=12000
08/12/2026 11:14:50 - INFO - qdiff.layer_recon -   Total loss:	8031.526 (rec:4364.014, round:3667.513)	b=10.44	count=12500
08/12/2026 11:15:09 - INFO - qdiff.layer_recon -   Total loss:	7408.810 (rec:3800.000, round:3608.810)	b=9.88	count=13000
08/12/2026 11:15:28 - INFO - qdiff.layer_recon -   Total loss:	8380.452 (rec:4832.873, round:3547.579)	b=9.31	count=13500
08/12/2026 11:15:48 - INFO - qdiff.layer_recon -   Total loss:	8857.773 (rec:5373.524, round:3484.249)	b=8.75	count=14000
08/12/2026 11:16:06 - INFO - qdiff.layer_recon -   Total loss:	8350.600 (rec:4933.418, round:3417.182)	b=8.19	count=14500
08/12/2026 11:16:29 - INFO - qdiff.layer_recon -   Total loss:	8293.938 (rec:4947.361, round:3346.577)	b=7.62	count=15000
08/12/2026 11:16:51 - INFO - qdiff.layer_recon -   Total loss:	7995.597 (rec:4724.736, round:3270.861)	b=7.06	count=15500
08/12/2026 11:17:14 - INFO - qdiff.layer_recon -   Total loss:	8511.472 (rec:5321.574, round:3189.898)	b=6.50	count=16000
08/12/2026 11:17:36 - INFO - qdiff.layer_recon -   Total loss:	7719.339 (rec:4618.073, round:3101.266)	b=5.94	count=16500
08/12/2026 11:18:00 - INFO - qdiff.layer_recon -   Total loss:	7895.178 (rec:4892.051, round:3003.127)	b=5.38	count=17000
08/12/2026 11:18:26 - INFO - qdiff.layer_recon -   Total loss:	8007.266 (rec:5113.018, round:2894.247)	b=4.81	count=17500
08/12/2026 11:18:51 - INFO - qdiff.layer_recon -   Total loss:	7619.777 (rec:4848.230, round:2771.547)	b=4.25	count=18000
08/12/2026 11:19:17 - INFO - qdiff.layer_recon -   Total loss:	8342.484 (rec:5711.952, round:2630.532)	b=3.69	count=18500
08/12/2026 11:19:39 - INFO - qdiff.layer_recon -   Total loss:	7766.134 (rec:5300.839, round:2465.295)	b=3.12	count=19000
08/12/2026 11:20:01 - INFO - qdiff.layer_recon -   Total loss:	8291.670 (rec:6026.689, round:2264.981)	b=2.56	count=19500
08/12/2026 11:20:21 - INFO - qdiff.layer_recon -   Total loss:	7382.374 (rec:5372.719, round:2009.655)	b=2.00	count=20000
08/12/2026 11:20:22 - INFO - __main__ -   model.up.2 False
08/12/2026 11:20:22 - INFO - __main__ -   model.up.2.block False
08/12/2026 11:20:22 - INFO - __main__ -   model.up.2.block.0 True
08/12/2026 11:20:22 - INFO - __main__ -   Reconstruction for block model.up.2.block.0
08/12/2026 11:21:16 - INFO - qdiff.utils -   in 1 shape: torch.Size([4608, 512, 8, 8]), in 2 shape: torch.Size([4608, 512])
08/12/2026 11:21:16 - INFO - qdiff.utils -   out shape: torch.Size([4608, 256, 8, 8])
08/12/2026 11:21:23 - INFO - qdiff.block_recon -   Total loss:	1152.566 (rec:1152.566, round:0.000)	b=0.00	count=500
08/12/2026 11:21:29 - INFO - qdiff.block_recon -   Total loss:	1134.552 (rec:1134.552, round:0.000)	b=0.00	count=1000
08/12/2026 11:21:36 - INFO - qdiff.block_recon -   Total loss:	1043.575 (rec:1043.575, round:0.000)	b=0.00	count=1500
08/12/2026 11:21:43 - INFO - qdiff.block_recon -   Total loss:	1128.059 (rec:1128.059, round:0.000)	b=0.00	count=2000
08/12/2026 11:21:49 - INFO - qdiff.block_recon -   Total loss:	966.215 (rec:966.215, round:0.000)	b=0.00	count=2500
08/12/2026 11:21:56 - INFO - qdiff.block_recon -   Total loss:	1090.509 (rec:1090.509, round:0.000)	b=0.00	count=3000
08/12/2026 11:22:03 - INFO - qdiff.block_recon -   Total loss:	979.349 (rec:979.349, round:0.000)	b=0.00	count=3500
08/12/2026 11:22:09 - INFO - qdiff.block_recon -   Total loss:	19184.418 (rec:1019.230, round:18165.188)	b=20.00	count=4000
08/12/2026 11:22:17 - INFO - qdiff.block_recon -   Total loss:	15490.538 (rec:1044.568, round:14445.971)	b=19.44	count=4500
08/12/2026 11:22:25 - INFO - qdiff.block_recon -   Total loss:	14684.021 (rec:996.824, round:13687.198)	b=18.88	count=5000
08/12/2026 11:22:33 - INFO - qdiff.block_recon -   Total loss:	14253.600 (rec:1030.721, round:13222.879)	b=18.31	count=5500
08/12/2026 11:22:40 - INFO - qdiff.block_recon -   Total loss:	13812.072 (rec:950.637, round:12861.435)	b=17.75	count=6000
08/12/2026 11:22:48 - INFO - qdiff.block_recon -   Total loss:	13530.986 (rec:984.771, round:12546.216)	b=17.19	count=6500
08/12/2026 11:22:56 - INFO - qdiff.block_recon -   Total loss:	13154.694 (rec:892.937, round:12261.758)	b=16.62	count=7000
08/12/2026 11:23:04 - INFO - qdiff.block_recon -   Total loss:	12942.249 (rec:952.001, round:11990.248)	b=16.06	count=7500
08/12/2026 11:23:12 - INFO - qdiff.block_recon -   Total loss:	12775.146 (rec:1046.052, round:11729.095)	b=15.50	count=8000
08/12/2026 11:23:20 - INFO - qdiff.block_recon -   Total loss:	12455.655 (rec:984.517, round:11471.138)	b=14.94	count=8500
08/12/2026 11:23:28 - INFO - qdiff.block_recon -   Total loss:	12199.735 (rec:982.146, round:11217.590)	b=14.38	count=9000
08/12/2026 11:23:35 - INFO - qdiff.block_recon -   Total loss:	11839.184 (rec:873.556, round:10965.628)	b=13.81	count=9500
08/12/2026 11:23:43 - INFO - qdiff.block_recon -   Total loss:	11690.409 (rec:976.558, round:10713.851)	b=13.25	count=10000
08/12/2026 11:23:51 - INFO - qdiff.block_recon -   Total loss:	11363.329 (rec:907.072, round:10456.258)	b=12.69	count=10500
08/12/2026 11:23:59 - INFO - qdiff.block_recon -   Total loss:	11203.484 (rec:1006.608, round:10196.876)	b=12.12	count=11000
08/12/2026 11:24:07 - INFO - qdiff.block_recon -   Total loss:	10864.481 (rec:934.641, round:9929.841)	b=11.56	count=11500
08/12/2026 11:24:15 - INFO - qdiff.block_recon -   Total loss:	10681.732 (rec:1025.286, round:9656.446)	b=11.00	count=12000
08/12/2026 11:24:23 - INFO - qdiff.block_recon -   Total loss:	10381.161 (rec:1005.478, round:9375.684)	b=10.44	count=12500
08/12/2026 11:24:30 - INFO - qdiff.block_recon -   Total loss:	10083.456 (rec:998.350, round:9085.106)	b=9.88	count=13000
08/12/2026 11:24:38 - INFO - qdiff.block_recon -   Total loss:	9594.531 (rec:812.560, round:8781.971)	b=9.31	count=13500
08/12/2026 11:24:46 - INFO - qdiff.block_recon -   Total loss:	9332.869 (rec:865.801, round:8467.067)	b=8.75	count=14000
08/12/2026 11:24:54 - INFO - qdiff.block_recon -   Total loss:	9107.909 (rec:972.295, round:8135.615)	b=8.19	count=14500
08/12/2026 11:25:02 - INFO - qdiff.block_recon -   Total loss:	8755.263 (rec:971.891, round:7783.372)	b=7.62	count=15000
08/12/2026 11:25:10 - INFO - qdiff.block_recon -   Total loss:	8456.865 (rec:1048.785, round:7408.080)	b=7.06	count=15500
08/12/2026 11:25:18 - INFO - qdiff.block_recon -   Total loss:	7966.159 (rec:963.660, round:7002.499)	b=6.50	count=16000
08/12/2026 11:25:25 - INFO - qdiff.block_recon -   Total loss:	7603.635 (rec:1037.267, round:6566.368)	b=5.94	count=16500
08/12/2026 11:25:33 - INFO - qdiff.block_recon -   Total loss:	7053.129 (rec:958.729, round:6094.400)	b=5.38	count=17000
08/12/2026 11:25:41 - INFO - qdiff.block_recon -   Total loss:	6614.639 (rec:1033.693, round:5580.945)	b=4.81	count=17500
08/12/2026 11:25:49 - INFO - qdiff.block_recon -   Total loss:	6070.835 (rec:1056.183, round:5014.652)	b=4.25	count=18000
08/12/2026 11:25:57 - INFO - qdiff.block_recon -   Total loss:	5318.482 (rec:941.507, round:4376.975)	b=3.69	count=18500
08/12/2026 11:26:05 - INFO - qdiff.block_recon -   Total loss:	4725.969 (rec:1063.911, round:3662.058)	b=3.12	count=19000
08/12/2026 11:26:13 - INFO - qdiff.block_recon -   Total loss:	3941.030 (rec:1085.204, round:2855.827)	b=2.56	count=19500
08/12/2026 11:26:21 - INFO - qdiff.block_recon -   Total loss:	3021.251 (rec:1080.672, round:1940.580)	b=2.00	count=20000
08/12/2026 11:26:21 - INFO - __main__ -   model.up.2.block.1 True
08/12/2026 11:26:21 - INFO - __main__ -   Reconstruction for block model.up.2.block.1
08/12/2026 11:27:14 - INFO - qdiff.utils -   in 1 shape: torch.Size([4608, 512, 8, 8]), in 2 shape: torch.Size([4608, 512])
08/12/2026 11:27:14 - INFO - qdiff.utils -   out shape: torch.Size([4608, 256, 8, 8])
08/12/2026 11:27:21 - INFO - qdiff.block_recon -   Total loss:	546.670 (rec:546.670, round:0.000)	b=0.00	count=500
08/12/2026 11:27:28 - INFO - qdiff.block_recon -   Total loss:	493.896 (rec:493.896, round:0.000)	b=0.00	count=1000
08/12/2026 11:27:34 - INFO - qdiff.block_recon -   Total loss:	515.305 (rec:515.305, round:0.000)	b=0.00	count=1500
08/12/2026 11:27:41 - INFO - qdiff.block_recon -   Total loss:	453.241 (rec:453.241, round:0.000)	b=0.00	count=2000
08/12/2026 11:27:48 - INFO - qdiff.block_recon -   Total loss:	462.355 (rec:462.355, round:0.000)	b=0.00	count=2500
08/12/2026 11:27:55 - INFO - qdiff.block_recon -   Total loss:	467.812 (rec:467.812, round:0.000)	b=0.00	count=3000
08/12/2026 11:28:01 - INFO - qdiff.block_recon -   Total loss:	497.733 (rec:497.733, round:0.000)	b=0.00	count=3500
08/12/2026 11:28:08 - INFO - qdiff.block_recon -   Total loss:	18741.574 (rec:475.896, round:18265.678)	b=20.00	count=4000
08/12/2026 11:28:16 - INFO - qdiff.block_recon -   Total loss:	14363.834 (rec:482.973, round:13880.860)	b=19.44	count=4500
08/12/2026 11:28:24 - INFO - qdiff.block_recon -   Total loss:	13534.461 (rec:403.281, round:13131.180)	b=18.88	count=5000
08/12/2026 11:28:32 - INFO - qdiff.block_recon -   Total loss:	13186.058 (rec:508.764, round:12677.294)	b=18.31	count=5500
08/12/2026 11:28:39 - INFO - qdiff.block_recon -   Total loss:	12743.568 (rec:420.847, round:12322.721)	b=17.75	count=6000
08/12/2026 11:28:47 - INFO - qdiff.block_recon -   Total loss:	12506.650 (rec:489.720, round:12016.931)	b=17.19	count=6500
08/12/2026 11:28:55 - INFO - qdiff.block_recon -   Total loss:	12181.452 (rec:443.775, round:11737.678)	b=16.62	count=7000
08/12/2026 11:29:03 - INFO - qdiff.block_recon -   Total loss:	11904.038 (rec:431.176, round:11472.862)	b=16.06	count=7500
08/12/2026 11:29:11 - INFO - qdiff.block_recon -   Total loss:	11677.638 (rec:462.949, round:11214.688)	b=15.50	count=8000
08/12/2026 11:29:19 - INFO - qdiff.block_recon -   Total loss:	11409.352 (rec:446.961, round:10962.391)	b=14.94	count=8500
08/12/2026 11:29:26 - INFO - qdiff.block_recon -   Total loss:	11157.678 (rec:447.033, round:10710.645)	b=14.38	count=9000
08/12/2026 11:29:34 - INFO - qdiff.block_recon -   Total loss:	10883.066 (rec:423.873, round:10459.193)	b=13.81	count=9500
08/12/2026 11:29:42 - INFO - qdiff.block_recon -   Total loss:	10599.058 (rec:393.563, round:10205.494)	b=13.25	count=10000
08/12/2026 11:29:50 - INFO - qdiff.block_recon -   Total loss:	10390.063 (rec:443.440, round:9946.624)	b=12.69	count=10500
08/12/2026 11:29:58 - INFO - qdiff.block_recon -   Total loss:	10158.131 (rec:477.259, round:9680.872)	b=12.12	count=11000
08/12/2026 11:30:06 - INFO - qdiff.block_recon -   Total loss:	9780.408 (rec:371.508, round:9408.900)	b=11.56	count=11500
08/12/2026 11:30:14 - INFO - qdiff.block_recon -   Total loss:	9586.786 (rec:456.551, round:9130.235)	b=11.00	count=12000
08/12/2026 11:30:21 - INFO - qdiff.block_recon -   Total loss:	9267.019 (rec:426.636, round:8840.382)	b=10.44	count=12500
08/12/2026 11:30:29 - INFO - qdiff.block_recon -   Total loss:	9008.144 (rec:468.573, round:8539.570)	b=9.88	count=13000
08/12/2026 11:30:37 - INFO - qdiff.block_recon -   Total loss:	8711.889 (rec:493.400, round:8218.489)	b=9.31	count=13500
08/12/2026 11:30:45 - INFO - qdiff.block_recon -   Total loss:	8318.648 (rec:435.766, round:7882.883)	b=8.75	count=14000
08/12/2026 11:30:53 - INFO - qdiff.block_recon -   Total loss:	7932.789 (rec:405.300, round:7527.489)	b=8.19	count=14500
08/12/2026 11:31:01 - INFO - qdiff.block_recon -   Total loss:	7578.491 (rec:427.614, round:7150.876)	b=7.62	count=15000
08/12/2026 11:31:08 - INFO - qdiff.block_recon -   Total loss:	7210.160 (rec:465.287, round:6744.873)	b=7.06	count=15500
08/12/2026 11:31:16 - INFO - qdiff.block_recon -   Total loss:	6801.097 (rec:489.577, round:6311.520)	b=6.50	count=16000
08/12/2026 11:31:24 - INFO - qdiff.block_recon -   Total loss:	6258.280 (rec:417.970, round:5840.310)	b=5.94	count=16500
08/12/2026 11:31:32 - INFO - qdiff.block_recon -   Total loss:	5825.351 (rec:501.215, round:5324.135)	b=5.38	count=17000
08/12/2026 11:31:40 - INFO - qdiff.block_recon -   Total loss:	5217.158 (rec:454.238, round:4762.920)	b=4.81	count=17500
08/12/2026 11:31:48 - INFO - qdiff.block_recon -   Total loss:	4644.319 (rec:499.545, round:4144.774)	b=4.25	count=18000
08/12/2026 11:31:55 - INFO - qdiff.block_recon -   Total loss:	3945.854 (rec:486.095, round:3459.760)	b=3.69	count=18500
08/12/2026 11:32:03 - INFO - qdiff.block_recon -   Total loss:	3165.544 (rec:461.599, round:2703.945)	b=3.12	count=19000
08/12/2026 11:32:11 - INFO - qdiff.block_recon -   Total loss:	2306.486 (rec:429.883, round:1876.603)	b=2.56	count=19500
08/12/2026 11:32:19 - INFO - qdiff.block_recon -   Total loss:	1520.711 (rec:510.656, round:1010.055)	b=2.00	count=20000
08/12/2026 11:32:19 - INFO - __main__ -   model.up.2.block.2 True
08/12/2026 11:32:19 - INFO - __main__ -   Reconstruction for block model.up.2.block.2
08/12/2026 11:33:15 - INFO - qdiff.utils -   in 1 shape: torch.Size([4608, 512, 8, 8]), in 2 shape: torch.Size([4608, 512])
08/12/2026 11:33:15 - INFO - qdiff.utils -   out shape: torch.Size([4608, 256, 8, 8])
08/12/2026 11:33:22 - INFO - qdiff.block_recon -   Total loss:	187.941 (rec:187.941, round:0.000)	b=0.00	count=500
08/12/2026 11:33:28 - INFO - qdiff.block_recon -   Total loss:	165.794 (rec:165.794, round:0.000)	b=0.00	count=1000
08/12/2026 11:33:35 - INFO - qdiff.block_recon -   Total loss:	173.225 (rec:173.225, round:0.000)	b=0.00	count=1500
08/12/2026 11:33:42 - INFO - qdiff.block_recon -   Total loss:	166.754 (rec:166.754, round:0.000)	b=0.00	count=2000
08/12/2026 11:33:49 - INFO - qdiff.block_recon -   Total loss:	181.487 (rec:181.487, round:0.000)	b=0.00	count=2500
08/12/2026 11:33:55 - INFO - qdiff.block_recon -   Total loss:	168.225 (rec:168.225, round:0.000)	b=0.00	count=3000
08/12/2026 11:34:02 - INFO - qdiff.block_recon -   Total loss:	140.553 (rec:140.553, round:0.000)	b=0.00	count=3500
08/12/2026 11:34:09 - INFO - qdiff.block_recon -   Total loss:	18386.436 (rec:168.020, round:18218.416)	b=20.00	count=4000
08/12/2026 11:34:17 - INFO - qdiff.block_recon -   Total loss:	13086.990 (rec:151.832, round:12935.158)	b=19.44	count=4500
08/12/2026 11:34:24 - INFO - qdiff.block_recon -   Total loss:	12358.195 (rec:162.512, round:12195.683)	b=18.88	count=5000
08/12/2026 11:34:32 - INFO - qdiff.block_recon -   Total loss:	11926.652 (rec:177.712, round:11748.940)	b=18.31	count=5500
08/12/2026 11:34:40 - INFO - qdiff.block_recon -   Total loss:	11542.766 (rec:149.749, round:11393.017)	b=17.75	count=6000
08/12/2026 11:34:48 - INFO - qdiff.block_recon -   Total loss:	11261.361 (rec:179.964, round:11081.397)	b=17.19	count=6500
08/12/2026 11:34:56 - INFO - qdiff.block_recon -   Total loss:	10954.061 (rec:162.167, round:10791.894)	b=16.62	count=7000
08/12/2026 11:35:04 - INFO - qdiff.block_recon -   Total loss:	10680.334 (rec:168.427, round:10511.907)	b=16.06	count=7500
08/12/2026 11:35:12 - INFO - qdiff.block_recon -   Total loss:	10379.548 (rec:141.392, round:10238.155)	b=15.50	count=8000
08/12/2026 11:35:19 - INFO - qdiff.block_recon -   Total loss:	10124.889 (rec:156.612, round:9968.276)	b=14.94	count=8500
08/12/2026 11:35:27 - INFO - qdiff.block_recon -   Total loss:	9864.357 (rec:163.367, round:9700.990)	b=14.38	count=9000
08/12/2026 11:35:35 - INFO - qdiff.block_recon -   Total loss:	9580.278 (rec:150.613, round:9429.665)	b=13.81	count=9500
08/12/2026 11:35:43 - INFO - qdiff.block_recon -   Total loss:	9301.520 (rec:148.527, round:9152.992)	b=13.25	count=10000
08/12/2026 11:35:51 - INFO - qdiff.block_recon -   Total loss:	9036.107 (rec:163.231, round:8872.876)	b=12.69	count=10500
08/12/2026 11:35:59 - INFO - qdiff.block_recon -   Total loss:	8747.655 (rec:162.012, round:8585.644)	b=12.12	count=11000
08/12/2026 11:36:06 - INFO - qdiff.block_recon -   Total loss:	8459.958 (rec:168.521, round:8291.438)	b=11.56	count=11500
08/12/2026 11:36:14 - INFO - qdiff.block_recon -   Total loss:	8150.313 (rec:164.676, round:7985.638)	b=11.00	count=12000
08/12/2026 11:36:22 - INFO - qdiff.block_recon -   Total loss:	7836.140 (rec:162.887, round:7673.252)	b=10.44	count=12500
08/12/2026 11:36:30 - INFO - qdiff.block_recon -   Total loss:	7515.365 (rec:167.851, round:7347.514)	b=9.88	count=13000
08/12/2026 11:36:38 - INFO - qdiff.block_recon -   Total loss:	7144.740 (rec:142.203, round:7002.537)	b=9.31	count=13500
08/12/2026 11:36:46 - INFO - qdiff.block_recon -   Total loss:	6808.338 (rec:164.122, round:6644.216)	b=8.75	count=14000
08/12/2026 11:36:54 - INFO - qdiff.block_recon -   Total loss:	6423.389 (rec:158.201, round:6265.188)	b=8.19	count=14500
08/12/2026 11:37:02 - INFO - qdiff.block_recon -   Total loss:	6030.727 (rec:168.114, round:5862.613)	b=7.62	count=15000
08/12/2026 11:37:10 - INFO - qdiff.block_recon -   Total loss:	5589.827 (rec:158.068, round:5431.759)	b=7.06	count=15500
08/12/2026 11:37:18 - INFO - qdiff.block_recon -   Total loss:	5147.577 (rec:171.389, round:4976.188)	b=6.50	count=16000
08/12/2026 11:37:26 - INFO - qdiff.block_recon -   Total loss:	4653.427 (rec:171.152, round:4482.275)	b=5.94	count=16500
08/12/2026 11:37:34 - INFO - qdiff.block_recon -   Total loss:	4111.021 (rec:159.781, round:3951.240)	b=5.38	count=17000
08/12/2026 11:37:42 - INFO - qdiff.block_recon -   Total loss:	3570.402 (rec:189.696, round:3380.706)	b=4.81	count=17500
08/12/2026 11:37:50 - INFO - qdiff.block_recon -   Total loss:	2934.058 (rec:166.898, round:2767.160)	b=4.25	count=18000
08/12/2026 11:37:58 - INFO - qdiff.block_recon -   Total loss:	2296.755 (rec:180.781, round:2115.974)	b=3.69	count=18500
08/12/2026 11:38:06 - INFO - qdiff.block_recon -   Total loss:	1599.280 (rec:166.573, round:1432.707)	b=3.12	count=19000
08/12/2026 11:38:14 - INFO - qdiff.block_recon -   Total loss:	956.992 (rec:198.801, round:758.191)	b=2.56	count=19500
08/12/2026 11:38:22 - INFO - qdiff.block_recon -   Total loss:	435.686 (rec:198.890, round:236.796)	b=2.00	count=20000
08/12/2026 11:38:22 - INFO - __main__ -   model.up.2.attn False
08/12/2026 11:38:22 - INFO - __main__ -   model.up.2.upsample False
08/12/2026 11:38:22 - INFO - __main__ -   model.up.2.upsample.conv False
08/12/2026 11:38:22 - INFO - __main__ -   Reconstruction for layer model.up.2.upsample.conv
08/12/2026 11:39:21 - INFO - qdiff.utils -   in shape: torch.Size([4608, 256, 16, 16])
08/12/2026 11:39:21 - INFO - qdiff.utils -   out shape: torch.Size([4608, 256, 16, 16])
08/12/2026 11:39:26 - INFO - qdiff.layer_recon -   Total loss:	703.362 (rec:703.362, round:0.000)	b=0.00	count=500
08/12/2026 11:39:31 - INFO - qdiff.layer_recon -   Total loss:	647.216 (rec:647.216, round:0.000)	b=0.00	count=1000
08/12/2026 11:39:36 - INFO - qdiff.layer_recon -   Total loss:	703.393 (rec:703.393, round:0.000)	b=0.00	count=1500
08/12/2026 11:39:41 - INFO - qdiff.layer_recon -   Total loss:	681.679 (rec:681.679, round:0.000)	b=0.00	count=2000
08/12/2026 11:39:46 - INFO - qdiff.layer_recon -   Total loss:	567.584 (rec:567.584, round:0.000)	b=0.00	count=2500
08/12/2026 11:39:51 - INFO - qdiff.layer_recon -   Total loss:	659.539 (rec:659.539, round:0.000)	b=0.00	count=3000
08/12/2026 11:39:55 - INFO - qdiff.layer_recon -   Total loss:	685.920 (rec:685.920, round:0.000)	b=0.00	count=3500
08/12/2026 11:40:00 - INFO - qdiff.layer_recon -   Total loss:	5925.792 (rec:543.883, round:5381.909)	b=20.00	count=4000
08/12/2026 11:40:06 - INFO - qdiff.layer_recon -   Total loss:	5029.117 (rec:619.273, round:4409.843)	b=19.44	count=4500
08/12/2026 11:40:11 - INFO - qdiff.layer_recon -   Total loss:	4816.340 (rec:623.596, round:4192.743)	b=18.88	count=5000
08/12/2026 11:40:16 - INFO - qdiff.layer_recon -   Total loss:	4791.819 (rec:729.818, round:4062.001)	b=18.31	count=5500
08/12/2026 11:40:22 - INFO - qdiff.layer_recon -   Total loss:	4543.372 (rec:581.926, round:3961.446)	b=17.75	count=6000
08/12/2026 11:40:27 - INFO - qdiff.layer_recon -   Total loss:	4514.936 (rec:637.987, round:3876.949)	b=17.19	count=6500
08/12/2026 11:40:32 - INFO - qdiff.layer_recon -   Total loss:	4462.315 (rec:662.005, round:3800.310)	b=16.62	count=7000
08/12/2026 11:40:38 - INFO - qdiff.layer_recon -   Total loss:	4426.877 (rec:698.274, round:3728.604)	b=16.06	count=7500
08/12/2026 11:40:43 - INFO - qdiff.layer_recon -   Total loss:	4286.455 (rec:624.945, round:3661.510)	b=15.50	count=8000
08/12/2026 11:40:48 - INFO - qdiff.layer_recon -   Total loss:	4208.125 (rec:612.379, round:3595.747)	b=14.94	count=8500
08/12/2026 11:40:53 - INFO - qdiff.layer_recon -   Total loss:	4147.360 (rec:616.179, round:3531.181)	b=14.38	count=9000
08/12/2026 11:40:59 - INFO - qdiff.layer_recon -   Total loss:	4074.650 (rec:608.854, round:3465.796)	b=13.81	count=9500
08/12/2026 11:41:04 - INFO - qdiff.layer_recon -   Total loss:	3999.082 (rec:599.932, round:3399.150)	b=13.25	count=10000
08/12/2026 11:41:09 - INFO - qdiff.layer_recon -   Total loss:	4049.245 (rec:715.410, round:3333.835)	b=12.69	count=10500
08/12/2026 11:41:15 - INFO - qdiff.layer_recon -   Total loss:	3785.648 (rec:519.340, round:3266.309)	b=12.12	count=11000
08/12/2026 11:41:20 - INFO - qdiff.layer_recon -   Total loss:	3825.059 (rec:627.925, round:3197.134)	b=11.56	count=11500
08/12/2026 11:41:25 - INFO - qdiff.layer_recon -   Total loss:	3707.174 (rec:580.529, round:3126.645)	b=11.00	count=12000
08/12/2026 11:41:31 - INFO - qdiff.layer_recon -   Total loss:	3638.158 (rec:587.192, round:3050.966)	b=10.44	count=12500
08/12/2026 11:41:36 - INFO - qdiff.layer_recon -   Total loss:	3663.041 (rec:690.034, round:2973.007)	b=9.88	count=13000
08/12/2026 11:41:41 - INFO - qdiff.layer_recon -   Total loss:	3425.438 (rec:534.761, round:2890.677)	b=9.31	count=13500
08/12/2026 11:41:47 - INFO - qdiff.layer_recon -   Total loss:	3440.094 (rec:635.581, round:2804.513)	b=8.75	count=14000
08/12/2026 11:41:52 - INFO - qdiff.layer_recon -   Total loss:	3383.192 (rec:672.323, round:2710.870)	b=8.19	count=14500
08/12/2026 11:41:57 - INFO - qdiff.layer_recon -   Total loss:	3253.193 (rec:642.111, round:2611.082)	b=7.62	count=15000
08/12/2026 11:42:03 - INFO - qdiff.layer_recon -   Total loss:	3183.579 (rec:680.708, round:2502.870)	b=7.06	count=15500
08/12/2026 11:42:08 - INFO - qdiff.layer_recon -   Total loss:	3029.937 (rec:643.895, round:2386.042)	b=6.50	count=16000
08/12/2026 11:42:13 - INFO - qdiff.layer_recon -   Total loss:	2835.510 (rec:578.950, round:2256.560)	b=5.94	count=16500
08/12/2026 11:42:18 - INFO - qdiff.layer_recon -   Total loss:	2757.758 (rec:643.681, round:2114.076)	b=5.38	count=17000
08/12/2026 11:42:24 - INFO - qdiff.layer_recon -   Total loss:	2574.472 (rec:618.659, round:1955.813)	b=4.81	count=17500
08/12/2026 11:42:29 - INFO - qdiff.layer_recon -   Total loss:	2431.866 (rec:653.763, round:1778.103)	b=4.25	count=18000
08/12/2026 11:42:34 - INFO - qdiff.layer_recon -   Total loss:	2248.711 (rec:674.293, round:1574.418)	b=3.69	count=18500
08/12/2026 11:42:40 - INFO - qdiff.layer_recon -   Total loss:	2024.714 (rec:684.647, round:1340.067)	b=3.12	count=19000
08/12/2026 11:42:45 - INFO - qdiff.layer_recon -   Total loss:	1813.110 (rec:745.461, round:1067.649)	b=2.56	count=19500
08/12/2026 11:42:50 - INFO - qdiff.layer_recon -   Total loss:	1320.757 (rec:570.567, round:750.190)	b=2.00	count=20000
08/12/2026 11:42:50 - INFO - __main__ -   model.up.3 False
08/12/2026 11:42:50 - INFO - __main__ -   model.up.3.block False
08/12/2026 11:42:50 - INFO - __main__ -   model.up.3.block.0 True
08/12/2026 11:42:50 - INFO - __main__ -   Reconstruction for block model.up.3.block.0
08/12/2026 11:43:34 - INFO - qdiff.utils -   in 1 shape: torch.Size([4608, 512, 4, 4]), in 2 shape: torch.Size([4608, 512])
08/12/2026 11:43:34 - INFO - qdiff.utils -   out shape: torch.Size([4608, 256, 4, 4])
08/12/2026 11:43:39 - INFO - qdiff.block_recon -   Total loss:	1750.209 (rec:1750.209, round:0.000)	b=0.00	count=500
08/12/2026 11:43:43 - INFO - qdiff.block_recon -   Total loss:	1807.133 (rec:1807.133, round:0.000)	b=0.00	count=1000
08/12/2026 11:43:47 - INFO - qdiff.block_recon -   Total loss:	1817.745 (rec:1817.745, round:0.000)	b=0.00	count=1500
08/12/2026 11:43:51 - INFO - qdiff.block_recon -   Total loss:	1604.266 (rec:1604.266, round:0.000)	b=0.00	count=2000
08/12/2026 11:43:56 - INFO - qdiff.block_recon -   Total loss:	1711.236 (rec:1711.236, round:0.000)	b=0.00	count=2500
08/12/2026 11:44:00 - INFO - qdiff.block_recon -   Total loss:	1570.473 (rec:1570.473, round:0.000)	b=0.00	count=3000
08/12/2026 11:44:04 - INFO - qdiff.block_recon -   Total loss:	1655.769 (rec:1655.769, round:0.000)	b=0.00	count=3500
08/12/2026 11:44:08 - INFO - qdiff.block_recon -   Total loss:	20124.740 (rec:1771.651, round:18353.090)	b=20.00	count=4000
08/12/2026 11:44:14 - INFO - qdiff.block_recon -   Total loss:	16930.902 (rec:1707.862, round:15223.040)	b=19.44	count=4500
08/12/2026 11:44:20 - INFO - qdiff.block_recon -   Total loss:	16124.965 (rec:1650.712, round:14474.253)	b=18.88	count=5000
08/12/2026 11:44:26 - INFO - qdiff.block_recon -   Total loss:	15640.078 (rec:1626.621, round:14013.457)	b=18.31	count=5500
08/12/2026 11:44:31 - INFO - qdiff.block_recon -   Total loss:	15265.694 (rec:1605.664, round:13660.030)	b=17.75	count=6000
08/12/2026 11:44:37 - INFO - qdiff.block_recon -   Total loss:	14963.660 (rec:1603.563, round:13360.097)	b=17.19	count=6500
08/12/2026 11:44:43 - INFO - qdiff.block_recon -   Total loss:	14713.525 (rec:1624.714, round:13088.812)	b=16.62	count=7000
08/12/2026 11:44:48 - INFO - qdiff.block_recon -   Total loss:	14544.890 (rec:1711.521, round:12833.368)	b=16.06	count=7500
08/12/2026 11:44:54 - INFO - qdiff.block_recon -   Total loss:	14066.784 (rec:1476.739, round:12590.046)	b=15.50	count=8000
08/12/2026 11:45:00 - INFO - qdiff.block_recon -   Total loss:	13928.757 (rec:1574.740, round:12354.017)	b=14.94	count=8500
08/12/2026 11:45:05 - INFO - qdiff.block_recon -   Total loss:	13617.389 (rec:1495.943, round:12121.446)	b=14.38	count=9000
08/12/2026 11:45:11 - INFO - qdiff.block_recon -   Total loss:	13450.188 (rec:1562.521, round:11887.666)	b=13.81	count=9500
08/12/2026 11:45:17 - INFO - qdiff.block_recon -   Total loss:	13196.897 (rec:1543.410, round:11653.487)	b=13.25	count=10000
08/12/2026 11:45:23 - INFO - qdiff.block_recon -   Total loss:	12816.570 (rec:1400.598, round:11415.973)	b=12.69	count=10500
08/12/2026 11:45:28 - INFO - qdiff.block_recon -   Total loss:	12649.756 (rec:1477.833, round:11171.922)	b=12.12	count=11000
08/12/2026 11:45:34 - INFO - qdiff.block_recon -   Total loss:	12508.152 (rec:1582.095, round:10926.058)	b=11.56	count=11500
08/12/2026 11:45:40 - INFO - qdiff.block_recon -   Total loss:	12341.148 (rec:1668.551, round:10672.598)	b=11.00	count=12000
08/12/2026 11:45:45 - INFO - qdiff.block_recon -   Total loss:	12041.256 (rec:1628.814, round:10412.442)	b=10.44	count=12500
08/12/2026 11:45:51 - INFO - qdiff.block_recon -   Total loss:	11665.327 (rec:1521.688, round:10143.639)	b=9.88	count=13000
08/12/2026 11:45:57 - INFO - qdiff.block_recon -   Total loss:	11518.440 (rec:1656.003, round:9862.438)	b=9.31	count=13500
08/12/2026 11:46:03 - INFO - qdiff.block_recon -   Total loss:	11198.011 (rec:1632.253, round:9565.758)	b=8.75	count=14000
08/12/2026 11:46:08 - INFO - qdiff.block_recon -   Total loss:	10709.974 (rec:1453.370, round:9256.604)	b=8.19	count=14500
08/12/2026 11:46:14 - INFO - qdiff.block_recon -   Total loss:	10455.714 (rec:1525.255, round:8930.459)	b=7.62	count=15000
08/12/2026 11:46:20 - INFO - qdiff.block_recon -   Total loss:	10212.420 (rec:1631.096, round:8581.324)	b=7.06	count=15500
08/12/2026 11:46:26 - INFO - qdiff.block_recon -   Total loss:	9577.442 (rec:1371.877, round:8205.565)	b=6.50	count=16000
08/12/2026 11:46:31 - INFO - qdiff.block_recon -   Total loss:	9437.934 (rec:1633.103, round:7804.831)	b=5.94	count=16500
08/12/2026 11:46:37 - INFO - qdiff.block_recon -   Total loss:	8888.980 (rec:1520.259, round:7368.722)	b=5.38	count=17000
08/12/2026 11:46:43 - INFO - qdiff.block_recon -   Total loss:	8241.141 (rec:1351.510, round:6889.631)	b=4.81	count=17500
08/12/2026 11:46:49 - INFO - qdiff.block_recon -   Total loss:	7888.508 (rec:1528.479, round:6360.029)	b=4.25	count=18000
08/12/2026 11:46:54 - INFO - qdiff.block_recon -   Total loss:	7318.341 (rec:1552.280, round:5766.062)	b=3.69	count=18500
08/12/2026 11:47:00 - INFO - qdiff.block_recon -   Total loss:	6720.393 (rec:1631.154, round:5089.239)	b=3.12	count=19000
08/12/2026 11:47:06 - INFO - qdiff.block_recon -   Total loss:	5917.077 (rec:1608.013, round:4309.064)	b=2.56	count=19500
08/12/2026 11:47:12 - INFO - qdiff.block_recon -   Total loss:	4965.865 (rec:1575.917, round:3389.948)	b=2.00	count=20000
08/12/2026 11:47:12 - INFO - __main__ -   model.up.3.block.1 True
08/12/2026 11:47:12 - INFO - __main__ -   Reconstruction for block model.up.3.block.1
08/12/2026 11:47:57 - INFO - qdiff.utils -   in 1 shape: torch.Size([4608, 512, 4, 4]), in 2 shape: torch.Size([4608, 512])
08/12/2026 11:47:57 - INFO - qdiff.utils -   out shape: torch.Size([4608, 256, 4, 4])
08/12/2026 11:48:02 - INFO - qdiff.block_recon -   Total loss:	1878.614 (rec:1878.614, round:0.000)	b=0.00	count=500
08/12/2026 11:48:06 - INFO - qdiff.block_recon -   Total loss:	1632.469 (rec:1632.469, round:0.000)	b=0.00	count=1000
08/12/2026 11:48:11 - INFO - qdiff.block_recon -   Total loss:	1650.113 (rec:1650.113, round:0.000)	b=0.00	count=1500
08/12/2026 11:48:15 - INFO - qdiff.block_recon -   Total loss:	1510.433 (rec:1510.433, round:0.000)	b=0.00	count=2000
08/12/2026 11:48:19 - INFO - qdiff.block_recon -   Total loss:	1561.559 (rec:1561.559, round:0.000)	b=0.00	count=2500
08/12/2026 11:48:24 - INFO - qdiff.block_recon -   Total loss:	1432.720 (rec:1432.720, round:0.000)	b=0.00	count=3000
08/12/2026 11:48:28 - INFO - qdiff.block_recon -   Total loss:	1425.506 (rec:1425.506, round:0.000)	b=0.00	count=3500
08/12/2026 11:48:33 - INFO - qdiff.block_recon -   Total loss:	19710.957 (rec:1392.875, round:18318.082)	b=20.00	count=4000
08/12/2026 11:48:38 - INFO - qdiff.block_recon -   Total loss:	16738.754 (rec:1461.349, round:15277.405)	b=19.44	count=4500
08/12/2026 11:48:44 - INFO - qdiff.block_recon -   Total loss:	15936.563 (rec:1410.900, round:14525.664)	b=18.88	count=5000
08/12/2026 11:48:50 - INFO - qdiff.block_recon -   Total loss:	15554.627 (rec:1488.511, round:14066.115)	b=18.31	count=5500
08/12/2026 11:48:56 - INFO - qdiff.block_recon -   Total loss:	15278.425 (rec:1562.829, round:13715.596)	b=17.75	count=6000
08/12/2026 11:49:02 - INFO - qdiff.block_recon -   Total loss:	14775.476 (rec:1362.519, round:13412.957)	b=17.19	count=6500
08/12/2026 11:49:08 - INFO - qdiff.block_recon -   Total loss:	14500.991 (rec:1360.228, round:13140.763)	b=16.62	count=7000
08/12/2026 11:49:14 - INFO - qdiff.block_recon -   Total loss:	14329.469 (rec:1441.630, round:12887.838)	b=16.06	count=7500
08/12/2026 11:49:20 - INFO - qdiff.block_recon -   Total loss:	14074.597 (rec:1428.700, round:12645.896)	b=15.50	count=8000
08/12/2026 11:49:26 - INFO - qdiff.block_recon -   Total loss:	13862.061 (rec:1453.945, round:12408.115)	b=14.94	count=8500
08/12/2026 11:49:31 - INFO - qdiff.block_recon -   Total loss:	13588.864 (rec:1411.562, round:12177.302)	b=14.38	count=9000
08/12/2026 11:49:37 - INFO - qdiff.block_recon -   Total loss:	13311.166 (rec:1366.001, round:11945.165)	b=13.81	count=9500
08/12/2026 11:49:43 - INFO - qdiff.block_recon -   Total loss:	13112.508 (rec:1401.044, round:11711.463)	b=13.25	count=10000
08/12/2026 11:49:49 - INFO - qdiff.block_recon -   Total loss:	13004.817 (rec:1528.604, round:11476.214)	b=12.69	count=10500
08/12/2026 11:49:55 - INFO - qdiff.block_recon -   Total loss:	12569.515 (rec:1331.051, round:11238.464)	b=12.12	count=11000
08/12/2026 11:50:01 - INFO - qdiff.block_recon -   Total loss:	12302.249 (rec:1306.336, round:10995.913)	b=11.56	count=11500
08/12/2026 11:50:07 - INFO - qdiff.block_recon -   Total loss:	12131.194 (rec:1386.211, round:10744.983)	b=11.00	count=12000
08/12/2026 11:50:13 - INFO - qdiff.block_recon -   Total loss:	11837.033 (rec:1348.461, round:10488.572)	b=10.44	count=12500
08/12/2026 11:50:18 - INFO - qdiff.block_recon -   Total loss:	11494.085 (rec:1272.092, round:10221.993)	b=9.88	count=13000
08/12/2026 11:50:24 - INFO - qdiff.block_recon -   Total loss:	11132.279 (rec:1187.413, round:9944.866)	b=9.31	count=13500
08/12/2026 11:50:30 - INFO - qdiff.block_recon -   Total loss:	10960.109 (rec:1304.400, round:9655.709)	b=8.75	count=14000
08/12/2026 11:50:36 - INFO - qdiff.block_recon -   Total loss:	10737.402 (rec:1389.364, round:9348.038)	b=8.19	count=14500
08/12/2026 11:50:42 - INFO - qdiff.block_recon -   Total loss:	10429.123 (rec:1406.464, round:9022.659)	b=7.62	count=15000
08/12/2026 11:50:48 - INFO - qdiff.block_recon -   Total loss:	9973.408 (rec:1296.624, round:8676.784)	b=7.06	count=15500
08/12/2026 11:50:53 - INFO - qdiff.block_recon -   Total loss:	9612.371 (rec:1305.000, round:8307.372)	b=6.50	count=16000
08/12/2026 11:50:59 - INFO - qdiff.block_recon -   Total loss:	9240.600 (rec:1331.959, round:7908.640)	b=5.94	count=16500
08/12/2026 11:51:05 - INFO - qdiff.block_recon -   Total loss:	8816.118 (rec:1342.941, round:7473.177)	b=5.38	count=17000
08/12/2026 11:51:11 - INFO - qdiff.block_recon -   Total loss:	8277.732 (rec:1279.121, round:6998.611)	b=4.81	count=17500
08/12/2026 11:51:17 - INFO - qdiff.block_recon -   Total loss:	7848.525 (rec:1378.368, round:6470.157)	b=4.25	count=18000
08/12/2026 11:51:23 - INFO - qdiff.block_recon -   Total loss:	7202.607 (rec:1325.964, round:5876.644)	b=3.69	count=18500
08/12/2026 11:51:28 - INFO - qdiff.block_recon -   Total loss:	6609.639 (rec:1407.407, round:5202.232)	b=3.12	count=19000
08/12/2026 11:51:34 - INFO - qdiff.block_recon -   Total loss:	5840.097 (rec:1421.459, round:4418.638)	b=2.56	count=19500
08/12/2026 11:51:40 - INFO - qdiff.block_recon -   Total loss:	4770.500 (rec:1281.043, round:3489.457)	b=2.00	count=20000
08/12/2026 11:51:40 - INFO - __main__ -   model.up.3.block.2 True
08/12/2026 11:51:40 - INFO - __main__ -   Reconstruction for block model.up.3.block.2
08/12/2026 11:52:28 - INFO - qdiff.utils -   in 1 shape: torch.Size([4608, 512, 4, 4]), in 2 shape: torch.Size([4608, 512])
08/12/2026 11:52:28 - INFO - qdiff.utils -   out shape: torch.Size([4608, 256, 4, 4])
08/12/2026 11:52:32 - INFO - qdiff.block_recon -   Total loss:	558.265 (rec:558.265, round:0.000)	b=0.00	count=500
08/12/2026 11:52:36 - INFO - qdiff.block_recon -   Total loss:	500.609 (rec:500.609, round:0.000)	b=0.00	count=1000
08/12/2026 11:52:41 - INFO - qdiff.block_recon -   Total loss:	516.406 (rec:516.406, round:0.000)	b=0.00	count=1500
08/12/2026 11:52:45 - INFO - qdiff.block_recon -   Total loss:	513.790 (rec:513.790, round:0.000)	b=0.00	count=2000
08/12/2026 11:52:49 - INFO - qdiff.block_recon -   Total loss:	522.226 (rec:522.226, round:0.000)	b=0.00	count=2500
08/12/2026 11:52:54 - INFO - qdiff.block_recon -   Total loss:	518.150 (rec:518.150, round:0.000)	b=0.00	count=3000
08/12/2026 11:52:58 - INFO - qdiff.block_recon -   Total loss:	445.389 (rec:445.389, round:0.000)	b=0.00	count=3500
08/12/2026 11:53:02 - INFO - qdiff.block_recon -   Total loss:	18849.621 (rec:492.098, round:18357.523)	b=20.00	count=4000
08/12/2026 11:53:08 - INFO - qdiff.block_recon -   Total loss:	14931.482 (rec:517.330, round:14414.152)	b=19.44	count=4500
08/12/2026 11:53:14 - INFO - qdiff.block_recon -   Total loss:	14140.348 (rec:478.071, round:13662.276)	b=18.88	count=5000
08/12/2026 11:53:20 - INFO - qdiff.block_recon -   Total loss:	13698.001 (rec:492.525, round:13205.476)	b=18.31	count=5500
08/12/2026 11:53:26 - INFO - qdiff.block_recon -   Total loss:	13362.204 (rec:505.463, round:12856.741)	b=17.75	count=6000
08/12/2026 11:53:32 - INFO - qdiff.block_recon -   Total loss:	13020.401 (rec:464.028, round:12556.373)	b=17.19	count=6500
08/12/2026 11:53:37 - INFO - qdiff.block_recon -   Total loss:	12727.646 (rec:446.350, round:12281.296)	b=16.62	count=7000
08/12/2026 11:53:43 - INFO - qdiff.block_recon -   Total loss:	12458.440 (rec:434.501, round:12023.939)	b=16.06	count=7500
08/12/2026 11:53:49 - INFO - qdiff.block_recon -   Total loss:	12202.513 (rec:425.680, round:11776.832)	b=15.50	count=8000
08/12/2026 11:53:55 - INFO - qdiff.block_recon -   Total loss:	11991.217 (rec:458.873, round:11532.344)	b=14.94	count=8500
08/12/2026 11:54:01 - INFO - qdiff.block_recon -   Total loss:	11783.491 (rec:494.661, round:11288.830)	b=14.38	count=9000
08/12/2026 11:54:06 - INFO - qdiff.block_recon -   Total loss:	11524.754 (rec:482.058, round:11042.696)	b=13.81	count=9500
08/12/2026 11:54:12 - INFO - qdiff.block_recon -   Total loss:	11281.799 (rec:486.126, round:10795.673)	b=13.25	count=10000
08/12/2026 11:54:18 - INFO - qdiff.block_recon -   Total loss:	11033.657 (rec:487.288, round:10546.369)	b=12.69	count=10500
08/12/2026 11:54:24 - INFO - qdiff.block_recon -   Total loss:	10796.842 (rec:505.620, round:10291.222)	b=12.12	count=11000
08/12/2026 11:54:30 - INFO - qdiff.block_recon -   Total loss:	10461.600 (rec:433.031, round:10028.568)	b=11.56	count=11500
08/12/2026 11:54:36 - INFO - qdiff.block_recon -   Total loss:	10262.660 (rec:502.985, round:9759.676)	b=11.00	count=12000
08/12/2026 11:54:41 - INFO - qdiff.block_recon -   Total loss:	9941.175 (rec:464.197, round:9476.979)	b=10.44	count=12500
08/12/2026 11:54:47 - INFO - qdiff.block_recon -   Total loss:	9639.977 (rec:455.585, round:9184.392)	b=9.88	count=13000
08/12/2026 11:54:53 - INFO - qdiff.block_recon -   Total loss:	9353.279 (rec:473.370, round:8879.909)	b=9.31	count=13500
08/12/2026 11:54:59 - INFO - qdiff.block_recon -   Total loss:	9071.091 (rec:516.252, round:8554.839)	b=8.75	count=14000
08/12/2026 11:55:05 - INFO - qdiff.block_recon -   Total loss:	8579.440 (rec:366.632, round:8212.809)	b=8.19	count=14500
08/12/2026 11:55:11 - INFO - qdiff.block_recon -   Total loss:	8328.651 (rec:479.754, round:7848.897)	b=7.62	count=15000
08/12/2026 11:55:17 - INFO - qdiff.block_recon -   Total loss:	7918.406 (rec:458.592, round:7459.814)	b=7.06	count=15500
08/12/2026 11:55:22 - INFO - qdiff.block_recon -   Total loss:	7521.775 (rec:483.729, round:7038.045)	b=6.50	count=16000
08/12/2026 11:55:28 - INFO - qdiff.block_recon -   Total loss:	7078.624 (rec:497.270, round:6581.354)	b=5.94	count=16500
08/12/2026 11:55:34 - INFO - qdiff.block_recon -   Total loss:	6616.862 (rec:530.484, round:6086.378)	b=5.38	count=17000
08/12/2026 11:55:40 - INFO - qdiff.block_recon -   Total loss:	6044.947 (rec:504.496, round:5540.451)	b=4.81	count=17500
08/12/2026 11:55:46 - INFO - qdiff.block_recon -   Total loss:	5434.599 (rec:497.261, round:4937.338)	b=4.25	count=18000
08/12/2026 11:55:52 - INFO - qdiff.block_recon -   Total loss:	4690.744 (rec:425.624, round:4265.120)	b=3.69	count=18500
08/12/2026 11:55:58 - INFO - qdiff.block_recon -   Total loss:	4018.854 (rec:507.170, round:3511.684)	b=3.12	count=19000
08/12/2026 11:56:04 - INFO - qdiff.block_recon -   Total loss:	3158.070 (rec:490.403, round:2667.667)	b=2.56	count=19500
08/12/2026 11:56:09 - INFO - qdiff.block_recon -   Total loss:	2248.303 (rec:526.622, round:1721.681)	b=2.00	count=20000
08/12/2026 11:56:09 - INFO - __main__ -   model.up.3.attn False
08/12/2026 11:56:09 - INFO - __main__ -   model.up.3.upsample False
08/12/2026 11:56:09 - INFO - __main__ -   model.up.3.upsample.conv False
08/12/2026 11:56:09 - INFO - __main__ -   Reconstruction for layer model.up.3.upsample.conv
08/12/2026 11:56:58 - INFO - qdiff.utils -   in shape: torch.Size([4608, 256, 8, 8])
08/12/2026 11:56:58 - INFO - qdiff.utils -   out shape: torch.Size([4608, 256, 8, 8])
08/12/2026 11:57:01 - INFO - qdiff.layer_recon -   Total loss:	1315.701 (rec:1315.701, round:0.000)	b=0.00	count=500
08/12/2026 11:57:03 - INFO - qdiff.layer_recon -   Total loss:	1258.542 (rec:1258.542, round:0.000)	b=0.00	count=1000
08/12/2026 11:57:04 - INFO - qdiff.layer_recon -   Total loss:	1258.267 (rec:1258.267, round:0.000)	b=0.00	count=1500
08/12/2026 11:57:06 - INFO - qdiff.layer_recon -   Total loss:	1337.181 (rec:1337.181, round:0.000)	b=0.00	count=2000
08/12/2026 11:57:08 - INFO - qdiff.layer_recon -   Total loss:	1201.833 (rec:1201.833, round:0.000)	b=0.00	count=2500
08/12/2026 11:57:10 - INFO - qdiff.layer_recon -   Total loss:	1132.698 (rec:1132.698, round:0.000)	b=0.00	count=3000
08/12/2026 11:57:12 - INFO - qdiff.layer_recon -   Total loss:	1100.811 (rec:1100.811, round:0.000)	b=0.00	count=3500
08/12/2026 11:57:14 - INFO - qdiff.layer_recon -   Total loss:	6677.355 (rec:1274.875, round:5402.480)	b=20.00	count=4000
08/12/2026 11:57:17 - INFO - qdiff.layer_recon -   Total loss:	5901.546 (rec:1201.340, round:4700.206)	b=19.44	count=4500
08/12/2026 11:57:19 - INFO - qdiff.layer_recon -   Total loss:	5685.557 (rec:1194.818, round:4490.739)	b=18.88	count=5000
08/12/2026 11:57:21 - INFO - qdiff.layer_recon -   Total loss:	5578.527 (rec:1216.004, round:4362.523)	b=18.31	count=5500
08/12/2026 11:57:24 - INFO - qdiff.layer_recon -   Total loss:	5429.665 (rec:1165.303, round:4264.362)	b=17.75	count=6000
08/12/2026 11:57:26 - INFO - qdiff.layer_recon -   Total loss:	5250.615 (rec:1069.034, round:4181.581)	b=17.19	count=6500
08/12/2026 11:57:28 - INFO - qdiff.layer_recon -   Total loss:	5230.188 (rec:1121.902, round:4108.286)	b=16.62	count=7000
08/12/2026 11:57:31 - INFO - qdiff.layer_recon -   Total loss:	5350.321 (rec:1308.231, round:4042.090)	b=16.06	count=7500
08/12/2026 11:57:33 - INFO - qdiff.layer_recon -   Total loss:	5132.956 (rec:1154.513, round:3978.443)	b=15.50	count=8000
08/12/2026 11:57:35 - INFO - qdiff.layer_recon -   Total loss:	5037.402 (rec:1119.595, round:3917.807)	b=14.94	count=8500
08/12/2026 11:57:38 - INFO - qdiff.layer_recon -   Total loss:	5089.967 (rec:1232.540, round:3857.427)	b=14.38	count=9000
08/12/2026 11:57:40 - INFO - qdiff.layer_recon -   Total loss:	4905.740 (rec:1107.439, round:3798.302)	b=13.81	count=9500
08/12/2026 11:57:42 - INFO - qdiff.layer_recon -   Total loss:	5023.746 (rec:1284.348, round:3739.397)	b=13.25	count=10000
08/12/2026 11:57:45 - INFO - qdiff.layer_recon -   Total loss:	4900.950 (rec:1219.753, round:3681.198)	b=12.69	count=10500
08/12/2026 11:57:47 - INFO - qdiff.layer_recon -   Total loss:	4945.041 (rec:1323.565, round:3621.476)	b=12.12	count=11000
08/12/2026 11:57:49 - INFO - qdiff.layer_recon -   Total loss:	4675.823 (rec:1113.837, round:3561.986)	b=11.56	count=11500
08/12/2026 11:57:52 - INFO - qdiff.layer_recon -   Total loss:	4744.404 (rec:1244.305, round:3500.099)	b=11.00	count=12000
08/12/2026 11:57:54 - INFO - qdiff.layer_recon -   Total loss:	4675.760 (rec:1238.802, round:3436.958)	b=10.44	count=12500
08/12/2026 11:57:56 - INFO - qdiff.layer_recon -   Total loss:	4529.069 (rec:1157.746, round:3371.323)	b=9.88	count=13000
08/12/2026 11:57:59 - INFO - qdiff.layer_recon -   Total loss:	4482.138 (rec:1180.535, round:3301.603)	b=9.31	count=13500
08/12/2026 11:58:01 - INFO - qdiff.layer_recon -   Total loss:	4476.525 (rec:1246.795, round:3229.730)	b=8.75	count=14000
08/12/2026 11:58:03 - INFO - qdiff.layer_recon -   Total loss:	4280.957 (rec:1126.945, round:3154.011)	b=8.19	count=14500
08/12/2026 11:58:06 - INFO - qdiff.layer_recon -   Total loss:	4228.655 (rec:1155.271, round:3073.384)	b=7.62	count=15000
08/12/2026 11:58:08 - INFO - qdiff.layer_recon -   Total loss:	4179.198 (rec:1192.944, round:2986.254)	b=7.06	count=15500
08/12/2026 11:58:10 - INFO - qdiff.layer_recon -   Total loss:	4090.538 (rec:1199.321, round:2891.217)	b=6.50	count=16000
08/12/2026 11:58:13 - INFO - qdiff.layer_recon -   Total loss:	3964.388 (rec:1176.295, round:2788.094)	b=5.94	count=16500
08/12/2026 11:58:15 - INFO - qdiff.layer_recon -   Total loss:	3949.210 (rec:1274.844, round:2674.366)	b=5.38	count=17000
08/12/2026 11:58:17 - INFO - qdiff.layer_recon -   Total loss:	3707.559 (rec:1159.788, round:2547.771)	b=4.81	count=17500
08/12/2026 11:58:20 - INFO - qdiff.layer_recon -   Total loss:	3626.223 (rec:1220.750, round:2405.473)	b=4.25	count=18000
08/12/2026 11:58:22 - INFO - qdiff.layer_recon -   Total loss:	3408.182 (rec:1165.015, round:2243.166)	b=3.69	count=18500
08/12/2026 11:58:24 - INFO - qdiff.layer_recon -   Total loss:	3309.877 (rec:1255.666, round:2054.211)	b=3.12	count=19000
08/12/2026 11:58:27 - INFO - qdiff.layer_recon -   Total loss:	3038.404 (rec:1209.898, round:1828.506)	b=2.56	count=19500
08/12/2026 11:58:29 - INFO - qdiff.layer_recon -   Total loss:	2774.437 (rec:1226.654, round:1547.783)	b=2.00	count=20000
08/12/2026 11:58:29 - INFO - __main__ -   model.norm_out False
08/12/2026 11:58:29 - INFO - __main__ -   model.conv_out False
08/12/2026 11:58:29 - INFO - __main__ -   Reconstruction for layer model.conv_out
08/12/2026 11:59:57 - INFO - qdiff.utils -   in shape: torch.Size([4608, 128, 32, 32])
08/12/2026 11:59:57 - INFO - qdiff.utils -   out shape: torch.Size([4608, 3, 32, 32])
08/12/2026 12:00:01 - INFO - qdiff.layer_recon -   Total loss:	0.006 (rec:0.006, round:0.000)	b=0.00	count=500
08/12/2026 12:00:04 - INFO - qdiff.layer_recon -   Total loss:	0.004 (rec:0.004, round:0.000)	b=0.00	count=1000
08/12/2026 12:00:07 - INFO - qdiff.layer_recon -   Total loss:	0.004 (rec:0.004, round:0.000)	b=0.00	count=1500
08/12/2026 12:00:10 - INFO - qdiff.layer_recon -   Total loss:	0.003 (rec:0.003, round:0.000)	b=0.00	count=2000
08/12/2026 12:00:13 - INFO - qdiff.layer_recon -   Total loss:	0.002 (rec:0.002, round:0.000)	b=0.00	count=2500
08/12/2026 12:00:16 - INFO - qdiff.layer_recon -   Total loss:	0.005 (rec:0.005, round:0.000)	b=0.00	count=3000
08/12/2026 12:00:19 - INFO - qdiff.layer_recon -   Total loss:	0.002 (rec:0.002, round:0.000)	b=0.00	count=3500
08/12/2026 12:00:22 - INFO - qdiff.layer_recon -   Total loss:	31.090 (rec:0.003, round:31.087)	b=20.00	count=4000
08/12/2026 12:00:26 - INFO - qdiff.layer_recon -   Total loss:	14.993 (rec:0.002, round:14.990)	b=19.44	count=4500
08/12/2026 12:00:29 - INFO - qdiff.layer_recon -   Total loss:	13.619 (rec:0.003, round:13.615)	b=18.88	count=5000
08/12/2026 12:00:32 - INFO - qdiff.layer_recon -   Total loss:	12.814 (rec:0.002, round:12.812)	b=18.31	count=5500
08/12/2026 12:00:36 - INFO - qdiff.layer_recon -   Total loss:	12.165 (rec:0.002, round:12.163)	b=17.75	count=6000
08/12/2026 12:00:39 - INFO - qdiff.layer_recon -   Total loss:	11.535 (rec:0.005, round:11.530)	b=17.19	count=6500
08/12/2026 12:00:42 - INFO - qdiff.layer_recon -   Total loss:	10.841 (rec:0.004, round:10.837)	b=16.62	count=7000
08/12/2026 12:00:46 - INFO - qdiff.layer_recon -   Total loss:	10.184 (rec:0.003, round:10.181)	b=16.06	count=7500
08/12/2026 12:00:49 - INFO - qdiff.layer_recon -   Total loss:	9.723 (rec:0.001, round:9.722)	b=15.50	count=8000
08/12/2026 12:00:53 - INFO - qdiff.layer_recon -   Total loss:	9.101 (rec:0.003, round:9.098)	b=14.94	count=8500
08/12/2026 12:00:56 - INFO - qdiff.layer_recon -   Total loss:	8.624 (rec:0.002, round:8.622)	b=14.38	count=9000
08/12/2026 12:00:59 - INFO - qdiff.layer_recon -   Total loss:	8.042 (rec:0.002, round:8.041)	b=13.81	count=9500
08/12/2026 12:01:03 - INFO - qdiff.layer_recon -   Total loss:	7.532 (rec:0.003, round:7.529)	b=13.25	count=10000
08/12/2026 12:01:06 - INFO - qdiff.layer_recon -   Total loss:	7.006 (rec:0.005, round:7.001)	b=12.69	count=10500
08/12/2026 12:01:10 - INFO - qdiff.layer_recon -   Total loss:	6.225 (rec:0.005, round:6.220)	b=12.12	count=11000
08/12/2026 12:01:13 - INFO - qdiff.layer_recon -   Total loss:	5.523 (rec:0.004, round:5.519)	b=11.56	count=11500
08/12/2026 12:01:16 - INFO - qdiff.layer_recon -   Total loss:	4.950 (rec:0.005, round:4.944)	b=11.00	count=12000
08/12/2026 12:01:20 - INFO - qdiff.layer_recon -   Total loss:	4.282 (rec:0.004, round:4.278)	b=10.44	count=12500
08/12/2026 12:01:23 - INFO - qdiff.layer_recon -   Total loss:	3.609 (rec:0.003, round:3.607)	b=9.88	count=13000
08/12/2026 12:01:27 - INFO - qdiff.layer_recon -   Total loss:	2.973 (rec:0.002, round:2.971)	b=9.31	count=13500
08/12/2026 12:01:31 - INFO - qdiff.layer_recon -   Total loss:	2.357 (rec:0.005, round:2.352)	b=8.75	count=14000
08/12/2026 12:01:36 - INFO - qdiff.layer_recon -   Total loss:	1.723 (rec:0.004, round:1.719)	b=8.19	count=14500
08/12/2026 12:01:40 - INFO - qdiff.layer_recon -   Total loss:	1.131 (rec:0.003, round:1.128)	b=7.62	count=15000
08/12/2026 12:01:44 - INFO - qdiff.layer_recon -   Total loss:	0.654 (rec:0.003, round:0.651)	b=7.06	count=15500
08/12/2026 12:01:48 - INFO - qdiff.layer_recon -   Total loss:	0.365 (rec:0.005, round:0.360)	b=6.50	count=16000
08/12/2026 12:01:51 - INFO - qdiff.layer_recon -   Total loss:	0.203 (rec:0.005, round:0.198)	b=5.94	count=16500
08/12/2026 12:01:55 - INFO - qdiff.layer_recon -   Total loss:	0.070 (rec:0.002, round:0.067)	b=5.38	count=17000
08/12/2026 12:01:59 - INFO - qdiff.layer_recon -   Total loss:	0.035 (rec:0.004, round:0.031)	b=4.81	count=17500
08/12/2026 12:02:03 - INFO - qdiff.layer_recon -   Total loss:	0.007 (rec:0.004, round:0.003)	b=4.25	count=18000
08/12/2026 12:02:06 - INFO - qdiff.layer_recon -   Total loss:	0.003 (rec:0.003, round:0.000)	b=3.69	count=18500
08/12/2026 12:02:10 - INFO - qdiff.layer_recon -   Total loss:	0.003 (rec:0.003, round:0.000)	b=3.12	count=19000
08/12/2026 12:02:13 - INFO - qdiff.layer_recon -   Total loss:	0.005 (rec:0.005, round:0.000)	b=2.56	count=19500
08/12/2026 12:02:17 - INFO - qdiff.layer_recon -   Total loss:	0.005 (rec:0.005, round:0.000)	b=2.00	count=20000
08/12/2026 12:02:17 - INFO - __main__ -   UNet model
08/12/2026 12:02:17 - INFO - __main__ -   Model(
  (temb): Module(
    (dense): ModuleList(
      (0): QuantModule(
        in_features=128, out_features=512, bias=True
        (weight_quantizer): AdaRoundQuantizer(bit=4, symmetric=False, round_mode=learned_hard_sigmoid)
        (act_quantizer): UniformAffineQuantizer(bit=8, scale_method=max, symmetric=True, channel_wise=False, leaf_param=True)
        (activation_function): StraightThrough()
      )
      (1): QuantModule(
        in_features=512, out_features=512, bias=True
        (weight_quantizer): AdaRoundQuantizer(bit=4, symmetric=False, round_mode=learned_hard_sigmoid)
        (act_quantizer): UniformAffineQuantizer(bit=8, scale_method=max, symmetric=True, channel_wise=False, leaf_param=True)
        (activation_function): StraightThrough()
      )
    )
  )
  (conv_in): QuantModule(
    3, 128, kernel_size=(3, 3), stride=(1, 1), padding=(1, 1)
    (weight_quantizer): AdaRoundQuantizer(bit=4, symmetric=False, round_mode=learned_hard_sigmoid)
    (act_quantizer): UniformAffineQuantizer(bit=8, scale_method=max, symmetric=True, channel_wise=False, leaf_param=True)
    (activation_function): StraightThrough()
  )
  (down): ModuleList(
    (0): Module(
      (block): ModuleList(
        (0-1): 2 x QuantResnetBlock(
          (act_quantizer): UniformAffineQuantizer(bit=8, scale_method=max, symmetric=True, channel_wise=False, leaf_param=True)
          (activation_function): StraightThrough()
          (norm1): GroupNorm(32, 128, eps=1e-06, affine=True)
          (conv1): QuantModule(
            128, 128, kernel_size=(3, 3), stride=(1, 1), padding=(1, 1)
            (weight_quantizer): AdaRoundQuantizer(bit=4, symmetric=False, round_mode=learned_hard_sigmoid)
            (act_quantizer): UniformAffineQuantizer(bit=8, scale_method=max, symmetric=True, channel_wise=False, leaf_param=True)
            (activation_function): StraightThrough()
          )
          (temb_proj): QuantModule(
            in_features=512, out_features=128, bias=True
            (weight_quantizer): AdaRoundQuantizer(bit=4, symmetric=False, round_mode=learned_hard_sigmoid)
            (act_quantizer): UniformAffineQuantizer(bit=8, scale_method=max, symmetric=True, channel_wise=False, leaf_param=True)
            (activation_function): StraightThrough()
          )
          (norm2): GroupNorm(32, 128, eps=1e-06, affine=True)
          (dropout): Dropout(p=0.1, inplace=False)
          (conv2): QuantModule(
            128, 128, kernel_size=(3, 3), stride=(1, 1), padding=(1, 1)
            (weight_quantizer): AdaRoundQuantizer(bit=4, symmetric=False, round_mode=learned_hard_sigmoid)
            (act_quantizer): UniformAffineQuantizer(bit=8, scale_method=max, symmetric=True, channel_wise=False, leaf_param=True)
            (activation_function): StraightThrough()
          )
        )
      )
      (attn): ModuleList()
      (downsample): Downsample(
        (conv): QuantModule(
          128, 128, kernel_size=(3, 3), stride=(2, 2)
          (weight_quantizer): AdaRoundQuantizer(bit=4, symmetric=False, round_mode=learned_hard_sigmoid)
          (act_quantizer): UniformAffineQuantizer(bit=8, scale_method=max, symmetric=True, channel_wise=False, leaf_param=True)
          (activation_function): StraightThrough()
        )
      )
    )
    (1): Module(
      (block): ModuleList(
        (0): QuantResnetBlock(
          (act_quantizer): UniformAffineQuantizer(bit=8, scale_method=max, symmetric=True, channel_wise=False, leaf_param=True)
          (activation_function): StraightThrough()
          (norm1): GroupNorm(32, 128, eps=1e-06, affine=True)
          (conv1): QuantModule(
            128, 256, kernel_size=(3, 3), stride=(1, 1), padding=(1, 1)
            (weight_quantizer): AdaRoundQuantizer(bit=4, symmetric=False, round_mode=learned_hard_sigmoid)
            (act_quantizer): UniformAffineQuantizer(bit=8, scale_method=max, symmetric=True, channel_wise=False, leaf_param=True)
            (activation_function): StraightThrough()
          )
          (temb_proj): QuantModule(
            in_features=512, out_features=256, bias=True
            (weight_quantizer): AdaRoundQuantizer(bit=4, symmetric=False, round_mode=learned_hard_sigmoid)
            (act_quantizer): UniformAffineQuantizer(bit=8, scale_method=max, symmetric=True, channel_wise=False, leaf_param=True)
            (activation_function): StraightThrough()
          )
          (norm2): GroupNorm(32, 256, eps=1e-06, affine=True)
          (dropout): Dropout(p=0.1, inplace=False)
          (conv2): QuantModule(
            256, 256, kernel_size=(3, 3), stride=(1, 1), padding=(1, 1)
            (weight_quantizer): AdaRoundQuantizer(bit=4, symmetric=False, round_mode=learned_hard_sigmoid)
            (act_quantizer): UniformAffineQuantizer(bit=8, scale_method=max, symmetric=True, channel_wise=False, leaf_param=True)
            (activation_function): StraightThrough()
          )
          (nin_shortcut): QuantModule(
            128, 256, kernel_size=(1, 1), stride=(1, 1)
            (weight_quantizer): AdaRoundQuantizer(bit=4, symmetric=False, round_mode=learned_hard_sigmoid)
            (act_quantizer): UniformAffineQuantizer(bit=8, scale_method=max, symmetric=True, channel_wise=False, leaf_param=True)
            (activation_function): StraightThrough()
          )
        )
        (1): QuantResnetBlock(
          (act_quantizer): UniformAffineQuantizer(bit=8, scale_method=max, symmetric=True, channel_wise=False, leaf_param=True)
          (activation_function): StraightThrough()
          (norm1): GroupNorm(32, 256, eps=1e-06, affine=True)
          (conv1): QuantModule(
            256, 256, kernel_size=(3, 3), stride=(1, 1), padding=(1, 1)
            (weight_quantizer): AdaRoundQuantizer(bit=4, symmetric=False, round_mode=learned_hard_sigmoid)
            (act_quantizer): UniformAffineQuantizer(bit=8, scale_method=max, symmetric=True, channel_wise=False, leaf_param=True)
            (activation_function): StraightThrough()
          )
          (temb_proj): QuantModule(
            in_features=512, out_features=256, bias=True
            (weight_quantizer): AdaRoundQuantizer(bit=4, symmetric=False, round_mode=learned_hard_sigmoid)
            (act_quantizer): UniformAffineQuantizer(bit=8, scale_method=max, symmetric=True, channel_wise=False, leaf_param=True)
            (activation_function): StraightThrough()
          )
          (norm2): GroupNorm(32, 256, eps=1e-06, affine=True)
          (dropout): Dropout(p=0.1, inplace=False)
          (conv2): QuantModule(
            256, 256, kernel_size=(3, 3), stride=(1, 1), padding=(1, 1)
            (weight_quantizer): AdaRoundQuantizer(bit=4, symmetric=False, round_mode=learned_hard_sigmoid)
            (act_quantizer): UniformAffineQuantizer(bit=8, scale_method=max, symmetric=True, channel_wise=False, leaf_param=True)
            (activation_function): StraightThrough()
          )
        )
      )
      (attn): ModuleList(
        (0-1): 2 x QuantAttnBlock(
          (act_quantizer): UniformAffineQuantizer(bit=8, scale_method=max, symmetric=True, channel_wise=False, leaf_param=True)
          (activation_function): StraightThrough()
          (norm): GroupNorm(32, 256, eps=1e-06, affine=True)
          (q): QuantModule(
            256, 256, kernel_size=(1, 1), stride=(1, 1)
            (weight_quantizer): AdaRoundQuantizer(bit=4, symmetric=False, round_mode=learned_hard_sigmoid)
            (act_quantizer): UniformAffineQuantizer(bit=8, scale_method=max, symmetric=True, channel_wise=False, leaf_param=True)
            (activation_function): StraightThrough()
          )
          (k): QuantModule(
            256, 256, kernel_size=(1, 1), stride=(1, 1)
            (weight_quantizer): AdaRoundQuantizer(bit=4, symmetric=False, round_mode=learned_hard_sigmoid)
            (act_quantizer): UniformAffineQuantizer(bit=8, scale_method=max, symmetric=True, channel_wise=False, leaf_param=True)
            (activation_function): StraightThrough()
          )
          (v): QuantModule(
            256, 256, kernel_size=(1, 1), stride=(1, 1)
            (weight_quantizer): AdaRoundQuantizer(bit=4, symmetric=False, round_mode=learned_hard_sigmoid)
            (act_quantizer): UniformAffineQuantizer(bit=8, scale_method=max, symmetric=True, channel_wise=False, leaf_param=True)
            (activation_function): StraightThrough()
          )
          (proj_out): QuantModule(
            256, 256, kernel_size=(1, 1), stride=(1, 1)
            (weight_quantizer): AdaRoundQuantizer(bit=4, symmetric=False, round_mode=learned_hard_sigmoid)
            (act_quantizer): UniformAffineQuantizer(bit=8, scale_method=max, symmetric=True, channel_wise=False, leaf_param=True)
            (activation_function): StraightThrough()
          )
          (act_quantizer_q): UniformAffineQuantizer(bit=8, scale_method=max, symmetric=True, channel_wise=False, leaf_param=True)
          (act_quantizer_k): UniformAffineQuantizer(bit=8, scale_method=max, symmetric=True, channel_wise=False, leaf_param=True)
          (act_quantizer_v): UniformAffineQuantizer(bit=8, scale_method=max, symmetric=True, channel_wise=False, leaf_param=True)
          (act_quantizer_w): UniformAffineQuantizer(bit=8, scale_method=max, symmetric=True, channel_wise=False, leaf_param=True)
        )
      )
      (downsample): Downsample(
        (conv): QuantModule(
          256, 256, kernel_size=(3, 3), stride=(2, 2)
          (weight_quantizer): AdaRoundQuantizer(bit=4, symmetric=False, round_mode=learned_hard_sigmoid)
          (act_quantizer): UniformAffineQuantizer(bit=8, scale_method=max, symmetric=True, channel_wise=False, leaf_param=True)
          (activation_function): StraightThrough()
        )
      )
    )
    (2): Module(
      (block): ModuleList(
        (0-1): 2 x QuantResnetBlock(
          (act_quantizer): UniformAffineQuantizer(bit=8, scale_method=max, symmetric=True, channel_wise=False, leaf_param=True)
          (activation_function): StraightThrough()
          (norm1): GroupNorm(32, 256, eps=1e-06, affine=True)
          (conv1): QuantModule(
            256, 256, kernel_size=(3, 3), stride=(1, 1), padding=(1, 1)
            (weight_quantizer): AdaRoundQuantizer(bit=4, symmetric=False, round_mode=learned_hard_sigmoid)
            (act_quantizer): UniformAffineQuantizer(bit=8, scale_method=max, symmetric=True, channel_wise=False, leaf_param=True)
            (activation_function): StraightThrough()
          )
          (temb_proj): QuantModule(
            in_features=512, out_features=256, bias=True
            (weight_quantizer): AdaRoundQuantizer(bit=4, symmetric=False, round_mode=learned_hard_sigmoid)
            (act_quantizer): UniformAffineQuantizer(bit=8, scale_method=max, symmetric=True, channel_wise=False, leaf_param=True)
            (activation_function): StraightThrough()
          )
          (norm2): GroupNorm(32, 256, eps=1e-06, affine=True)
          (dropout): Dropout(p=0.1, inplace=False)
          (conv2): QuantModule(
            256, 256, kernel_size=(3, 3), stride=(1, 1), padding=(1, 1)
            (weight_quantizer): AdaRoundQuantizer(bit=4, symmetric=False, round_mode=learned_hard_sigmoid)
            (act_quantizer): UniformAffineQuantizer(bit=8, scale_method=max, symmetric=True, channel_wise=False, leaf_param=True)
            (activation_function): StraightThrough()
          )
        )
      )
      (attn): ModuleList()
      (downsample): Downsample(
        (conv): QuantModule(
          256, 256, kernel_size=(3, 3), stride=(2, 2)
          (weight_quantizer): AdaRoundQuantizer(bit=4, symmetric=False, round_mode=learned_hard_sigmoid)
          (act_quantizer): UniformAffineQuantizer(bit=8, scale_method=max, symmetric=True, channel_wise=False, leaf_param=True)
          (activation_function): StraightThrough()
        )
      )
    )
    (3): Module(
      (block): ModuleList(
        (0-1): 2 x QuantResnetBlock(
          (act_quantizer): UniformAffineQuantizer(bit=8, scale_method=max, symmetric=True, channel_wise=False, leaf_param=True)
          (activation_function): StraightThrough()
          (norm1): GroupNorm(32, 256, eps=1e-06, affine=True)
          (conv1): QuantModule(
            256, 256, kernel_size=(3, 3), stride=(1, 1), padding=(1, 1)
            (weight_quantizer): AdaRoundQuantizer(bit=4, symmetric=False, round_mode=learned_hard_sigmoid)
            (act_quantizer): UniformAffineQuantizer(bit=8, scale_method=max, symmetric=True, channel_wise=False, leaf_param=True)
            (activation_function): StraightThrough()
          )
          (temb_proj): QuantModule(
            in_features=512, out_features=256, bias=True
            (weight_quantizer): AdaRoundQuantizer(bit=4, symmetric=False, round_mode=learned_hard_sigmoid)
            (act_quantizer): UniformAffineQuantizer(bit=8, scale_method=max, symmetric=True, channel_wise=False, leaf_param=True)
            (activation_function): StraightThrough()
          )
          (norm2): GroupNorm(32, 256, eps=1e-06, affine=True)
          (dropout): Dropout(p=0.1, inplace=False)
          (conv2): QuantModule(
            256, 256, kernel_size=(3, 3), stride=(1, 1), padding=(1, 1)
            (weight_quantizer): AdaRoundQuantizer(bit=4, symmetric=False, round_mode=learned_hard_sigmoid)
            (act_quantizer): UniformAffineQuantizer(bit=8, scale_method=max, symmetric=True, channel_wise=False, leaf_param=True)
            (activation_function): StraightThrough()
          )
        )
      )
      (attn): ModuleList()
    )
  )
  (mid): Module(
    (block_1): QuantResnetBlock(
      (act_quantizer): UniformAffineQuantizer(bit=8, scale_method=max, symmetric=True, channel_wise=False, leaf_param=True)
      (activation_function): StraightThrough()
      (norm1): GroupNorm(32, 256, eps=1e-06, affine=True)
      (conv1): QuantModule(
        256, 256, kernel_size=(3, 3), stride=(1, 1), padding=(1, 1)
        (weight_quantizer): AdaRoundQuantizer(bit=4, symmetric=False, round_mode=learned_hard_sigmoid)
        (act_quantizer): UniformAffineQuantizer(bit=8, scale_method=max, symmetric=True, channel_wise=False, leaf_param=True)
        (activation_function): StraightThrough()
      )
      (temb_proj): QuantModule(
        in_features=512, out_features=256, bias=True
        (weight_quantizer): AdaRoundQuantizer(bit=4, symmetric=False, round_mode=learned_hard_sigmoid)
        (act_quantizer): UniformAffineQuantizer(bit=8, scale_method=max, symmetric=True, channel_wise=False, leaf_param=True)
        (activation_function): StraightThrough()
      )
      (norm2): GroupNorm(32, 256, eps=1e-06, affine=True)
      (dropout): Dropout(p=0.1, inplace=False)
      (conv2): QuantModule(
        256, 256, kernel_size=(3, 3), stride=(1, 1), padding=(1, 1)
        (weight_quantizer): AdaRoundQuantizer(bit=4, symmetric=False, round_mode=learned_hard_sigmoid)
        (act_quantizer): UniformAffineQuantizer(bit=8, scale_method=max, symmetric=True, channel_wise=False, leaf_param=True)
        (activation_function): StraightThrough()
      )
    )
    (attn_1): QuantAttnBlock(
      (act_quantizer): UniformAffineQuantizer(bit=8, scale_method=max, symmetric=True, channel_wise=False, leaf_param=True)
      (activation_function): StraightThrough()
      (norm): GroupNorm(32, 256, eps=1e-06, affine=True)
      (q): QuantModule(
        256, 256, kernel_size=(1, 1), stride=(1, 1)
        (weight_quantizer): AdaRoundQuantizer(bit=4, symmetric=False, round_mode=learned_hard_sigmoid)
        (act_quantizer): UniformAffineQuantizer(bit=8, scale_method=max, symmetric=True, channel_wise=False, leaf_param=True)
        (activation_function): StraightThrough()
      )
      (k): QuantModule(
        256, 256, kernel_size=(1, 1), stride=(1, 1)
        (weight_quantizer): AdaRoundQuantizer(bit=4, symmetric=False, round_mode=learned_hard_sigmoid)
        (act_quantizer): UniformAffineQuantizer(bit=8, scale_method=max, symmetric=True, channel_wise=False, leaf_param=True)
        (activation_function): StraightThrough()
      )
      (v): QuantModule(
        256, 256, kernel_size=(1, 1), stride=(1, 1)
        (weight_quantizer): AdaRoundQuantizer(bit=4, symmetric=False, round_mode=learned_hard_sigmoid)
        (act_quantizer): UniformAffineQuantizer(bit=8, scale_method=max, symmetric=True, channel_wise=False, leaf_param=True)
        (activation_function): StraightThrough()
      )
      (proj_out): QuantModule(
        256, 256, kernel_size=(1, 1), stride=(1, 1)
        (weight_quantizer): AdaRoundQuantizer(bit=4, symmetric=False, round_mode=learned_hard_sigmoid)
        (act_quantizer): UniformAffineQuantizer(bit=8, scale_method=max, symmetric=True, channel_wise=False, leaf_param=True)
        (activation_function): StraightThrough()
      )
      (act_quantizer_q): UniformAffineQuantizer(bit=8, scale_method=max, symmetric=True, channel_wise=False, leaf_param=True)
      (act_quantizer_k): UniformAffineQuantizer(bit=8, scale_method=max, symmetric=True, channel_wise=False, leaf_param=True)
      (act_quantizer_v): UniformAffineQuantizer(bit=8, scale_method=max, symmetric=True, channel_wise=False, leaf_param=True)
      (act_quantizer_w): UniformAffineQuantizer(bit=8, scale_method=max, symmetric=True, channel_wise=False, leaf_param=True)
    )
    (block_2): QuantResnetBlock(
      (act_quantizer): UniformAffineQuantizer(bit=8, scale_method=max, symmetric=True, channel_wise=False, leaf_param=True)
      (activation_function): StraightThrough()
      (norm1): GroupNorm(32, 256, eps=1e-06, affine=True)
      (conv1): QuantModule(
        256, 256, kernel_size=(3, 3), stride=(1, 1), padding=(1, 1)
        (weight_quantizer): AdaRoundQuantizer(bit=4, symmetric=False, round_mode=learned_hard_sigmoid)
        (act_quantizer): UniformAffineQuantizer(bit=8, scale_method=max, symmetric=True, channel_wise=False, leaf_param=True)
        (activation_function): StraightThrough()
      )
      (temb_proj): QuantModule(
        in_features=512, out_features=256, bias=True
        (weight_quantizer): AdaRoundQuantizer(bit=4, symmetric=False, round_mode=learned_hard_sigmoid)
        (act_quantizer): UniformAffineQuantizer(bit=8, scale_method=max, symmetric=True, channel_wise=False, leaf_param=True)
        (activation_function): StraightThrough()
      )
      (norm2): GroupNorm(32, 256, eps=1e-06, affine=True)
      (dropout): Dropout(p=0.1, inplace=False)
      (conv2): QuantModule(
        256, 256, kernel_size=(3, 3), stride=(1, 1), padding=(1, 1)
        (weight_quantizer): AdaRoundQuantizer(bit=4, symmetric=False, round_mode=learned_hard_sigmoid)
        (act_quantizer): UniformAffineQuantizer(bit=8, scale_method=max, symmetric=True, channel_wise=False, leaf_param=True)
        (activation_function): StraightThrough()
      )
    )
  )
  (up): ModuleList(
    (0): Module(
      (block): ModuleList(
        (0): QuantResnetBlock(
          (act_quantizer): UniformAffineQuantizer(bit=8, scale_method=max, symmetric=True, channel_wise=False, leaf_param=True)
          (activation_function): StraightThrough()
          (norm1): GroupNorm(32, 384, eps=1e-06, affine=True)
          (conv1): QuantModule(
            384, 128, kernel_size=(3, 3), stride=(1, 1), padding=(1, 1)
            (weight_quantizer): AdaRoundQuantizer(bit=4, symmetric=False, round_mode=learned_hard_sigmoid)
            (act_quantizer): UniformAffineQuantizer(bit=8, scale_method=max, symmetric=True, channel_wise=False, leaf_param=True)
            (activation_function): StraightThrough()
          )
          (temb_proj): QuantModule(
            in_features=512, out_features=128, bias=True
            (weight_quantizer): AdaRoundQuantizer(bit=4, symmetric=False, round_mode=learned_hard_sigmoid)
            (act_quantizer): UniformAffineQuantizer(bit=8, scale_method=max, symmetric=True, channel_wise=False, leaf_param=True)
            (activation_function): StraightThrough()
          )
          (norm2): GroupNorm(32, 128, eps=1e-06, affine=True)
          (dropout): Dropout(p=0.1, inplace=False)
          (conv2): QuantModule(
            128, 128, kernel_size=(3, 3), stride=(1, 1), padding=(1, 1)
            (weight_quantizer): AdaRoundQuantizer(bit=4, symmetric=False, round_mode=learned_hard_sigmoid)
            (act_quantizer): UniformAffineQuantizer(bit=8, scale_method=max, symmetric=True, channel_wise=False, leaf_param=True)
            (activation_function): StraightThrough()
          )
          (nin_shortcut): QuantModule(
            384, 128, kernel_size=(1, 1), stride=(1, 1)
            (weight_quantizer): AdaRoundQuantizer(bit=4, symmetric=False, round_mode=learned_hard_sigmoid)
            (act_quantizer): UniformAffineQuantizer(bit=8, scale_method=max, symmetric=True, channel_wise=False, leaf_param=True)
            (activation_function): StraightThrough()
            (weight_quantizer_0): AdaRoundQuantizer(bit=4, symmetric=False, round_mode=learned_hard_sigmoid)
            (act_quantizer_0): UniformAffineQuantizer(bit=8, scale_method=max, symmetric=True, channel_wise=False, leaf_param=True)
          )
        )
        (1-2): 2 x QuantResnetBlock(
          (act_quantizer): UniformAffineQuantizer(bit=8, scale_method=max, symmetric=True, channel_wise=False, leaf_param=True)
          (activation_function): StraightThrough()
          (norm1): GroupNorm(32, 256, eps=1e-06, affine=True)
          (conv1): QuantModule(
            256, 128, kernel_size=(3, 3), stride=(1, 1), padding=(1, 1)
            (weight_quantizer): AdaRoundQuantizer(bit=4, symmetric=False, round_mode=learned_hard_sigmoid)
            (act_quantizer): UniformAffineQuantizer(bit=8, scale_method=max, symmetric=True, channel_wise=False, leaf_param=True)
            (activation_function): StraightThrough()
          )
          (temb_proj): QuantModule(
            in_features=512, out_features=128, bias=True
            (weight_quantizer): AdaRoundQuantizer(bit=4, symmetric=False, round_mode=learned_hard_sigmoid)
            (act_quantizer): UniformAffineQuantizer(bit=8, scale_method=max, symmetric=True, channel_wise=False, leaf_param=True)
            (activation_function): StraightThrough()
          )
          (norm2): GroupNorm(32, 128, eps=1e-06, affine=True)
          (dropout): Dropout(p=0.1, inplace=False)
          (conv2): QuantModule(
            128, 128, kernel_size=(3, 3), stride=(1, 1), padding=(1, 1)
            (weight_quantizer): AdaRoundQuantizer(bit=4, symmetric=False, round_mode=learned_hard_sigmoid)
            (act_quantizer): UniformAffineQuantizer(bit=8, scale_method=max, symmetric=True, channel_wise=False, leaf_param=True)
            (activation_function): StraightThrough()
          )
          (nin_shortcut): QuantModule(
            256, 128, kernel_size=(1, 1), stride=(1, 1)
            (weight_quantizer): AdaRoundQuantizer(bit=4, symmetric=False, round_mode=learned_hard_sigmoid)
            (act_quantizer): UniformAffineQuantizer(bit=8, scale_method=max, symmetric=True, channel_wise=False, leaf_param=True)
            (activation_function): StraightThrough()
            (weight_quantizer_0): AdaRoundQuantizer(bit=4, symmetric=False, round_mode=learned_hard_sigmoid)
            (act_quantizer_0): UniformAffineQuantizer(bit=8, scale_method=max, symmetric=True, channel_wise=False, leaf_param=True)
          )
        )
      )
      (attn): ModuleList()
    )
    (1): Module(
      (block): ModuleList(
        (0-1): 2 x QuantResnetBlock(
          (act_quantizer): UniformAffineQuantizer(bit=8, scale_method=max, symmetric=True, channel_wise=False, leaf_param=True)
          (activation_function): StraightThrough()
          (norm1): GroupNorm(32, 512, eps=1e-06, affine=True)
          (conv1): QuantModule(
            512, 256, kernel_size=(3, 3), stride=(1, 1), padding=(1, 1)
            (weight_quantizer): AdaRoundQuantizer(bit=4, symmetric=False, round_mode=learned_hard_sigmoid)
            (act_quantizer): UniformAffineQuantizer(bit=8, scale_method=max, symmetric=True, channel_wise=False, leaf_param=True)
            (activation_function): StraightThrough()
          )
          (temb_proj): QuantModule(
            in_features=512, out_features=256, bias=True
            (weight_quantizer): AdaRoundQuantizer(bit=4, symmetric=False, round_mode=learned_hard_sigmoid)
            (act_quantizer): UniformAffineQuantizer(bit=8, scale_method=max, symmetric=True, channel_wise=False, leaf_param=True)
            (activation_function): StraightThrough()
          )
          (norm2): GroupNorm(32, 256, eps=1e-06, affine=True)
          (dropout): Dropout(p=0.1, inplace=False)
          (conv2): QuantModule(
            256, 256, kernel_size=(3, 3), stride=(1, 1), padding=(1, 1)
            (weight_quantizer): AdaRoundQuantizer(bit=4, symmetric=False, round_mode=learned_hard_sigmoid)
            (act_quantizer): UniformAffineQuantizer(bit=8, scale_method=max, symmetric=True, channel_wise=False, leaf_param=True)
            (activation_function): StraightThrough()
          )
          (nin_shortcut): QuantModule(
            512, 256, kernel_size=(1, 1), stride=(1, 1)
            (weight_quantizer): AdaRoundQuantizer(bit=4, symmetric=False, round_mode=learned_hard_sigmoid)
            (act_quantizer): UniformAffineQuantizer(bit=8, scale_method=max, symmetric=True, channel_wise=False, leaf_param=True)
            (activation_function): StraightThrough()
            (weight_quantizer_0): AdaRoundQuantizer(bit=4, symmetric=False, round_mode=learned_hard_sigmoid)
            (act_quantizer_0): UniformAffineQuantizer(bit=8, scale_method=max, symmetric=True, channel_wise=False, leaf_param=True)
          )
        )
        (2): QuantResnetBlock(
          (act_quantizer): UniformAffineQuantizer(bit=8, scale_method=max, symmetric=True, channel_wise=False, leaf_param=True)
          (activation_function): StraightThrough()
          (norm1): GroupNorm(32, 384, eps=1e-06, affine=True)
          (conv1): QuantModule(
            384, 256, kernel_size=(3, 3), stride=(1, 1), padding=(1, 1)
            (weight_quantizer): AdaRoundQuantizer(bit=4, symmetric=False, round_mode=learned_hard_sigmoid)
            (act_quantizer): UniformAffineQuantizer(bit=8, scale_method=max, symmetric=True, channel_wise=False, leaf_param=True)
            (activation_function): StraightThrough()
          )
          (temb_proj): QuantModule(
            in_features=512, out_features=256, bias=True
            (weight_quantizer): AdaRoundQuantizer(bit=4, symmetric=False, round_mode=learned_hard_sigmoid)
            (act_quantizer): UniformAffineQuantizer(bit=8, scale_method=max, symmetric=True, channel_wise=False, leaf_param=True)
            (activation_function): StraightThrough()
          )
          (norm2): GroupNorm(32, 256, eps=1e-06, affine=True)
          (dropout): Dropout(p=0.1, inplace=False)
          (conv2): QuantModule(
            256, 256, kernel_size=(3, 3), stride=(1, 1), padding=(1, 1)
            (weight_quantizer): AdaRoundQuantizer(bit=4, symmetric=False, round_mode=learned_hard_sigmoid)
            (act_quantizer): UniformAffineQuantizer(bit=8, scale_method=max, symmetric=True, channel_wise=False, leaf_param=True)
            (activation_function): StraightThrough()
          )
          (nin_shortcut): QuantModule(
            384, 256, kernel_size=(1, 1), stride=(1, 1)
            (weight_quantizer): AdaRoundQuantizer(bit=4, symmetric=False, round_mode=learned_hard_sigmoid)
            (act_quantizer): UniformAffineQuantizer(bit=8, scale_method=max, symmetric=True, channel_wise=False, leaf_param=True)
            (activation_function): StraightThrough()
            (weight_quantizer_0): AdaRoundQuantizer(bit=4, symmetric=False, round_mode=learned_hard_sigmoid)
            (act_quantizer_0): UniformAffineQuantizer(bit=8, scale_method=max, symmetric=True, channel_wise=False, leaf_param=True)
          )
        )
      )
      (attn): ModuleList(
        (0-2): 3 x QuantAttnBlock(
          (act_quantizer): UniformAffineQuantizer(bit=8, scale_method=max, symmetric=True, channel_wise=False, leaf_param=True)
          (activation_function): StraightThrough()
          (norm): GroupNorm(32, 256, eps=1e-06, affine=True)
          (q): QuantModule(
            256, 256, kernel_size=(1, 1), stride=(1, 1)
            (weight_quantizer): AdaRoundQuantizer(bit=4, symmetric=False, round_mode=learned_hard_sigmoid)
            (act_quantizer): UniformAffineQuantizer(bit=8, scale_method=max, symmetric=True, channel_wise=False, leaf_param=True)
            (activation_function): StraightThrough()
          )
          (k): QuantModule(
            256, 256, kernel_size=(1, 1), stride=(1, 1)
            (weight_quantizer): AdaRoundQuantizer(bit=4, symmetric=False, round_mode=learned_hard_sigmoid)
            (act_quantizer): UniformAffineQuantizer(bit=8, scale_method=max, symmetric=True, channel_wise=False, leaf_param=True)
            (activation_function): StraightThrough()
          )
          (v): QuantModule(
            256, 256, kernel_size=(1, 1), stride=(1, 1)
            (weight_quantizer): AdaRoundQuantizer(bit=4, symmetric=False, round_mode=learned_hard_sigmoid)
            (act_quantizer): UniformAffineQuantizer(bit=8, scale_method=max, symmetric=True, channel_wise=False, leaf_param=True)
            (activation_function): StraightThrough()
          )
          (proj_out): QuantModule(
            256, 256, kernel_size=(1, 1), stride=(1, 1)
            (weight_quantizer): AdaRoundQuantizer(bit=4, symmetric=False, round_mode=learned_hard_sigmoid)
            (act_quantizer): UniformAffineQuantizer(bit=8, scale_method=max, symmetric=True, channel_wise=False, leaf_param=True)
            (activation_function): StraightThrough()
          )
          (act_quantizer_q): UniformAffineQuantizer(bit=8, scale_method=max, symmetric=True, channel_wise=False, leaf_param=True)
          (act_quantizer_k): UniformAffineQuantizer(bit=8, scale_method=max, symmetric=True, channel_wise=False, leaf_param=True)
          (act_quantizer_v): UniformAffineQuantizer(bit=8, scale_method=max, symmetric=True, channel_wise=False, leaf_param=True)
          (act_quantizer_w): UniformAffineQuantizer(bit=8, scale_method=max, symmetric=True, channel_wise=False, leaf_param=True)
        )
      )
      (upsample): Upsample(
        (conv): QuantModule(
          256, 256, kernel_size=(3, 3), stride=(1, 1), padding=(1, 1)
          (weight_quantizer): AdaRoundQuantizer(bit=4, symmetric=False, round_mode=learned_hard_sigmoid)
          (act_quantizer): UniformAffineQuantizer(bit=8, scale_method=max, symmetric=True, channel_wise=False, leaf_param=True)
          (activation_function): StraightThrough()
        )
      )
    )
    (2-3): 2 x Module(
      (block): ModuleList(
        (0-2): 3 x QuantResnetBlock(
          (act_quantizer): UniformAffineQuantizer(bit=8, scale_method=max, symmetric=True, channel_wise=False, leaf_param=True)
          (activation_function): StraightThrough()
          (norm1): GroupNorm(32, 512, eps=1e-06, affine=True)
          (conv1): QuantModule(
            512, 256, kernel_size=(3, 3), stride=(1, 1), padding=(1, 1)
            (weight_quantizer): AdaRoundQuantizer(bit=4, symmetric=False, round_mode=learned_hard_sigmoid)
            (act_quantizer): UniformAffineQuantizer(bit=8, scale_method=max, symmetric=True, channel_wise=False, leaf_param=True)
            (activation_function): StraightThrough()
          )
          (temb_proj): QuantModule(
            in_features=512, out_features=256, bias=True
            (weight_quantizer): AdaRoundQuantizer(bit=4, symmetric=False, round_mode=learned_hard_sigmoid)
            (act_quantizer): UniformAffineQuantizer(bit=8, scale_method=max, symmetric=True, channel_wise=False, leaf_param=True)
            (activation_function): StraightThrough()
          )
          (norm2): GroupNorm(32, 256, eps=1e-06, affine=True)
          (dropout): Dropout(p=0.1, inplace=False)
          (conv2): QuantModule(
            256, 256, kernel_size=(3, 3), stride=(1, 1), padding=(1, 1)
            (weight_quantizer): AdaRoundQuantizer(bit=4, symmetric=False, round_mode=learned_hard_sigmoid)
            (act_quantizer): UniformAffineQuantizer(bit=8, scale_method=max, symmetric=True, channel_wise=False, leaf_param=True)
            (activation_function): StraightThrough()
          )
          (nin_shortcut): QuantModule(
            512, 256, kernel_size=(1, 1), stride=(1, 1)
            (weight_quantizer): AdaRoundQuantizer(bit=4, symmetric=False, round_mode=learned_hard_sigmoid)
            (act_quantizer): UniformAffineQuantizer(bit=8, scale_method=max, symmetric=True, channel_wise=False, leaf_param=True)
            (activation_function): StraightThrough()
            (weight_quantizer_0): AdaRoundQuantizer(bit=4, symmetric=False, round_mode=learned_hard_sigmoid)
            (act_quantizer_0): UniformAffineQuantizer(bit=8, scale_method=max, symmetric=True, channel_wise=False, leaf_param=True)
          )
        )
      )
      (attn): ModuleList()
      (upsample): Upsample(
        (conv): QuantModule(
          256, 256, kernel_size=(3, 3), stride=(1, 1), padding=(1, 1)
          (weight_quantizer): AdaRoundQuantizer(bit=4, symmetric=False, round_mode=learned_hard_sigmoid)
          (act_quantizer): UniformAffineQuantizer(bit=8, scale_method=max, symmetric=True, channel_wise=False, leaf_param=True)
          (activation_function): StraightThrough()
        )
      )
    )
  )
  (norm_out): GroupNorm(32, 128, eps=1e-06, affine=True)
  (conv_out): QuantModule(
    128, 3, kernel_size=(3, 3), stride=(1, 1), padding=(1, 1)
    (weight_quantizer): AdaRoundQuantizer(bit=4, symmetric=False, round_mode=learned_hard_sigmoid)
    (act_quantizer): UniformAffineQuantizer(bit=8, scale_method=max, symmetric=True, channel_wise=False, leaf_param=True)
    (activation_function): StraightThrough()
  )
)
08/12/2026 12:02:17 - INFO - __main__ -   Doing activation calibration
08/12/2026 12:02:18 - INFO - __main__ -   model False
08/12/2026 12:02:18 - INFO - __main__ -   model.temb False
08/12/2026 12:02:18 - INFO - __main__ -   model.temb.dense False
08/12/2026 12:02:18 - INFO - __main__ -   model.temb.dense.0 False
08/12/2026 12:02:18 - INFO - __main__ -   Reconstruction for layer model.temb.dense.0
08/12/2026 12:02:31 - INFO - qdiff.utils -   in shape: torch.Size([4608, 128])
08/12/2026 12:02:31 - INFO - qdiff.utils -   out shape: torch.Size([4608, 512])
08/12/2026 12:02:32 - INFO - qdiff.layer_recon -   Total loss:	0.014 (rec:0.014, round:0.000)	b=0.00	count=500
08/12/2026 12:02:34 - INFO - qdiff.layer_recon -   Total loss:	0.012 (rec:0.012, round:0.000)	b=0.00	count=1000
08/12/2026 12:02:35 - INFO - qdiff.layer_recon -   Total loss:	0.013 (rec:0.013, round:0.000)	b=0.00	count=1500
08/12/2026 12:02:37 - INFO - qdiff.layer_recon -   Total loss:	0.012 (rec:0.012, round:0.000)	b=0.00	count=2000
08/12/2026 12:02:39 - INFO - qdiff.layer_recon -   Total loss:	0.012 (rec:0.012, round:0.000)	b=0.00	count=2500
08/12/2026 12:02:40 - INFO - qdiff.layer_recon -   Total loss:	0.012 (rec:0.012, round:0.000)	b=0.00	count=3000
08/12/2026 12:02:42 - INFO - qdiff.layer_recon -   Total loss:	0.012 (rec:0.012, round:0.000)	b=0.00	count=3500
08/12/2026 12:02:43 - INFO - qdiff.layer_recon -   Total loss:	0.013 (rec:0.013, round:0.000)	b=0.00	count=4000
08/12/2026 12:02:44 - INFO - qdiff.layer_recon -   Total loss:	0.013 (rec:0.013, round:0.000)	b=0.00	count=4500
08/12/2026 12:02:45 - INFO - qdiff.layer_recon -   Total loss:	0.012 (rec:0.012, round:0.000)	b=0.00	count=5000
08/12/2026 12:02:47 - INFO - qdiff.layer_recon -   Total loss:	0.012 (rec:0.012, round:0.000)	b=0.00	count=5500
08/12/2026 12:02:48 - INFO - qdiff.layer_recon -   Total loss:	0.013 (rec:0.013, round:0.000)	b=0.00	count=6000
08/12/2026 12:02:49 - INFO - qdiff.layer_recon -   Total loss:	0.013 (rec:0.013, round:0.000)	b=0.00	count=6500
08/12/2026 12:02:51 - INFO - qdiff.layer_recon -   Total loss:	0.013 (rec:0.013, round:0.000)	b=0.00	count=7000
08/12/2026 12:02:51 - INFO - __main__ -   model.temb.dense.1 False
08/12/2026 12:02:51 - INFO - __main__ -   Reconstruction for layer model.temb.dense.1
08/12/2026 12:03:02 - INFO - qdiff.utils -   in shape: torch.Size([4608, 512])
08/12/2026 12:03:02 - INFO - qdiff.utils -   out shape: torch.Size([4608, 512])
08/12/2026 12:03:03 - INFO - qdiff.layer_recon -   Total loss:	0.072 (rec:0.072, round:0.000)	b=0.00	count=500
08/12/2026 12:03:05 - INFO - qdiff.layer_recon -   Total loss:	0.082 (rec:0.082, round:0.000)	b=0.00	count=1000
08/12/2026 12:03:06 - INFO - qdiff.layer_recon -   Total loss:	0.070 (rec:0.070, round:0.000)	b=0.00	count=1500
08/12/2026 12:03:08 - INFO - qdiff.layer_recon -   Total loss:	0.070 (rec:0.070, round:0.000)	b=0.00	count=2000
08/12/2026 12:03:09 - INFO - qdiff.layer_recon -   Total loss:	0.084 (rec:0.084, round:0.000)	b=0.00	count=2500
08/12/2026 12:03:11 - INFO - qdiff.layer_recon -   Total loss:	0.073 (rec:0.073, round:0.000)	b=0.00	count=3000
08/12/2026 12:03:12 - INFO - qdiff.layer_recon -   Total loss:	0.079 (rec:0.079, round:0.000)	b=0.00	count=3500
08/12/2026 12:03:14 - INFO - qdiff.layer_recon -   Total loss:	0.083 (rec:0.083, round:0.000)	b=0.00	count=4000
08/12/2026 12:03:16 - INFO - qdiff.layer_recon -   Total loss:	0.083 (rec:0.083, round:0.000)	b=0.00	count=4500
08/12/2026 12:03:18 - INFO - qdiff.layer_recon -   Total loss:	0.075 (rec:0.075, round:0.000)	b=0.00	count=5000
08/12/2026 12:03:19 - INFO - qdiff.layer_recon -   Total loss:	0.081 (rec:0.081, round:0.000)	b=0.00	count=5500
08/12/2026 12:03:21 - INFO - qdiff.layer_recon -   Total loss:	0.069 (rec:0.069, round:0.000)	b=0.00	count=6000
08/12/2026 12:03:23 - INFO - qdiff.layer_recon -   Total loss:	0.071 (rec:0.071, round:0.000)	b=0.00	count=6500
08/12/2026 12:03:24 - INFO - qdiff.layer_recon -   Total loss:	0.061 (rec:0.061, round:0.000)	b=0.00	count=7000
08/12/2026 12:03:24 - INFO - __main__ -   model.conv_in False
08/12/2026 12:03:24 - INFO - __main__ -   Reconstruction for layer model.conv_in
08/12/2026 12:03:38 - INFO - qdiff.utils -   in shape: torch.Size([4608, 3, 32, 32])
08/12/2026 12:03:38 - INFO - qdiff.utils -   out shape: torch.Size([4608, 128, 32, 32])
08/12/2026 12:03:43 - INFO - qdiff.layer_recon -   Total loss:	0.523 (rec:0.523, round:0.000)	b=0.00	count=500
08/12/2026 12:03:46 - INFO - qdiff.layer_recon -   Total loss:	0.523 (rec:0.523, round:0.000)	b=0.00	count=1000
08/12/2026 12:03:50 - INFO - qdiff.layer_recon -   Total loss:	0.564 (rec:0.564, round:0.000)	b=0.00	count=1500
08/12/2026 12:03:54 - INFO - qdiff.layer_recon -   Total loss:	0.525 (rec:0.525, round:0.000)	b=0.00	count=2000
08/12/2026 12:03:57 - INFO - qdiff.layer_recon -   Total loss:	0.498 (rec:0.498, round:0.000)	b=0.00	count=2500
08/12/2026 12:04:01 - INFO - qdiff.layer_recon -   Total loss:	0.527 (rec:0.527, round:0.000)	b=0.00	count=3000
08/12/2026 12:04:05 - INFO - qdiff.layer_recon -   Total loss:	0.425 (rec:0.425, round:0.000)	b=0.00	count=3500
08/12/2026 12:04:09 - INFO - qdiff.layer_recon -   Total loss:	0.540 (rec:0.540, round:0.000)	b=0.00	count=4000
08/12/2026 12:04:13 - INFO - qdiff.layer_recon -   Total loss:	0.589 (rec:0.589, round:0.000)	b=0.00	count=4500
08/12/2026 12:04:16 - INFO - qdiff.layer_recon -   Total loss:	0.407 (rec:0.407, round:0.000)	b=0.00	count=5000
08/12/2026 12:04:20 - INFO - qdiff.layer_recon -   Total loss:	0.535 (rec:0.535, round:0.000)	b=0.00	count=5500
08/12/2026 12:04:24 - INFO - qdiff.layer_recon -   Total loss:	0.500 (rec:0.500, round:0.000)	b=0.00	count=6000
08/12/2026 12:04:28 - INFO - qdiff.layer_recon -   Total loss:	0.525 (rec:0.525, round:0.000)	b=0.00	count=6500
08/12/2026 12:04:32 - INFO - qdiff.layer_recon -   Total loss:	0.446 (rec:0.446, round:0.000)	b=0.00	count=7000
08/12/2026 12:04:32 - INFO - __main__ -   model.down False
08/12/2026 12:04:32 - INFO - __main__ -   model.down.0 False
08/12/2026 12:04:32 - INFO - __main__ -   model.down.0.block False
08/12/2026 12:04:32 - INFO - __main__ -   model.down.0.block.0 True
08/12/2026 12:04:32 - INFO - __main__ -   Reconstruction for block model.down.0.block.0
08/12/2026 12:04:52 - INFO - qdiff.utils -   in 1 shape: torch.Size([4608, 128, 32, 32]), in 2 shape: torch.Size([4608, 512])
08/12/2026 12:04:52 - INFO - qdiff.utils -   out shape: torch.Size([4608, 128, 32, 32])
08/12/2026 12:05:12 - INFO - qdiff.block_recon -   Total loss:	1.567 (rec:1.567, round:0.000)	b=0.00	count=500
08/12/2026 12:05:30 - INFO - qdiff.block_recon -   Total loss:	1.565 (rec:1.565, round:0.000)	b=0.00	count=1000
08/12/2026 12:05:48 - INFO - qdiff.block_recon -   Total loss:	1.626 (rec:1.626, round:0.000)	b=0.00	count=1500
08/12/2026 12:06:06 - INFO - qdiff.block_recon -   Total loss:	1.557 (rec:1.557, round:0.000)	b=0.00	count=2000
08/12/2026 12:06:24 - INFO - qdiff.block_recon -   Total loss:	1.778 (rec:1.778, round:0.000)	b=0.00	count=2500
08/12/2026 12:06:42 - INFO - qdiff.block_recon -   Total loss:	1.705 (rec:1.705, round:0.000)	b=0.00	count=3000
08/12/2026 12:07:00 - INFO - qdiff.block_recon -   Total loss:	1.667 (rec:1.667, round:0.000)	b=0.00	count=3500
08/12/2026 12:07:18 - INFO - qdiff.block_recon -   Total loss:	1.681 (rec:1.681, round:0.000)	b=0.00	count=4000
08/12/2026 12:07:30 - INFO - qdiff.block_recon -   Total loss:	1.478 (rec:1.478, round:0.000)	b=0.00	count=4500
08/12/2026 12:07:43 - INFO - qdiff.block_recon -   Total loss:	1.665 (rec:1.665, round:0.000)	b=0.00	count=5000
08/12/2026 12:07:59 - INFO - qdiff.block_recon -   Total loss:	1.607 (rec:1.607, round:0.000)	b=0.00	count=5500
08/12/2026 12:08:17 - INFO - qdiff.block_recon -   Total loss:	1.805 (rec:1.805, round:0.000)	b=0.00	count=6000
08/12/2026 12:08:33 - INFO - qdiff.block_recon -   Total loss:	1.610 (rec:1.610, round:0.000)	b=0.00	count=6500
08/12/2026 12:08:49 - INFO - qdiff.block_recon -   Total loss:	1.755 (rec:1.755, round:0.000)	b=0.00	count=7000
08/12/2026 12:08:50 - INFO - __main__ -   model.down.0.block.1 True
08/12/2026 12:08:50 - INFO - __main__ -   Reconstruction for block model.down.0.block.1
08/12/2026 12:09:08 - INFO - qdiff.utils -   in 1 shape: torch.Size([4608, 128, 32, 32]), in 2 shape: torch.Size([4608, 512])
08/12/2026 12:09:08 - INFO - qdiff.utils -   out shape: torch.Size([4608, 128, 32, 32])
08/12/2026 12:09:26 - INFO - qdiff.block_recon -   Total loss:	2.228 (rec:2.228, round:0.000)	b=0.00	count=500
08/12/2026 12:09:42 - INFO - qdiff.block_recon -   Total loss:	3.064 (rec:3.064, round:0.000)	b=0.00	count=1000
08/12/2026 12:09:58 - INFO - qdiff.block_recon -   Total loss:	2.389 (rec:2.389, round:0.000)	b=0.00	count=1500
08/12/2026 12:10:14 - INFO - qdiff.block_recon -   Total loss:	2.655 (rec:2.655, round:0.000)	b=0.00	count=2000
08/12/2026 12:10:30 - INFO - qdiff.block_recon -   Total loss:	2.708 (rec:2.708, round:0.000)	b=0.00	count=2500
08/12/2026 12:10:46 - INFO - qdiff.block_recon -   Total loss:	2.801 (rec:2.801, round:0.000)	b=0.00	count=3000
08/12/2026 12:11:02 - INFO - qdiff.block_recon -   Total loss:	1.866 (rec:1.866, round:0.000)	b=0.00	count=3500
08/12/2026 12:11:18 - INFO - qdiff.block_recon -   Total loss:	2.128 (rec:2.128, round:0.000)	b=0.00	count=4000
08/12/2026 12:11:34 - INFO - qdiff.block_recon -   Total loss:	2.564 (rec:2.564, round:0.000)	b=0.00	count=4500
08/12/2026 12:11:51 - INFO - qdiff.block_recon -   Total loss:	2.277 (rec:2.277, round:0.000)	b=0.00	count=5000
08/12/2026 12:12:07 - INFO - qdiff.block_recon -   Total loss:	2.324 (rec:2.324, round:0.000)	b=0.00	count=5500
08/12/2026 12:12:23 - INFO - qdiff.block_recon -   Total loss:	2.378 (rec:2.378, round:0.000)	b=0.00	count=6000
08/12/2026 12:12:39 - INFO - qdiff.block_recon -   Total loss:	2.435 (rec:2.435, round:0.000)	b=0.00	count=6500
08/12/2026 12:12:55 - INFO - qdiff.block_recon -   Total loss:	1.988 (rec:1.988, round:0.000)	b=0.00	count=7000
08/12/2026 12:12:55 - INFO - __main__ -   model.down.0.attn False
08/12/2026 12:12:55 - INFO - __main__ -   model.down.0.downsample False
08/12/2026 12:12:55 - INFO - __main__ -   model.down.0.downsample.conv False
08/12/2026 12:12:55 - INFO - __main__ -   Reconstruction for layer model.down.0.downsample.conv
08/12/2026 12:13:19 - INFO - qdiff.utils -   in shape: torch.Size([4608, 128, 33, 33])
08/12/2026 12:13:19 - INFO - qdiff.utils -   out shape: torch.Size([4608, 128, 16, 16])
08/12/2026 12:13:25 - INFO - qdiff.layer_recon -   Total loss:	2.308 (rec:2.308, round:0.000)	b=0.00	count=500
08/12/2026 12:13:29 - INFO - qdiff.layer_recon -   Total loss:	1.864 (rec:1.864, round:0.000)	b=0.00	count=1000
08/12/2026 12:13:34 - INFO - qdiff.layer_recon -   Total loss:	1.675 (rec:1.675, round:0.000)	b=0.00	count=1500
08/12/2026 12:13:39 - INFO - qdiff.layer_recon -   Total loss:	2.739 (rec:2.739, round:0.000)	b=0.00	count=2000
08/12/2026 12:13:44 - INFO - qdiff.layer_recon -   Total loss:	1.802 (rec:1.802, round:0.000)	b=0.00	count=2500
08/12/2026 12:13:48 - INFO - qdiff.layer_recon -   Total loss:	2.212 (rec:2.212, round:0.000)	b=0.00	count=3000
08/12/2026 12:13:53 - INFO - qdiff.layer_recon -   Total loss:	1.959 (rec:1.959, round:0.000)	b=0.00	count=3500
08/12/2026 12:13:58 - INFO - qdiff.layer_recon -   Total loss:	1.355 (rec:1.355, round:0.000)	b=0.00	count=4000
08/12/2026 12:14:02 - INFO - qdiff.layer_recon -   Total loss:	2.594 (rec:2.594, round:0.000)	b=0.00	count=4500
08/12/2026 12:14:07 - INFO - qdiff.layer_recon -   Total loss:	1.933 (rec:1.933, round:0.000)	b=0.00	count=5000
08/12/2026 12:14:12 - INFO - qdiff.layer_recon -   Total loss:	1.747 (rec:1.747, round:0.000)	b=0.00	count=5500
08/12/2026 12:14:16 - INFO - qdiff.layer_recon -   Total loss:	1.624 (rec:1.624, round:0.000)	b=0.00	count=6000
08/12/2026 12:14:21 - INFO - qdiff.layer_recon -   Total loss:	1.512 (rec:1.512, round:0.000)	b=0.00	count=6500
08/12/2026 12:14:26 - INFO - qdiff.layer_recon -   Total loss:	1.743 (rec:1.743, round:0.000)	b=0.00	count=7000
08/12/2026 12:14:26 - INFO - __main__ -   model.down.1 False
08/12/2026 12:14:26 - INFO - __main__ -   model.down.1.block False
08/12/2026 12:14:26 - INFO - __main__ -   model.down.1.block.0 True
08/12/2026 12:14:26 - INFO - __main__ -   Reconstruction for block model.down.1.block.0
08/12/2026 12:14:48 - INFO - qdiff.utils -   in 1 shape: torch.Size([4608, 128, 16, 16]), in 2 shape: torch.Size([4608, 512])
08/12/2026 12:14:48 - INFO - qdiff.utils -   out shape: torch.Size([4608, 256, 16, 16])
08/12/2026 12:14:58 - INFO - qdiff.block_recon -   Total loss:	4.132 (rec:4.132, round:0.000)	b=0.00	count=500
08/12/2026 12:15:09 - INFO - qdiff.block_recon -   Total loss:	4.797 (rec:4.797, round:0.000)	b=0.00	count=1000
08/12/2026 12:15:19 - INFO - qdiff.block_recon -   Total loss:	3.596 (rec:3.596, round:0.000)	b=0.00	count=1500
08/12/2026 12:15:30 - INFO - qdiff.block_recon -   Total loss:	4.181 (rec:4.181, round:0.000)	b=0.00	count=2000
08/12/2026 12:15:40 - INFO - qdiff.block_recon -   Total loss:	4.084 (rec:4.084, round:0.000)	b=0.00	count=2500
08/12/2026 12:15:50 - INFO - qdiff.block_recon -   Total loss:	3.814 (rec:3.814, round:0.000)	b=0.00	count=3000
08/12/2026 12:16:01 - INFO - qdiff.block_recon -   Total loss:	4.928 (rec:4.928, round:0.000)	b=0.00	count=3500
08/12/2026 12:16:11 - INFO - qdiff.block_recon -   Total loss:	4.022 (rec:4.022, round:0.000)	b=0.00	count=4000
08/12/2026 12:16:21 - INFO - qdiff.block_recon -   Total loss:	4.101 (rec:4.101, round:0.000)	b=0.00	count=4500
08/12/2026 12:16:32 - INFO - qdiff.block_recon -   Total loss:	4.004 (rec:4.004, round:0.000)	b=0.00	count=5000
08/12/2026 12:16:42 - INFO - qdiff.block_recon -   Total loss:	3.714 (rec:3.714, round:0.000)	b=0.00	count=5500
08/12/2026 12:16:52 - INFO - qdiff.block_recon -   Total loss:	4.007 (rec:4.007, round:0.000)	b=0.00	count=6000
08/12/2026 12:17:03 - INFO - qdiff.block_recon -   Total loss:	3.506 (rec:3.506, round:0.000)	b=0.00	count=6500
08/12/2026 12:17:13 - INFO - qdiff.block_recon -   Total loss:	4.016 (rec:4.016, round:0.000)	b=0.00	count=7000
08/12/2026 12:17:13 - INFO - __main__ -   model.down.1.block.1 True
08/12/2026 12:17:13 - INFO - __main__ -   Reconstruction for block model.down.1.block.1
08/12/2026 12:17:36 - INFO - qdiff.utils -   in 1 shape: torch.Size([4608, 256, 16, 16]), in 2 shape: torch.Size([4608, 512])
08/12/2026 12:17:36 - INFO - qdiff.utils -   out shape: torch.Size([4608, 256, 16, 16])
08/12/2026 12:17:48 - INFO - qdiff.block_recon -   Total loss:	6.449 (rec:6.449, round:0.000)	b=0.00	count=500
08/12/2026 12:17:59 - INFO - qdiff.block_recon -   Total loss:	5.934 (rec:5.934, round:0.000)	b=0.00	count=1000
08/12/2026 12:18:11 - INFO - qdiff.block_recon -   Total loss:	7.707 (rec:7.707, round:0.000)	b=0.00	count=1500
08/12/2026 12:18:23 - INFO - qdiff.block_recon -   Total loss:	5.993 (rec:5.993, round:0.000)	b=0.00	count=2000
08/12/2026 12:18:35 - INFO - qdiff.block_recon -   Total loss:	7.256 (rec:7.256, round:0.000)	b=0.00	count=2500
08/12/2026 12:18:47 - INFO - qdiff.block_recon -   Total loss:	7.894 (rec:7.894, round:0.000)	b=0.00	count=3000
08/12/2026 12:18:58 - INFO - qdiff.block_recon -   Total loss:	6.891 (rec:6.891, round:0.000)	b=0.00	count=3500
08/12/2026 12:19:10 - INFO - qdiff.block_recon -   Total loss:	7.908 (rec:7.908, round:0.000)	b=0.00	count=4000
08/12/2026 12:19:22 - INFO - qdiff.block_recon -   Total loss:	8.309 (rec:8.309, round:0.000)	b=0.00	count=4500
08/12/2026 12:19:34 - INFO - qdiff.block_recon -   Total loss:	6.589 (rec:6.589, round:0.000)	b=0.00	count=5000
08/12/2026 12:19:46 - INFO - qdiff.block_recon -   Total loss:	8.958 (rec:8.958, round:0.000)	b=0.00	count=5500
08/12/2026 12:19:57 - INFO - qdiff.block_recon -   Total loss:	7.887 (rec:7.887, round:0.000)	b=0.00	count=6000
08/12/2026 12:20:09 - INFO - qdiff.block_recon -   Total loss:	6.052 (rec:6.052, round:0.000)	b=0.00	count=6500
08/12/2026 12:20:22 - INFO - qdiff.block_recon -   Total loss:	6.224 (rec:6.224, round:0.000)	b=0.00	count=7000
08/12/2026 12:20:22 - INFO - __main__ -   model.down.1.attn False
08/12/2026 12:20:22 - INFO - __main__ -   model.down.1.attn.0 True
08/12/2026 12:20:22 - INFO - __main__ -   Reconstruction for block model.down.1.attn.0
08/12/2026 12:20:44 - INFO - qdiff.utils -   in shape: torch.Size([4608, 256, 16, 16])
08/12/2026 12:20:44 - INFO - qdiff.utils -   out shape: torch.Size([4608, 256, 16, 16])
08/12/2026 12:20:54 - INFO - qdiff.block_recon -   Total loss:	0.527 (rec:0.527, round:0.000)	b=0.00	count=500
08/12/2026 12:21:05 - INFO - qdiff.block_recon -   Total loss:	1.139 (rec:1.139, round:0.000)	b=0.00	count=1000
08/12/2026 12:21:15 - INFO - qdiff.block_recon -   Total loss:	1.106 (rec:1.106, round:0.000)	b=0.00	count=1500
08/12/2026 12:21:26 - INFO - qdiff.block_recon -   Total loss:	0.682 (rec:0.682, round:0.000)	b=0.00	count=2000
08/12/2026 12:21:36 - INFO - qdiff.block_recon -   Total loss:	0.607 (rec:0.607, round:0.000)	b=0.00	count=2500
08/12/2026 12:21:46 - INFO - qdiff.block_recon -   Total loss:	0.624 (rec:0.624, round:0.000)	b=0.00	count=3000
08/12/2026 12:21:57 - INFO - qdiff.block_recon -   Total loss:	0.654 (rec:0.654, round:0.000)	b=0.00	count=3500
08/12/2026 12:22:07 - INFO - qdiff.block_recon -   Total loss:	0.572 (rec:0.572, round:0.000)	b=0.00	count=4000
08/12/2026 12:22:18 - INFO - qdiff.block_recon -   Total loss:	0.656 (rec:0.656, round:0.000)	b=0.00	count=4500
08/12/2026 12:22:28 - INFO - qdiff.block_recon -   Total loss:	0.530 (rec:0.530, round:0.000)	b=0.00	count=5000
08/12/2026 12:22:38 - INFO - qdiff.block_recon -   Total loss:	0.517 (rec:0.517, round:0.000)	b=0.00	count=5500
08/12/2026 12:22:49 - INFO - qdiff.block_recon -   Total loss:	0.487 (rec:0.487, round:0.000)	b=0.00	count=6000
08/12/2026 12:22:59 - INFO - qdiff.block_recon -   Total loss:	0.715 (rec:0.715, round:0.000)	b=0.00	count=6500
08/12/2026 12:23:10 - INFO - qdiff.block_recon -   Total loss:	0.548 (rec:0.548, round:0.000)	b=0.00	count=7000
08/12/2026 12:23:10 - INFO - __main__ -   model.down.1.attn.1 True
08/12/2026 12:23:10 - INFO - __main__ -   Reconstruction for block model.down.1.attn.1
08/12/2026 12:23:32 - INFO - qdiff.utils -   in shape: torch.Size([4608, 256, 16, 16])
08/12/2026 12:23:32 - INFO - qdiff.utils -   out shape: torch.Size([4608, 256, 16, 16])
08/12/2026 12:23:43 - INFO - qdiff.block_recon -   Total loss:	1.881 (rec:1.881, round:0.000)	b=0.00	count=500
08/12/2026 12:23:53 - INFO - qdiff.block_recon -   Total loss:	1.707 (rec:1.707, round:0.000)	b=0.00	count=1000
08/12/2026 12:24:04 - INFO - qdiff.block_recon -   Total loss:	1.419 (rec:1.419, round:0.000)	b=0.00	count=1500
08/12/2026 12:24:14 - INFO - qdiff.block_recon -   Total loss:	1.533 (rec:1.533, round:0.000)	b=0.00	count=2000
08/12/2026 12:24:25 - INFO - qdiff.block_recon -   Total loss:	1.500 (rec:1.500, round:0.000)	b=0.00	count=2500
08/12/2026 12:24:35 - INFO - qdiff.block_recon -   Total loss:	1.658 (rec:1.658, round:0.000)	b=0.00	count=3000
08/12/2026 12:24:46 - INFO - qdiff.block_recon -   Total loss:	1.647 (rec:1.647, round:0.000)	b=0.00	count=3500
08/12/2026 12:24:56 - INFO - qdiff.block_recon -   Total loss:	1.449 (rec:1.449, round:0.000)	b=0.00	count=4000
08/12/2026 12:25:06 - INFO - qdiff.block_recon -   Total loss:	1.698 (rec:1.698, round:0.000)	b=0.00	count=4500
08/12/2026 12:25:17 - INFO - qdiff.block_recon -   Total loss:	1.798 (rec:1.798, round:0.000)	b=0.00	count=5000
08/12/2026 12:25:27 - INFO - qdiff.block_recon -   Total loss:	1.684 (rec:1.684, round:0.000)	b=0.00	count=5500
08/12/2026 12:25:38 - INFO - qdiff.block_recon -   Total loss:	1.996 (rec:1.996, round:0.000)	b=0.00	count=6000
08/12/2026 12:25:48 - INFO - qdiff.block_recon -   Total loss:	1.866 (rec:1.866, round:0.000)	b=0.00	count=6500
08/12/2026 12:25:58 - INFO - qdiff.block_recon -   Total loss:	2.157 (rec:2.157, round:0.000)	b=0.00	count=7000
08/12/2026 12:25:58 - INFO - __main__ -   model.down.1.downsample False
08/12/2026 12:25:58 - INFO - __main__ -   model.down.1.downsample.conv False
08/12/2026 12:25:58 - INFO - __main__ -   Reconstruction for layer model.down.1.downsample.conv
08/12/2026 12:26:21 - INFO - qdiff.utils -   in shape: torch.Size([4608, 256, 17, 17])
08/12/2026 12:26:21 - INFO - qdiff.utils -   out shape: torch.Size([4608, 256, 8, 8])
08/12/2026 12:26:25 - INFO - qdiff.layer_recon -   Total loss:	7.362 (rec:7.362, round:0.000)	b=0.00	count=500
08/12/2026 12:26:28 - INFO - qdiff.layer_recon -   Total loss:	6.658 (rec:6.658, round:0.000)	b=0.00	count=1000
08/12/2026 12:26:31 - INFO - qdiff.layer_recon -   Total loss:	10.265 (rec:10.265, round:0.000)	b=0.00	count=1500
08/12/2026 12:26:34 - INFO - qdiff.layer_recon -   Total loss:	8.559 (rec:8.559, round:0.000)	b=0.00	count=2000
08/12/2026 12:26:38 - INFO - qdiff.layer_recon -   Total loss:	7.663 (rec:7.663, round:0.000)	b=0.00	count=2500
08/12/2026 12:26:41 - INFO - qdiff.layer_recon -   Total loss:	8.234 (rec:8.234, round:0.000)	b=0.00	count=3000
08/12/2026 12:26:44 - INFO - qdiff.layer_recon -   Total loss:	7.561 (rec:7.561, round:0.000)	b=0.00	count=3500
08/12/2026 12:26:47 - INFO - qdiff.layer_recon -   Total loss:	8.602 (rec:8.602, round:0.000)	b=0.00	count=4000
08/12/2026 12:26:51 - INFO - qdiff.layer_recon -   Total loss:	7.816 (rec:7.816, round:0.000)	b=0.00	count=4500
08/12/2026 12:26:54 - INFO - qdiff.layer_recon -   Total loss:	8.517 (rec:8.517, round:0.000)	b=0.00	count=5000
08/12/2026 12:26:57 - INFO - qdiff.layer_recon -   Total loss:	7.185 (rec:7.185, round:0.000)	b=0.00	count=5500
08/12/2026 12:27:00 - INFO - qdiff.layer_recon -   Total loss:	9.523 (rec:9.523, round:0.000)	b=0.00	count=6000
08/12/2026 12:27:04 - INFO - qdiff.layer_recon -   Total loss:	7.330 (rec:7.330, round:0.000)	b=0.00	count=6500
08/12/2026 12:27:07 - INFO - qdiff.layer_recon -   Total loss:	9.153 (rec:9.153, round:0.000)	b=0.00	count=7000
08/12/2026 12:27:07 - INFO - __main__ -   model.down.2 False
08/12/2026 12:27:07 - INFO - __main__ -   model.down.2.block False
08/12/2026 12:27:07 - INFO - __main__ -   model.down.2.block.0 True
08/12/2026 12:27:07 - INFO - __main__ -   Reconstruction for block model.down.2.block.0
08/12/2026 12:27:29 - INFO - qdiff.utils -   in 1 shape: torch.Size([4608, 256, 8, 8]), in 2 shape: torch.Size([4608, 512])
08/12/2026 12:27:29 - INFO - qdiff.utils -   out shape: torch.Size([4608, 256, 8, 8])
08/12/2026 12:27:34 - INFO - qdiff.block_recon -   Total loss:	39.612 (rec:39.612, round:0.000)	b=0.00	count=500
08/12/2026 12:27:40 - INFO - qdiff.block_recon -   Total loss:	49.366 (rec:49.366, round:0.000)	b=0.00	count=1000
08/12/2026 12:27:45 - INFO - qdiff.block_recon -   Total loss:	53.669 (rec:53.669, round:0.000)	b=0.00	count=1500
08/12/2026 12:27:50 - INFO - qdiff.block_recon -   Total loss:	44.776 (rec:44.776, round:0.000)	b=0.00	count=2000
08/12/2026 12:27:55 - INFO - qdiff.block_recon -   Total loss:	46.928 (rec:46.928, round:0.000)	b=0.00	count=2500
08/12/2026 12:28:00 - INFO - qdiff.block_recon -   Total loss:	43.308 (rec:43.308, round:0.000)	b=0.00	count=3000
08/12/2026 12:28:05 - INFO - qdiff.block_recon -   Total loss:	46.233 (rec:46.233, round:0.000)	b=0.00	count=3500
08/12/2026 12:28:11 - INFO - qdiff.block_recon -   Total loss:	41.987 (rec:41.987, round:0.000)	b=0.00	count=4000
08/12/2026 12:28:16 - INFO - qdiff.block_recon -   Total loss:	44.583 (rec:44.583, round:0.000)	b=0.00	count=4500
08/12/2026 12:28:21 - INFO - qdiff.block_recon -   Total loss:	43.447 (rec:43.447, round:0.000)	b=0.00	count=5000
08/12/2026 12:28:26 - INFO - qdiff.block_recon -   Total loss:	46.083 (rec:46.083, round:0.000)	b=0.00	count=5500
08/12/2026 12:28:31 - INFO - qdiff.block_recon -   Total loss:	46.605 (rec:46.605, round:0.000)	b=0.00	count=6000
08/12/2026 12:28:36 - INFO - qdiff.block_recon -   Total loss:	45.612 (rec:45.612, round:0.000)	b=0.00	count=6500
08/12/2026 12:28:41 - INFO - qdiff.block_recon -   Total loss:	44.264 (rec:44.264, round:0.000)	b=0.00	count=7000
08/12/2026 12:28:41 - INFO - __main__ -   model.down.2.block.1 True
08/12/2026 12:28:41 - INFO - __main__ -   Reconstruction for block model.down.2.block.1
08/12/2026 12:29:04 - INFO - qdiff.utils -   in 1 shape: torch.Size([4608, 256, 8, 8]), in 2 shape: torch.Size([4608, 512])
08/12/2026 12:29:04 - INFO - qdiff.utils -   out shape: torch.Size([4608, 256, 8, 8])
08/12/2026 12:29:09 - INFO - qdiff.block_recon -   Total loss:	39.353 (rec:39.353, round:0.000)	b=0.00	count=500
08/12/2026 12:29:14 - INFO - qdiff.block_recon -   Total loss:	40.087 (rec:40.087, round:0.000)	b=0.00	count=1000
08/12/2026 12:29:19 - INFO - qdiff.block_recon -   Total loss:	39.614 (rec:39.614, round:0.000)	b=0.00	count=1500
08/12/2026 12:29:24 - INFO - qdiff.block_recon -   Total loss:	37.669 (rec:37.669, round:0.000)	b=0.00	count=2000
08/12/2026 12:29:29 - INFO - qdiff.block_recon -   Total loss:	33.497 (rec:33.497, round:0.000)	b=0.00	count=2500
08/12/2026 12:29:34 - INFO - qdiff.block_recon -   Total loss:	37.828 (rec:37.828, round:0.000)	b=0.00	count=3000
08/12/2026 12:29:39 - INFO - qdiff.block_recon -   Total loss:	36.472 (rec:36.472, round:0.000)	b=0.00	count=3500
08/12/2026 12:29:44 - INFO - qdiff.block_recon -   Total loss:	34.240 (rec:34.240, round:0.000)	b=0.00	count=4000
08/12/2026 12:29:49 - INFO - qdiff.block_recon -   Total loss:	38.737 (rec:38.737, round:0.000)	b=0.00	count=4500
08/12/2026 12:29:54 - INFO - qdiff.block_recon -   Total loss:	32.426 (rec:32.426, round:0.000)	b=0.00	count=5000
08/12/2026 12:29:58 - INFO - qdiff.block_recon -   Total loss:	42.232 (rec:42.232, round:0.000)	b=0.00	count=5500
08/12/2026 12:30:03 - INFO - qdiff.block_recon -   Total loss:	33.402 (rec:33.402, round:0.000)	b=0.00	count=6000
08/12/2026 12:30:08 - INFO - qdiff.block_recon -   Total loss:	37.938 (rec:37.938, round:0.000)	b=0.00	count=6500
08/12/2026 12:30:13 - INFO - qdiff.block_recon -   Total loss:	41.606 (rec:41.606, round:0.000)	b=0.00	count=7000
08/12/2026 12:30:13 - INFO - __main__ -   model.down.2.attn False
08/12/2026 12:30:13 - INFO - __main__ -   model.down.2.downsample False
08/12/2026 12:30:13 - INFO - __main__ -   model.down.2.downsample.conv False
08/12/2026 12:30:13 - INFO - __main__ -   Reconstruction for layer model.down.2.downsample.conv
08/12/2026 12:30:36 - INFO - qdiff.utils -   in shape: torch.Size([4608, 256, 9, 9])
08/12/2026 12:30:36 - INFO - qdiff.utils -   out shape: torch.Size([4608, 256, 4, 4])
08/12/2026 12:30:38 - INFO - qdiff.layer_recon -   Total loss:	254.533 (rec:254.533, round:0.000)	b=0.00	count=500
08/12/2026 12:30:40 - INFO - qdiff.layer_recon -   Total loss:	230.007 (rec:230.007, round:0.000)	b=0.00	count=1000
08/12/2026 12:30:42 - INFO - qdiff.layer_recon -   Total loss:	274.683 (rec:274.683, round:0.000)	b=0.00	count=1500
08/12/2026 12:30:44 - INFO - qdiff.layer_recon -   Total loss:	290.480 (rec:290.480, round:0.000)	b=0.00	count=2000
08/12/2026 12:30:45 - INFO - qdiff.layer_recon -   Total loss:	248.499 (rec:248.499, round:0.000)	b=0.00	count=2500
08/12/2026 12:30:47 - INFO - qdiff.layer_recon -   Total loss:	253.101 (rec:253.101, round:0.000)	b=0.00	count=3000
08/12/2026 12:30:49 - INFO - qdiff.layer_recon -   Total loss:	231.649 (rec:231.649, round:0.000)	b=0.00	count=3500
08/12/2026 12:30:51 - INFO - qdiff.layer_recon -   Total loss:	202.626 (rec:202.626, round:0.000)	b=0.00	count=4000
08/12/2026 12:30:53 - INFO - qdiff.layer_recon -   Total loss:	244.123 (rec:244.123, round:0.000)	b=0.00	count=4500
08/12/2026 12:30:55 - INFO - qdiff.layer_recon -   Total loss:	252.069 (rec:252.069, round:0.000)	b=0.00	count=5000
08/12/2026 12:30:56 - INFO - qdiff.layer_recon -   Total loss:	284.531 (rec:284.531, round:0.000)	b=0.00	count=5500
08/12/2026 12:30:58 - INFO - qdiff.layer_recon -   Total loss:	255.900 (rec:255.900, round:0.000)	b=0.00	count=6000
08/12/2026 12:31:00 - INFO - qdiff.layer_recon -   Total loss:	217.341 (rec:217.341, round:0.000)	b=0.00	count=6500
08/12/2026 12:31:02 - INFO - qdiff.layer_recon -   Total loss:	265.328 (rec:265.328, round:0.000)	b=0.00	count=7000
08/12/2026 12:31:02 - INFO - __main__ -   model.down.3 False
08/12/2026 12:31:02 - INFO - __main__ -   model.down.3.block False
08/12/2026 12:31:02 - INFO - __main__ -   model.down.3.block.0 True
08/12/2026 12:31:02 - INFO - __main__ -   Reconstruction for block model.down.3.block.0
08/12/2026 12:31:27 - INFO - qdiff.utils -   in 1 shape: torch.Size([4608, 256, 4, 4]), in 2 shape: torch.Size([4608, 512])
08/12/2026 12:31:27 - INFO - qdiff.utils -   out shape: torch.Size([4608, 256, 4, 4])
08/12/2026 12:31:31 - INFO - qdiff.block_recon -   Total loss:	591.646 (rec:591.646, round:0.000)	b=0.00	count=500
08/12/2026 12:31:35 - INFO - qdiff.block_recon -   Total loss:	587.525 (rec:587.525, round:0.000)	b=0.00	count=1000
08/12/2026 12:31:39 - INFO - qdiff.block_recon -   Total loss:	693.849 (rec:693.849, round:0.000)	b=0.00	count=1500
08/12/2026 12:31:43 - INFO - qdiff.block_recon -   Total loss:	749.959 (rec:749.959, round:0.000)	b=0.00	count=2000
08/12/2026 12:31:48 - INFO - qdiff.block_recon -   Total loss:	622.284 (rec:622.284, round:0.000)	b=0.00	count=2500
08/12/2026 12:31:52 - INFO - qdiff.block_recon -   Total loss:	629.803 (rec:629.803, round:0.000)	b=0.00	count=3000
08/12/2026 12:31:56 - INFO - qdiff.block_recon -   Total loss:	636.083 (rec:636.083, round:0.000)	b=0.00	count=3500
08/12/2026 12:32:01 - INFO - qdiff.block_recon -   Total loss:	641.376 (rec:641.376, round:0.000)	b=0.00	count=4000
08/12/2026 12:32:05 - INFO - qdiff.block_recon -   Total loss:	639.546 (rec:639.546, round:0.000)	b=0.00	count=4500
08/12/2026 12:32:09 - INFO - qdiff.block_recon -   Total loss:	653.825 (rec:653.825, round:0.000)	b=0.00	count=5000
08/12/2026 12:32:13 - INFO - qdiff.block_recon -   Total loss:	691.088 (rec:691.088, round:0.000)	b=0.00	count=5500
08/12/2026 12:32:17 - INFO - qdiff.block_recon -   Total loss:	654.411 (rec:654.411, round:0.000)	b=0.00	count=6000
08/12/2026 12:32:22 - INFO - qdiff.block_recon -   Total loss:	636.995 (rec:636.995, round:0.000)	b=0.00	count=6500
08/12/2026 12:32:26 - INFO - qdiff.block_recon -   Total loss:	674.619 (rec:674.619, round:0.000)	b=0.00	count=7000
08/12/2026 12:32:26 - INFO - __main__ -   model.down.3.block.1 True
08/12/2026 12:32:26 - INFO - __main__ -   Reconstruction for block model.down.3.block.1
08/12/2026 12:32:51 - INFO - qdiff.utils -   in 1 shape: torch.Size([4608, 256, 4, 4]), in 2 shape: torch.Size([4608, 512])
08/12/2026 12:32:51 - INFO - qdiff.utils -   out shape: torch.Size([4608, 256, 4, 4])
08/12/2026 12:32:55 - INFO - qdiff.block_recon -   Total loss:	601.306 (rec:601.306, round:0.000)	b=0.00	count=500
08/12/2026 12:32:59 - INFO - qdiff.block_recon -   Total loss:	583.910 (rec:583.910, round:0.000)	b=0.00	count=1000
08/12/2026 12:33:03 - INFO - qdiff.block_recon -   Total loss:	641.048 (rec:641.048, round:0.000)	b=0.00	count=1500
08/12/2026 12:33:07 - INFO - qdiff.block_recon -   Total loss:	563.932 (rec:563.932, round:0.000)	b=0.00	count=2000
08/12/2026 12:33:12 - INFO - qdiff.block_recon -   Total loss:	622.141 (rec:622.141, round:0.000)	b=0.00	count=2500
08/12/2026 12:33:16 - INFO - qdiff.block_recon -   Total loss:	595.003 (rec:595.003, round:0.000)	b=0.00	count=3000
08/12/2026 12:33:20 - INFO - qdiff.block_recon -   Total loss:	634.518 (rec:634.518, round:0.000)	b=0.00	count=3500
08/12/2026 12:33:24 - INFO - qdiff.block_recon -   Total loss:	662.667 (rec:662.667, round:0.000)	b=0.00	count=4000
08/12/2026 12:33:28 - INFO - qdiff.block_recon -   Total loss:	560.694 (rec:560.694, round:0.000)	b=0.00	count=4500
08/12/2026 12:33:33 - INFO - qdiff.block_recon -   Total loss:	566.978 (rec:566.978, round:0.000)	b=0.00	count=5000
08/12/2026 12:33:37 - INFO - qdiff.block_recon -   Total loss:	583.683 (rec:583.683, round:0.000)	b=0.00	count=5500
08/12/2026 12:33:41 - INFO - qdiff.block_recon -   Total loss:	632.626 (rec:632.626, round:0.000)	b=0.00	count=6000
08/12/2026 12:33:45 - INFO - qdiff.block_recon -   Total loss:	591.250 (rec:591.250, round:0.000)	b=0.00	count=6500
08/12/2026 12:33:50 - INFO - qdiff.block_recon -   Total loss:	533.508 (rec:533.508, round:0.000)	b=0.00	count=7000
08/12/2026 12:33:50 - INFO - __main__ -   model.down.3.attn False
08/12/2026 12:33:50 - INFO - __main__ -   model.mid False
08/12/2026 12:33:50 - INFO - __main__ -   model.mid.block_1 True
08/12/2026 12:33:50 - INFO - __main__ -   Reconstruction for block model.mid.block_1
08/12/2026 12:34:15 - INFO - qdiff.utils -   in 1 shape: torch.Size([4608, 256, 4, 4]), in 2 shape: torch.Size([4608, 512])
08/12/2026 12:34:15 - INFO - qdiff.utils -   out shape: torch.Size([4608, 256, 4, 4])
08/12/2026 12:34:19 - INFO - qdiff.block_recon -   Total loss:	633.902 (rec:633.902, round:0.000)	b=0.00	count=500
08/12/2026 12:34:23 - INFO - qdiff.block_recon -   Total loss:	619.439 (rec:619.439, round:0.000)	b=0.00	count=1000
08/12/2026 12:34:27 - INFO - qdiff.block_recon -   Total loss:	592.471 (rec:592.471, round:0.000)	b=0.00	count=1500
08/12/2026 12:34:31 - INFO - qdiff.block_recon -   Total loss:	665.008 (rec:665.008, round:0.000)	b=0.00	count=2000
08/12/2026 12:34:36 - INFO - qdiff.block_recon -   Total loss:	668.630 (rec:668.630, round:0.000)	b=0.00	count=2500
08/12/2026 12:34:40 - INFO - qdiff.block_recon -   Total loss:	653.654 (rec:653.654, round:0.000)	b=0.00	count=3000
08/12/2026 12:34:44 - INFO - qdiff.block_recon -   Total loss:	592.810 (rec:592.810, round:0.000)	b=0.00	count=3500
08/12/2026 12:34:48 - INFO - qdiff.block_recon -   Total loss:	663.030 (rec:663.030, round:0.000)	b=0.00	count=4000
08/12/2026 12:34:53 - INFO - qdiff.block_recon -   Total loss:	642.831 (rec:642.831, round:0.000)	b=0.00	count=4500
08/12/2026 12:34:57 - INFO - qdiff.block_recon -   Total loss:	691.412 (rec:691.412, round:0.000)	b=0.00	count=5000
08/12/2026 12:35:01 - INFO - qdiff.block_recon -   Total loss:	653.557 (rec:653.557, round:0.000)	b=0.00	count=5500
08/12/2026 12:35:05 - INFO - qdiff.block_recon -   Total loss:	621.523 (rec:621.523, round:0.000)	b=0.00	count=6000
08/12/2026 12:35:09 - INFO - qdiff.block_recon -   Total loss:	625.312 (rec:625.312, round:0.000)	b=0.00	count=6500
08/12/2026 12:35:14 - INFO - qdiff.block_recon -   Total loss:	643.354 (rec:643.354, round:0.000)	b=0.00	count=7000
08/12/2026 12:35:14 - INFO - __main__ -   model.mid.attn_1 True
08/12/2026 12:35:14 - INFO - __main__ -   Reconstruction for block model.mid.attn_1
08/12/2026 12:35:40 - INFO - qdiff.utils -   in shape: torch.Size([4608, 256, 4, 4])
08/12/2026 12:35:40 - INFO - qdiff.utils -   out shape: torch.Size([4608, 256, 4, 4])
08/12/2026 12:35:47 - INFO - qdiff.block_recon -   Total loss:	7.344 (rec:7.344, round:0.000)	b=0.00	count=500
08/12/2026 12:35:53 - INFO - qdiff.block_recon -   Total loss:	8.251 (rec:8.251, round:0.000)	b=0.00	count=1000
08/12/2026 12:35:59 - INFO - qdiff.block_recon -   Total loss:	8.066 (rec:8.066, round:0.000)	b=0.00	count=1500
08/12/2026 12:36:04 - INFO - qdiff.block_recon -   Total loss:	6.728 (rec:6.728, round:0.000)	b=0.00	count=2000
08/12/2026 12:36:08 - INFO - qdiff.block_recon -   Total loss:	7.779 (rec:7.779, round:0.000)	b=0.00	count=2500
08/12/2026 12:36:13 - INFO - qdiff.block_recon -   Total loss:	8.571 (rec:8.571, round:0.000)	b=0.00	count=3000
08/12/2026 12:36:18 - INFO - qdiff.block_recon -   Total loss:	7.742 (rec:7.742, round:0.000)	b=0.00	count=3500
08/12/2026 12:36:22 - INFO - qdiff.block_recon -   Total loss:	7.327 (rec:7.327, round:0.000)	b=0.00	count=4000
08/12/2026 12:36:27 - INFO - qdiff.block_recon -   Total loss:	9.138 (rec:9.138, round:0.000)	b=0.00	count=4500
08/12/2026 12:36:32 - INFO - qdiff.block_recon -   Total loss:	9.953 (rec:9.953, round:0.000)	b=0.00	count=5000
08/12/2026 12:36:36 - INFO - qdiff.block_recon -   Total loss:	8.725 (rec:8.725, round:0.000)	b=0.00	count=5500
08/12/2026 12:36:41 - INFO - qdiff.block_recon -   Total loss:	7.383 (rec:7.383, round:0.000)	b=0.00	count=6000
08/12/2026 12:36:46 - INFO - qdiff.block_recon -   Total loss:	6.966 (rec:6.966, round:0.000)	b=0.00	count=6500
08/12/2026 12:36:50 - INFO - qdiff.block_recon -   Total loss:	8.455 (rec:8.455, round:0.000)	b=0.00	count=7000
08/12/2026 12:36:50 - INFO - __main__ -   model.mid.block_2 True
08/12/2026 12:36:50 - INFO - __main__ -   Reconstruction for block model.mid.block_2
08/12/2026 12:37:09 - INFO - qdiff.utils -   in 1 shape: torch.Size([4608, 256, 4, 4]), in 2 shape: torch.Size([4608, 512])
08/12/2026 12:37:09 - INFO - qdiff.utils -   out shape: torch.Size([4608, 256, 4, 4])
08/12/2026 12:37:13 - INFO - qdiff.block_recon -   Total loss:	550.814 (rec:550.814, round:0.000)	b=0.00	count=500
08/12/2026 12:37:16 - INFO - qdiff.block_recon -   Total loss:	598.758 (rec:598.758, round:0.000)	b=0.00	count=1000
08/12/2026 12:37:20 - INFO - qdiff.block_recon -   Total loss:	582.907 (rec:582.907, round:0.000)	b=0.00	count=1500
08/12/2026 12:37:23 - INFO - qdiff.block_recon -   Total loss:	560.288 (rec:560.288, round:0.000)	b=0.00	count=2000
08/12/2026 12:37:26 - INFO - qdiff.block_recon -   Total loss:	589.042 (rec:589.042, round:0.000)	b=0.00	count=2500
08/12/2026 12:37:29 - INFO - qdiff.block_recon -   Total loss:	578.582 (rec:578.582, round:0.000)	b=0.00	count=3000
08/12/2026 12:37:32 - INFO - qdiff.block_recon -   Total loss:	599.456 (rec:599.456, round:0.000)	b=0.00	count=3500
08/12/2026 12:37:35 - INFO - qdiff.block_recon -   Total loss:	544.621 (rec:544.621, round:0.000)	b=0.00	count=4000
08/12/2026 12:37:39 - INFO - qdiff.block_recon -   Total loss:	588.679 (rec:588.679, round:0.000)	b=0.00	count=4500
08/12/2026 12:37:42 - INFO - qdiff.block_recon -   Total loss:	535.944 (rec:535.944, round:0.000)	b=0.00	count=5000
08/12/2026 12:37:45 - INFO - qdiff.block_recon -   Total loss:	607.604 (rec:607.604, round:0.000)	b=0.00	count=5500
08/12/2026 12:37:48 - INFO - qdiff.block_recon -   Total loss:	620.052 (rec:620.052, round:0.000)	b=0.00	count=6000
08/12/2026 12:37:51 - INFO - qdiff.block_recon -   Total loss:	715.982 (rec:715.982, round:0.000)	b=0.00	count=6500
08/12/2026 12:37:54 - INFO - qdiff.block_recon -   Total loss:	597.412 (rec:597.412, round:0.000)	b=0.00	count=7000
08/12/2026 12:37:54 - INFO - __main__ -   model.up False
08/12/2026 12:37:54 - INFO - __main__ -   model.up.0 False
08/12/2026 12:37:54 - INFO - __main__ -   model.up.0.block False
08/12/2026 12:37:54 - INFO - __main__ -   model.up.0.block.0 True
08/12/2026 12:37:54 - INFO - __main__ -   Reconstruction for block model.up.0.block.0
08/12/2026 12:39:03 - INFO - qdiff.utils -   in 1 shape: torch.Size([4608, 384, 32, 32]), in 2 shape: torch.Size([4608, 512])
08/12/2026 12:39:03 - INFO - qdiff.utils -   out shape: torch.Size([4608, 128, 32, 32])
08/12/2026 12:39:48 - INFO - qdiff.block_recon -   Total loss:	3006.282 (rec:3006.282, round:0.000)	b=0.00	count=500
08/12/2026 12:40:36 - INFO - qdiff.block_recon -   Total loss:	2600.352 (rec:2600.352, round:0.000)	b=0.00	count=1000
08/12/2026 12:41:25 - INFO - qdiff.block_recon -   Total loss:	3107.390 (rec:3107.390, round:0.000)	b=0.00	count=1500
08/12/2026 12:42:24 - INFO - qdiff.block_recon -   Total loss:	2947.199 (rec:2947.199, round:0.000)	b=0.00	count=2000
08/12/2026 12:43:13 - INFO - qdiff.block_recon -   Total loss:	3059.448 (rec:3059.448, round:0.000)	b=0.00	count=2500
08/12/2026 12:44:04 - INFO - qdiff.block_recon -   Total loss:	2816.121 (rec:2816.121, round:0.000)	b=0.00	count=3000
08/12/2026 12:44:54 - INFO - qdiff.block_recon -   Total loss:	2672.846 (rec:2672.846, round:0.000)	b=0.00	count=3500
08/12/2026 12:45:42 - INFO - qdiff.block_recon -   Total loss:	2789.469 (rec:2789.469, round:0.000)	b=0.00	count=4000
08/12/2026 12:46:30 - INFO - qdiff.block_recon -   Total loss:	2993.274 (rec:2993.274, round:0.000)	b=0.00	count=4500
08/12/2026 12:47:18 - INFO - qdiff.block_recon -   Total loss:	3054.870 (rec:3054.870, round:0.000)	b=0.00	count=5000
08/12/2026 12:48:10 - INFO - qdiff.block_recon -   Total loss:	2912.498 (rec:2912.498, round:0.000)	b=0.00	count=5500
08/12/2026 12:49:02 - INFO - qdiff.block_recon -   Total loss:	2908.044 (rec:2908.044, round:0.000)	b=0.00	count=6000
08/12/2026 12:50:00 - INFO - qdiff.block_recon -   Total loss:	2704.797 (rec:2704.797, round:0.000)	b=0.00	count=6500
08/12/2026 12:50:55 - INFO - qdiff.block_recon -   Total loss:	3174.549 (rec:3174.549, round:0.000)	b=0.00	count=7000
08/12/2026 12:50:57 - INFO - __main__ -   model.up.0.block.1 True
08/12/2026 12:50:57 - INFO - __main__ -   Reconstruction for block model.up.0.block.1
08/12/2026 12:52:14 - INFO - qdiff.utils -   in 1 shape: torch.Size([4608, 256, 32, 32]), in 2 shape: torch.Size([4608, 512])
08/12/2026 12:52:14 - INFO - qdiff.utils -   out shape: torch.Size([4608, 128, 32, 32])
08/12/2026 12:52:50 - INFO - qdiff.block_recon -   Total loss:	567.108 (rec:567.108, round:0.000)	b=0.00	count=500
08/12/2026 12:53:18 - INFO - qdiff.block_recon -   Total loss:	556.787 (rec:556.787, round:0.000)	b=0.00	count=1000
08/12/2026 12:53:46 - INFO - qdiff.block_recon -   Total loss:	476.593 (rec:476.593, round:0.000)	b=0.00	count=1500
08/12/2026 12:54:14 - INFO - qdiff.block_recon -   Total loss:	505.414 (rec:505.414, round:0.000)	b=0.00	count=2000
08/12/2026 12:54:42 - INFO - qdiff.block_recon -   Total loss:	507.596 (rec:507.596, round:0.000)	b=0.00	count=2500
08/12/2026 12:55:10 - INFO - qdiff.block_recon -   Total loss:	518.882 (rec:518.882, round:0.000)	b=0.00	count=3000
08/12/2026 12:55:39 - INFO - qdiff.block_recon -   Total loss:	489.662 (rec:489.662, round:0.000)	b=0.00	count=3500
08/12/2026 12:56:14 - INFO - qdiff.block_recon -   Total loss:	547.894 (rec:547.894, round:0.000)	b=0.00	count=4000
08/12/2026 12:56:44 - INFO - qdiff.block_recon -   Total loss:	519.650 (rec:519.650, round:0.000)	b=0.00	count=4500
08/12/2026 12:57:12 - INFO - qdiff.block_recon -   Total loss:	454.058 (rec:454.058, round:0.000)	b=0.00	count=5000
08/12/2026 12:57:46 - INFO - qdiff.block_recon -   Total loss:	561.415 (rec:561.415, round:0.000)	b=0.00	count=5500
08/12/2026 12:58:19 - INFO - qdiff.block_recon -   Total loss:	457.248 (rec:457.248, round:0.000)	b=0.00	count=6000
08/12/2026 12:58:48 - INFO - qdiff.block_recon -   Total loss:	508.576 (rec:508.576, round:0.000)	b=0.00	count=6500
08/12/2026 12:59:16 - INFO - qdiff.block_recon -   Total loss:	502.062 (rec:502.062, round:0.000)	b=0.00	count=7000
08/12/2026 12:59:17 - INFO - __main__ -   model.up.0.block.2 True
08/12/2026 12:59:17 - INFO - __main__ -   Reconstruction for block model.up.0.block.2
08/12/2026 13:00:27 - INFO - qdiff.utils -   in 1 shape: torch.Size([4608, 256, 32, 32]), in 2 shape: torch.Size([4608, 512])
08/12/2026 13:00:27 - INFO - qdiff.utils -   out shape: torch.Size([4608, 128, 32, 32])
08/12/2026 13:00:59 - INFO - qdiff.block_recon -   Total loss:	2767.196 (rec:2767.196, round:0.000)	b=0.00	count=500
08/12/2026 13:01:27 - INFO - qdiff.block_recon -   Total loss:	2641.679 (rec:2641.679, round:0.000)	b=0.00	count=1000
08/12/2026 13:01:57 - INFO - qdiff.block_recon -   Total loss:	3074.598 (rec:3074.598, round:0.000)	b=0.00	count=1500
08/12/2026 13:02:25 - INFO - qdiff.block_recon -   Total loss:	2907.197 (rec:2907.197, round:0.000)	b=0.00	count=2000
08/12/2026 13:02:55 - INFO - qdiff.block_recon -   Total loss:	2970.454 (rec:2970.454, round:0.000)	b=0.00	count=2500
08/12/2026 13:03:24 - INFO - qdiff.block_recon -   Total loss:	2611.111 (rec:2611.111, round:0.000)	b=0.00	count=3000
08/12/2026 13:03:53 - INFO - qdiff.block_recon -   Total loss:	3119.005 (rec:3119.005, round:0.000)	b=0.00	count=3500
08/12/2026 13:04:22 - INFO - qdiff.block_recon -   Total loss:	2843.941 (rec:2843.941, round:0.000)	b=0.00	count=4000
08/12/2026 13:04:51 - INFO - qdiff.block_recon -   Total loss:	2761.426 (rec:2761.426, round:0.000)	b=0.00	count=4500
08/12/2026 13:05:19 - INFO - qdiff.block_recon -   Total loss:	2613.206 (rec:2613.206, round:0.000)	b=0.00	count=5000
08/12/2026 13:05:46 - INFO - qdiff.block_recon -   Total loss:	2851.531 (rec:2851.531, round:0.000)	b=0.00	count=5500
08/12/2026 13:06:14 - INFO - qdiff.block_recon -   Total loss:	2709.998 (rec:2709.998, round:0.000)	b=0.00	count=6000
08/12/2026 13:06:41 - INFO - qdiff.block_recon -   Total loss:	2929.814 (rec:2929.814, round:0.000)	b=0.00	count=6500
08/12/2026 13:07:09 - INFO - qdiff.block_recon -   Total loss:	3472.344 (rec:3472.344, round:0.000)	b=0.00	count=7000
08/12/2026 13:07:10 - INFO - __main__ -   model.up.0.attn False
08/12/2026 13:07:10 - INFO - __main__ -   model.up.1 False
08/12/2026 13:07:10 - INFO - __main__ -   model.up.1.block False
08/12/2026 13:07:10 - INFO - __main__ -   model.up.1.block.0 True
08/12/2026 13:07:10 - INFO - __main__ -   Reconstruction for block model.up.1.block.0
08/12/2026 13:07:54 - INFO - qdiff.utils -   in 1 shape: torch.Size([4608, 512, 16, 16]), in 2 shape: torch.Size([4608, 512])
08/12/2026 13:07:54 - INFO - qdiff.utils -   out shape: torch.Size([4608, 256, 16, 16])
08/12/2026 13:08:15 - INFO - qdiff.block_recon -   Total loss:	854.219 (rec:854.219, round:0.000)	b=0.00	count=500
08/12/2026 13:08:35 - INFO - qdiff.block_recon -   Total loss:	869.445 (rec:869.445, round:0.000)	b=0.00	count=1000
08/12/2026 13:08:55 - INFO - qdiff.block_recon -   Total loss:	797.543 (rec:797.543, round:0.000)	b=0.00	count=1500
08/12/2026 13:09:15 - INFO - qdiff.block_recon -   Total loss:	778.931 (rec:778.931, round:0.000)	b=0.00	count=2000
08/12/2026 13:09:36 - INFO - qdiff.block_recon -   Total loss:	821.321 (rec:821.321, round:0.000)	b=0.00	count=2500
08/12/2026 13:09:56 - INFO - qdiff.block_recon -   Total loss:	864.163 (rec:864.163, round:0.000)	b=0.00	count=3000
08/12/2026 13:10:16 - INFO - qdiff.block_recon -   Total loss:	802.381 (rec:802.381, round:0.000)	b=0.00	count=3500
08/12/2026 13:10:36 - INFO - qdiff.block_recon -   Total loss:	743.330 (rec:743.330, round:0.000)	b=0.00	count=4000
08/12/2026 13:10:56 - INFO - qdiff.block_recon -   Total loss:	830.172 (rec:830.172, round:0.000)	b=0.00	count=4500
08/12/2026 13:11:16 - INFO - qdiff.block_recon -   Total loss:	865.454 (rec:865.454, round:0.000)	b=0.00	count=5000
08/12/2026 13:11:36 - INFO - qdiff.block_recon -   Total loss:	770.747 (rec:770.747, round:0.000)	b=0.00	count=5500
08/12/2026 13:11:56 - INFO - qdiff.block_recon -   Total loss:	799.867 (rec:799.867, round:0.000)	b=0.00	count=6000
08/12/2026 13:12:15 - INFO - qdiff.block_recon -   Total loss:	804.856 (rec:804.856, round:0.000)	b=0.00	count=6500
08/12/2026 13:12:35 - INFO - qdiff.block_recon -   Total loss:	781.576 (rec:781.576, round:0.000)	b=0.00	count=7000
08/12/2026 13:12:36 - INFO - __main__ -   model.up.1.block.1 True
08/12/2026 13:12:36 - INFO - __main__ -   Reconstruction for block model.up.1.block.1
08/12/2026 13:13:18 - INFO - qdiff.utils -   in 1 shape: torch.Size([4608, 512, 16, 16]), in 2 shape: torch.Size([4608, 512])
08/12/2026 13:13:18 - INFO - qdiff.utils -   out shape: torch.Size([4608, 256, 16, 16])
08/12/2026 13:13:38 - INFO - qdiff.block_recon -   Total loss:	628.394 (rec:628.394, round:0.000)	b=0.00	count=500
08/12/2026 13:13:58 - INFO - qdiff.block_recon -   Total loss:	548.945 (rec:548.945, round:0.000)	b=0.00	count=1000
08/12/2026 13:14:18 - INFO - qdiff.block_recon -   Total loss:	624.074 (rec:624.074, round:0.000)	b=0.00	count=1500
08/12/2026 13:14:38 - INFO - qdiff.block_recon -   Total loss:	659.638 (rec:659.638, round:0.000)	b=0.00	count=2000
08/12/2026 13:14:58 - INFO - qdiff.block_recon -   Total loss:	609.790 (rec:609.790, round:0.000)	b=0.00	count=2500
08/12/2026 13:15:18 - INFO - qdiff.block_recon -   Total loss:	515.690 (rec:515.690, round:0.000)	b=0.00	count=3000
08/12/2026 13:15:38 - INFO - qdiff.block_recon -   Total loss:	630.635 (rec:630.635, round:0.000)	b=0.00	count=3500
08/12/2026 13:15:58 - INFO - qdiff.block_recon -   Total loss:	547.624 (rec:547.624, round:0.000)	b=0.00	count=4000
08/12/2026 13:16:18 - INFO - qdiff.block_recon -   Total loss:	623.564 (rec:623.564, round:0.000)	b=0.00	count=4500
08/12/2026 13:16:38 - INFO - qdiff.block_recon -   Total loss:	595.775 (rec:595.775, round:0.000)	b=0.00	count=5000
08/12/2026 13:16:58 - INFO - qdiff.block_recon -   Total loss:	551.777 (rec:551.777, round:0.000)	b=0.00	count=5500
08/12/2026 13:17:18 - INFO - qdiff.block_recon -   Total loss:	657.950 (rec:657.950, round:0.000)	b=0.00	count=6000
08/12/2026 13:17:38 - INFO - qdiff.block_recon -   Total loss:	557.137 (rec:557.137, round:0.000)	b=0.00	count=6500
08/12/2026 13:17:59 - INFO - qdiff.block_recon -   Total loss:	691.799 (rec:691.799, round:0.000)	b=0.00	count=7000
08/12/2026 13:17:59 - INFO - __main__ -   model.up.1.block.2 True
08/12/2026 13:17:59 - INFO - __main__ -   Reconstruction for block model.up.1.block.2
08/12/2026 13:18:44 - INFO - qdiff.utils -   in 1 shape: torch.Size([4608, 384, 16, 16]), in 2 shape: torch.Size([4608, 512])
08/12/2026 13:18:44 - INFO - qdiff.utils -   out shape: torch.Size([4608, 256, 16, 16])
08/12/2026 13:19:02 - INFO - qdiff.block_recon -   Total loss:	434.857 (rec:434.857, round:0.000)	b=0.00	count=500
08/12/2026 13:19:19 - INFO - qdiff.block_recon -   Total loss:	422.676 (rec:422.676, round:0.000)	b=0.00	count=1000
08/12/2026 13:19:36 - INFO - qdiff.block_recon -   Total loss:	435.632 (rec:435.632, round:0.000)	b=0.00	count=1500
08/12/2026 13:19:53 - INFO - qdiff.block_recon -   Total loss:	451.449 (rec:451.449, round:0.000)	b=0.00	count=2000
08/12/2026 13:20:10 - INFO - qdiff.block_recon -   Total loss:	420.524 (rec:420.524, round:0.000)	b=0.00	count=2500
08/12/2026 13:20:26 - INFO - qdiff.block_recon -   Total loss:	371.938 (rec:371.938, round:0.000)	b=0.00	count=3000
08/12/2026 13:20:43 - INFO - qdiff.block_recon -   Total loss:	388.230 (rec:388.230, round:0.000)	b=0.00	count=3500
08/12/2026 13:21:00 - INFO - qdiff.block_recon -   Total loss:	486.683 (rec:486.683, round:0.000)	b=0.00	count=4000
08/12/2026 13:21:17 - INFO - qdiff.block_recon -   Total loss:	388.446 (rec:388.446, round:0.000)	b=0.00	count=4500
08/12/2026 13:21:34 - INFO - qdiff.block_recon -   Total loss:	473.613 (rec:473.613, round:0.000)	b=0.00	count=5000
08/12/2026 13:21:51 - INFO - qdiff.block_recon -   Total loss:	424.050 (rec:424.050, round:0.000)	b=0.00	count=5500
08/12/2026 13:22:08 - INFO - qdiff.block_recon -   Total loss:	446.079 (rec:446.079, round:0.000)	b=0.00	count=6000
08/12/2026 13:22:24 - INFO - qdiff.block_recon -   Total loss:	410.573 (rec:410.573, round:0.000)	b=0.00	count=6500
08/12/2026 13:22:41 - INFO - qdiff.block_recon -   Total loss:	382.035 (rec:382.035, round:0.000)	b=0.00	count=7000
08/12/2026 13:22:41 - INFO - __main__ -   model.up.1.attn False
08/12/2026 13:22:41 - INFO - __main__ -   model.up.1.attn.0 True
08/12/2026 13:22:41 - INFO - __main__ -   Reconstruction for block model.up.1.attn.0
08/12/2026 13:23:21 - INFO - qdiff.utils -   in shape: torch.Size([4608, 256, 16, 16])
08/12/2026 13:23:21 - INFO - qdiff.utils -   out shape: torch.Size([4608, 256, 16, 16])
08/12/2026 13:23:33 - INFO - qdiff.block_recon -   Total loss:	125.763 (rec:125.763, round:0.000)	b=0.00	count=500
08/12/2026 13:23:44 - INFO - qdiff.block_recon -   Total loss:	123.145 (rec:123.145, round:0.000)	b=0.00	count=1000
08/12/2026 13:23:55 - INFO - qdiff.block_recon -   Total loss:	113.192 (rec:113.192, round:0.000)	b=0.00	count=1500
08/12/2026 13:24:06 - INFO - qdiff.block_recon -   Total loss:	120.595 (rec:120.595, round:0.000)	b=0.00	count=2000
08/12/2026 13:24:17 - INFO - qdiff.block_recon -   Total loss:	143.958 (rec:143.958, round:0.000)	b=0.00	count=2500
08/12/2026 13:24:28 - INFO - qdiff.block_recon -   Total loss:	114.739 (rec:114.739, round:0.000)	b=0.00	count=3000
08/12/2026 13:24:39 - INFO - qdiff.block_recon -   Total loss:	129.496 (rec:129.496, round:0.000)	b=0.00	count=3500
08/12/2026 13:24:50 - INFO - qdiff.block_recon -   Total loss:	124.390 (rec:124.390, round:0.000)	b=0.00	count=4000
08/12/2026 13:25:01 - INFO - qdiff.block_recon -   Total loss:	123.013 (rec:123.013, round:0.000)	b=0.00	count=4500
08/12/2026 13:25:12 - INFO - qdiff.block_recon -   Total loss:	137.448 (rec:137.448, round:0.000)	b=0.00	count=5000
08/12/2026 13:25:23 - INFO - qdiff.block_recon -   Total loss:	113.137 (rec:113.137, round:0.000)	b=0.00	count=5500
08/12/2026 13:25:34 - INFO - qdiff.block_recon -   Total loss:	126.334 (rec:126.334, round:0.000)	b=0.00	count=6000
08/12/2026 13:25:46 - INFO - qdiff.block_recon -   Total loss:	122.176 (rec:122.176, round:0.000)	b=0.00	count=6500
08/12/2026 13:25:57 - INFO - qdiff.block_recon -   Total loss:	108.965 (rec:108.965, round:0.000)	b=0.00	count=7000
08/12/2026 13:25:57 - INFO - __main__ -   model.up.1.attn.1 True
08/12/2026 13:25:57 - INFO - __main__ -   Reconstruction for block model.up.1.attn.1
08/12/2026 13:26:46 - INFO - qdiff.utils -   in shape: torch.Size([4608, 256, 16, 16])
08/12/2026 13:26:46 - INFO - qdiff.utils -   out shape: torch.Size([4608, 256, 16, 16])
08/12/2026 13:26:58 - INFO - qdiff.block_recon -   Total loss:	124.872 (rec:124.872, round:0.000)	b=0.00	count=500
08/12/2026 13:27:09 - INFO - qdiff.block_recon -   Total loss:	124.287 (rec:124.287, round:0.000)	b=0.00	count=1000
08/12/2026 13:27:20 - INFO - qdiff.block_recon -   Total loss:	117.729 (rec:117.729, round:0.000)	b=0.00	count=1500
08/12/2026 13:27:31 - INFO - qdiff.block_recon -   Total loss:	124.522 (rec:124.522, round:0.000)	b=0.00	count=2000
08/12/2026 13:27:42 - INFO - qdiff.block_recon -   Total loss:	159.679 (rec:159.679, round:0.000)	b=0.00	count=2500
08/12/2026 13:27:53 - INFO - qdiff.block_recon -   Total loss:	133.704 (rec:133.704, round:0.000)	b=0.00	count=3000
08/12/2026 13:28:04 - INFO - qdiff.block_recon -   Total loss:	129.097 (rec:129.097, round:0.000)	b=0.00	count=3500
08/12/2026 13:28:15 - INFO - qdiff.block_recon -   Total loss:	132.385 (rec:132.385, round:0.000)	b=0.00	count=4000
08/12/2026 13:28:26 - INFO - qdiff.block_recon -   Total loss:	127.280 (rec:127.280, round:0.000)	b=0.00	count=4500
08/12/2026 13:28:37 - INFO - qdiff.block_recon -   Total loss:	120.222 (rec:120.222, round:0.000)	b=0.00	count=5000
08/12/2026 13:28:48 - INFO - qdiff.block_recon -   Total loss:	130.156 (rec:130.156, round:0.000)	b=0.00	count=5500
08/12/2026 13:28:59 - INFO - qdiff.block_recon -   Total loss:	109.201 (rec:109.201, round:0.000)	b=0.00	count=6000
08/12/2026 13:29:10 - INFO - qdiff.block_recon -   Total loss:	122.535 (rec:122.535, round:0.000)	b=0.00	count=6500
08/12/2026 13:29:21 - INFO - qdiff.block_recon -   Total loss:	125.451 (rec:125.451, round:0.000)	b=0.00	count=7000
08/12/2026 13:29:21 - INFO - __main__ -   model.up.1.attn.2 True
08/12/2026 13:29:21 - INFO - __main__ -   Reconstruction for block model.up.1.attn.2
08/12/2026 13:30:16 - INFO - qdiff.utils -   in shape: torch.Size([4608, 256, 16, 16])
08/12/2026 13:30:16 - INFO - qdiff.utils -   out shape: torch.Size([4608, 256, 16, 16])
08/12/2026 13:30:27 - INFO - qdiff.block_recon -   Total loss:	115.973 (rec:115.973, round:0.000)	b=0.00	count=500
08/12/2026 13:30:38 - INFO - qdiff.block_recon -   Total loss:	110.529 (rec:110.529, round:0.000)	b=0.00	count=1000
08/12/2026 13:30:49 - INFO - qdiff.block_recon -   Total loss:	93.199 (rec:93.199, round:0.000)	b=0.00	count=1500
08/12/2026 13:31:01 - INFO - qdiff.block_recon -   Total loss:	96.847 (rec:96.847, round:0.000)	b=0.00	count=2000
08/12/2026 13:31:11 - INFO - qdiff.block_recon -   Total loss:	97.717 (rec:97.717, round:0.000)	b=0.00	count=2500
08/12/2026 13:31:22 - INFO - qdiff.block_recon -   Total loss:	102.803 (rec:102.803, round:0.000)	b=0.00	count=3000
08/12/2026 13:31:34 - INFO - qdiff.block_recon -   Total loss:	98.752 (rec:98.752, round:0.000)	b=0.00	count=3500
08/12/2026 13:31:45 - INFO - qdiff.block_recon -   Total loss:	115.294 (rec:115.294, round:0.000)	b=0.00	count=4000
08/12/2026 13:31:56 - INFO - qdiff.block_recon -   Total loss:	83.809 (rec:83.809, round:0.000)	b=0.00	count=4500
08/12/2026 13:32:07 - INFO - qdiff.block_recon -   Total loss:	87.943 (rec:87.943, round:0.000)	b=0.00	count=5000
08/12/2026 13:32:18 - INFO - qdiff.block_recon -   Total loss:	96.670 (rec:96.670, round:0.000)	b=0.00	count=5500
08/12/2026 13:32:29 - INFO - qdiff.block_recon -   Total loss:	91.354 (rec:91.354, round:0.000)	b=0.00	count=6000
08/12/2026 13:32:40 - INFO - qdiff.block_recon -   Total loss:	101.831 (rec:101.831, round:0.000)	b=0.00	count=6500
08/12/2026 13:32:51 - INFO - qdiff.block_recon -   Total loss:	115.697 (rec:115.697, round:0.000)	b=0.00	count=7000
08/12/2026 13:32:51 - INFO - __main__ -   model.up.1.upsample False
08/12/2026 13:32:51 - INFO - __main__ -   model.up.1.upsample.conv False
08/12/2026 13:32:51 - INFO - __main__ -   Reconstruction for layer model.up.1.upsample.conv
08/12/2026 13:34:39 - INFO - qdiff.utils -   in shape: torch.Size([4608, 256, 32, 32])
08/12/2026 13:34:39 - INFO - qdiff.utils -   out shape: torch.Size([4608, 256, 32, 32])
08/12/2026 13:35:24 - INFO - qdiff.layer_recon -   Total loss:	10290.490 (rec:10290.490, round:0.000)	b=0.00	count=500
08/12/2026 13:35:51 - INFO - qdiff.layer_recon -   Total loss:	9464.179 (rec:9464.179, round:0.000)	b=0.00	count=1000
08/12/2026 13:36:21 - INFO - qdiff.layer_recon -   Total loss:	9904.459 (rec:9904.459, round:0.000)	b=0.00	count=1500
08/12/2026 13:36:53 - INFO - qdiff.layer_recon -   Total loss:	9408.619 (rec:9408.619, round:0.000)	b=0.00	count=2000
08/12/2026 13:37:36 - INFO - qdiff.layer_recon -   Total loss:	9538.557 (rec:9538.557, round:0.000)	b=0.00	count=2500
08/12/2026 13:38:20 - INFO - qdiff.layer_recon -   Total loss:	9363.051 (rec:9363.051, round:0.000)	b=0.00	count=3000
08/12/2026 13:38:57 - INFO - qdiff.layer_recon -   Total loss:	9429.433 (rec:9429.433, round:0.000)	b=0.00	count=3500
08/12/2026 13:39:38 - INFO - qdiff.layer_recon -   Total loss:	9932.664 (rec:9932.664, round:0.000)	b=0.00	count=4000
08/12/2026 13:40:18 - INFO - qdiff.layer_recon -   Total loss:	9657.362 (rec:9657.362, round:0.000)	b=0.00	count=4500
08/12/2026 13:41:02 - INFO - qdiff.layer_recon -   Total loss:	9732.617 (rec:9732.617, round:0.000)	b=0.00	count=5000
08/12/2026 13:41:44 - INFO - qdiff.layer_recon -   Total loss:	8970.297 (rec:8970.297, round:0.000)	b=0.00	count=5500
08/12/2026 13:42:23 - INFO - qdiff.layer_recon -   Total loss:	9536.186 (rec:9536.186, round:0.000)	b=0.00	count=6000
08/12/2026 13:43:01 - INFO - qdiff.layer_recon -   Total loss:	10674.470 (rec:10674.470, round:0.000)	b=0.00	count=6500
08/12/2026 13:43:35 - INFO - qdiff.layer_recon -   Total loss:	9761.221 (rec:9761.221, round:0.000)	b=0.00	count=7000
08/12/2026 13:43:35 - INFO - __main__ -   model.up.2 False
08/12/2026 13:43:35 - INFO - __main__ -   model.up.2.block False
08/12/2026 13:43:35 - INFO - __main__ -   model.up.2.block.0 True
08/12/2026 13:43:35 - INFO - __main__ -   Reconstruction for block model.up.2.block.0
08/12/2026 13:44:14 - INFO - qdiff.utils -   in 1 shape: torch.Size([4608, 512, 8, 8]), in 2 shape: torch.Size([4608, 512])
08/12/2026 13:44:14 - INFO - qdiff.utils -   out shape: torch.Size([4608, 256, 8, 8])
08/12/2026 13:44:22 - INFO - qdiff.block_recon -   Total loss:	1569.494 (rec:1569.494, round:0.000)	b=0.00	count=500
08/12/2026 13:44:29 - INFO - qdiff.block_recon -   Total loss:	1596.049 (rec:1596.049, round:0.000)	b=0.00	count=1000
08/12/2026 13:44:37 - INFO - qdiff.block_recon -   Total loss:	1749.362 (rec:1749.362, round:0.000)	b=0.00	count=1500
08/12/2026 13:44:45 - INFO - qdiff.block_recon -   Total loss:	1599.943 (rec:1599.943, round:0.000)	b=0.00	count=2000
08/12/2026 13:44:53 - INFO - qdiff.block_recon -   Total loss:	1420.310 (rec:1420.310, round:0.000)	b=0.00	count=2500
08/12/2026 13:45:00 - INFO - qdiff.block_recon -   Total loss:	1690.843 (rec:1690.843, round:0.000)	b=0.00	count=3000
08/12/2026 13:45:08 - INFO - qdiff.block_recon -   Total loss:	1584.053 (rec:1584.053, round:0.000)	b=0.00	count=3500
08/12/2026 13:45:16 - INFO - qdiff.block_recon -   Total loss:	1440.668 (rec:1440.668, round:0.000)	b=0.00	count=4000
08/12/2026 13:45:24 - INFO - qdiff.block_recon -   Total loss:	1688.777 (rec:1688.777, round:0.000)	b=0.00	count=4500
08/12/2026 13:45:31 - INFO - qdiff.block_recon -   Total loss:	1699.771 (rec:1699.771, round:0.000)	b=0.00	count=5000
08/12/2026 13:45:39 - INFO - qdiff.block_recon -   Total loss:	1571.146 (rec:1571.146, round:0.000)	b=0.00	count=5500
08/12/2026 13:45:47 - INFO - qdiff.block_recon -   Total loss:	1708.579 (rec:1708.579, round:0.000)	b=0.00	count=6000
08/12/2026 13:45:54 - INFO - qdiff.block_recon -   Total loss:	1502.797 (rec:1502.797, round:0.000)	b=0.00	count=6500
08/12/2026 13:46:02 - INFO - qdiff.block_recon -   Total loss:	1771.982 (rec:1771.982, round:0.000)	b=0.00	count=7000
08/12/2026 13:46:02 - INFO - __main__ -   model.up.2.block.1 True
08/12/2026 13:46:02 - INFO - __main__ -   Reconstruction for block model.up.2.block.1
08/12/2026 13:46:39 - INFO - qdiff.utils -   in 1 shape: torch.Size([4608, 512, 8, 8]), in 2 shape: torch.Size([4608, 512])
08/12/2026 13:46:39 - INFO - qdiff.utils -   out shape: torch.Size([4608, 256, 8, 8])
08/12/2026 13:46:47 - INFO - qdiff.block_recon -   Total loss:	564.254 (rec:564.254, round:0.000)	b=0.00	count=500
08/12/2026 13:46:55 - INFO - qdiff.block_recon -   Total loss:	585.733 (rec:585.733, round:0.000)	b=0.00	count=1000
08/12/2026 13:47:02 - INFO - qdiff.block_recon -   Total loss:	754.334 (rec:754.334, round:0.000)	b=0.00	count=1500
08/12/2026 13:47:10 - INFO - qdiff.block_recon -   Total loss:	686.833 (rec:686.833, round:0.000)	b=0.00	count=2000
08/12/2026 13:47:18 - INFO - qdiff.block_recon -   Total loss:	706.391 (rec:706.391, round:0.000)	b=0.00	count=2500
08/12/2026 13:47:26 - INFO - qdiff.block_recon -   Total loss:	605.857 (rec:605.857, round:0.000)	b=0.00	count=3000
08/12/2026 13:47:33 - INFO - qdiff.block_recon -   Total loss:	584.573 (rec:584.573, round:0.000)	b=0.00	count=3500
08/12/2026 13:47:41 - INFO - qdiff.block_recon -   Total loss:	667.887 (rec:667.887, round:0.000)	b=0.00	count=4000
08/12/2026 13:47:49 - INFO - qdiff.block_recon -   Total loss:	664.427 (rec:664.427, round:0.000)	b=0.00	count=4500
08/12/2026 13:47:57 - INFO - qdiff.block_recon -   Total loss:	589.315 (rec:589.315, round:0.000)	b=0.00	count=5000
08/12/2026 13:48:04 - INFO - qdiff.block_recon -   Total loss:	685.559 (rec:685.559, round:0.000)	b=0.00	count=5500
08/12/2026 13:48:12 - INFO - qdiff.block_recon -   Total loss:	607.005 (rec:607.005, round:0.000)	b=0.00	count=6000
08/12/2026 13:48:20 - INFO - qdiff.block_recon -   Total loss:	673.388 (rec:673.388, round:0.000)	b=0.00	count=6500
08/12/2026 13:48:28 - INFO - qdiff.block_recon -   Total loss:	633.775 (rec:633.775, round:0.000)	b=0.00	count=7000
08/12/2026 13:48:28 - INFO - __main__ -   model.up.2.block.2 True
08/12/2026 13:48:28 - INFO - __main__ -   Reconstruction for block model.up.2.block.2
08/12/2026 13:49:05 - INFO - qdiff.utils -   in 1 shape: torch.Size([4608, 512, 8, 8]), in 2 shape: torch.Size([4608, 512])
08/12/2026 13:49:05 - INFO - qdiff.utils -   out shape: torch.Size([4608, 256, 8, 8])
08/12/2026 13:49:12 - INFO - qdiff.block_recon -   Total loss:	191.003 (rec:191.003, round:0.000)	b=0.00	count=500
08/12/2026 13:49:20 - INFO - qdiff.block_recon -   Total loss:	178.009 (rec:178.009, round:0.000)	b=0.00	count=1000
08/12/2026 13:49:28 - INFO - qdiff.block_recon -   Total loss:	176.958 (rec:176.958, round:0.000)	b=0.00	count=1500
08/12/2026 13:49:36 - INFO - qdiff.block_recon -   Total loss:	208.471 (rec:208.471, round:0.000)	b=0.00	count=2000
08/12/2026 13:49:43 - INFO - qdiff.block_recon -   Total loss:	195.507 (rec:195.507, round:0.000)	b=0.00	count=2500
08/12/2026 13:49:51 - INFO - qdiff.block_recon -   Total loss:	182.125 (rec:182.125, round:0.000)	b=0.00	count=3000
08/12/2026 13:49:59 - INFO - qdiff.block_recon -   Total loss:	168.455 (rec:168.455, round:0.000)	b=0.00	count=3500
08/12/2026 13:50:07 - INFO - qdiff.block_recon -   Total loss:	134.097 (rec:134.097, round:0.000)	b=0.00	count=4000
08/12/2026 13:50:14 - INFO - qdiff.block_recon -   Total loss:	188.970 (rec:188.970, round:0.000)	b=0.00	count=4500
08/12/2026 13:50:22 - INFO - qdiff.block_recon -   Total loss:	215.010 (rec:215.010, round:0.000)	b=0.00	count=5000
08/12/2026 13:50:30 - INFO - qdiff.block_recon -   Total loss:	166.194 (rec:166.194, round:0.000)	b=0.00	count=5500
08/12/2026 13:50:38 - INFO - qdiff.block_recon -   Total loss:	167.633 (rec:167.633, round:0.000)	b=0.00	count=6000
08/12/2026 13:50:45 - INFO - qdiff.block_recon -   Total loss:	196.683 (rec:196.683, round:0.000)	b=0.00	count=6500
08/12/2026 13:50:53 - INFO - qdiff.block_recon -   Total loss:	180.281 (rec:180.281, round:0.000)	b=0.00	count=7000
08/12/2026 13:50:53 - INFO - __main__ -   model.up.2.attn False
08/12/2026 13:50:53 - INFO - __main__ -   model.up.2.upsample False
08/12/2026 13:50:53 - INFO - __main__ -   model.up.2.upsample.conv False
08/12/2026 13:50:53 - INFO - __main__ -   Reconstruction for layer model.up.2.upsample.conv
08/12/2026 13:51:32 - INFO - qdiff.utils -   in shape: torch.Size([4608, 256, 16, 16])
08/12/2026 13:51:32 - INFO - qdiff.utils -   out shape: torch.Size([4608, 256, 16, 16])
08/12/2026 13:51:39 - INFO - qdiff.layer_recon -   Total loss:	621.151 (rec:621.151, round:0.000)	b=0.00	count=500
08/12/2026 13:51:45 - INFO - qdiff.layer_recon -   Total loss:	546.142 (rec:546.142, round:0.000)	b=0.00	count=1000
08/12/2026 13:51:52 - INFO - qdiff.layer_recon -   Total loss:	517.171 (rec:517.171, round:0.000)	b=0.00	count=1500
08/12/2026 13:51:58 - INFO - qdiff.layer_recon -   Total loss:	512.374 (rec:512.374, round:0.000)	b=0.00	count=2000
08/12/2026 13:52:05 - INFO - qdiff.layer_recon -   Total loss:	563.671 (rec:563.671, round:0.000)	b=0.00	count=2500
08/12/2026 13:52:11 - INFO - qdiff.layer_recon -   Total loss:	559.514 (rec:559.514, round:0.000)	b=0.00	count=3000
08/12/2026 13:52:18 - INFO - qdiff.layer_recon -   Total loss:	598.788 (rec:598.788, round:0.000)	b=0.00	count=3500
08/12/2026 13:52:24 - INFO - qdiff.layer_recon -   Total loss:	659.907 (rec:659.907, round:0.000)	b=0.00	count=4000
08/12/2026 13:52:31 - INFO - qdiff.layer_recon -   Total loss:	610.222 (rec:610.222, round:0.000)	b=0.00	count=4500
08/12/2026 13:52:38 - INFO - qdiff.layer_recon -   Total loss:	533.447 (rec:533.447, round:0.000)	b=0.00	count=5000
08/12/2026 13:52:44 - INFO - qdiff.layer_recon -   Total loss:	611.947 (rec:611.947, round:0.000)	b=0.00	count=5500
08/12/2026 13:52:51 - INFO - qdiff.layer_recon -   Total loss:	629.926 (rec:629.926, round:0.000)	b=0.00	count=6000
08/12/2026 13:52:57 - INFO - qdiff.layer_recon -   Total loss:	588.482 (rec:588.482, round:0.000)	b=0.00	count=6500
08/12/2026 13:53:04 - INFO - qdiff.layer_recon -   Total loss:	626.423 (rec:626.423, round:0.000)	b=0.00	count=7000
08/12/2026 13:53:04 - INFO - __main__ -   model.up.3 False
08/12/2026 13:53:04 - INFO - __main__ -   model.up.3.block False
08/12/2026 13:53:04 - INFO - __main__ -   model.up.3.block.0 True
08/12/2026 13:53:04 - INFO - __main__ -   Reconstruction for block model.up.3.block.0
08/12/2026 13:53:35 - INFO - qdiff.utils -   in 1 shape: torch.Size([4608, 512, 4, 4]), in 2 shape: torch.Size([4608, 512])
08/12/2026 13:53:35 - INFO - qdiff.utils -   out shape: torch.Size([4608, 256, 4, 4])
08/12/2026 13:53:43 - INFO - qdiff.block_recon -   Total loss:	3901.032 (rec:3901.032, round:0.000)	b=0.00	count=500
08/12/2026 13:53:49 - INFO - qdiff.block_recon -   Total loss:	3746.159 (rec:3746.159, round:0.000)	b=0.00	count=1000
08/12/2026 13:53:56 - INFO - qdiff.block_recon -   Total loss:	3598.620 (rec:3598.620, round:0.000)	b=0.00	count=1500
08/12/2026 13:54:03 - INFO - qdiff.block_recon -   Total loss:	3811.252 (rec:3811.252, round:0.000)	b=0.00	count=2000
08/12/2026 13:54:09 - INFO - qdiff.block_recon -   Total loss:	3607.113 (rec:3607.113, round:0.000)	b=0.00	count=2500
08/12/2026 13:54:16 - INFO - qdiff.block_recon -   Total loss:	3981.234 (rec:3981.234, round:0.000)	b=0.00	count=3000
08/12/2026 13:54:23 - INFO - qdiff.block_recon -   Total loss:	3436.276 (rec:3436.276, round:0.000)	b=0.00	count=3500
08/12/2026 13:54:29 - INFO - qdiff.block_recon -   Total loss:	3946.754 (rec:3946.754, round:0.000)	b=0.00	count=4000
08/12/2026 13:54:36 - INFO - qdiff.block_recon -   Total loss:	3896.155 (rec:3896.155, round:0.000)	b=0.00	count=4500
08/12/2026 13:54:43 - INFO - qdiff.block_recon -   Total loss:	3570.957 (rec:3570.957, round:0.000)	b=0.00	count=5000
08/12/2026 13:54:50 - INFO - qdiff.block_recon -   Total loss:	3908.499 (rec:3908.499, round:0.000)	b=0.00	count=5500
08/12/2026 13:54:56 - INFO - qdiff.block_recon -   Total loss:	3944.073 (rec:3944.073, round:0.000)	b=0.00	count=6000
08/12/2026 13:55:03 - INFO - qdiff.block_recon -   Total loss:	3649.203 (rec:3649.203, round:0.000)	b=0.00	count=6500
08/12/2026 13:55:10 - INFO - qdiff.block_recon -   Total loss:	3589.773 (rec:3589.773, round:0.000)	b=0.00	count=7000
08/12/2026 13:55:10 - INFO - __main__ -   model.up.3.block.1 True
08/12/2026 13:55:10 - INFO - __main__ -   Reconstruction for block model.up.3.block.1
08/12/2026 13:55:41 - INFO - qdiff.utils -   in 1 shape: torch.Size([4608, 512, 4, 4]), in 2 shape: torch.Size([4608, 512])
08/12/2026 13:55:41 - INFO - qdiff.utils -   out shape: torch.Size([4608, 256, 4, 4])
08/12/2026 13:55:48 - INFO - qdiff.block_recon -   Total loss:	2922.498 (rec:2922.498, round:0.000)	b=0.00	count=500
08/12/2026 13:55:55 - INFO - qdiff.block_recon -   Total loss:	2968.849 (rec:2968.849, round:0.000)	b=0.00	count=1000
08/12/2026 13:56:01 - INFO - qdiff.block_recon -   Total loss:	2838.205 (rec:2838.205, round:0.000)	b=0.00	count=1500
08/12/2026 13:56:08 - INFO - qdiff.block_recon -   Total loss:	2859.241 (rec:2859.241, round:0.000)	b=0.00	count=2000
08/12/2026 13:56:15 - INFO - qdiff.block_recon -   Total loss:	2815.583 (rec:2815.583, round:0.000)	b=0.00	count=2500
08/12/2026 13:56:21 - INFO - qdiff.block_recon -   Total loss:	3127.953 (rec:3127.953, round:0.000)	b=0.00	count=3000
08/12/2026 13:56:28 - INFO - qdiff.block_recon -   Total loss:	3045.886 (rec:3045.886, round:0.000)	b=0.00	count=3500
08/12/2026 13:56:35 - INFO - qdiff.block_recon -   Total loss:	2939.764 (rec:2939.764, round:0.000)	b=0.00	count=4000
08/12/2026 13:56:42 - INFO - qdiff.block_recon -   Total loss:	3234.086 (rec:3234.086, round:0.000)	b=0.00	count=4500
08/12/2026 13:56:48 - INFO - qdiff.block_recon -   Total loss:	3085.146 (rec:3085.146, round:0.000)	b=0.00	count=5000
08/12/2026 13:56:55 - INFO - qdiff.block_recon -   Total loss:	2939.813 (rec:2939.813, round:0.000)	b=0.00	count=5500
08/12/2026 13:57:02 - INFO - qdiff.block_recon -   Total loss:	3029.181 (rec:3029.181, round:0.000)	b=0.00	count=6000
08/12/2026 13:57:09 - INFO - qdiff.block_recon -   Total loss:	2643.264 (rec:2643.264, round:0.000)	b=0.00	count=6500
08/12/2026 13:57:15 - INFO - qdiff.block_recon -   Total loss:	3180.125 (rec:3180.125, round:0.000)	b=0.00	count=7000
08/12/2026 13:57:15 - INFO - __main__ -   model.up.3.block.2 True
08/12/2026 13:57:15 - INFO - __main__ -   Reconstruction for block model.up.3.block.2
08/12/2026 13:57:48 - INFO - qdiff.utils -   in 1 shape: torch.Size([4608, 512, 4, 4]), in 2 shape: torch.Size([4608, 512])
08/12/2026 13:57:48 - INFO - qdiff.utils -   out shape: torch.Size([4608, 256, 4, 4])
08/12/2026 13:57:55 - INFO - qdiff.block_recon -   Total loss:	852.479 (rec:852.479, round:0.000)	b=0.00	count=500
08/12/2026 13:58:02 - INFO - qdiff.block_recon -   Total loss:	822.919 (rec:822.919, round:0.000)	b=0.00	count=1000
08/12/2026 13:58:08 - INFO - qdiff.block_recon -   Total loss:	760.999 (rec:760.999, round:0.000)	b=0.00	count=1500
08/12/2026 13:58:15 - INFO - qdiff.block_recon -   Total loss:	805.841 (rec:805.841, round:0.000)	b=0.00	count=2000
08/12/2026 13:58:22 - INFO - qdiff.block_recon -   Total loss:	793.589 (rec:793.589, round:0.000)	b=0.00	count=2500
08/12/2026 13:58:29 - INFO - qdiff.block_recon -   Total loss:	794.565 (rec:794.565, round:0.000)	b=0.00	count=3000
08/12/2026 13:58:35 - INFO - qdiff.block_recon -   Total loss:	785.919 (rec:785.919, round:0.000)	b=0.00	count=3500
08/12/2026 13:58:42 - INFO - qdiff.block_recon -   Total loss:	719.373 (rec:719.373, round:0.000)	b=0.00	count=4000
08/12/2026 13:58:49 - INFO - qdiff.block_recon -   Total loss:	870.281 (rec:870.281, round:0.000)	b=0.00	count=4500
08/12/2026 13:58:56 - INFO - qdiff.block_recon -   Total loss:	772.658 (rec:772.658, round:0.000)	b=0.00	count=5000
08/12/2026 13:59:02 - INFO - qdiff.block_recon -   Total loss:	844.916 (rec:844.916, round:0.000)	b=0.00	count=5500
08/12/2026 13:59:09 - INFO - qdiff.block_recon -   Total loss:	840.905 (rec:840.905, round:0.000)	b=0.00	count=6000
08/12/2026 13:59:16 - INFO - qdiff.block_recon -   Total loss:	802.402 (rec:802.402, round:0.000)	b=0.00	count=6500
08/12/2026 13:59:22 - INFO - qdiff.block_recon -   Total loss:	810.528 (rec:810.528, round:0.000)	b=0.00	count=7000
08/12/2026 13:59:22 - INFO - __main__ -   model.up.3.attn False
08/12/2026 13:59:22 - INFO - __main__ -   model.up.3.upsample False
08/12/2026 13:59:22 - INFO - __main__ -   model.up.3.upsample.conv False
08/12/2026 13:59:22 - INFO - __main__ -   Reconstruction for layer model.up.3.upsample.conv
08/12/2026 13:59:57 - INFO - qdiff.utils -   in shape: torch.Size([4608, 256, 8, 8])
08/12/2026 13:59:57 - INFO - qdiff.utils -   out shape: torch.Size([4608, 256, 8, 8])
08/12/2026 13:59:59 - INFO - qdiff.layer_recon -   Total loss:	2232.066 (rec:2232.066, round:0.000)	b=0.00	count=500
08/12/2026 14:00:02 - INFO - qdiff.layer_recon -   Total loss:	2055.967 (rec:2055.967, round:0.000)	b=0.00	count=1000
08/12/2026 14:00:04 - INFO - qdiff.layer_recon -   Total loss:	1933.695 (rec:1933.695, round:0.000)	b=0.00	count=1500
08/12/2026 14:00:07 - INFO - qdiff.layer_recon -   Total loss:	2073.672 (rec:2073.672, round:0.000)	b=0.00	count=2000
08/12/2026 14:00:09 - INFO - qdiff.layer_recon -   Total loss:	2051.382 (rec:2051.382, round:0.000)	b=0.00	count=2500
08/12/2026 14:00:12 - INFO - qdiff.layer_recon -   Total loss:	2026.695 (rec:2026.695, round:0.000)	b=0.00	count=3000
08/12/2026 14:00:14 - INFO - qdiff.layer_recon -   Total loss:	2066.192 (rec:2066.192, round:0.000)	b=0.00	count=3500
08/12/2026 14:00:17 - INFO - qdiff.layer_recon -   Total loss:	2276.765 (rec:2276.765, round:0.000)	b=0.00	count=4000
08/12/2026 14:00:20 - INFO - qdiff.layer_recon -   Total loss:	2102.301 (rec:2102.301, round:0.000)	b=0.00	count=4500
08/12/2026 14:00:22 - INFO - qdiff.layer_recon -   Total loss:	2146.020 (rec:2146.020, round:0.000)	b=0.00	count=5000
08/12/2026 14:00:25 - INFO - qdiff.layer_recon -   Total loss:	2172.836 (rec:2172.836, round:0.000)	b=0.00	count=5500
08/12/2026 14:00:27 - INFO - qdiff.layer_recon -   Total loss:	2150.554 (rec:2150.554, round:0.000)	b=0.00	count=6000
08/12/2026 14:00:30 - INFO - qdiff.layer_recon -   Total loss:	2340.057 (rec:2340.057, round:0.000)	b=0.00	count=6500
08/12/2026 14:00:32 - INFO - qdiff.layer_recon -   Total loss:	2006.896 (rec:2006.896, round:0.000)	b=0.00	count=7000
08/12/2026 14:00:32 - INFO - __main__ -   model.norm_out False
08/12/2026 14:00:32 - INFO - __main__ -   model.conv_out False
08/12/2026 14:00:32 - INFO - __main__ -   Reconstruction for layer model.conv_out
08/12/2026 14:01:20 - INFO - qdiff.utils -   in shape: torch.Size([4608, 128, 32, 32])
08/12/2026 14:01:20 - INFO - qdiff.utils -   out shape: torch.Size([4608, 3, 32, 32])
08/12/2026 14:01:25 - INFO - qdiff.layer_recon -   Total loss:	0.001 (rec:0.001, round:0.000)	b=0.00	count=500
08/12/2026 14:01:29 - INFO - qdiff.layer_recon -   Total loss:	0.001 (rec:0.001, round:0.000)	b=0.00	count=1000
08/12/2026 14:01:33 - INFO - qdiff.layer_recon -   Total loss:	0.001 (rec:0.001, round:0.000)	b=0.00	count=1500
08/12/2026 14:01:37 - INFO - qdiff.layer_recon -   Total loss:	0.001 (rec:0.001, round:0.000)	b=0.00	count=2000
08/12/2026 14:01:41 - INFO - qdiff.layer_recon -   Total loss:	0.001 (rec:0.001, round:0.000)	b=0.00	count=2500
08/12/2026 14:01:46 - INFO - qdiff.layer_recon -   Total loss:	0.001 (rec:0.001, round:0.000)	b=0.00	count=3000
08/12/2026 14:01:50 - INFO - qdiff.layer_recon -   Total loss:	0.001 (rec:0.001, round:0.000)	b=0.00	count=3500
08/12/2026 14:01:54 - INFO - qdiff.layer_recon -   Total loss:	0.001 (rec:0.001, round:0.000)	b=0.00	count=4000
08/12/2026 14:01:58 - INFO - qdiff.layer_recon -   Total loss:	0.000 (rec:0.000, round:0.000)	b=0.00	count=4500
08/12/2026 14:02:02 - INFO - qdiff.layer_recon -   Total loss:	0.001 (rec:0.001, round:0.000)	b=0.00	count=5000
08/12/2026 14:02:06 - INFO - qdiff.layer_recon -   Total loss:	0.001 (rec:0.001, round:0.000)	b=0.00	count=5500
08/12/2026 14:02:11 - INFO - qdiff.layer_recon -   Total loss:	0.001 (rec:0.001, round:0.000)	b=0.00	count=6000
08/12/2026 14:02:15 - INFO - qdiff.layer_recon -   Total loss:	0.001 (rec:0.001, round:0.000)	b=0.00	count=6500
08/12/2026 14:02:19 - INFO - qdiff.layer_recon -   Total loss:	0.001 (rec:0.001, round:0.000)	b=0.00	count=7000
08/12/2026 14:02:19 - INFO - __main__ -   Saving calibrated quantized UNet model
08/12/2026 14:02:20 - INFO - __main__ -   starting from image 0
