06/14/2026 12:20:35 - INFO - __main__ -   ===========================================================================
06/14/2026 12:20:35 - INFO - __main__ -   Host DESKTOP-1QPSH7L
06/14/2026 12:20:35 - INFO - __main__ -   logging to:
06/14/2026 12:20:35 - INFO - __main__ -   get_calibrations\two_stage_group_cali\samples\w8a8
06/14/2026 12:20:35 - INFO - __main__ -   ===========================================================================
06/14/2026 12:20:36 - INFO - __main__ -   ===========================================================================
06/14/2026 12:20:36 - INFO - __main__ -   两阶段量化采样模式（不进行激活截断）
06/14/2026 12:20:36 - INFO - __main__ -   ===========================================================================
06/14/2026 12:20:36 - INFO - __main__ -   Loading checkpoint C:\Users\wsh/.cache\diffusion_models_converted\ema_diffusion_cifar10_model/model-790000.ckpt
06/14/2026 12:20:37 - WARNING - __main__ -   Delta weights file  not found. Skipping delta compensation.
06/14/2026 12:20:37 - INFO - __main__ -   Sampling data from 10 timesteps for calibration
06/14/2026 12:21:00 - INFO - qdiff.utils -   Selected 10 steps from 100 sampling steps
06/14/2026 12:21:00 - INFO - __main__ -   Calibration data shape: torch.Size([2000, 3, 32, 32]) torch.Size([2000])
06/14/2026 12:20:38 - INFO - __main__ -   从 layerwise_activation_statistics.json 加载 max_avg 统计（组0/组1 分组）
06/14/2026 12:21:00 - INFO - __main__ -   ===========================================================================
06/14/2026 12:21:00 - INFO - __main__ -   第一阶段：使用组0进行BRECQ量化（不进行激活截断）
06/14/2026 12:21:00 - INFO - __main__ -   ===========================================================================
06/14/2026 12:21:01 - INFO - __main__ -   ===========================================================================
06/14/2026 12:21:01 - INFO - __main__ -   阶段1: 开始权重量化重建
06/14/2026 12:21:01 - INFO - __main__ -   ===========================================================================
06/14/2026 12:21:00 - INFO - __main__ -   初始化权重量化参数
06/14/2026 12:21:13 - INFO - qdiff.quant_layer -   split at 256!
06/14/2026 12:21:14 - INFO - qdiff.quant_layer -   split at 256!
06/14/2026 12:21:15 - INFO - qdiff.quant_layer -   split at 256!
06/14/2026 12:21:16 - INFO - qdiff.quant_layer -   split at 256!
06/14/2026 12:21:17 - INFO - qdiff.quant_layer -   split at 256!
06/14/2026 12:21:18 - INFO - qdiff.quant_layer -   split at 256!
06/14/2026 12:21:19 - INFO - qdiff.quant_layer -   split at 256!
06/14/2026 12:21:21 - INFO - qdiff.quant_layer -   split at 256!
06/14/2026 12:21:22 - INFO - qdiff.quant_layer -   split at 256!
06/14/2026 12:21:24 - INFO - qdiff.quant_layer -   split at 256!
06/14/2026 12:21:24 - INFO - qdiff.quant_layer -   split at 128!
06/14/2026 12:21:25 - INFO - qdiff.quant_layer -   split at 128!
06/14/2026 12:21:25 - INFO - __main__ -   初始化完成!
06/14/2026 12:21:25 - INFO - __main__ -   执行权重量化重建（BRECQ）
06/14/2026 12:21:25 - INFO - __main__ -   model False
06/14/2026 12:21:25 - INFO - __main__ -   temb False
06/14/2026 12:21:25 - INFO - __main__ -   dense False
06/14/2026 12:21:25 - INFO - __main__ -   0 False
06/14/2026 12:21:25 - INFO - __main__ -   Reconstruction for layer 0
06/14/2026 12:21:34 - INFO - qdiff.utils -   in shape: torch.Size([2000, 128])
06/14/2026 12:21:34 - INFO - qdiff.utils -   out shape: torch.Size([2000, 512])
06/14/2026 12:21:37 - INFO - qdiff.layer_recon -   Total loss:	0.000 (rec:0.000, round:0.000)	b=0.00	count=500
06/14/2026 12:21:38 - INFO - qdiff.layer_recon -   Total loss:	10.000 (rec:0.000, round:10.000)	b=0.00	count=1000
06/14/2026 12:21:39 - INFO - qdiff.layer_recon -   Total loss:	0.000 (rec:0.000, round:0.000)	b=0.00	count=1500
06/14/2026 12:21:40 - INFO - qdiff.layer_recon -   Total loss:	0.000 (rec:0.000, round:0.000)	b=0.00	count=2000
06/14/2026 12:21:42 - INFO - qdiff.layer_recon -   Total loss:	0.000 (rec:0.000, round:0.000)	b=0.00	count=2500
06/14/2026 12:21:43 - INFO - qdiff.layer_recon -   Total loss:	19.000 (rec:0.000, round:19.000)	b=0.00	count=3000
06/14/2026 12:21:44 - INFO - qdiff.layer_recon -   Total loss:	0.000 (rec:0.000, round:0.000)	b=0.00	count=3500
06/14/2026 12:21:46 - INFO - qdiff.layer_recon -   Total loss:	612.754 (rec:0.000, round:612.754)	b=20.00	count=4000
06/14/2026 12:21:47 - INFO - qdiff.layer_recon -   Total loss:	231.037 (rec:0.000, round:231.037)	b=19.44	count=4500
06/14/2026 12:21:49 - INFO - qdiff.layer_recon -   Total loss:	199.614 (rec:0.000, round:199.614)	b=18.88	count=5000
06/14/2026 12:21:51 - INFO - qdiff.layer_recon -   Total loss:	223.934 (rec:0.000, round:223.934)	b=18.31	count=5500
06/14/2026 12:21:52 - INFO - qdiff.layer_recon -   Total loss:	205.802 (rec:0.000, round:205.802)	b=17.75	count=6000
06/14/2026 12:21:54 - INFO - qdiff.layer_recon -   Total loss:	201.557 (rec:0.000, round:201.557)	b=17.19	count=6500
06/14/2026 12:21:56 - INFO - qdiff.layer_recon -   Total loss:	162.277 (rec:0.000, round:162.277)	b=16.62	count=7000
06/14/2026 12:21:58 - INFO - qdiff.layer_recon -   Total loss:	177.879 (rec:0.000, round:177.879)	b=16.06	count=7500
06/14/2026 12:21:59 - INFO - qdiff.layer_recon -   Total loss:	137.057 (rec:0.000, round:137.057)	b=15.50	count=8000
06/14/2026 12:22:01 - INFO - qdiff.layer_recon -   Total loss:	152.202 (rec:0.000, round:152.202)	b=14.94	count=8500
06/14/2026 12:22:03 - INFO - qdiff.layer_recon -   Total loss:	115.096 (rec:0.000, round:115.096)	b=14.38	count=9000
06/14/2026 12:22:04 - INFO - qdiff.layer_recon -   Total loss:	97.212 (rec:0.000, round:97.212)	b=13.81	count=9500
06/14/2026 12:22:06 - INFO - qdiff.layer_recon -   Total loss:	114.309 (rec:0.000, round:114.309)	b=13.25	count=10000
06/14/2026 12:22:08 - INFO - qdiff.layer_recon -   Total loss:	104.163 (rec:0.000, round:104.163)	b=12.69	count=10500
06/14/2026 12:22:09 - INFO - qdiff.layer_recon -   Total loss:	81.086 (rec:0.000, round:81.086)	b=12.12	count=11000
06/14/2026 12:22:11 - INFO - qdiff.layer_recon -   Total loss:	40.318 (rec:0.000, round:40.318)	b=11.56	count=11500
06/14/2026 12:22:13 - INFO - qdiff.layer_recon -   Total loss:	30.127 (rec:0.000, round:30.127)	b=11.00	count=12000
06/14/2026 12:22:15 - INFO - qdiff.layer_recon -   Total loss:	53.268 (rec:0.000, round:53.268)	b=10.44	count=12500
06/14/2026 12:22:16 - INFO - qdiff.layer_recon -   Total loss:	46.066 (rec:0.000, round:46.066)	b=9.88	count=13000
06/14/2026 12:22:18 - INFO - qdiff.layer_recon -   Total loss:	0.000 (rec:0.000, round:0.000)	b=9.31	count=13500
06/14/2026 12:22:20 - INFO - qdiff.layer_recon -   Total loss:	1.380 (rec:0.000, round:1.380)	b=8.75	count=14000
06/14/2026 12:22:21 - INFO - qdiff.layer_recon -   Total loss:	0.000 (rec:0.000, round:0.000)	b=8.19	count=14500
06/14/2026 12:22:23 - INFO - qdiff.layer_recon -   Total loss:	0.000 (rec:0.000, round:0.000)	b=7.62	count=15000
06/14/2026 12:22:25 - INFO - qdiff.layer_recon -   Total loss:	0.000 (rec:0.000, round:0.000)	b=7.06	count=15500
06/14/2026 12:22:26 - INFO - qdiff.layer_recon -   Total loss:	17.538 (rec:0.000, round:17.538)	b=6.50	count=16000
06/14/2026 12:22:28 - INFO - qdiff.layer_recon -   Total loss:	17.951 (rec:0.000, round:17.951)	b=5.94	count=16500
06/14/2026 12:22:30 - INFO - qdiff.layer_recon -   Total loss:	12.517 (rec:0.000, round:12.517)	b=5.38	count=17000
06/14/2026 12:22:32 - INFO - qdiff.layer_recon -   Total loss:	0.000 (rec:0.000, round:0.000)	b=4.81	count=17500
06/14/2026 12:22:33 - INFO - qdiff.layer_recon -   Total loss:	20.131 (rec:0.000, round:20.131)	b=4.25	count=18000
06/14/2026 12:22:35 - INFO - qdiff.layer_recon -   Total loss:	0.000 (rec:0.000, round:0.000)	b=3.69	count=18500
06/14/2026 12:22:37 - INFO - qdiff.layer_recon -   Total loss:	0.000 (rec:0.000, round:0.000)	b=3.12	count=19000
06/14/2026 12:22:38 - INFO - qdiff.layer_recon -   Total loss:	0.000 (rec:0.000, round:0.000)	b=2.56	count=19500
06/14/2026 12:22:40 - INFO - qdiff.layer_recon -   Total loss:	12.000 (rec:0.000, round:12.000)	b=2.00	count=20000
06/14/2026 12:22:40 - INFO - __main__ -   1 False
06/14/2026 12:22:40 - INFO - __main__ -   Reconstruction for layer 1
06/14/2026 12:22:49 - INFO - qdiff.utils -   in shape: torch.Size([2000, 512])
06/14/2026 12:22:49 - INFO - qdiff.utils -   out shape: torch.Size([2000, 512])
06/14/2026 12:22:50 - INFO - qdiff.layer_recon -   Total loss:	16.000 (rec:0.000, round:16.000)	b=0.00	count=500
06/14/2026 12:22:51 - INFO - qdiff.layer_recon -   Total loss:	0.000 (rec:0.000, round:0.000)	b=0.00	count=1000
06/14/2026 12:22:53 - INFO - qdiff.layer_recon -   Total loss:	20.000 (rec:0.000, round:20.000)	b=0.00	count=1500
06/14/2026 12:22:54 - INFO - qdiff.layer_recon -   Total loss:	0.000 (rec:0.000, round:0.000)	b=0.00	count=2000
06/14/2026 12:22:55 - INFO - qdiff.layer_recon -   Total loss:	10.000 (rec:0.000, round:10.000)	b=0.00	count=2500
06/14/2026 12:22:57 - INFO - qdiff.layer_recon -   Total loss:	16.000 (rec:0.000, round:16.000)	b=0.00	count=3000
06/14/2026 12:22:58 - INFO - qdiff.layer_recon -   Total loss:	0.000 (rec:0.000, round:0.000)	b=0.00	count=3500
06/14/2026 12:22:59 - INFO - qdiff.layer_recon -   Total loss:	2514.572 (rec:0.000, round:2514.572)	b=20.00	count=4000
06/14/2026 12:23:01 - INFO - qdiff.layer_recon -   Total loss:	1018.705 (rec:0.000, round:1018.705)	b=19.44	count=4500
06/14/2026 12:23:02 - INFO - qdiff.layer_recon -   Total loss:	932.693 (rec:0.000, round:932.693)	b=18.88	count=5000
06/14/2026 12:23:04 - INFO - qdiff.layer_recon -   Total loss:	874.664 (rec:0.000, round:874.664)	b=18.31	count=5500
06/14/2026 12:23:06 - INFO - qdiff.layer_recon -   Total loss:	806.142 (rec:0.000, round:806.142)	b=17.75	count=6000
06/14/2026 12:23:07 - INFO - qdiff.layer_recon -   Total loss:	795.622 (rec:0.000, round:795.622)	b=17.19	count=6500
06/14/2026 12:23:09 - INFO - qdiff.layer_recon -   Total loss:	757.299 (rec:0.000, round:757.299)	b=16.62	count=7000
06/14/2026 12:23:10 - INFO - qdiff.layer_recon -   Total loss:	718.228 (rec:0.000, round:718.228)	b=16.06	count=7500
06/14/2026 12:23:12 - INFO - qdiff.layer_recon -   Total loss:	645.639 (rec:0.000, round:645.639)	b=15.50	count=8000
06/14/2026 12:23:13 - INFO - qdiff.layer_recon -   Total loss:	632.821 (rec:0.000, round:632.821)	b=14.94	count=8500
06/14/2026 12:23:15 - INFO - qdiff.layer_recon -   Total loss:	570.390 (rec:0.000, round:570.390)	b=14.38	count=9000
06/14/2026 12:23:16 - INFO - qdiff.layer_recon -   Total loss:	529.503 (rec:0.000, round:529.503)	b=13.81	count=9500
06/14/2026 12:23:18 - INFO - qdiff.layer_recon -   Total loss:	478.444 (rec:0.000, round:478.444)	b=13.25	count=10000
06/14/2026 12:23:20 - INFO - qdiff.layer_recon -   Total loss:	475.058 (rec:0.000, round:475.058)	b=12.69	count=10500
06/14/2026 12:23:21 - INFO - qdiff.layer_recon -   Total loss:	392.817 (rec:0.000, round:392.817)	b=12.12	count=11000
06/14/2026 12:23:23 - INFO - qdiff.layer_recon -   Total loss:	385.137 (rec:0.000, round:385.137)	b=11.56	count=11500
06/14/2026 12:23:24 - INFO - qdiff.layer_recon -   Total loss:	344.833 (rec:0.000, round:344.833)	b=11.00	count=12000
06/14/2026 12:23:26 - INFO - qdiff.layer_recon -   Total loss:	301.374 (rec:0.000, round:301.374)	b=10.44	count=12500
06/14/2026 12:23:28 - INFO - qdiff.layer_recon -   Total loss:	224.421 (rec:0.000, round:224.421)	b=9.88	count=13000
06/14/2026 12:23:29 - INFO - qdiff.layer_recon -   Total loss:	182.450 (rec:0.000, round:182.450)	b=9.31	count=13500
06/14/2026 12:23:31 - INFO - qdiff.layer_recon -   Total loss:	184.342 (rec:0.000, round:184.342)	b=8.75	count=14000
06/14/2026 12:23:32 - INFO - qdiff.layer_recon -   Total loss:	149.033 (rec:0.000, round:149.033)	b=8.19	count=14500
06/14/2026 12:23:34 - INFO - qdiff.layer_recon -   Total loss:	108.114 (rec:0.000, round:108.114)	b=7.62	count=15000
06/14/2026 12:23:35 - INFO - qdiff.layer_recon -   Total loss:	53.023 (rec:0.000, round:53.023)	b=7.06	count=15500
06/14/2026 12:23:37 - INFO - qdiff.layer_recon -   Total loss:	29.741 (rec:0.000, round:29.741)	b=6.50	count=16000
06/14/2026 12:23:39 - INFO - qdiff.layer_recon -   Total loss:	14.896 (rec:0.000, round:14.896)	b=5.94	count=16500
06/14/2026 12:23:40 - INFO - qdiff.layer_recon -   Total loss:	0.000 (rec:0.000, round:0.000)	b=5.38	count=17000
06/14/2026 12:23:42 - INFO - qdiff.layer_recon -   Total loss:	27.611 (rec:0.000, round:27.611)	b=4.81	count=17500
06/14/2026 12:23:43 - INFO - qdiff.layer_recon -   Total loss:	0.000 (rec:0.000, round:0.000)	b=4.25	count=18000
06/14/2026 12:23:45 - INFO - qdiff.layer_recon -   Total loss:	12.681 (rec:0.001, round:12.680)	b=3.69	count=18500
06/14/2026 12:23:46 - INFO - qdiff.layer_recon -   Total loss:	0.001 (rec:0.001, round:0.000)	b=3.12	count=19000
06/14/2026 12:23:48 - INFO - qdiff.layer_recon -   Total loss:	19.003 (rec:0.001, round:19.002)	b=2.56	count=19500
06/14/2026 12:23:50 - INFO - qdiff.layer_recon -   Total loss:	0.000 (rec:0.000, round:0.000)	b=2.00	count=20000
06/14/2026 12:23:50 - INFO - __main__ -   conv_in False
06/14/2026 12:23:50 - INFO - __main__ -   Reconstruction for layer conv_in
06/14/2026 12:24:00 - INFO - qdiff.utils -   in shape: torch.Size([2000, 3, 32, 32])
06/14/2026 12:24:00 - INFO - qdiff.utils -   out shape: torch.Size([2000, 128, 32, 32])
06/14/2026 12:24:04 - INFO - qdiff.layer_recon -   Total loss:	11.000 (rec:0.000, round:11.000)	b=0.00	count=500
06/14/2026 12:24:07 - INFO - qdiff.layer_recon -   Total loss:	0.000 (rec:0.000, round:0.000)	b=0.00	count=1000
06/14/2026 12:24:11 - INFO - qdiff.layer_recon -   Total loss:	0.000 (rec:0.000, round:0.000)	b=0.00	count=1500
06/14/2026 12:24:14 - INFO - qdiff.layer_recon -   Total loss:	0.000 (rec:0.000, round:0.000)	b=0.00	count=2000
06/14/2026 12:24:17 - INFO - qdiff.layer_recon -   Total loss:	11.000 (rec:0.000, round:11.000)	b=0.00	count=2500
06/14/2026 12:24:21 - INFO - qdiff.layer_recon -   Total loss:	0.000 (rec:0.000, round:0.000)	b=0.00	count=3000
06/14/2026 12:24:24 - INFO - qdiff.layer_recon -   Total loss:	12.000 (rec:0.000, round:12.000)	b=0.00	count=3500
06/14/2026 12:24:28 - INFO - qdiff.layer_recon -   Total loss:	14.833 (rec:0.000, round:14.833)	b=20.00	count=4000
06/14/2026 12:24:32 - INFO - qdiff.layer_recon -   Total loss:	29.398 (rec:0.001, round:29.397)	b=19.44	count=4500
06/14/2026 12:24:35 - INFO - qdiff.layer_recon -   Total loss:	2.039 (rec:0.001, round:2.038)	b=18.88	count=5000
06/14/2026 12:24:39 - INFO - qdiff.layer_recon -   Total loss:	28.666 (rec:0.001, round:28.665)	b=18.31	count=5500
06/14/2026 12:24:43 - INFO - qdiff.layer_recon -   Total loss:	34.323 (rec:0.001, round:34.322)	b=17.75	count=6000
06/14/2026 12:24:47 - INFO - qdiff.layer_recon -   Total loss:	31.070 (rec:0.001, round:31.069)	b=17.19	count=6500
06/14/2026 12:24:51 - INFO - qdiff.layer_recon -   Total loss:	2.773 (rec:0.001, round:2.772)	b=16.62	count=7000
06/14/2026 12:24:55 - INFO - qdiff.layer_recon -   Total loss:	0.233 (rec:0.001, round:0.232)	b=16.06	count=7500
06/14/2026 12:24:58 - INFO - qdiff.layer_recon -   Total loss:	0.001 (rec:0.001, round:0.000)	b=15.50	count=8000
06/14/2026 12:25:02 - INFO - qdiff.layer_recon -   Total loss:	0.001 (rec:0.001, round:0.000)	b=14.94	count=8500
06/14/2026 12:25:06 - INFO - qdiff.layer_recon -   Total loss:	0.001 (rec:0.001, round:0.000)	b=14.38	count=9000
06/14/2026 12:25:10 - INFO - qdiff.layer_recon -   Total loss:	1.237 (rec:0.002, round:1.235)	b=13.81	count=9500
06/14/2026 12:25:14 - INFO - qdiff.layer_recon -   Total loss:	0.001 (rec:0.001, round:0.000)	b=13.25	count=10000
06/14/2026 12:25:18 - INFO - qdiff.layer_recon -   Total loss:	0.001 (rec:0.001, round:0.000)	b=12.69	count=10500
06/14/2026 12:25:22 - INFO - qdiff.layer_recon -   Total loss:	19.579 (rec:0.002, round:19.577)	b=12.12	count=11000
06/14/2026 12:25:26 - INFO - qdiff.layer_recon -   Total loss:	0.001 (rec:0.001, round:0.000)	b=11.56	count=11500
06/14/2026 12:25:30 - INFO - qdiff.layer_recon -   Total loss:	22.440 (rec:0.002, round:22.438)	b=11.00	count=12000
06/14/2026 12:25:34 - INFO - qdiff.layer_recon -   Total loss:	0.002 (rec:0.002, round:0.000)	b=10.44	count=12500
06/14/2026 12:25:37 - INFO - qdiff.layer_recon -   Total loss:	26.101 (rec:0.002, round:26.099)	b=9.88	count=13000
06/14/2026 12:25:41 - INFO - qdiff.layer_recon -   Total loss:	19.350 (rec:0.002, round:19.348)	b=9.31	count=13500
06/14/2026 12:25:45 - INFO - qdiff.layer_recon -   Total loss:	0.002 (rec:0.002, round:0.000)	b=8.75	count=14000
06/14/2026 12:25:49 - INFO - qdiff.layer_recon -   Total loss:	0.002 (rec:0.002, round:0.000)	b=8.19	count=14500
06/14/2026 12:25:53 - INFO - qdiff.layer_recon -   Total loss:	24.326 (rec:0.002, round:24.324)	b=7.62	count=15000
06/14/2026 12:25:56 - INFO - qdiff.layer_recon -   Total loss:	18.595 (rec:0.003, round:18.592)	b=7.06	count=15500
06/14/2026 12:26:00 - INFO - qdiff.layer_recon -   Total loss:	18.730 (rec:0.003, round:18.727)	b=6.50	count=16000
06/14/2026 12:26:04 - INFO - qdiff.layer_recon -   Total loss:	0.003 (rec:0.003, round:0.000)	b=5.94	count=16500
06/14/2026 12:26:08 - INFO - qdiff.layer_recon -   Total loss:	11.155 (rec:0.003, round:11.152)	b=5.38	count=17000
06/14/2026 12:26:12 - INFO - qdiff.layer_recon -   Total loss:	0.003 (rec:0.003, round:0.000)	b=4.81	count=17500
06/14/2026 12:26:16 - INFO - qdiff.layer_recon -   Total loss:	0.004 (rec:0.004, round:0.000)	b=4.25	count=18000
06/14/2026 12:26:20 - INFO - qdiff.layer_recon -   Total loss:	13.066 (rec:0.005, round:13.061)	b=3.69	count=18500
06/14/2026 12:26:23 - INFO - qdiff.layer_recon -   Total loss:	12.011 (rec:0.004, round:12.007)	b=3.12	count=19000
06/14/2026 12:26:27 - INFO - qdiff.layer_recon -   Total loss:	12.004 (rec:0.004, round:12.000)	b=2.56	count=19500
06/14/2026 12:26:31 - INFO - qdiff.layer_recon -   Total loss:	0.004 (rec:0.004, round:0.000)	b=2.00	count=20000
06/14/2026 12:26:31 - INFO - __main__ -   down False
06/14/2026 12:26:31 - INFO - __main__ -   0 False
06/14/2026 12:26:31 - INFO - __main__ -   block False
06/14/2026 12:26:31 - INFO - __main__ -   0 True
06/14/2026 12:26:31 - INFO - __main__ -   Reconstruction for block 0
06/14/2026 12:26:42 - INFO - qdiff.utils -   in 1 shape: torch.Size([2000, 128, 32, 32]), in 2 shape: torch.Size([2000, 512])
06/14/2026 12:26:42 - INFO - qdiff.utils -   out shape: torch.Size([2000, 128, 32, 32])
06/14/2026 12:26:50 - INFO - qdiff.block_recon -   Total loss:	12.349 (rec:1.349, round:11.000)	b=0.00	count=500
06/14/2026 12:26:57 - INFO - qdiff.block_recon -   Total loss:	1.617 (rec:1.617, round:0.000)	b=0.00	count=1000
06/14/2026 12:27:05 - INFO - qdiff.block_recon -   Total loss:	1.441 (rec:1.441, round:0.000)	b=0.00	count=1500
06/14/2026 12:27:12 - INFO - qdiff.block_recon -   Total loss:	1.642 (rec:1.642, round:0.000)	b=0.00	count=2000
06/14/2026 12:27:19 - INFO - qdiff.block_recon -   Total loss:	13.586 (rec:1.586, round:12.000)	b=0.00	count=2500
06/14/2026 12:27:27 - INFO - qdiff.block_recon -   Total loss:	18.444 (rec:1.444, round:17.000)	b=0.00	count=3000
06/14/2026 12:27:34 - INFO - qdiff.block_recon -   Total loss:	14.532 (rec:1.532, round:13.000)	b=0.00	count=3500
06/14/2026 12:27:42 - INFO - qdiff.block_recon -   Total loss:	2798.869 (rec:1.571, round:2797.298)	b=20.00	count=4000
06/14/2026 12:27:50 - INFO - qdiff.block_recon -   Total loss:	1059.309 (rec:1.443, round:1057.866)	b=19.44	count=4500
06/14/2026 12:27:58 - INFO - qdiff.block_recon -   Total loss:	964.846 (rec:1.587, round:963.259)	b=18.88	count=5000
06/14/2026 12:28:06 - INFO - qdiff.block_recon -   Total loss:	873.448 (rec:1.464, round:871.984)	b=18.31	count=5500
06/14/2026 12:28:14 - INFO - qdiff.block_recon -   Total loss:	793.749 (rec:1.604, round:792.145)	b=17.75	count=6000
06/14/2026 12:28:22 - INFO - qdiff.block_recon -   Total loss:	695.842 (rec:1.555, round:694.287)	b=17.19	count=6500
06/14/2026 12:28:30 - INFO - qdiff.block_recon -   Total loss:	629.137 (rec:1.576, round:627.561)	b=16.62	count=7000
06/14/2026 12:28:38 - INFO - qdiff.block_recon -   Total loss:	576.045 (rec:1.514, round:574.531)	b=16.06	count=7500
06/14/2026 12:28:46 - INFO - qdiff.block_recon -   Total loss:	519.458 (rec:1.467, round:517.991)	b=15.50	count=8000
06/14/2026 12:28:54 - INFO - qdiff.block_recon -   Total loss:	494.840 (rec:1.667, round:493.173)	b=14.94	count=8500
06/14/2026 12:29:03 - INFO - qdiff.block_recon -   Total loss:	422.666 (rec:1.499, round:421.167)	b=14.38	count=9000
06/14/2026 12:29:11 - INFO - qdiff.block_recon -   Total loss:	389.570 (rec:1.359, round:388.211)	b=13.81	count=9500
06/14/2026 12:29:19 - INFO - qdiff.block_recon -   Total loss:	350.221 (rec:1.359, round:348.862)	b=13.25	count=10000
06/14/2026 12:29:27 - INFO - qdiff.block_recon -   Total loss:	308.164 (rec:1.338, round:306.826)	b=12.69	count=10500
06/14/2026 12:29:35 - INFO - qdiff.block_recon -   Total loss:	275.111 (rec:1.417, round:273.694)	b=12.12	count=11000
06/14/2026 12:29:43 - INFO - qdiff.block_recon -   Total loss:	247.676 (rec:1.287, round:246.389)	b=11.56	count=11500
06/14/2026 12:29:51 - INFO - qdiff.block_recon -   Total loss:	216.122 (rec:1.555, round:214.567)	b=11.00	count=12000
06/14/2026 12:29:59 - INFO - qdiff.block_recon -   Total loss:	188.201 (rec:1.356, round:186.845)	b=10.44	count=12500
06/14/2026 12:30:07 - INFO - qdiff.block_recon -   Total loss:	162.748 (rec:1.550, round:161.198)	b=9.88	count=13000
06/14/2026 12:30:15 - INFO - qdiff.block_recon -   Total loss:	173.248 (rec:1.473, round:171.775)	b=9.31	count=13500
06/14/2026 12:30:24 - INFO - qdiff.block_recon -   Total loss:	119.434 (rec:1.446, round:117.988)	b=8.75	count=14000
06/14/2026 12:30:32 - INFO - qdiff.block_recon -   Total loss:	131.856 (rec:1.443, round:130.413)	b=8.19	count=14500
06/14/2026 12:30:40 - INFO - qdiff.block_recon -   Total loss:	103.943 (rec:1.272, round:102.671)	b=7.62	count=15000
06/14/2026 12:30:48 - INFO - qdiff.block_recon -   Total loss:	55.663 (rec:1.487, round:54.176)	b=7.06	count=15500
06/14/2026 12:30:56 - INFO - qdiff.block_recon -   Total loss:	73.650 (rec:1.458, round:72.192)	b=6.50	count=16000
06/14/2026 12:31:04 - INFO - qdiff.block_recon -   Total loss:	54.669 (rec:1.565, round:53.104)	b=5.94	count=16500
06/14/2026 12:31:12 - INFO - qdiff.block_recon -   Total loss:	12.454 (rec:1.378, round:11.076)	b=5.38	count=17000
06/14/2026 12:31:20 - INFO - qdiff.block_recon -   Total loss:	1.473 (rec:1.473, round:0.000)	b=4.81	count=17500
06/14/2026 12:31:28 - INFO - qdiff.block_recon -   Total loss:	1.582 (rec:1.582, round:0.000)	b=4.25	count=18000
06/14/2026 12:31:36 - INFO - qdiff.block_recon -   Total loss:	20.611 (rec:1.529, round:19.082)	b=3.69	count=18500
06/14/2026 12:31:44 - INFO - qdiff.block_recon -   Total loss:	13.458 (rec:1.372, round:12.086)	b=3.12	count=19000
06/14/2026 12:31:52 - INFO - qdiff.block_recon -   Total loss:	1.473 (rec:1.473, round:0.000)	b=2.56	count=19500
06/14/2026 12:32:01 - INFO - qdiff.block_recon -   Total loss:	16.476 (rec:1.476, round:15.000)	b=2.00	count=20000
06/14/2026 12:32:01 - INFO - __main__ -   1 True
06/14/2026 12:32:01 - INFO - __main__ -   Reconstruction for block 1
06/14/2026 12:32:12 - INFO - qdiff.utils -   in 1 shape: torch.Size([2000, 128, 32, 32]), in 2 shape: torch.Size([2000, 512])
06/14/2026 12:32:12 - INFO - qdiff.utils -   out shape: torch.Size([2000, 128, 32, 32])
06/14/2026 12:32:19 - INFO - qdiff.block_recon -   Total loss:	14.450 (rec:2.450, round:12.000)	b=0.00	count=500
06/14/2026 12:32:27 - INFO - qdiff.block_recon -   Total loss:	20.440 (rec:2.440, round:18.000)	b=0.00	count=1000
06/14/2026 12:32:34 - INFO - qdiff.block_recon -   Total loss:	2.467 (rec:2.467, round:0.000)	b=0.00	count=1500
06/14/2026 12:32:41 - INFO - qdiff.block_recon -   Total loss:	22.467 (rec:2.467, round:20.000)	b=0.00	count=2000
06/14/2026 12:32:49 - INFO - qdiff.block_recon -   Total loss:	2.620 (rec:2.620, round:0.000)	b=0.00	count=2500
06/14/2026 12:32:56 - INFO - qdiff.block_recon -   Total loss:	14.415 (rec:2.415, round:12.000)	b=0.00	count=3000
06/14/2026 12:33:03 - INFO - qdiff.block_recon -   Total loss:	2.413 (rec:2.413, round:0.000)	b=0.00	count=3500
06/14/2026 12:33:11 - INFO - qdiff.block_recon -   Total loss:	2784.569 (rec:2.667, round:2781.902)	b=20.00	count=4000
06/14/2026 12:33:19 - INFO - qdiff.block_recon -   Total loss:	1141.233 (rec:2.431, round:1138.802)	b=19.44	count=4500
06/14/2026 12:33:27 - INFO - qdiff.block_recon -   Total loss:	974.589 (rec:2.513, round:972.076)	b=18.88	count=5000
06/14/2026 12:33:35 - INFO - qdiff.block_recon -   Total loss:	882.313 (rec:2.430, round:879.883)	b=18.31	count=5500
06/14/2026 12:33:43 - INFO - qdiff.block_recon -   Total loss:	835.062 (rec:2.528, round:832.534)	b=17.75	count=6000
06/14/2026 12:33:51 - INFO - qdiff.block_recon -   Total loss:	758.146 (rec:2.359, round:755.787)	b=17.19	count=6500
06/14/2026 12:33:59 - INFO - qdiff.block_recon -   Total loss:	658.827 (rec:2.521, round:656.306)	b=16.62	count=7000
06/14/2026 12:34:07 - INFO - qdiff.block_recon -   Total loss:	623.988 (rec:2.245, round:621.743)	b=16.06	count=7500
06/14/2026 12:34:15 - INFO - qdiff.block_recon -   Total loss:	544.441 (rec:2.450, round:541.991)	b=15.50	count=8000
06/14/2026 12:34:24 - INFO - qdiff.block_recon -   Total loss:	517.829 (rec:2.536, round:515.293)	b=14.94	count=8500
06/14/2026 12:34:32 - INFO - qdiff.block_recon -   Total loss:	473.728 (rec:2.436, round:471.292)	b=14.38	count=9000
06/14/2026 12:34:40 - INFO - qdiff.block_recon -   Total loss:	432.125 (rec:2.348, round:429.777)	b=13.81	count=9500
06/14/2026 12:34:48 - INFO - qdiff.block_recon -   Total loss:	398.650 (rec:2.360, round:396.290)	b=13.25	count=10000
06/14/2026 12:34:56 - INFO - qdiff.block_recon -   Total loss:	326.510 (rec:2.575, round:323.935)	b=12.69	count=10500
06/14/2026 12:35:04 - INFO - qdiff.block_recon -   Total loss:	300.358 (rec:2.368, round:297.990)	b=12.12	count=11000
06/14/2026 12:35:12 - INFO - qdiff.block_recon -   Total loss:	268.524 (rec:2.408, round:266.116)	b=11.56	count=11500
06/14/2026 12:35:20 - INFO - qdiff.block_recon -   Total loss:	235.303 (rec:2.558, round:232.745)	b=11.00	count=12000
06/14/2026 12:35:28 - INFO - qdiff.block_recon -   Total loss:	205.935 (rec:2.724, round:203.211)	b=10.44	count=12500
06/14/2026 12:35:36 - INFO - qdiff.block_recon -   Total loss:	204.776 (rec:2.681, round:202.095)	b=9.88	count=13000
06/14/2026 12:35:44 - INFO - qdiff.block_recon -   Total loss:	154.114 (rec:2.336, round:151.778)	b=9.31	count=13500
06/14/2026 12:35:52 - INFO - qdiff.block_recon -   Total loss:	129.849 (rec:2.246, round:127.603)	b=8.75	count=14000
06/14/2026 12:36:01 - INFO - qdiff.block_recon -   Total loss:	103.044 (rec:2.654, round:100.390)	b=8.19	count=14500
06/14/2026 12:36:09 - INFO - qdiff.block_recon -   Total loss:	81.475 (rec:2.407, round:79.068)	b=7.62	count=15000
06/14/2026 12:36:17 - INFO - qdiff.block_recon -   Total loss:	96.311 (rec:2.496, round:93.815)	b=7.06	count=15500
06/14/2026 12:36:25 - INFO - qdiff.block_recon -   Total loss:	43.283 (rec:2.368, round:40.915)	b=6.50	count=16000
06/14/2026 12:36:33 - INFO - qdiff.block_recon -   Total loss:	32.358 (rec:2.439, round:29.919)	b=5.94	count=16500
06/14/2026 12:36:41 - INFO - qdiff.block_recon -   Total loss:	42.239 (rec:2.308, round:39.931)	b=5.38	count=17000
06/14/2026 12:36:49 - INFO - qdiff.block_recon -   Total loss:	7.736 (rec:2.395, round:5.341)	b=4.81	count=17500
06/14/2026 12:36:57 - INFO - qdiff.block_recon -   Total loss:	23.659 (rec:2.463, round:21.196)	b=4.25	count=18000
06/14/2026 12:37:05 - INFO - qdiff.block_recon -   Total loss:	2.373 (rec:2.373, round:0.000)	b=3.69	count=18500
06/14/2026 12:37:13 - INFO - qdiff.block_recon -   Total loss:	2.553 (rec:2.553, round:0.000)	b=3.12	count=19000
06/14/2026 12:37:21 - INFO - qdiff.block_recon -   Total loss:	13.544 (rec:2.543, round:11.001)	b=2.56	count=19500
06/14/2026 12:37:29 - INFO - qdiff.block_recon -   Total loss:	12.432 (rec:2.432, round:10.000)	b=2.00	count=20000
06/14/2026 12:37:29 - INFO - __main__ -   attn False
06/14/2026 12:37:29 - INFO - __main__ -   downsample False
06/14/2026 12:37:29 - INFO - __main__ -   conv False
06/14/2026 12:37:29 - INFO - __main__ -   Reconstruction for layer conv
06/14/2026 12:37:40 - INFO - qdiff.utils -   in shape: torch.Size([2000, 128, 33, 33])
06/14/2026 12:37:40 - INFO - qdiff.utils -   out shape: torch.Size([2000, 128, 16, 16])
06/14/2026 12:37:44 - INFO - qdiff.layer_recon -   Total loss:	0.231 (rec:0.231, round:0.000)	b=0.00	count=500
06/14/2026 12:37:48 - INFO - qdiff.layer_recon -   Total loss:	17.186 (rec:0.186, round:17.000)	b=0.00	count=1000
06/14/2026 12:37:52 - INFO - qdiff.layer_recon -   Total loss:	0.206 (rec:0.206, round:0.000)	b=0.00	count=1500
06/14/2026 12:37:56 - INFO - qdiff.layer_recon -   Total loss:	0.181 (rec:0.181, round:0.000)	b=0.00	count=2000
06/14/2026 12:38:00 - INFO - qdiff.layer_recon -   Total loss:	0.158 (rec:0.158, round:0.000)	b=0.00	count=2500
06/14/2026 12:38:04 - INFO - qdiff.layer_recon -   Total loss:	16.205 (rec:0.205, round:16.000)	b=0.00	count=3000
06/14/2026 12:38:08 - INFO - qdiff.layer_recon -   Total loss:	0.172 (rec:0.172, round:0.000)	b=0.00	count=3500
06/14/2026 12:38:12 - INFO - qdiff.layer_recon -   Total loss:	1014.219 (rec:0.172, round:1014.047)	b=20.00	count=4000
06/14/2026 12:38:16 - INFO - qdiff.layer_recon -   Total loss:	377.250 (rec:0.172, round:377.078)	b=19.44	count=4500
06/14/2026 12:38:21 - INFO - qdiff.layer_recon -   Total loss:	324.712 (rec:0.140, round:324.572)	b=18.88	count=5000
06/14/2026 12:38:25 - INFO - qdiff.layer_recon -   Total loss:	257.335 (rec:0.177, round:257.158)	b=18.31	count=5500
06/14/2026 12:38:29 - INFO - qdiff.layer_recon -   Total loss:	223.527 (rec:0.182, round:223.345)	b=17.75	count=6000
06/14/2026 12:38:34 - INFO - qdiff.layer_recon -   Total loss:	230.055 (rec:0.137, round:229.918)	b=17.19	count=6500
06/14/2026 12:38:38 - INFO - qdiff.layer_recon -   Total loss:	179.000 (rec:0.140, round:178.860)	b=16.62	count=7000
06/14/2026 12:38:42 - INFO - qdiff.layer_recon -   Total loss:	188.284 (rec:0.141, round:188.143)	b=16.06	count=7500
06/14/2026 12:38:46 - INFO - qdiff.layer_recon -   Total loss:	166.964 (rec:0.143, round:166.821)	b=15.50	count=8000
06/14/2026 12:38:50 - INFO - qdiff.layer_recon -   Total loss:	120.706 (rec:0.187, round:120.519)	b=14.94	count=8500
06/14/2026 12:38:55 - INFO - qdiff.layer_recon -   Total loss:	107.099 (rec:0.129, round:106.970)	b=14.38	count=9000
06/14/2026 12:38:59 - INFO - qdiff.layer_recon -   Total loss:	96.296 (rec:0.149, round:96.147)	b=13.81	count=9500
06/14/2026 12:39:03 - INFO - qdiff.layer_recon -   Total loss:	82.793 (rec:0.143, round:82.650)	b=13.25	count=10000
06/14/2026 12:39:07 - INFO - qdiff.layer_recon -   Total loss:	70.236 (rec:0.153, round:70.083)	b=12.69	count=10500
06/14/2026 12:39:12 - INFO - qdiff.layer_recon -   Total loss:	92.977 (rec:0.161, round:92.816)	b=12.12	count=11000
06/14/2026 12:39:16 - INFO - qdiff.layer_recon -   Total loss:	79.738 (rec:0.163, round:79.575)	b=11.56	count=11500
06/14/2026 12:39:20 - INFO - qdiff.layer_recon -   Total loss:	78.627 (rec:0.135, round:78.492)	b=11.00	count=12000
06/14/2026 12:39:24 - INFO - qdiff.layer_recon -   Total loss:	31.041 (rec:0.136, round:30.905)	b=10.44	count=12500
06/14/2026 12:39:29 - INFO - qdiff.layer_recon -   Total loss:	57.103 (rec:0.131, round:56.972)	b=9.88	count=13000
06/14/2026 12:39:33 - INFO - qdiff.layer_recon -   Total loss:	55.448 (rec:0.124, round:55.324)	b=9.31	count=13500
06/14/2026 12:39:37 - INFO - qdiff.layer_recon -   Total loss:	43.580 (rec:0.146, round:43.434)	b=8.75	count=14000
06/14/2026 12:39:42 - INFO - qdiff.layer_recon -   Total loss:	8.658 (rec:0.151, round:8.507)	b=8.19	count=14500
06/14/2026 12:39:46 - INFO - qdiff.layer_recon -   Total loss:	29.919 (rec:0.142, round:29.777)	b=7.62	count=15000
06/14/2026 12:39:50 - INFO - qdiff.layer_recon -   Total loss:	32.564 (rec:0.151, round:32.413)	b=7.06	count=15500
06/14/2026 12:39:54 - INFO - qdiff.layer_recon -   Total loss:	0.114 (rec:0.114, round:0.000)	b=6.50	count=16000
06/14/2026 12:39:58 - INFO - qdiff.layer_recon -   Total loss:	24.252 (rec:0.142, round:24.110)	b=5.94	count=16500
06/14/2026 12:40:03 - INFO - qdiff.layer_recon -   Total loss:	0.151 (rec:0.151, round:0.000)	b=5.38	count=17000
06/14/2026 12:40:07 - INFO - qdiff.layer_recon -   Total loss:	15.478 (rec:0.151, round:15.327)	b=4.81	count=17500
06/14/2026 12:40:11 - INFO - qdiff.layer_recon -   Total loss:	13.696 (rec:0.169, round:13.527)	b=4.25	count=18000
06/14/2026 12:40:16 - INFO - qdiff.layer_recon -   Total loss:	19.263 (rec:0.159, round:19.104)	b=3.69	count=18500
06/14/2026 12:40:20 - INFO - qdiff.layer_recon -   Total loss:	17.163 (rec:0.155, round:17.008)	b=3.12	count=19000
06/14/2026 12:40:24 - INFO - qdiff.layer_recon -   Total loss:	0.159 (rec:0.159, round:0.000)	b=2.56	count=19500
06/14/2026 12:40:28 - INFO - qdiff.layer_recon -   Total loss:	18.178 (rec:0.178, round:18.000)	b=2.00	count=20000
06/14/2026 12:40:28 - INFO - __main__ -   1 False
06/14/2026 12:40:28 - INFO - __main__ -   block False
06/14/2026 12:40:28 - INFO - __main__ -   0 True
06/14/2026 12:40:28 - INFO - __main__ -   Reconstruction for block 0
06/14/2026 12:40:40 - INFO - qdiff.utils -   in 1 shape: torch.Size([2000, 128, 16, 16]), in 2 shape: torch.Size([2000, 512])
06/14/2026 12:40:40 - INFO - qdiff.utils -   out shape: torch.Size([2000, 256, 16, 16])
06/14/2026 12:40:45 - INFO - qdiff.block_recon -   Total loss:	5.812 (rec:5.812, round:0.000)	b=0.00	count=500
06/14/2026 12:40:50 - INFO - qdiff.block_recon -   Total loss:	19.976 (rec:5.976, round:14.000)	b=0.00	count=1000
06/14/2026 12:40:55 - INFO - qdiff.block_recon -   Total loss:	5.458 (rec:5.458, round:0.000)	b=0.00	count=1500
06/14/2026 12:41:00 - INFO - qdiff.block_recon -   Total loss:	25.770 (rec:5.770, round:20.000)	b=0.00	count=2000
06/14/2026 12:41:04 - INFO - qdiff.block_recon -   Total loss:	5.621 (rec:5.621, round:0.000)	b=0.00	count=2500
06/14/2026 12:41:09 - INFO - qdiff.block_recon -   Total loss:	5.597 (rec:5.597, round:0.000)	b=0.00	count=3000
06/14/2026 12:41:14 - INFO - qdiff.block_recon -   Total loss:	5.308 (rec:5.308, round:0.000)	b=0.00	count=3500
06/14/2026 12:41:19 - INFO - qdiff.block_recon -   Total loss:	8825.081 (rec:5.568, round:8819.513)	b=20.00	count=4000
06/14/2026 12:41:25 - INFO - qdiff.block_recon -   Total loss:	3918.933 (rec:5.322, round:3913.611)	b=19.44	count=4500
06/14/2026 12:41:31 - INFO - qdiff.block_recon -   Total loss:	3457.522 (rec:5.729, round:3451.793)	b=18.88	count=5000
06/14/2026 12:41:37 - INFO - qdiff.block_recon -   Total loss:	3174.353 (rec:5.190, round:3169.163)	b=18.31	count=5500
06/14/2026 12:41:43 - INFO - qdiff.block_recon -   Total loss:	2858.966 (rec:5.434, round:2853.532)	b=17.75	count=6000
06/14/2026 12:41:49 - INFO - qdiff.block_recon -   Total loss:	2599.911 (rec:5.482, round:2594.429)	b=17.19	count=6500
06/14/2026 12:41:55 - INFO - qdiff.block_recon -   Total loss:	2380.358 (rec:5.582, round:2374.776)	b=16.62	count=7000
06/14/2026 12:42:01 - INFO - qdiff.block_recon -   Total loss:	2130.506 (rec:5.454, round:2125.052)	b=16.06	count=7500
06/14/2026 12:42:07 - INFO - qdiff.block_recon -   Total loss:	1955.064 (rec:5.459, round:1949.605)	b=15.50	count=8000
06/14/2026 12:42:13 - INFO - qdiff.block_recon -   Total loss:	1737.636 (rec:5.345, round:1732.291)	b=14.94	count=8500
06/14/2026 12:42:19 - INFO - qdiff.block_recon -   Total loss:	1585.939 (rec:5.402, round:1580.537)	b=14.38	count=9000
06/14/2026 12:42:25 - INFO - qdiff.block_recon -   Total loss:	1429.949 (rec:5.674, round:1424.275)	b=13.81	count=9500
06/14/2026 12:42:31 - INFO - qdiff.block_recon -   Total loss:	1292.621 (rec:5.458, round:1287.163)	b=13.25	count=10000
06/14/2026 12:42:37 - INFO - qdiff.block_recon -   Total loss:	1155.397 (rec:5.275, round:1150.122)	b=12.69	count=10500
06/14/2026 12:42:43 - INFO - qdiff.block_recon -   Total loss:	1032.681 (rec:5.328, round:1027.353)	b=12.12	count=11000
06/14/2026 12:42:49 - INFO - qdiff.block_recon -   Total loss:	913.274 (rec:5.596, round:907.678)	b=11.56	count=11500
06/14/2026 12:42:54 - INFO - qdiff.block_recon -   Total loss:	814.360 (rec:5.808, round:808.552)	b=11.00	count=12000
06/14/2026 12:43:00 - INFO - qdiff.block_recon -   Total loss:	713.068 (rec:5.283, round:707.785)	b=10.44	count=12500
06/14/2026 12:43:06 - INFO - qdiff.block_recon -   Total loss:	629.715 (rec:5.503, round:624.212)	b=9.88	count=13000
06/14/2026 12:43:12 - INFO - qdiff.block_recon -   Total loss:	508.472 (rec:5.504, round:502.968)	b=9.31	count=13500
06/14/2026 12:43:18 - INFO - qdiff.block_recon -   Total loss:	466.165 (rec:5.491, round:460.674)	b=8.75	count=14000
06/14/2026 12:43:24 - INFO - qdiff.block_recon -   Total loss:	391.111 (rec:5.706, round:385.405)	b=8.19	count=14500
06/14/2026 12:43:31 - INFO - qdiff.block_recon -   Total loss:	326.256 (rec:5.323, round:320.933)	b=7.62	count=15000
06/14/2026 12:43:37 - INFO - qdiff.block_recon -   Total loss:	265.395 (rec:5.569, round:259.826)	b=7.06	count=15500
06/14/2026 12:43:43 - INFO - qdiff.block_recon -   Total loss:	175.086 (rec:5.644, round:169.442)	b=6.50	count=16000
06/14/2026 12:43:49 - INFO - qdiff.block_recon -   Total loss:	128.490 (rec:5.351, round:123.139)	b=5.94	count=16500
06/14/2026 12:43:55 - INFO - qdiff.block_recon -   Total loss:	108.457 (rec:5.489, round:102.968)	b=5.38	count=17000
06/14/2026 12:44:01 - INFO - qdiff.block_recon -   Total loss:	45.589 (rec:5.631, round:39.958)	b=4.81	count=17500
06/14/2026 12:44:07 - INFO - qdiff.block_recon -   Total loss:	40.749 (rec:5.539, round:35.210)	b=4.25	count=18000
06/14/2026 12:44:13 - INFO - qdiff.block_recon -   Total loss:	29.046 (rec:5.638, round:23.408)	b=3.69	count=18500
06/14/2026 12:44:19 - INFO - qdiff.block_recon -   Total loss:	24.186 (rec:5.197, round:18.989)	b=3.12	count=19000
06/14/2026 12:44:25 - INFO - qdiff.block_recon -   Total loss:	5.478 (rec:5.478, round:0.000)	b=2.56	count=19500
06/14/2026 12:44:31 - INFO - qdiff.block_recon -   Total loss:	18.547 (rec:5.545, round:13.002)	b=2.00	count=20000
06/14/2026 12:44:31 - INFO - __main__ -   1 True
06/14/2026 12:44:31 - INFO - __main__ -   Reconstruction for block 1
06/14/2026 12:44:44 - INFO - qdiff.utils -   in 1 shape: torch.Size([2000, 256, 16, 16]), in 2 shape: torch.Size([2000, 512])
06/14/2026 12:44:44 - INFO - qdiff.utils -   out shape: torch.Size([2000, 256, 16, 16])
06/14/2026 12:44:49 - INFO - qdiff.block_recon -   Total loss:	6.903 (rec:6.903, round:0.000)	b=0.00	count=500
06/14/2026 12:44:54 - INFO - qdiff.block_recon -   Total loss:	26.487 (rec:7.487, round:19.000)	b=0.00	count=1000
06/14/2026 12:44:59 - INFO - qdiff.block_recon -   Total loss:	7.100 (rec:7.100, round:0.000)	b=0.00	count=1500
06/14/2026 12:45:04 - INFO - qdiff.block_recon -   Total loss:	22.083 (rec:7.083, round:15.000)	b=0.00	count=2000
06/14/2026 12:45:09 - INFO - qdiff.block_recon -   Total loss:	23.181 (rec:7.181, round:16.000)	b=0.00	count=2500
06/14/2026 12:45:13 - INFO - qdiff.block_recon -   Total loss:	7.157 (rec:7.157, round:0.000)	b=0.00	count=3000
06/14/2026 12:45:18 - INFO - qdiff.block_recon -   Total loss:	7.340 (rec:7.340, round:0.000)	b=0.00	count=3500
06/14/2026 12:45:23 - INFO - qdiff.block_recon -   Total loss:	10922.672 (rec:8.360, round:10914.312)	b=20.00	count=4000
06/14/2026 12:45:29 - INFO - qdiff.block_recon -   Total loss:	4845.497 (rec:6.508, round:4838.989)	b=19.44	count=4500
06/14/2026 12:45:35 - INFO - qdiff.block_recon -   Total loss:	4356.006 (rec:6.415, round:4349.591)	b=18.88	count=5000
06/14/2026 12:45:42 - INFO - qdiff.block_recon -   Total loss:	3963.566 (rec:7.027, round:3956.539)	b=18.31	count=5500
06/14/2026 12:45:48 - INFO - qdiff.block_recon -   Total loss:	3607.090 (rec:7.274, round:3599.816)	b=17.75	count=6000
06/14/2026 12:45:54 - INFO - qdiff.block_recon -   Total loss:	3264.842 (rec:6.295, round:3258.547)	b=17.19	count=6500
06/14/2026 12:46:00 - INFO - qdiff.block_recon -   Total loss:	2969.942 (rec:6.449, round:2963.493)	b=16.62	count=7000
06/14/2026 12:46:06 - INFO - qdiff.block_recon -   Total loss:	2728.653 (rec:6.986, round:2721.667)	b=16.06	count=7500
06/14/2026 12:46:12 - INFO - qdiff.block_recon -   Total loss:	2477.408 (rec:7.042, round:2470.366)	b=15.50	count=8000
06/14/2026 12:46:18 - INFO - qdiff.block_recon -   Total loss:	2224.616 (rec:6.933, round:2217.683)	b=14.94	count=8500
06/14/2026 12:46:24 - INFO - qdiff.block_recon -   Total loss:	2038.860 (rec:7.011, round:2031.849)	b=14.38	count=9000
06/14/2026 12:46:31 - INFO - qdiff.block_recon -   Total loss:	1815.876 (rec:6.301, round:1809.575)	b=13.81	count=9500
06/14/2026 12:46:37 - INFO - qdiff.block_recon -   Total loss:	1670.543 (rec:7.686, round:1662.857)	b=13.25	count=10000
06/14/2026 12:46:43 - INFO - qdiff.block_recon -   Total loss:	1501.904 (rec:6.615, round:1495.289)	b=12.69	count=10500
06/14/2026 12:46:49 - INFO - qdiff.block_recon -   Total loss:	1347.508 (rec:6.593, round:1340.915)	b=12.12	count=11000
06/14/2026 12:46:55 - INFO - qdiff.block_recon -   Total loss:	1177.577 (rec:6.532, round:1171.045)	b=11.56	count=11500
06/14/2026 12:47:01 - INFO - qdiff.block_recon -   Total loss:	1041.359 (rec:6.780, round:1034.579)	b=11.00	count=12000
06/14/2026 12:47:07 - INFO - qdiff.block_recon -   Total loss:	918.953 (rec:6.778, round:912.175)	b=10.44	count=12500
06/14/2026 12:47:13 - INFO - qdiff.block_recon -   Total loss:	808.394 (rec:7.564, round:800.830)	b=9.88	count=13000
06/14/2026 12:47:20 - INFO - qdiff.block_recon -   Total loss:	695.492 (rec:7.329, round:688.163)	b=9.31	count=13500
06/14/2026 12:47:26 - INFO - qdiff.block_recon -   Total loss:	595.258 (rec:6.634, round:588.624)	b=8.75	count=14000
06/14/2026 12:47:32 - INFO - qdiff.block_recon -   Total loss:	510.576 (rec:6.783, round:503.793)	b=8.19	count=14500
06/14/2026 12:47:38 - INFO - qdiff.block_recon -   Total loss:	417.526 (rec:6.250, round:411.276)	b=7.62	count=15000
06/14/2026 12:47:44 - INFO - qdiff.block_recon -   Total loss:	330.505 (rec:6.721, round:323.784)	b=7.06	count=15500
06/14/2026 12:47:50 - INFO - qdiff.block_recon -   Total loss:	260.868 (rec:7.148, round:253.720)	b=6.50	count=16000
06/14/2026 12:47:56 - INFO - qdiff.block_recon -   Total loss:	188.233 (rec:7.583, round:180.650)	b=5.94	count=16500
06/14/2026 12:48:03 - INFO - qdiff.block_recon -   Total loss:	122.487 (rec:6.805, round:115.682)	b=5.38	count=17000
06/14/2026 12:48:09 - INFO - qdiff.block_recon -   Total loss:	104.961 (rec:6.654, round:98.307)	b=4.81	count=17500
06/14/2026 12:48:15 - INFO - qdiff.block_recon -   Total loss:	30.320 (rec:6.296, round:24.024)	b=4.25	count=18000
06/14/2026 12:48:21 - INFO - qdiff.block_recon -   Total loss:	6.446 (rec:6.446, round:0.000)	b=3.69	count=18500
06/14/2026 12:48:27 - INFO - qdiff.block_recon -   Total loss:	19.945 (rec:6.303, round:13.642)	b=3.12	count=19000
06/14/2026 12:48:33 - INFO - qdiff.block_recon -   Total loss:	6.900 (rec:6.900, round:0.000)	b=2.56	count=19500
06/14/2026 12:48:39 - INFO - qdiff.block_recon -   Total loss:	20.794 (rec:6.794, round:14.000)	b=2.00	count=20000
06/14/2026 12:48:39 - INFO - __main__ -   attn False
06/14/2026 12:48:39 - INFO - __main__ -   0 True
06/14/2026 12:48:39 - INFO - __main__ -   Reconstruction for block 0
06/14/2026 12:48:52 - INFO - qdiff.utils -   in shape: torch.Size([2000, 256, 16, 16])
06/14/2026 12:48:52 - INFO - qdiff.utils -   out shape: torch.Size([2000, 256, 16, 16])
06/14/2026 12:48:58 - INFO - qdiff.block_recon -   Total loss:	0.127 (rec:0.127, round:0.000)	b=0.00	count=500
06/14/2026 12:49:03 - INFO - qdiff.block_recon -   Total loss:	0.119 (rec:0.119, round:0.000)	b=0.00	count=1000
06/14/2026 12:49:08 - INFO - qdiff.block_recon -   Total loss:	11.112 (rec:0.112, round:11.000)	b=0.00	count=1500
06/14/2026 12:49:14 - INFO - qdiff.block_recon -   Total loss:	0.118 (rec:0.118, round:0.000)	b=0.00	count=2000
06/14/2026 12:49:19 - INFO - qdiff.block_recon -   Total loss:	0.137 (rec:0.137, round:0.000)	b=0.00	count=2500
06/14/2026 12:49:24 - INFO - qdiff.block_recon -   Total loss:	15.115 (rec:0.115, round:15.000)	b=0.00	count=3000
06/14/2026 12:49:30 - INFO - qdiff.block_recon -   Total loss:	20.108 (rec:0.108, round:20.000)	b=0.00	count=3500
06/14/2026 12:49:35 - INFO - qdiff.block_recon -   Total loss:	2236.377 (rec:0.098, round:2236.279)	b=20.00	count=4000
06/14/2026 12:49:41 - INFO - qdiff.block_recon -   Total loss:	955.252 (rec:0.105, round:955.147)	b=19.44	count=4500
06/14/2026 12:49:48 - INFO - qdiff.block_recon -   Total loss:	830.413 (rec:0.118, round:830.295)	b=18.88	count=5000
06/14/2026 12:49:54 - INFO - qdiff.block_recon -   Total loss:	790.782 (rec:0.102, round:790.680)	b=18.31	count=5500
06/14/2026 12:50:01 - INFO - qdiff.block_recon -   Total loss:	732.072 (rec:0.101, round:731.971)	b=17.75	count=6000
06/14/2026 12:50:08 - INFO - qdiff.block_recon -   Total loss:	666.956 (rec:0.104, round:666.852)	b=17.19	count=6500
06/14/2026 12:50:14 - INFO - qdiff.block_recon -   Total loss:	612.327 (rec:0.112, round:612.215)	b=16.62	count=7000
06/14/2026 12:50:20 - INFO - qdiff.block_recon -   Total loss:	567.538 (rec:0.109, round:567.429)	b=16.06	count=7500
06/14/2026 12:50:27 - INFO - qdiff.block_recon -   Total loss:	517.015 (rec:0.104, round:516.911)	b=15.50	count=8000
06/14/2026 12:50:33 - INFO - qdiff.block_recon -   Total loss:	473.651 (rec:0.120, round:473.531)	b=14.94	count=8500
06/14/2026 12:50:39 - INFO - qdiff.block_recon -   Total loss:	397.355 (rec:0.091, round:397.264)	b=14.38	count=9000
06/14/2026 12:50:46 - INFO - qdiff.block_recon -   Total loss:	383.545 (rec:0.115, round:383.430)	b=13.81	count=9500
06/14/2026 12:50:52 - INFO - qdiff.block_recon -   Total loss:	318.147 (rec:0.112, round:318.035)	b=13.25	count=10000
06/14/2026 12:50:58 - INFO - qdiff.block_recon -   Total loss:	318.388 (rec:0.102, round:318.286)	b=12.69	count=10500
06/14/2026 12:51:05 - INFO - qdiff.block_recon -   Total loss:	254.049 (rec:0.096, round:253.953)	b=12.12	count=11000
06/14/2026 12:51:11 - INFO - qdiff.block_recon -   Total loss:	255.612 (rec:0.115, round:255.497)	b=11.56	count=11500
06/14/2026 12:51:17 - INFO - qdiff.block_recon -   Total loss:	221.535 (rec:0.105, round:221.430)	b=11.00	count=12000
06/14/2026 12:51:24 - INFO - qdiff.block_recon -   Total loss:	195.751 (rec:0.116, round:195.635)	b=10.44	count=12500
06/14/2026 12:51:30 - INFO - qdiff.block_recon -   Total loss:	171.220 (rec:0.123, round:171.097)	b=9.88	count=13000
06/14/2026 12:51:36 - INFO - qdiff.block_recon -   Total loss:	147.206 (rec:0.103, round:147.103)	b=9.31	count=13500
06/14/2026 12:51:43 - INFO - qdiff.block_recon -   Total loss:	92.591 (rec:0.100, round:92.491)	b=8.75	count=14000
06/14/2026 12:51:49 - INFO - qdiff.block_recon -   Total loss:	71.836 (rec:0.105, round:71.731)	b=8.19	count=14500
06/14/2026 12:51:56 - INFO - qdiff.block_recon -   Total loss:	59.019 (rec:0.101, round:58.918)	b=7.62	count=15000
06/14/2026 12:52:02 - INFO - qdiff.block_recon -   Total loss:	67.104 (rec:0.098, round:67.006)	b=7.06	count=15500
06/14/2026 12:52:09 - INFO - qdiff.block_recon -   Total loss:	16.224 (rec:0.112, round:16.112)	b=6.50	count=16000
06/14/2026 12:52:16 - INFO - qdiff.block_recon -   Total loss:	38.062 (rec:0.116, round:37.946)	b=5.94	count=16500
06/14/2026 12:52:22 - INFO - qdiff.block_recon -   Total loss:	0.113 (rec:0.113, round:0.000)	b=5.38	count=17000
06/14/2026 12:52:28 - INFO - qdiff.block_recon -   Total loss:	15.817 (rec:0.118, round:15.699)	b=4.81	count=17500
06/14/2026 12:52:35 - INFO - qdiff.block_recon -   Total loss:	14.443 (rec:0.103, round:14.340)	b=4.25	count=18000
06/14/2026 12:52:41 - INFO - qdiff.block_recon -   Total loss:	13.315 (rec:0.098, round:13.217)	b=3.69	count=18500
06/14/2026 12:52:47 - INFO - qdiff.block_recon -   Total loss:	20.112 (rec:0.099, round:20.013)	b=3.12	count=19000
06/14/2026 12:52:54 - INFO - qdiff.block_recon -   Total loss:	17.104 (rec:0.104, round:17.000)	b=2.56	count=19500
06/14/2026 12:53:00 - INFO - qdiff.block_recon -   Total loss:	16.109 (rec:0.109, round:16.000)	b=2.00	count=20000
06/14/2026 12:53:00 - INFO - __main__ -   1 True
06/14/2026 12:53:00 - INFO - __main__ -   Reconstruction for block 1
06/14/2026 12:53:14 - INFO - qdiff.utils -   in shape: torch.Size([2000, 256, 16, 16])
06/14/2026 12:53:14 - INFO - qdiff.utils -   out shape: torch.Size([2000, 256, 16, 16])
06/14/2026 12:53:19 - INFO - qdiff.block_recon -   Total loss:	15.241 (rec:0.241, round:15.000)	b=0.00	count=500
06/14/2026 12:53:24 - INFO - qdiff.block_recon -   Total loss:	14.195 (rec:0.195, round:14.000)	b=0.00	count=1000
06/14/2026 12:53:29 - INFO - qdiff.block_recon -   Total loss:	0.200 (rec:0.200, round:0.000)	b=0.00	count=1500
06/14/2026 12:53:34 - INFO - qdiff.block_recon -   Total loss:	0.209 (rec:0.209, round:0.000)	b=0.00	count=2000
06/14/2026 12:53:39 - INFO - qdiff.block_recon -   Total loss:	0.200 (rec:0.200, round:0.000)	b=0.00	count=2500
06/14/2026 12:53:44 - INFO - qdiff.block_recon -   Total loss:	0.198 (rec:0.198, round:0.000)	b=0.00	count=3000
06/14/2026 12:53:50 - INFO - qdiff.block_recon -   Total loss:	0.188 (rec:0.188, round:0.000)	b=0.00	count=3500
06/14/2026 12:53:55 - INFO - qdiff.block_recon -   Total loss:	2244.815 (rec:0.206, round:2244.609)	b=20.00	count=4000
06/14/2026 12:54:01 - INFO - qdiff.block_recon -   Total loss:	1006.934 (rec:0.186, round:1006.748)	b=19.44	count=4500
06/14/2026 12:54:07 - INFO - qdiff.block_recon -   Total loss:	879.038 (rec:0.181, round:878.857)	b=18.88	count=5000
06/14/2026 12:54:14 - INFO - qdiff.block_recon -   Total loss:	802.006 (rec:0.223, round:801.783)	b=18.31	count=5500
06/14/2026 12:54:20 - INFO - qdiff.block_recon -   Total loss:	734.674 (rec:0.180, round:734.494)	b=17.75	count=6000
06/14/2026 12:54:26 - INFO - qdiff.block_recon -   Total loss:	675.366 (rec:0.194, round:675.172)	b=17.19	count=6500
06/14/2026 12:54:33 - INFO - qdiff.block_recon -   Total loss:	614.770 (rec:0.212, round:614.558)	b=16.62	count=7000
06/14/2026 12:54:39 - INFO - qdiff.block_recon -   Total loss:	565.484 (rec:0.210, round:565.274)	b=16.06	count=7500
06/14/2026 12:54:45 - INFO - qdiff.block_recon -   Total loss:	539.627 (rec:0.198, round:539.429)	b=15.50	count=8000
06/14/2026 12:54:51 - INFO - qdiff.block_recon -   Total loss:	495.625 (rec:0.199, round:495.426)	b=14.94	count=8500
06/14/2026 12:54:58 - INFO - qdiff.block_recon -   Total loss:	427.895 (rec:0.200, round:427.695)	b=14.38	count=9000
06/14/2026 12:55:04 - INFO - qdiff.block_recon -   Total loss:	415.704 (rec:0.199, round:415.505)	b=13.81	count=9500
06/14/2026 12:55:10 - INFO - qdiff.block_recon -   Total loss:	374.848 (rec:0.157, round:374.691)	b=13.25	count=10000
06/14/2026 12:55:17 - INFO - qdiff.block_recon -   Total loss:	339.060 (rec:0.184, round:338.876)	b=12.69	count=10500
06/14/2026 12:55:23 - INFO - qdiff.block_recon -   Total loss:	275.967 (rec:0.164, round:275.803)	b=12.12	count=11000
06/14/2026 12:55:29 - INFO - qdiff.block_recon -   Total loss:	269.861 (rec:0.212, round:269.649)	b=11.56	count=11500
06/14/2026 12:55:35 - INFO - qdiff.block_recon -   Total loss:	214.295 (rec:0.175, round:214.120)	b=11.00	count=12000
06/14/2026 12:55:42 - INFO - qdiff.block_recon -   Total loss:	213.607 (rec:0.180, round:213.427)	b=10.44	count=12500
06/14/2026 12:55:48 - INFO - qdiff.block_recon -   Total loss:	160.239 (rec:0.223, round:160.016)	b=9.88	count=13000
06/14/2026 12:55:54 - INFO - qdiff.block_recon -   Total loss:	133.773 (rec:0.198, round:133.575)	b=9.31	count=13500
06/14/2026 12:56:01 - INFO - qdiff.block_recon -   Total loss:	141.348 (rec:0.187, round:141.161)	b=8.75	count=14000
06/14/2026 12:56:07 - INFO - qdiff.block_recon -   Total loss:	88.897 (rec:0.204, round:88.693)	b=8.19	count=14500
06/14/2026 12:56:13 - INFO - qdiff.block_recon -   Total loss:	89.895 (rec:0.184, round:89.711)	b=7.62	count=15000
06/14/2026 12:56:20 - INFO - qdiff.block_recon -   Total loss:	39.676 (rec:0.192, round:39.484)	b=7.06	count=15500
06/14/2026 12:56:26 - INFO - qdiff.block_recon -   Total loss:	59.551 (rec:0.213, round:59.338)	b=6.50	count=16000
06/14/2026 12:56:32 - INFO - qdiff.block_recon -   Total loss:	44.192 (rec:0.160, round:44.032)	b=5.94	count=16500
06/14/2026 12:56:39 - INFO - qdiff.block_recon -   Total loss:	29.400 (rec:0.191, round:29.209)	b=5.38	count=17000
06/14/2026 12:56:45 - INFO - qdiff.block_recon -   Total loss:	0.199 (rec:0.199, round:0.000)	b=4.81	count=17500
06/14/2026 12:56:51 - INFO - qdiff.block_recon -   Total loss:	0.181 (rec:0.181, round:0.000)	b=4.25	count=18000
06/14/2026 12:56:58 - INFO - qdiff.block_recon -   Total loss:	0.181 (rec:0.181, round:0.000)	b=3.69	count=18500
06/14/2026 12:57:04 - INFO - qdiff.block_recon -   Total loss:	0.172 (rec:0.172, round:0.000)	b=3.12	count=19000
06/14/2026 12:57:10 - INFO - qdiff.block_recon -   Total loss:	0.202 (rec:0.202, round:0.000)	b=2.56	count=19500
06/14/2026 12:57:16 - INFO - qdiff.block_recon -   Total loss:	0.182 (rec:0.182, round:0.000)	b=2.00	count=20000
06/14/2026 12:57:16 - INFO - __main__ -   downsample False
06/14/2026 12:57:16 - INFO - __main__ -   conv False
06/14/2026 12:57:16 - INFO - __main__ -   Reconstruction for layer conv
06/14/2026 12:57:30 - INFO - qdiff.utils -   in shape: torch.Size([2000, 256, 17, 17])
06/14/2026 12:57:30 - INFO - qdiff.utils -   out shape: torch.Size([2000, 256, 8, 8])
06/14/2026 12:57:33 - INFO - qdiff.layer_recon -   Total loss:	0.705 (rec:0.705, round:0.000)	b=0.00	count=500
06/14/2026 12:57:35 - INFO - qdiff.layer_recon -   Total loss:	16.578 (rec:0.578, round:16.000)	b=0.00	count=1000
06/14/2026 12:57:38 - INFO - qdiff.layer_recon -   Total loss:	19.634 (rec:0.634, round:19.000)	b=0.00	count=1500
06/14/2026 12:57:41 - INFO - qdiff.layer_recon -   Total loss:	0.681 (rec:0.681, round:0.000)	b=0.00	count=2000
06/14/2026 12:57:43 - INFO - qdiff.layer_recon -   Total loss:	13.737 (rec:0.737, round:13.000)	b=0.00	count=2500
06/14/2026 12:57:46 - INFO - qdiff.layer_recon -   Total loss:	14.590 (rec:0.590, round:14.000)	b=0.00	count=3000
06/14/2026 12:57:49 - INFO - qdiff.layer_recon -   Total loss:	0.591 (rec:0.591, round:0.000)	b=0.00	count=3500
06/14/2026 12:57:51 - INFO - qdiff.layer_recon -   Total loss:	4715.358 (rec:0.645, round:4714.713)	b=20.00	count=4000
06/14/2026 12:57:54 - INFO - qdiff.layer_recon -   Total loss:	2212.512 (rec:0.721, round:2211.791)	b=19.44	count=4500
06/14/2026 12:57:57 - INFO - qdiff.layer_recon -   Total loss:	1981.123 (rec:0.579, round:1980.544)	b=18.88	count=5000
06/14/2026 12:58:00 - INFO - qdiff.layer_recon -   Total loss:	1808.496 (rec:0.622, round:1807.874)	b=18.31	count=5500
06/14/2026 12:58:03 - INFO - qdiff.layer_recon -   Total loss:	1665.565 (rec:0.537, round:1665.028)	b=17.75	count=6000
06/14/2026 12:58:06 - INFO - qdiff.layer_recon -   Total loss:	1534.338 (rec:0.579, round:1533.759)	b=17.19	count=6500
06/14/2026 12:58:09 - INFO - qdiff.layer_recon -   Total loss:	1437.753 (rec:0.596, round:1437.157)	b=16.62	count=7000
06/14/2026 12:58:12 - INFO - qdiff.layer_recon -   Total loss:	1333.832 (rec:0.529, round:1333.303)	b=16.06	count=7500
06/14/2026 12:58:15 - INFO - qdiff.layer_recon -   Total loss:	1194.796 (rec:0.735, round:1194.061)	b=15.50	count=8000
06/14/2026 12:58:18 - INFO - qdiff.layer_recon -   Total loss:	1130.602 (rec:0.588, round:1130.014)	b=14.94	count=8500
06/14/2026 12:58:20 - INFO - qdiff.layer_recon -   Total loss:	1039.623 (rec:0.495, round:1039.128)	b=14.38	count=9000
06/14/2026 12:58:23 - INFO - qdiff.layer_recon -   Total loss:	956.401 (rec:0.531, round:955.870)	b=13.81	count=9500
06/14/2026 12:58:26 - INFO - qdiff.layer_recon -   Total loss:	841.988 (rec:0.655, round:841.333)	b=13.25	count=10000
06/14/2026 12:58:29 - INFO - qdiff.layer_recon -   Total loss:	764.502 (rec:0.606, round:763.896)	b=12.69	count=10500
06/14/2026 12:58:32 - INFO - qdiff.layer_recon -   Total loss:	727.920 (rec:0.583, round:727.337)	b=12.12	count=11000
06/14/2026 12:58:35 - INFO - qdiff.layer_recon -   Total loss:	663.433 (rec:0.597, round:662.836)	b=11.56	count=11500
06/14/2026 12:58:38 - INFO - qdiff.layer_recon -   Total loss:	569.181 (rec:0.595, round:568.586)	b=11.00	count=12000
06/14/2026 12:58:41 - INFO - qdiff.layer_recon -   Total loss:	504.246 (rec:0.555, round:503.691)	b=10.44	count=12500
06/14/2026 12:58:44 - INFO - qdiff.layer_recon -   Total loss:	478.456 (rec:0.703, round:477.753)	b=9.88	count=13000
06/14/2026 12:58:47 - INFO - qdiff.layer_recon -   Total loss:	381.698 (rec:0.549, round:381.149)	b=9.31	count=13500
06/14/2026 12:58:50 - INFO - qdiff.layer_recon -   Total loss:	357.521 (rec:0.616, round:356.905)	b=8.75	count=14000
06/14/2026 12:58:53 - INFO - qdiff.layer_recon -   Total loss:	312.428 (rec:0.505, round:311.923)	b=8.19	count=14500
06/14/2026 12:58:56 - INFO - qdiff.layer_recon -   Total loss:	230.927 (rec:0.535, round:230.392)	b=7.62	count=15000
06/14/2026 12:58:59 - INFO - qdiff.layer_recon -   Total loss:	215.543 (rec:0.537, round:215.006)	b=7.06	count=15500
06/14/2026 12:59:02 - INFO - qdiff.layer_recon -   Total loss:	171.022 (rec:0.590, round:170.432)	b=6.50	count=16000
06/14/2026 12:59:05 - INFO - qdiff.layer_recon -   Total loss:	118.525 (rec:0.546, round:117.979)	b=5.94	count=16500
06/14/2026 12:59:08 - INFO - qdiff.layer_recon -   Total loss:	84.895 (rec:0.653, round:84.242)	b=5.38	count=17000
06/14/2026 12:59:10 - INFO - qdiff.layer_recon -   Total loss:	54.113 (rec:0.643, round:53.470)	b=4.81	count=17500
06/14/2026 12:59:13 - INFO - qdiff.layer_recon -   Total loss:	0.477 (rec:0.477, round:0.000)	b=4.25	count=18000
06/14/2026 12:59:16 - INFO - qdiff.layer_recon -   Total loss:	17.091 (rec:0.488, round:16.603)	b=3.69	count=18500
06/14/2026 12:59:19 - INFO - qdiff.layer_recon -   Total loss:	17.058 (rec:0.529, round:16.529)	b=3.12	count=19000
06/14/2026 12:59:22 - INFO - qdiff.layer_recon -   Total loss:	14.595 (rec:0.583, round:14.012)	b=2.56	count=19500
06/14/2026 12:59:25 - INFO - qdiff.layer_recon -   Total loss:	0.585 (rec:0.585, round:0.000)	b=2.00	count=20000
06/14/2026 12:59:25 - INFO - __main__ -   2 False
06/14/2026 12:59:25 - INFO - __main__ -   block False
06/14/2026 12:59:25 - INFO - __main__ -   0 True
06/14/2026 12:59:25 - INFO - __main__ -   Reconstruction for block 0
06/14/2026 12:59:40 - INFO - qdiff.utils -   in 1 shape: torch.Size([2000, 256, 8, 8]), in 2 shape: torch.Size([2000, 512])
06/14/2026 12:59:40 - INFO - qdiff.utils -   out shape: torch.Size([2000, 256, 8, 8])
06/14/2026 12:59:43 - INFO - qdiff.block_recon -   Total loss:	50.174 (rec:50.174, round:0.000)	b=0.00	count=500
06/14/2026 12:59:46 - INFO - qdiff.block_recon -   Total loss:	65.407 (rec:50.407, round:15.000)	b=0.00	count=1000
06/14/2026 12:59:49 - INFO - qdiff.block_recon -   Total loss:	49.514 (rec:49.514, round:0.000)	b=0.00	count=1500
06/14/2026 12:59:52 - INFO - qdiff.block_recon -   Total loss:	50.386 (rec:50.386, round:0.000)	b=0.00	count=2000
06/14/2026 12:59:55 - INFO - qdiff.block_recon -   Total loss:	70.160 (rec:50.160, round:20.000)	b=0.00	count=2500
06/14/2026 12:59:58 - INFO - qdiff.block_recon -   Total loss:	48.348 (rec:48.348, round:0.000)	b=0.00	count=3000
06/14/2026 13:00:01 - INFO - qdiff.block_recon -   Total loss:	62.222 (rec:49.222, round:13.000)	b=0.00	count=3500
06/14/2026 13:00:04 - INFO - qdiff.block_recon -   Total loss:	11064.308 (rec:50.837, round:11013.471)	b=20.00	count=4000
06/14/2026 13:00:09 - INFO - qdiff.block_recon -   Total loss:	5730.000 (rec:48.829, round:5681.171)	b=19.44	count=4500
06/14/2026 13:00:13 - INFO - qdiff.block_recon -   Total loss:	5157.069 (rec:50.573, round:5106.496)	b=18.88	count=5000
06/14/2026 13:00:17 - INFO - qdiff.block_recon -   Total loss:	4740.083 (rec:50.900, round:4689.183)	b=18.31	count=5500
06/14/2026 13:00:21 - INFO - qdiff.block_recon -   Total loss:	4399.483 (rec:51.939, round:4347.544)	b=17.75	count=6000
06/14/2026 13:00:25 - INFO - qdiff.block_recon -   Total loss:	4027.478 (rec:50.332, round:3977.146)	b=17.19	count=6500
06/14/2026 13:00:30 - INFO - qdiff.block_recon -   Total loss:	3717.382 (rec:48.595, round:3668.787)	b=16.62	count=7000
06/14/2026 13:00:34 - INFO - qdiff.block_recon -   Total loss:	3441.837 (rec:47.738, round:3394.099)	b=16.06	count=7500
06/14/2026 13:00:38 - INFO - qdiff.block_recon -   Total loss:	3139.995 (rec:50.126, round:3089.869)	b=15.50	count=8000
06/14/2026 13:00:42 - INFO - qdiff.block_recon -   Total loss:	2915.261 (rec:48.079, round:2867.182)	b=14.94	count=8500
06/14/2026 13:00:47 - INFO - qdiff.block_recon -   Total loss:	2645.281 (rec:50.615, round:2594.666)	b=14.38	count=9000
06/14/2026 13:00:51 - INFO - qdiff.block_recon -   Total loss:	2438.354 (rec:46.668, round:2391.686)	b=13.81	count=9500
06/14/2026 13:00:55 - INFO - qdiff.block_recon -   Total loss:	2205.710 (rec:47.410, round:2158.300)	b=13.25	count=10000
06/14/2026 13:00:59 - INFO - qdiff.block_recon -   Total loss:	2040.242 (rec:51.108, round:1989.134)	b=12.69	count=10500
06/14/2026 13:01:04 - INFO - qdiff.block_recon -   Total loss:	1855.414 (rec:48.653, round:1806.761)	b=12.12	count=11000
06/14/2026 13:01:08 - INFO - qdiff.block_recon -   Total loss:	1684.204 (rec:51.329, round:1632.875)	b=11.56	count=11500
06/14/2026 13:01:12 - INFO - qdiff.block_recon -   Total loss:	1489.595 (rec:50.362, round:1439.233)	b=11.00	count=12000
06/14/2026 13:01:16 - INFO - qdiff.block_recon -   Total loss:	1335.595 (rec:49.976, round:1285.619)	b=10.44	count=12500
06/14/2026 13:01:21 - INFO - qdiff.block_recon -   Total loss:	1193.017 (rec:48.767, round:1144.250)	b=9.88	count=13000
06/14/2026 13:01:25 - INFO - qdiff.block_recon -   Total loss:	1056.507 (rec:48.271, round:1008.236)	b=9.31	count=13500
06/14/2026 13:01:29 - INFO - qdiff.block_recon -   Total loss:	961.416 (rec:49.313, round:912.103)	b=8.75	count=14000
06/14/2026 13:01:33 - INFO - qdiff.block_recon -   Total loss:	848.618 (rec:51.122, round:797.496)	b=8.19	count=14500
06/14/2026 13:01:37 - INFO - qdiff.block_recon -   Total loss:	736.925 (rec:51.129, round:685.796)	b=7.62	count=15000
06/14/2026 13:01:42 - INFO - qdiff.block_recon -   Total loss:	618.903 (rec:47.962, round:570.941)	b=7.06	count=15500
06/14/2026 13:01:46 - INFO - qdiff.block_recon -   Total loss:	521.989 (rec:49.367, round:472.622)	b=6.50	count=16000
06/14/2026 13:01:50 - INFO - qdiff.block_recon -   Total loss:	421.667 (rec:48.101, round:373.566)	b=5.94	count=16500
06/14/2026 13:01:54 - INFO - qdiff.block_recon -   Total loss:	338.305 (rec:48.766, round:289.539)	b=5.38	count=17000
06/14/2026 13:01:59 - INFO - qdiff.block_recon -   Total loss:	252.605 (rec:46.943, round:205.662)	b=4.81	count=17500
06/14/2026 13:02:03 - INFO - qdiff.block_recon -   Total loss:	190.293 (rec:52.743, round:137.550)	b=4.25	count=18000
06/14/2026 13:02:07 - INFO - qdiff.block_recon -   Total loss:	123.382 (rec:46.382, round:77.000)	b=3.69	count=18500
06/14/2026 13:02:11 - INFO - qdiff.block_recon -   Total loss:	56.680 (rec:50.811, round:5.869)	b=3.12	count=19000
06/14/2026 13:02:15 - INFO - qdiff.block_recon -   Total loss:	66.834 (rec:45.553, round:21.281)	b=2.56	count=19500
06/14/2026 13:02:20 - INFO - qdiff.block_recon -   Total loss:	62.565 (rec:49.505, round:13.060)	b=2.00	count=20000
06/14/2026 13:02:20 - INFO - __main__ -   1 True
06/14/2026 13:02:20 - INFO - __main__ -   Reconstruction for block 1
06/14/2026 13:02:35 - INFO - qdiff.utils -   in 1 shape: torch.Size([2000, 256, 8, 8]), in 2 shape: torch.Size([2000, 512])
06/14/2026 13:02:35 - INFO - qdiff.utils -   out shape: torch.Size([2000, 256, 8, 8])
06/14/2026 13:02:38 - INFO - qdiff.block_recon -   Total loss:	50.696 (rec:40.696, round:10.000)	b=0.00	count=500
06/14/2026 13:02:41 - INFO - qdiff.block_recon -   Total loss:	57.747 (rec:40.747, round:17.000)	b=0.00	count=1000
06/14/2026 13:02:44 - INFO - qdiff.block_recon -   Total loss:	38.587 (rec:38.587, round:0.000)	b=0.00	count=1500
06/14/2026 13:02:47 - INFO - qdiff.block_recon -   Total loss:	38.592 (rec:38.592, round:0.000)	b=0.00	count=2000
06/14/2026 13:02:50 - INFO - qdiff.block_recon -   Total loss:	52.775 (rec:40.775, round:12.000)	b=0.00	count=2500
06/14/2026 13:02:53 - INFO - qdiff.block_recon -   Total loss:	51.074 (rec:40.074, round:11.000)	b=0.00	count=3000
06/14/2026 13:02:56 - INFO - qdiff.block_recon -   Total loss:	53.933 (rec:42.933, round:11.000)	b=0.00	count=3500
06/14/2026 13:02:59 - INFO - qdiff.block_recon -   Total loss:	11022.241 (rec:43.009, round:10979.232)	b=20.00	count=4000
06/14/2026 13:03:03 - INFO - qdiff.block_recon -   Total loss:	5629.317 (rec:39.081, round:5590.236)	b=19.44	count=4500
06/14/2026 13:03:08 - INFO - qdiff.block_recon -   Total loss:	5123.365 (rec:40.140, round:5083.225)	b=18.88	count=5000
06/14/2026 13:03:12 - INFO - qdiff.block_recon -   Total loss:	4724.449 (rec:39.892, round:4684.557)	b=18.31	count=5500
06/14/2026 13:03:16 - INFO - qdiff.block_recon -   Total loss:	4361.282 (rec:39.220, round:4322.062)	b=17.75	count=6000
06/14/2026 13:03:20 - INFO - qdiff.block_recon -   Total loss:	3988.161 (rec:40.957, round:3947.204)	b=17.19	count=6500
06/14/2026 13:03:24 - INFO - qdiff.block_recon -   Total loss:	3706.639 (rec:37.936, round:3668.703)	b=16.62	count=7000
06/14/2026 13:03:29 - INFO - qdiff.block_recon -   Total loss:	3413.491 (rec:39.892, round:3373.599)	b=16.06	count=7500
06/14/2026 13:03:33 - INFO - qdiff.block_recon -   Total loss:	3103.403 (rec:38.340, round:3065.063)	b=15.50	count=8000
06/14/2026 13:03:37 - INFO - qdiff.block_recon -   Total loss:	2843.973 (rec:41.152, round:2802.821)	b=14.94	count=8500
06/14/2026 13:03:41 - INFO - qdiff.block_recon -   Total loss:	2631.611 (rec:40.433, round:2591.178)	b=14.38	count=9000
06/14/2026 13:03:46 - INFO - qdiff.block_recon -   Total loss:	2382.728 (rec:42.018, round:2340.710)	b=13.81	count=9500
06/14/2026 13:03:50 - INFO - qdiff.block_recon -   Total loss:	2165.808 (rec:36.804, round:2129.004)	b=13.25	count=10000
06/14/2026 13:03:54 - INFO - qdiff.block_recon -   Total loss:	1966.929 (rec:38.810, round:1928.119)	b=12.69	count=10500
06/14/2026 13:03:58 - INFO - qdiff.block_recon -   Total loss:	1787.523 (rec:39.961, round:1747.562)	b=12.12	count=11000
06/14/2026 13:04:02 - INFO - qdiff.block_recon -   Total loss:	1614.525 (rec:37.218, round:1577.307)	b=11.56	count=11500
06/14/2026 13:04:07 - INFO - qdiff.block_recon -   Total loss:	1479.928 (rec:39.306, round:1440.622)	b=11.00	count=12000
06/14/2026 13:04:11 - INFO - qdiff.block_recon -   Total loss:	1329.889 (rec:41.029, round:1288.860)	b=10.44	count=12500
06/14/2026 13:04:15 - INFO - qdiff.block_recon -   Total loss:	1191.365 (rec:38.182, round:1153.183)	b=9.88	count=13000
06/14/2026 13:04:19 - INFO - qdiff.block_recon -   Total loss:	1030.192 (rec:40.816, round:989.376)	b=9.31	count=13500
06/14/2026 13:04:23 - INFO - qdiff.block_recon -   Total loss:	932.447 (rec:40.444, round:892.003)	b=8.75	count=14000
06/14/2026 13:04:28 - INFO - qdiff.block_recon -   Total loss:	779.012 (rec:36.834, round:742.178)	b=8.19	count=14500
06/14/2026 13:04:32 - INFO - qdiff.block_recon -   Total loss:	676.032 (rec:39.882, round:636.150)	b=7.62	count=15000
06/14/2026 13:04:36 - INFO - qdiff.block_recon -   Total loss:	592.660 (rec:39.138, round:553.522)	b=7.06	count=15500
06/14/2026 13:04:40 - INFO - qdiff.block_recon -   Total loss:	462.988 (rec:39.219, round:423.769)	b=6.50	count=16000
06/14/2026 13:04:44 - INFO - qdiff.block_recon -   Total loss:	369.244 (rec:36.891, round:332.353)	b=5.94	count=16500
06/14/2026 13:04:49 - INFO - qdiff.block_recon -   Total loss:	313.136 (rec:37.846, round:275.290)	b=5.38	count=17000
06/14/2026 13:04:53 - INFO - qdiff.block_recon -   Total loss:	241.793 (rec:38.296, round:203.497)	b=4.81	count=17500
06/14/2026 13:04:57 - INFO - qdiff.block_recon -   Total loss:	175.944 (rec:45.917, round:130.027)	b=4.25	count=18000
06/14/2026 13:05:01 - INFO - qdiff.block_recon -   Total loss:	74.531 (rec:38.807, round:35.724)	b=3.69	count=18500
06/14/2026 13:05:06 - INFO - qdiff.block_recon -   Total loss:	71.867 (rec:38.267, round:33.600)	b=3.12	count=19000
06/14/2026 13:05:10 - INFO - qdiff.block_recon -   Total loss:	39.010 (rec:39.010, round:0.000)	b=2.56	count=19500
06/14/2026 13:05:14 - INFO - qdiff.block_recon -   Total loss:	48.706 (rec:37.650, round:11.056)	b=2.00	count=20000
06/14/2026 13:05:14 - INFO - __main__ -   attn False
06/14/2026 13:05:14 - INFO - __main__ -   downsample False
06/14/2026 13:05:14 - INFO - __main__ -   conv False
06/14/2026 13:05:14 - INFO - __main__ -   Reconstruction for layer conv
06/14/2026 13:05:29 - INFO - qdiff.utils -   in shape: torch.Size([2000, 256, 9, 9])
06/14/2026 13:05:29 - INFO - qdiff.utils -   out shape: torch.Size([2000, 256, 4, 4])
06/14/2026 13:05:31 - INFO - qdiff.layer_recon -   Total loss:	34.957 (rec:19.957, round:15.000)	b=0.00	count=500
06/14/2026 13:05:33 - INFO - qdiff.layer_recon -   Total loss:	37.521 (rec:17.521, round:20.000)	b=0.00	count=1000
06/14/2026 13:05:34 - INFO - qdiff.layer_recon -   Total loss:	29.017 (rec:15.017, round:14.000)	b=0.00	count=1500
06/14/2026 13:05:36 - INFO - qdiff.layer_recon -   Total loss:	15.851 (rec:15.851, round:0.000)	b=0.00	count=2000
06/14/2026 13:05:38 - INFO - qdiff.layer_recon -   Total loss:	32.108 (rec:16.108, round:16.000)	b=0.00	count=2500
06/14/2026 13:05:39 - INFO - qdiff.layer_recon -   Total loss:	13.417 (rec:13.417, round:0.000)	b=0.00	count=3000
06/14/2026 13:05:41 - INFO - qdiff.layer_recon -   Total loss:	29.745 (rec:13.745, round:16.000)	b=0.00	count=3500
06/14/2026 13:05:42 - INFO - qdiff.layer_recon -   Total loss:	4736.110 (rec:13.455, round:4722.655)	b=20.00	count=4000
06/14/2026 13:05:44 - INFO - qdiff.layer_recon -   Total loss:	2665.821 (rec:12.985, round:2652.836)	b=19.44	count=4500
06/14/2026 13:05:46 - INFO - qdiff.layer_recon -   Total loss:	2432.112 (rec:12.479, round:2419.633)	b=18.88	count=5000
06/14/2026 13:05:48 - INFO - qdiff.layer_recon -   Total loss:	2201.191 (rec:12.482, round:2188.709)	b=18.31	count=5500
06/14/2026 13:05:50 - INFO - qdiff.layer_recon -   Total loss:	2022.538 (rec:11.874, round:2010.664)	b=17.75	count=6000
06/14/2026 13:05:52 - INFO - qdiff.layer_recon -   Total loss:	1907.461 (rec:12.378, round:1895.083)	b=17.19	count=6500
06/14/2026 13:05:54 - INFO - qdiff.layer_recon -   Total loss:	1735.109 (rec:13.237, round:1721.872)	b=16.62	count=7000
06/14/2026 13:05:56 - INFO - qdiff.layer_recon -   Total loss:	1641.938 (rec:13.735, round:1628.203)	b=16.06	count=7500
06/14/2026 13:05:58 - INFO - qdiff.layer_recon -   Total loss:	1492.124 (rec:11.707, round:1480.417)	b=15.50	count=8000
06/14/2026 13:06:00 - INFO - qdiff.layer_recon -   Total loss:	1416.094 (rec:11.881, round:1404.213)	b=14.94	count=8500
06/14/2026 13:06:02 - INFO - qdiff.layer_recon -   Total loss:	1277.380 (rec:13.308, round:1264.072)	b=14.38	count=9000
06/14/2026 13:06:04 - INFO - qdiff.layer_recon -   Total loss:	1184.126 (rec:11.413, round:1172.713)	b=13.81	count=9500
06/14/2026 13:06:06 - INFO - qdiff.layer_recon -   Total loss:	1096.675 (rec:11.553, round:1085.122)	b=13.25	count=10000
06/14/2026 13:06:08 - INFO - qdiff.layer_recon -   Total loss:	1049.545 (rec:11.889, round:1037.656)	b=12.69	count=10500
06/14/2026 13:06:10 - INFO - qdiff.layer_recon -   Total loss:	968.652 (rec:12.130, round:956.522)	b=12.12	count=11000
06/14/2026 13:06:12 - INFO - qdiff.layer_recon -   Total loss:	872.916 (rec:12.221, round:860.695)	b=11.56	count=11500
06/14/2026 13:06:14 - INFO - qdiff.layer_recon -   Total loss:	829.704 (rec:12.974, round:816.730)	b=11.00	count=12000
06/14/2026 13:06:16 - INFO - qdiff.layer_recon -   Total loss:	731.369 (rec:11.985, round:719.384)	b=10.44	count=12500
06/14/2026 13:06:18 - INFO - qdiff.layer_recon -   Total loss:	671.478 (rec:12.892, round:658.586)	b=9.88	count=13000
06/14/2026 13:06:20 - INFO - qdiff.layer_recon -   Total loss:	640.022 (rec:11.170, round:628.852)	b=9.31	count=13500
06/14/2026 13:06:22 - INFO - qdiff.layer_recon -   Total loss:	581.288 (rec:12.314, round:568.974)	b=8.75	count=14000
06/14/2026 13:06:24 - INFO - qdiff.layer_recon -   Total loss:	515.886 (rec:12.654, round:503.232)	b=8.19	count=14500
06/14/2026 13:06:26 - INFO - qdiff.layer_recon -   Total loss:	463.387 (rec:12.210, round:451.177)	b=7.62	count=15000
06/14/2026 13:06:28 - INFO - qdiff.layer_recon -   Total loss:	376.302 (rec:12.285, round:364.017)	b=7.06	count=15500
06/14/2026 13:06:30 - INFO - qdiff.layer_recon -   Total loss:	319.401 (rec:11.449, round:307.952)	b=6.50	count=16000
06/14/2026 13:06:32 - INFO - qdiff.layer_recon -   Total loss:	269.381 (rec:11.850, round:257.531)	b=5.94	count=16500
06/14/2026 13:06:33 - INFO - qdiff.layer_recon -   Total loss:	248.938 (rec:12.085, round:236.853)	b=5.38	count=17000
06/14/2026 13:06:35 - INFO - qdiff.layer_recon -   Total loss:	195.399 (rec:11.949, round:183.450)	b=4.81	count=17500
06/14/2026 13:06:37 - INFO - qdiff.layer_recon -   Total loss:	139.222 (rec:11.721, round:127.501)	b=4.25	count=18000
06/14/2026 13:06:39 - INFO - qdiff.layer_recon -   Total loss:	92.085 (rec:11.561, round:80.524)	b=3.69	count=18500
06/14/2026 13:06:41 - INFO - qdiff.layer_recon -   Total loss:	24.596 (rec:11.239, round:13.357)	b=3.12	count=19000
06/14/2026 13:06:43 - INFO - qdiff.layer_recon -   Total loss:	37.297 (rec:12.931, round:24.366)	b=2.56	count=19500
06/14/2026 13:06:45 - INFO - qdiff.layer_recon -   Total loss:	32.612 (rec:11.999, round:20.613)	b=2.00	count=20000
06/14/2026 13:06:45 - INFO - __main__ -   3 False
06/14/2026 13:06:45 - INFO - __main__ -   block False
06/14/2026 13:06:45 - INFO - __main__ -   0 True
06/14/2026 13:06:45 - INFO - __main__ -   Reconstruction for block 0
06/14/2026 13:07:02 - INFO - qdiff.utils -   in 1 shape: torch.Size([2000, 256, 4, 4]), in 2 shape: torch.Size([2000, 512])
06/14/2026 13:07:02 - INFO - qdiff.utils -   out shape: torch.Size([2000, 256, 4, 4])
06/14/2026 13:07:04 - INFO - qdiff.block_recon -   Total loss:	419.062 (rec:400.062, round:19.000)	b=0.00	count=500
06/14/2026 13:07:07 - INFO - qdiff.block_recon -   Total loss:	406.193 (rec:386.193, round:20.000)	b=0.00	count=1000
06/14/2026 13:07:10 - INFO - qdiff.block_recon -   Total loss:	412.610 (rec:412.610, round:0.000)	b=0.00	count=1500
06/14/2026 13:07:13 - INFO - qdiff.block_recon -   Total loss:	403.092 (rec:403.092, round:0.000)	b=0.00	count=2000
06/14/2026 13:07:15 - INFO - qdiff.block_recon -   Total loss:	432.678 (rec:413.678, round:19.000)	b=0.00	count=2500
06/14/2026 13:07:18 - INFO - qdiff.block_recon -   Total loss:	388.092 (rec:388.092, round:0.000)	b=0.00	count=3000
06/14/2026 13:07:21 - INFO - qdiff.block_recon -   Total loss:	421.224 (rec:421.224, round:0.000)	b=0.00	count=3500
06/14/2026 13:07:23 - INFO - qdiff.block_recon -   Total loss:	12014.389 (rec:390.006, round:11624.383)	b=20.00	count=4000
06/14/2026 13:07:27 - INFO - qdiff.block_recon -   Total loss:	7835.469 (rec:403.305, round:7432.164)	b=19.44	count=4500
06/14/2026 13:07:31 - INFO - qdiff.block_recon -   Total loss:	7238.367 (rec:375.384, round:6862.983)	b=18.88	count=5000
06/14/2026 13:07:35 - INFO - qdiff.block_recon -   Total loss:	6887.144 (rec:402.213, round:6484.931)	b=18.31	count=5500
06/14/2026 13:07:39 - INFO - qdiff.block_recon -   Total loss:	6580.843 (rec:401.812, round:6179.031)	b=17.75	count=6000
06/14/2026 13:07:43 - INFO - qdiff.block_recon -   Total loss:	6222.174 (rec:379.625, round:5842.549)	b=17.19	count=6500
06/14/2026 13:07:47 - INFO - qdiff.block_recon -   Total loss:	5955.936 (rec:408.248, round:5547.688)	b=16.62	count=7000
06/14/2026 13:07:50 - INFO - qdiff.block_recon -   Total loss:	5696.705 (rec:403.250, round:5293.455)	b=16.06	count=7500
06/14/2026 13:07:54 - INFO - qdiff.block_recon -   Total loss:	5424.245 (rec:410.873, round:5013.372)	b=15.50	count=8000
06/14/2026 13:07:58 - INFO - qdiff.block_recon -   Total loss:	5124.037 (rec:415.673, round:4708.364)	b=14.94	count=8500
06/14/2026 13:08:02 - INFO - qdiff.block_recon -   Total loss:	4848.976 (rec:401.993, round:4446.983)	b=14.38	count=9000
06/14/2026 13:08:06 - INFO - qdiff.block_recon -   Total loss:	4640.910 (rec:418.509, round:4222.401)	b=13.81	count=9500
06/14/2026 13:08:10 - INFO - qdiff.block_recon -   Total loss:	4315.166 (rec:372.651, round:3942.515)	b=13.25	count=10000
06/14/2026 13:08:14 - INFO - qdiff.block_recon -   Total loss:	4080.051 (rec:386.145, round:3693.906)	b=12.69	count=10500
06/14/2026 13:08:18 - INFO - qdiff.block_recon -   Total loss:	3881.282 (rec:395.250, round:3486.032)	b=12.12	count=11000
06/14/2026 13:08:21 - INFO - qdiff.block_recon -   Total loss:	3596.687 (rec:350.004, round:3246.683)	b=11.56	count=11500
06/14/2026 13:08:25 - INFO - qdiff.block_recon -   Total loss:	3378.515 (rec:366.766, round:3011.749)	b=11.00	count=12000
06/14/2026 13:08:29 - INFO - qdiff.block_recon -   Total loss:	3172.107 (rec:380.286, round:2791.821)	b=10.44	count=12500
06/14/2026 13:08:33 - INFO - qdiff.block_recon -   Total loss:	2965.523 (rec:404.704, round:2560.819)	b=9.88	count=13000
06/14/2026 13:08:37 - INFO - qdiff.block_recon -   Total loss:	2682.903 (rec:362.624, round:2320.279)	b=9.31	count=13500
06/14/2026 13:08:41 - INFO - qdiff.block_recon -   Total loss:	2524.735 (rec:391.432, round:2133.303)	b=8.75	count=14000
06/14/2026 13:08:44 - INFO - qdiff.block_recon -   Total loss:	2262.988 (rec:360.212, round:1902.776)	b=8.19	count=14500
06/14/2026 13:08:48 - INFO - qdiff.block_recon -   Total loss:	2083.715 (rec:394.834, round:1688.881)	b=7.62	count=15000
06/14/2026 13:08:52 - INFO - qdiff.block_recon -   Total loss:	1894.494 (rec:377.418, round:1517.076)	b=7.06	count=15500
06/14/2026 13:08:56 - INFO - qdiff.block_recon -   Total loss:	1706.758 (rec:411.639, round:1295.119)	b=6.50	count=16000
06/14/2026 13:09:00 - INFO - qdiff.block_recon -   Total loss:	1484.467 (rec:390.856, round:1093.611)	b=5.94	count=16500
06/14/2026 13:09:04 - INFO - qdiff.block_recon -   Total loss:	1270.805 (rec:361.340, round:909.465)	b=5.38	count=17000
06/14/2026 13:09:08 - INFO - qdiff.block_recon -   Total loss:	1126.408 (rec:413.945, round:712.463)	b=4.81	count=17500
06/14/2026 13:09:12 - INFO - qdiff.block_recon -   Total loss:	949.481 (rec:388.689, round:560.792)	b=4.25	count=18000
06/14/2026 13:09:15 - INFO - qdiff.block_recon -   Total loss:	748.376 (rec:386.855, round:361.521)	b=3.69	count=18500
06/14/2026 13:09:19 - INFO - qdiff.block_recon -   Total loss:	583.010 (rec:381.910, round:201.100)	b=3.12	count=19000
06/14/2026 13:09:23 - INFO - qdiff.block_recon -   Total loss:	469.878 (rec:373.339, round:96.539)	b=2.56	count=19500
06/14/2026 13:09:27 - INFO - qdiff.block_recon -   Total loss:	394.712 (rec:391.986, round:2.726)	b=2.00	count=20000
06/14/2026 13:09:27 - INFO - __main__ -   1 True
06/14/2026 13:09:27 - INFO - __main__ -   Reconstruction for block 1
06/14/2026 13:09:44 - INFO - qdiff.utils -   in 1 shape: torch.Size([2000, 256, 4, 4]), in 2 shape: torch.Size([2000, 512])
06/14/2026 13:09:44 - INFO - qdiff.utils -   out shape: torch.Size([2000, 256, 4, 4])
06/14/2026 13:09:47 - INFO - qdiff.block_recon -   Total loss:	362.090 (rec:362.090, round:0.000)	b=0.00	count=500
06/14/2026 13:09:49 - INFO - qdiff.block_recon -   Total loss:	402.939 (rec:402.939, round:0.000)	b=0.00	count=1000
06/14/2026 13:09:52 - INFO - qdiff.block_recon -   Total loss:	355.240 (rec:355.240, round:0.000)	b=0.00	count=1500
06/14/2026 13:09:55 - INFO - qdiff.block_recon -   Total loss:	425.493 (rec:406.493, round:19.000)	b=0.00	count=2000
06/14/2026 13:09:58 - INFO - qdiff.block_recon -   Total loss:	385.233 (rec:385.233, round:0.000)	b=0.00	count=2500
06/14/2026 13:10:00 - INFO - qdiff.block_recon -   Total loss:	369.899 (rec:369.899, round:0.000)	b=0.00	count=3000
06/14/2026 13:10:03 - INFO - qdiff.block_recon -   Total loss:	413.837 (rec:401.837, round:12.000)	b=0.00	count=3500
06/14/2026 13:10:06 - INFO - qdiff.block_recon -   Total loss:	11853.852 (rec:367.357, round:11486.495)	b=20.00	count=4000
06/14/2026 13:10:10 - INFO - qdiff.block_recon -   Total loss:	7698.352 (rec:382.846, round:7315.506)	b=19.44	count=4500
06/14/2026 13:10:14 - INFO - qdiff.block_recon -   Total loss:	7149.486 (rec:376.301, round:6773.185)	b=18.88	count=5000
06/14/2026 13:10:18 - INFO - qdiff.block_recon -   Total loss:	6763.640 (rec:408.034, round:6355.606)	b=18.31	count=5500
06/14/2026 13:10:22 - INFO - qdiff.block_recon -   Total loss:	6364.264 (rec:343.091, round:6021.173)	b=17.75	count=6000
06/14/2026 13:10:25 - INFO - qdiff.block_recon -   Total loss:	6082.998 (rec:376.429, round:5706.569)	b=17.19	count=6500
06/14/2026 13:10:29 - INFO - qdiff.block_recon -   Total loss:	5817.299 (rec:372.471, round:5444.828)	b=16.62	count=7000
06/14/2026 13:10:33 - INFO - qdiff.block_recon -   Total loss:	5486.469 (rec:367.238, round:5119.231)	b=16.06	count=7500
06/14/2026 13:10:37 - INFO - qdiff.block_recon -   Total loss:	5274.873 (rec:408.983, round:4865.890)	b=15.50	count=8000
06/14/2026 13:10:41 - INFO - qdiff.block_recon -   Total loss:	4966.300 (rec:369.459, round:4596.841)	b=14.94	count=8500
06/14/2026 13:10:45 - INFO - qdiff.block_recon -   Total loss:	4669.020 (rec:376.568, round:4292.452)	b=14.38	count=9000
06/14/2026 13:10:49 - INFO - qdiff.block_recon -   Total loss:	4442.111 (rec:372.112, round:4069.999)	b=13.81	count=9500
06/14/2026 13:10:52 - INFO - qdiff.block_recon -   Total loss:	4127.525 (rec:338.155, round:3789.370)	b=13.25	count=10000
06/14/2026 13:10:56 - INFO - qdiff.block_recon -   Total loss:	3906.424 (rec:366.213, round:3540.211)	b=12.69	count=10500
06/14/2026 13:11:00 - INFO - qdiff.block_recon -   Total loss:	3672.453 (rec:365.943, round:3306.510)	b=12.12	count=11000
06/14/2026 13:11:04 - INFO - qdiff.block_recon -   Total loss:	3448.167 (rec:349.199, round:3098.968)	b=11.56	count=11500
06/14/2026 13:11:08 - INFO - qdiff.block_recon -   Total loss:	3272.612 (rec:399.933, round:2872.679)	b=11.00	count=12000
06/14/2026 13:11:12 - INFO - qdiff.block_recon -   Total loss:	3027.751 (rec:372.634, round:2655.117)	b=10.44	count=12500
06/14/2026 13:11:16 - INFO - qdiff.block_recon -   Total loss:	2793.661 (rec:382.044, round:2411.617)	b=9.88	count=13000
06/14/2026 13:11:20 - INFO - qdiff.block_recon -   Total loss:	2533.203 (rec:340.299, round:2192.904)	b=9.31	count=13500
06/14/2026 13:11:24 - INFO - qdiff.block_recon -   Total loss:	2399.730 (rec:377.387, round:2022.343)	b=8.75	count=14000
06/14/2026 13:11:27 - INFO - qdiff.block_recon -   Total loss:	2197.048 (rec:377.122, round:1819.926)	b=8.19	count=14500
06/14/2026 13:11:31 - INFO - qdiff.block_recon -   Total loss:	1974.618 (rec:349.172, round:1625.446)	b=7.62	count=15000
06/14/2026 13:11:35 - INFO - qdiff.block_recon -   Total loss:	1822.749 (rec:389.329, round:1433.420)	b=7.06	count=15500
06/14/2026 13:11:39 - INFO - qdiff.block_recon -   Total loss:	1595.582 (rec:354.613, round:1240.969)	b=6.50	count=16000
06/14/2026 13:11:43 - INFO - qdiff.block_recon -   Total loss:	1422.577 (rec:361.006, round:1061.571)	b=5.94	count=16500
06/14/2026 13:11:47 - INFO - qdiff.block_recon -   Total loss:	1260.909 (rec:378.568, round:882.341)	b=5.38	count=17000
06/14/2026 13:11:51 - INFO - qdiff.block_recon -   Total loss:	1019.748 (rec:351.506, round:668.242)	b=4.81	count=17500
06/14/2026 13:11:54 - INFO - qdiff.block_recon -   Total loss:	879.838 (rec:350.337, round:529.501)	b=4.25	count=18000
06/14/2026 13:11:58 - INFO - qdiff.block_recon -   Total loss:	684.867 (rec:350.617, round:334.250)	b=3.69	count=18500
06/14/2026 13:12:02 - INFO - qdiff.block_recon -   Total loss:	539.567 (rec:353.430, round:186.137)	b=3.12	count=19000
06/14/2026 13:12:06 - INFO - qdiff.block_recon -   Total loss:	432.400 (rec:371.252, round:61.148)	b=2.56	count=19500
06/14/2026 13:12:10 - INFO - qdiff.block_recon -   Total loss:	374.061 (rec:374.061, round:0.000)	b=2.00	count=20000
06/14/2026 13:12:10 - INFO - __main__ -   attn False
06/14/2026 13:12:10 - INFO - __main__ -   mid False
06/14/2026 13:12:10 - INFO - __main__ -   block_1 True
06/14/2026 13:12:10 - INFO - __main__ -   Reconstruction for block block_1
06/14/2026 13:12:28 - INFO - qdiff.utils -   in 1 shape: torch.Size([2000, 256, 4, 4]), in 2 shape: torch.Size([2000, 512])
06/14/2026 13:12:28 - INFO - qdiff.utils -   out shape: torch.Size([2000, 256, 4, 4])
06/14/2026 13:12:31 - INFO - qdiff.block_recon -   Total loss:	442.072 (rec:442.072, round:0.000)	b=0.00	count=500
06/14/2026 13:12:33 - INFO - qdiff.block_recon -   Total loss:	467.215 (rec:448.215, round:19.000)	b=0.00	count=1000
06/14/2026 13:12:36 - INFO - qdiff.block_recon -   Total loss:	409.534 (rec:409.534, round:0.000)	b=0.00	count=1500
06/14/2026 13:12:39 - INFO - qdiff.block_recon -   Total loss:	432.388 (rec:416.388, round:16.000)	b=0.00	count=2000
06/14/2026 13:12:42 - INFO - qdiff.block_recon -   Total loss:	446.897 (rec:426.897, round:20.000)	b=0.00	count=2500
06/14/2026 13:12:44 - INFO - qdiff.block_recon -   Total loss:	430.760 (rec:420.760, round:10.000)	b=0.00	count=3000
06/14/2026 13:12:47 - INFO - qdiff.block_recon -   Total loss:	451.463 (rec:432.463, round:19.000)	b=0.00	count=3500
06/14/2026 13:12:50 - INFO - qdiff.block_recon -   Total loss:	11924.583 (rec:420.055, round:11504.528)	b=20.00	count=4000
06/14/2026 13:12:54 - INFO - qdiff.block_recon -   Total loss:	7766.668 (rec:404.635, round:7362.033)	b=19.44	count=4500
06/14/2026 13:12:57 - INFO - qdiff.block_recon -   Total loss:	7219.786 (rec:378.204, round:6841.582)	b=18.88	count=5000
06/14/2026 13:13:01 - INFO - qdiff.block_recon -   Total loss:	6852.997 (rec:423.110, round:6429.887)	b=18.31	count=5500
06/14/2026 13:13:05 - INFO - qdiff.block_recon -   Total loss:	6489.905 (rec:368.795, round:6121.110)	b=17.75	count=6000
06/14/2026 13:13:09 - INFO - qdiff.block_recon -   Total loss:	6185.188 (rec:385.059, round:5800.129)	b=17.19	count=6500
06/14/2026 13:13:13 - INFO - qdiff.block_recon -   Total loss:	5870.385 (rec:403.240, round:5467.145)	b=16.62	count=7000
06/14/2026 13:13:17 - INFO - qdiff.block_recon -   Total loss:	5610.928 (rec:431.984, round:5178.944)	b=16.06	count=7500
06/14/2026 13:13:20 - INFO - qdiff.block_recon -   Total loss:	5296.686 (rec:364.346, round:4932.340)	b=15.50	count=8000
06/14/2026 13:13:24 - INFO - qdiff.block_recon -   Total loss:	5011.024 (rec:382.236, round:4628.788)	b=14.94	count=8500
06/14/2026 13:13:28 - INFO - qdiff.block_recon -   Total loss:	4791.647 (rec:405.585, round:4386.062)	b=14.38	count=9000
06/14/2026 13:13:32 - INFO - qdiff.block_recon -   Total loss:	4528.236 (rec:399.354, round:4128.882)	b=13.81	count=9500
06/14/2026 13:13:36 - INFO - qdiff.block_recon -   Total loss:	4237.036 (rec:384.649, round:3852.387)	b=13.25	count=10000
06/14/2026 13:13:40 - INFO - qdiff.block_recon -   Total loss:	4034.315 (rec:405.417, round:3628.898)	b=12.69	count=10500
06/14/2026 13:13:43 - INFO - qdiff.block_recon -   Total loss:	3764.789 (rec:397.920, round:3366.869)	b=12.12	count=11000
06/14/2026 13:13:47 - INFO - qdiff.block_recon -   Total loss:	3506.661 (rec:384.352, round:3122.309)	b=11.56	count=11500
06/14/2026 13:13:51 - INFO - qdiff.block_recon -   Total loss:	3306.527 (rec:404.777, round:2901.750)	b=11.00	count=12000
06/14/2026 13:13:55 - INFO - qdiff.block_recon -   Total loss:	3088.176 (rec:381.143, round:2707.033)	b=10.44	count=12500
06/14/2026 13:13:59 - INFO - qdiff.block_recon -   Total loss:	2892.491 (rec:400.391, round:2492.100)	b=9.88	count=13000
06/14/2026 13:14:03 - INFO - qdiff.block_recon -   Total loss:	2671.445 (rec:398.055, round:2273.390)	b=9.31	count=13500
06/14/2026 13:14:07 - INFO - qdiff.block_recon -   Total loss:	2447.507 (rec:377.722, round:2069.785)	b=8.75	count=14000
06/14/2026 13:14:10 - INFO - qdiff.block_recon -   Total loss:	2243.847 (rec:408.441, round:1835.406)	b=8.19	count=14500
06/14/2026 13:14:14 - INFO - qdiff.block_recon -   Total loss:	2039.295 (rec:392.719, round:1646.576)	b=7.62	count=15000
06/14/2026 13:14:18 - INFO - qdiff.block_recon -   Total loss:	1812.628 (rec:361.744, round:1450.884)	b=7.06	count=15500
06/14/2026 13:14:22 - INFO - qdiff.block_recon -   Total loss:	1679.271 (rec:428.101, round:1251.170)	b=6.50	count=16000
06/14/2026 13:14:26 - INFO - qdiff.block_recon -   Total loss:	1521.009 (rec:425.577, round:1095.432)	b=5.94	count=16500
06/14/2026 13:14:30 - INFO - qdiff.block_recon -   Total loss:	1344.514 (rec:426.816, round:917.698)	b=5.38	count=17000
06/14/2026 13:14:33 - INFO - qdiff.block_recon -   Total loss:	1128.271 (rec:393.732, round:734.539)	b=4.81	count=17500
06/14/2026 13:14:37 - INFO - qdiff.block_recon -   Total loss:	967.016 (rec:410.134, round:556.882)	b=4.25	count=18000
06/14/2026 13:14:41 - INFO - qdiff.block_recon -   Total loss:	772.812 (rec:415.302, round:357.510)	b=3.69	count=18500
06/14/2026 13:14:45 - INFO - qdiff.block_recon -   Total loss:	642.382 (rec:413.439, round:228.943)	b=3.12	count=19000
06/14/2026 13:14:49 - INFO - qdiff.block_recon -   Total loss:	517.303 (rec:419.638, round:97.665)	b=2.56	count=19500
06/14/2026 13:14:53 - INFO - qdiff.block_recon -   Total loss:	434.655 (rec:398.454, round:36.201)	b=2.00	count=20000
06/14/2026 13:14:53 - INFO - __main__ -   attn_1 True
06/14/2026 13:14:53 - INFO - __main__ -   Reconstruction for block attn_1
06/14/2026 13:15:11 - INFO - qdiff.utils -   in shape: torch.Size([2000, 256, 4, 4])
06/14/2026 13:15:11 - INFO - qdiff.utils -   out shape: torch.Size([2000, 256, 4, 4])
06/14/2026 13:15:14 - INFO - qdiff.block_recon -   Total loss:	50.584 (rec:32.584, round:18.000)	b=0.00	count=500
06/14/2026 13:15:18 - INFO - qdiff.block_recon -   Total loss:	33.507 (rec:33.507, round:0.000)	b=0.00	count=1000
06/14/2026 13:15:21 - INFO - qdiff.block_recon -   Total loss:	32.328 (rec:32.328, round:0.000)	b=0.00	count=1500
06/14/2026 13:15:24 - INFO - qdiff.block_recon -   Total loss:	32.876 (rec:32.876, round:0.000)	b=0.00	count=2000
06/14/2026 13:15:27 - INFO - qdiff.block_recon -   Total loss:	31.679 (rec:31.679, round:0.000)	b=0.00	count=2500
06/14/2026 13:15:30 - INFO - qdiff.block_recon -   Total loss:	43.864 (rec:31.864, round:12.000)	b=0.00	count=3000
06/14/2026 13:15:33 - INFO - qdiff.block_recon -   Total loss:	45.129 (rec:31.129, round:14.000)	b=0.00	count=3500
06/14/2026 13:15:36 - INFO - qdiff.block_recon -   Total loss:	2233.434 (rec:30.744, round:2202.690)	b=20.00	count=4000
06/14/2026 13:15:40 - INFO - qdiff.block_recon -   Total loss:	1288.872 (rec:30.647, round:1258.225)	b=19.44	count=4500
06/14/2026 13:15:45 - INFO - qdiff.block_recon -   Total loss:	1148.105 (rec:30.461, round:1117.644)	b=18.88	count=5000
06/14/2026 13:15:49 - INFO - qdiff.block_recon -   Total loss:	1060.033 (rec:30.633, round:1029.400)	b=18.31	count=5500
06/14/2026 13:15:53 - INFO - qdiff.block_recon -   Total loss:	1021.961 (rec:32.108, round:989.853)	b=17.75	count=6000
06/14/2026 13:15:57 - INFO - qdiff.block_recon -   Total loss:	946.207 (rec:32.036, round:914.171)	b=17.19	count=6500
06/14/2026 13:16:01 - INFO - qdiff.block_recon -   Total loss:	881.748 (rec:32.141, round:849.607)	b=16.62	count=7000
06/14/2026 13:16:06 - INFO - qdiff.block_recon -   Total loss:	823.571 (rec:34.093, round:789.478)	b=16.06	count=7500
06/14/2026 13:16:10 - INFO - qdiff.block_recon -   Total loss:	764.226 (rec:30.464, round:733.762)	b=15.50	count=8000
06/14/2026 13:16:14 - INFO - qdiff.block_recon -   Total loss:	719.157 (rec:30.774, round:688.383)	b=14.94	count=8500
06/14/2026 13:16:18 - INFO - qdiff.block_recon -   Total loss:	667.278 (rec:30.529, round:636.749)	b=14.38	count=9000
06/14/2026 13:16:23 - INFO - qdiff.block_recon -   Total loss:	620.307 (rec:31.052, round:589.255)	b=13.81	count=9500
06/14/2026 13:16:27 - INFO - qdiff.block_recon -   Total loss:	540.532 (rec:31.438, round:509.094)	b=13.25	count=10000
06/14/2026 13:16:31 - INFO - qdiff.block_recon -   Total loss:	495.686 (rec:31.588, round:464.098)	b=12.69	count=10500
06/14/2026 13:16:35 - INFO - qdiff.block_recon -   Total loss:	454.151 (rec:30.580, round:423.571)	b=12.12	count=11000
06/14/2026 13:16:40 - INFO - qdiff.block_recon -   Total loss:	449.357 (rec:30.765, round:418.592)	b=11.56	count=11500
06/14/2026 13:16:44 - INFO - qdiff.block_recon -   Total loss:	377.248 (rec:30.024, round:347.224)	b=11.00	count=12000
06/14/2026 13:16:49 - INFO - qdiff.block_recon -   Total loss:	343.060 (rec:32.272, round:310.788)	b=10.44	count=12500
06/14/2026 13:16:53 - INFO - qdiff.block_recon -   Total loss:	338.064 (rec:31.444, round:306.620)	b=9.88	count=13000
06/14/2026 13:16:57 - INFO - qdiff.block_recon -   Total loss:	310.913 (rec:31.089, round:279.824)	b=9.31	count=13500
06/14/2026 13:17:01 - INFO - qdiff.block_recon -   Total loss:	244.481 (rec:31.251, round:213.230)	b=8.75	count=14000
06/14/2026 13:17:06 - INFO - qdiff.block_recon -   Total loss:	249.788 (rec:31.248, round:218.540)	b=8.19	count=14500
06/14/2026 13:17:10 - INFO - qdiff.block_recon -   Total loss:	191.813 (rec:31.593, round:160.220)	b=7.62	count=15000
06/14/2026 13:17:14 - INFO - qdiff.block_recon -   Total loss:	166.416 (rec:32.073, round:134.343)	b=7.06	count=15500
06/14/2026 13:17:18 - INFO - qdiff.block_recon -   Total loss:	142.812 (rec:30.476, round:112.336)	b=6.50	count=16000
06/14/2026 13:17:23 - INFO - qdiff.block_recon -   Total loss:	112.503 (rec:30.931, round:81.572)	b=5.94	count=16500
06/14/2026 13:17:27 - INFO - qdiff.block_recon -   Total loss:	124.169 (rec:32.045, round:92.124)	b=5.38	count=17000
06/14/2026 13:17:31 - INFO - qdiff.block_recon -   Total loss:	67.342 (rec:31.364, round:35.978)	b=4.81	count=17500
06/14/2026 13:17:35 - INFO - qdiff.block_recon -   Total loss:	53.854 (rec:30.242, round:23.612)	b=4.25	count=18000
06/14/2026 13:17:40 - INFO - qdiff.block_recon -   Total loss:	65.278 (rec:32.858, round:32.420)	b=3.69	count=18500
06/14/2026 13:17:44 - INFO - qdiff.block_recon -   Total loss:	31.702 (rec:31.702, round:0.000)	b=3.12	count=19000
06/14/2026 13:17:48 - INFO - qdiff.block_recon -   Total loss:	31.178 (rec:31.178, round:0.000)	b=2.56	count=19500
06/14/2026 13:17:52 - INFO - qdiff.block_recon -   Total loss:	31.330 (rec:31.330, round:0.000)	b=2.00	count=20000
06/14/2026 13:17:52 - INFO - __main__ -   block_2 True
06/14/2026 13:17:52 - INFO - __main__ -   Reconstruction for block block_2
06/14/2026 13:18:12 - INFO - qdiff.utils -   in 1 shape: torch.Size([2000, 256, 4, 4]), in 2 shape: torch.Size([2000, 512])
06/14/2026 13:18:12 - INFO - qdiff.utils -   out shape: torch.Size([2000, 256, 4, 4])
06/14/2026 13:18:15 - INFO - qdiff.block_recon -   Total loss:	414.158 (rec:402.158, round:12.000)	b=0.00	count=500
06/14/2026 13:18:17 - INFO - qdiff.block_recon -   Total loss:	439.911 (rec:422.911, round:17.000)	b=0.00	count=1000
06/14/2026 13:18:20 - INFO - qdiff.block_recon -   Total loss:	409.286 (rec:389.286, round:20.000)	b=0.00	count=1500
06/14/2026 13:18:23 - INFO - qdiff.block_recon -   Total loss:	411.421 (rec:391.421, round:20.000)	b=0.00	count=2000
06/14/2026 13:18:26 - INFO - qdiff.block_recon -   Total loss:	407.583 (rec:395.583, round:12.000)	b=0.00	count=2500
06/14/2026 13:18:28 - INFO - qdiff.block_recon -   Total loss:	386.052 (rec:375.052, round:11.000)	b=0.00	count=3000
06/14/2026 13:18:31 - INFO - qdiff.block_recon -   Total loss:	385.840 (rec:368.840, round:17.000)	b=0.00	count=3500
06/14/2026 13:18:34 - INFO - qdiff.block_recon -   Total loss:	11922.005 (rec:353.286, round:11568.719)	b=20.00	count=4000
06/14/2026 13:18:38 - INFO - qdiff.block_recon -   Total loss:	7791.671 (rec:361.369, round:7430.302)	b=19.44	count=4500
06/14/2026 13:18:41 - INFO - qdiff.block_recon -   Total loss:	7262.313 (rec:347.933, round:6914.380)	b=18.88	count=5000
06/14/2026 13:18:45 - INFO - qdiff.block_recon -   Total loss:	6826.971 (rec:321.339, round:6505.632)	b=18.31	count=5500
06/14/2026 13:18:49 - INFO - qdiff.block_recon -   Total loss:	6577.673 (rec:378.577, round:6199.096)	b=17.75	count=6000
06/14/2026 13:18:53 - INFO - qdiff.block_recon -   Total loss:	6219.237 (rec:354.993, round:5864.244)	b=17.19	count=6500
06/14/2026 13:18:57 - INFO - qdiff.block_recon -   Total loss:	5935.656 (rec:375.114, round:5560.542)	b=16.62	count=7000
06/14/2026 13:19:01 - INFO - qdiff.block_recon -   Total loss:	5677.244 (rec:362.173, round:5315.071)	b=16.06	count=7500
06/14/2026 13:19:04 - INFO - qdiff.block_recon -   Total loss:	5354.998 (rec:354.557, round:5000.441)	b=15.50	count=8000
06/14/2026 13:19:08 - INFO - qdiff.block_recon -   Total loss:	5078.520 (rec:349.210, round:4729.310)	b=14.94	count=8500
06/14/2026 13:19:12 - INFO - qdiff.block_recon -   Total loss:	4907.554 (rec:406.998, round:4500.556)	b=14.38	count=9000
06/14/2026 13:19:16 - INFO - qdiff.block_recon -   Total loss:	4568.324 (rec:359.381, round:4208.943)	b=13.81	count=9500
06/14/2026 13:19:20 - INFO - qdiff.block_recon -   Total loss:	4312.180 (rec:325.027, round:3987.153)	b=13.25	count=10000
06/14/2026 13:19:24 - INFO - qdiff.block_recon -   Total loss:	4076.390 (rec:334.439, round:3741.951)	b=12.69	count=10500
06/14/2026 13:19:28 - INFO - qdiff.block_recon -   Total loss:	3826.724 (rec:346.884, round:3479.840)	b=12.12	count=11000
06/14/2026 13:19:31 - INFO - qdiff.block_recon -   Total loss:	3623.225 (rec:378.302, round:3244.923)	b=11.56	count=11500
06/14/2026 13:19:35 - INFO - qdiff.block_recon -   Total loss:	3452.182 (rec:409.692, round:3042.490)	b=11.00	count=12000
06/14/2026 13:19:39 - INFO - qdiff.block_recon -   Total loss:	3115.544 (rec:331.821, round:2783.723)	b=10.44	count=12500
06/14/2026 13:19:43 - INFO - qdiff.block_recon -   Total loss:	2975.752 (rec:377.388, round:2598.364)	b=9.88	count=13000
06/14/2026 13:19:47 - INFO - qdiff.block_recon -   Total loss:	2735.585 (rec:352.181, round:2383.404)	b=9.31	count=13500
06/14/2026 13:19:51 - INFO - qdiff.block_recon -   Total loss:	2586.858 (rec:414.217, round:2172.641)	b=8.75	count=14000
06/14/2026 13:19:55 - INFO - qdiff.block_recon -   Total loss:	2305.780 (rec:374.994, round:1930.786)	b=8.19	count=14500
06/14/2026 13:19:58 - INFO - qdiff.block_recon -   Total loss:	2174.606 (rec:409.451, round:1765.155)	b=7.62	count=15000
06/14/2026 13:20:02 - INFO - qdiff.block_recon -   Total loss:	1906.230 (rec:351.505, round:1554.725)	b=7.06	count=15500
06/14/2026 13:20:06 - INFO - qdiff.block_recon -   Total loss:	1729.948 (rec:373.557, round:1356.391)	b=6.50	count=16000
06/14/2026 13:20:10 - INFO - qdiff.block_recon -   Total loss:	1536.326 (rec:374.082, round:1162.244)	b=5.94	count=16500
06/14/2026 13:20:14 - INFO - qdiff.block_recon -   Total loss:	1308.151 (rec:374.197, round:933.954)	b=5.38	count=17000
06/14/2026 13:20:18 - INFO - qdiff.block_recon -   Total loss:	1118.564 (rec:369.978, round:748.586)	b=4.81	count=17500
06/14/2026 13:20:22 - INFO - qdiff.block_recon -   Total loss:	944.566 (rec:386.925, round:557.641)	b=4.25	count=18000
06/14/2026 13:20:26 - INFO - qdiff.block_recon -   Total loss:	780.788 (rec:368.010, round:412.778)	b=3.69	count=18500
06/14/2026 13:20:29 - INFO - qdiff.block_recon -   Total loss:	590.071 (rec:337.181, round:252.890)	b=3.12	count=19000
06/14/2026 13:20:33 - INFO - qdiff.block_recon -   Total loss:	405.647 (rec:320.888, round:84.759)	b=2.56	count=19500
06/14/2026 13:20:37 - INFO - qdiff.block_recon -   Total loss:	383.113 (rec:349.993, round:33.120)	b=2.00	count=20000
06/14/2026 13:20:37 - INFO - __main__ -   up False
06/14/2026 13:20:37 - INFO - __main__ -   0 False
06/14/2026 13:20:37 - INFO - __main__ -   block False
06/14/2026 13:20:37 - INFO - __main__ -   0 True
06/14/2026 13:20:37 - INFO - __main__ -   Reconstruction for block 0
06/14/2026 13:21:13 - INFO - qdiff.utils -   in 1 shape: torch.Size([2000, 384, 32, 32]), in 2 shape: torch.Size([2000, 512])
06/14/2026 13:21:13 - INFO - qdiff.utils -   out shape: torch.Size([2000, 128, 32, 32])
06/14/2026 13:21:26 - INFO - qdiff.block_recon -   Total loss:	448.521 (rec:428.521, round:20.000)	b=0.00	count=500
06/14/2026 13:21:39 - INFO - qdiff.block_recon -   Total loss:	359.242 (rec:359.242, round:0.000)	b=0.00	count=1000
06/14/2026 13:21:52 - INFO - qdiff.block_recon -   Total loss:	430.651 (rec:410.651, round:20.000)	b=0.00	count=1500
06/14/2026 13:22:05 - INFO - qdiff.block_recon -   Total loss:	433.533 (rec:415.533, round:18.000)	b=0.00	count=2000
06/14/2026 13:22:18 - INFO - qdiff.block_recon -   Total loss:	422.631 (rec:412.631, round:10.000)	b=0.00	count=2500
06/14/2026 13:22:31 - INFO - qdiff.block_recon -   Total loss:	319.955 (rec:319.955, round:0.000)	b=0.00	count=3000
06/14/2026 13:22:44 - INFO - qdiff.block_recon -   Total loss:	383.727 (rec:370.727, round:13.000)	b=0.00	count=3500
06/14/2026 13:22:56 - INFO - qdiff.block_recon -   Total loss:	5905.140 (rec:332.563, round:5572.577)	b=20.00	count=4000
06/14/2026 13:23:10 - INFO - qdiff.block_recon -   Total loss:	3713.133 (rec:371.528, round:3341.605)	b=19.44	count=4500
06/14/2026 13:23:24 - INFO - qdiff.block_recon -   Total loss:	3433.718 (rec:395.082, round:3038.636)	b=18.88	count=5000
06/14/2026 13:23:38 - INFO - qdiff.block_recon -   Total loss:	3217.150 (rec:403.011, round:2814.139)	b=18.31	count=5500
06/14/2026 13:23:51 - INFO - qdiff.block_recon -   Total loss:	2999.908 (rec:378.977, round:2620.931)	b=17.75	count=6000
06/14/2026 13:24:05 - INFO - qdiff.block_recon -   Total loss:	2867.980 (rec:376.472, round:2491.508)	b=17.19	count=6500
06/14/2026 13:24:18 - INFO - qdiff.block_recon -   Total loss:	2715.147 (rec:417.475, round:2297.672)	b=16.62	count=7000
06/14/2026 13:24:32 - INFO - qdiff.block_recon -   Total loss:	2613.125 (rec:420.698, round:2192.427)	b=16.06	count=7500
06/14/2026 13:24:46 - INFO - qdiff.block_recon -   Total loss:	2385.201 (rec:357.964, round:2027.237)	b=15.50	count=8000
06/14/2026 13:24:59 - INFO - qdiff.block_recon -   Total loss:	2235.666 (rec:332.587, round:1903.079)	b=14.94	count=8500
06/14/2026 13:25:13 - INFO - qdiff.block_recon -   Total loss:	2130.656 (rec:348.352, round:1782.304)	b=14.38	count=9000
06/14/2026 13:25:27 - INFO - qdiff.block_recon -   Total loss:	2083.048 (rec:376.790, round:1706.258)	b=13.81	count=9500
06/14/2026 13:25:40 - INFO - qdiff.block_recon -   Total loss:	1946.793 (rec:379.526, round:1567.267)	b=13.25	count=10000
06/14/2026 13:25:54 - INFO - qdiff.block_recon -   Total loss:	1849.798 (rec:346.102, round:1503.696)	b=12.69	count=10500
06/14/2026 13:26:08 - INFO - qdiff.block_recon -   Total loss:	1713.287 (rec:340.067, round:1373.220)	b=12.12	count=11000
06/14/2026 13:26:21 - INFO - qdiff.block_recon -   Total loss:	1662.605 (rec:382.052, round:1280.553)	b=11.56	count=11500
06/14/2026 13:26:35 - INFO - qdiff.block_recon -   Total loss:	1570.774 (rec:347.829, round:1222.945)	b=11.00	count=12000
06/14/2026 13:26:49 - INFO - qdiff.block_recon -   Total loss:	1465.836 (rec:330.156, round:1135.680)	b=10.44	count=12500
06/14/2026 13:27:03 - INFO - qdiff.block_recon -   Total loss:	1438.886 (rec:380.691, round:1058.195)	b=9.88	count=13000
06/14/2026 13:27:16 - INFO - qdiff.block_recon -   Total loss:	1376.829 (rec:404.035, round:972.794)	b=9.31	count=13500
06/14/2026 13:27:30 - INFO - qdiff.block_recon -   Total loss:	1285.578 (rec:395.234, round:890.344)	b=8.75	count=14000
06/14/2026 13:27:44 - INFO - qdiff.block_recon -   Total loss:	1218.485 (rec:434.806, round:783.679)	b=8.19	count=14500
06/14/2026 13:27:57 - INFO - qdiff.block_recon -   Total loss:	1101.056 (rec:402.836, round:698.220)	b=7.62	count=15000
06/14/2026 13:28:11 - INFO - qdiff.block_recon -   Total loss:	1027.513 (rec:403.023, round:624.490)	b=7.06	count=15500
06/14/2026 13:28:25 - INFO - qdiff.block_recon -   Total loss:	972.797 (rec:393.690, round:579.107)	b=6.50	count=16000
06/14/2026 13:28:38 - INFO - qdiff.block_recon -   Total loss:	837.173 (rec:372.638, round:464.535)	b=5.94	count=16500
06/14/2026 13:28:52 - INFO - qdiff.block_recon -   Total loss:	770.506 (rec:387.808, round:382.698)	b=5.38	count=17000
06/14/2026 13:29:06 - INFO - qdiff.block_recon -   Total loss:	658.456 (rec:350.487, round:307.969)	b=4.81	count=17500
06/14/2026 13:29:19 - INFO - qdiff.block_recon -   Total loss:	723.796 (rec:466.858, round:256.938)	b=4.25	count=18000
06/14/2026 13:29:33 - INFO - qdiff.block_recon -   Total loss:	518.230 (rec:367.038, round:151.192)	b=3.69	count=18500
06/14/2026 13:29:47 - INFO - qdiff.block_recon -   Total loss:	465.929 (rec:385.538, round:80.391)	b=3.12	count=19000
06/14/2026 13:30:00 - INFO - qdiff.block_recon -   Total loss:	474.715 (rec:423.780, round:50.935)	b=2.56	count=19500
06/14/2026 13:30:14 - INFO - qdiff.block_recon -   Total loss:	366.892 (rec:366.892, round:0.000)	b=2.00	count=20000
06/14/2026 13:30:14 - INFO - __main__ -   1 True
06/14/2026 13:30:14 - INFO - __main__ -   Reconstruction for block 1
06/14/2026 13:30:50 - INFO - qdiff.utils -   in 1 shape: torch.Size([2000, 256, 32, 32]), in 2 shape: torch.Size([2000, 512])
06/14/2026 13:30:50 - INFO - qdiff.utils -   out shape: torch.Size([2000, 128, 32, 32])
06/14/2026 13:31:01 - INFO - qdiff.block_recon -   Total loss:	89.090 (rec:89.090, round:0.000)	b=0.00	count=500
06/14/2026 13:31:11 - INFO - qdiff.block_recon -   Total loss:	106.253 (rec:90.253, round:16.000)	b=0.00	count=1000
06/14/2026 13:31:22 - INFO - qdiff.block_recon -   Total loss:	111.553 (rec:98.553, round:13.000)	b=0.00	count=1500
06/14/2026 13:31:32 - INFO - qdiff.block_recon -   Total loss:	99.249 (rec:88.249, round:11.000)	b=0.00	count=2000
06/14/2026 13:31:42 - INFO - qdiff.block_recon -   Total loss:	88.739 (rec:88.739, round:0.000)	b=0.00	count=2500
06/14/2026 13:31:53 - INFO - qdiff.block_recon -   Total loss:	87.742 (rec:87.742, round:0.000)	b=0.00	count=3000
06/14/2026 13:32:03 - INFO - qdiff.block_recon -   Total loss:	105.542 (rec:85.542, round:20.000)	b=0.00	count=3500
06/14/2026 13:32:14 - INFO - qdiff.block_recon -   Total loss:	4236.213 (rec:88.361, round:4147.852)	b=20.00	count=4000
06/14/2026 13:32:25 - INFO - qdiff.block_recon -   Total loss:	2337.421 (rec:83.931, round:2253.490)	b=19.44	count=4500
06/14/2026 13:32:36 - INFO - qdiff.block_recon -   Total loss:	2085.689 (rec:81.251, round:2004.438)	b=18.88	count=5000
06/14/2026 13:32:48 - INFO - qdiff.block_recon -   Total loss:	1969.084 (rec:89.495, round:1879.589)	b=18.31	count=5500
06/14/2026 13:32:59 - INFO - qdiff.block_recon -   Total loss:	1799.191 (rec:90.086, round:1709.105)	b=17.75	count=6000
06/14/2026 13:33:10 - INFO - qdiff.block_recon -   Total loss:	1690.644 (rec:93.727, round:1596.917)	b=17.19	count=6500
06/14/2026 13:33:21 - INFO - qdiff.block_recon -   Total loss:	1576.349 (rec:90.266, round:1486.083)	b=16.62	count=7000
06/14/2026 13:33:33 - INFO - qdiff.block_recon -   Total loss:	1502.211 (rec:91.228, round:1410.983)	b=16.06	count=7500
06/14/2026 13:33:44 - INFO - qdiff.block_recon -   Total loss:	1409.068 (rec:92.269, round:1316.799)	b=15.50	count=8000
06/14/2026 13:33:55 - INFO - qdiff.block_recon -   Total loss:	1320.117 (rec:89.575, round:1230.542)	b=14.94	count=8500
06/14/2026 13:34:07 - INFO - qdiff.block_recon -   Total loss:	1212.035 (rec:86.660, round:1125.375)	b=14.38	count=9000
06/14/2026 13:34:18 - INFO - qdiff.block_recon -   Total loss:	1159.037 (rec:86.916, round:1072.121)	b=13.81	count=9500
06/14/2026 13:34:29 - INFO - qdiff.block_recon -   Total loss:	1093.334 (rec:86.368, round:1006.966)	b=13.25	count=10000
06/14/2026 13:34:41 - INFO - qdiff.block_recon -   Total loss:	988.377 (rec:81.766, round:906.611)	b=12.69	count=10500
06/14/2026 13:34:52 - INFO - qdiff.block_recon -   Total loss:	918.811 (rec:83.468, round:835.343)	b=12.12	count=11000
06/14/2026 13:35:03 - INFO - qdiff.block_recon -   Total loss:	855.570 (rec:86.224, round:769.346)	b=11.56	count=11500
06/14/2026 13:35:15 - INFO - qdiff.block_recon -   Total loss:	828.190 (rec:87.259, round:740.931)	b=11.00	count=12000
06/14/2026 13:35:26 - INFO - qdiff.block_recon -   Total loss:	742.316 (rec:88.364, round:653.952)	b=10.44	count=12500
06/14/2026 13:35:37 - INFO - qdiff.block_recon -   Total loss:	721.681 (rec:89.178, round:632.503)	b=9.88	count=13000
06/14/2026 13:35:48 - INFO - qdiff.block_recon -   Total loss:	658.531 (rec:87.456, round:571.075)	b=9.31	count=13500
06/14/2026 13:36:00 - INFO - qdiff.block_recon -   Total loss:	580.123 (rec:89.432, round:490.691)	b=8.75	count=14000
06/14/2026 13:36:11 - INFO - qdiff.block_recon -   Total loss:	558.533 (rec:90.354, round:468.179)	b=8.19	count=14500
06/14/2026 13:36:22 - INFO - qdiff.block_recon -   Total loss:	481.009 (rec:92.419, round:388.590)	b=7.62	count=15000
06/14/2026 13:36:34 - INFO - qdiff.block_recon -   Total loss:	452.653 (rec:87.686, round:364.967)	b=7.06	count=15500
06/14/2026 13:36:45 - INFO - qdiff.block_recon -   Total loss:	395.478 (rec:87.879, round:307.599)	b=6.50	count=16000
06/14/2026 13:36:56 - INFO - qdiff.block_recon -   Total loss:	343.821 (rec:81.783, round:262.038)	b=5.94	count=16500
06/14/2026 13:37:08 - INFO - qdiff.block_recon -   Total loss:	303.051 (rec:95.250, round:207.801)	b=5.38	count=17000
06/14/2026 13:37:19 - INFO - qdiff.block_recon -   Total loss:	259.644 (rec:98.902, round:160.742)	b=4.81	count=17500
06/14/2026 13:37:30 - INFO - qdiff.block_recon -   Total loss:	185.213 (rec:95.225, round:89.988)	b=4.25	count=18000
06/14/2026 13:37:42 - INFO - qdiff.block_recon -   Total loss:	167.067 (rec:87.749, round:79.318)	b=3.69	count=18500
06/14/2026 13:37:53 - INFO - qdiff.block_recon -   Total loss:	92.314 (rec:78.892, round:13.422)	b=3.12	count=19000
06/14/2026 13:38:04 - INFO - qdiff.block_recon -   Total loss:	104.575 (rec:83.823, round:20.752)	b=2.56	count=19500
06/14/2026 13:38:15 - INFO - qdiff.block_recon -   Total loss:	88.129 (rec:88.129, round:0.000)	b=2.00	count=20000
06/14/2026 13:38:16 - INFO - __main__ -   2 True
06/14/2026 13:38:16 - INFO - __main__ -   Reconstruction for block 2
06/14/2026 13:38:53 - INFO - qdiff.utils -   in 1 shape: torch.Size([2000, 256, 32, 32]), in 2 shape: torch.Size([2000, 512])
06/14/2026 13:38:53 - INFO - qdiff.utils -   out shape: torch.Size([2000, 128, 32, 32])
06/14/2026 13:39:03 - INFO - qdiff.block_recon -   Total loss:	214.676 (rec:194.676, round:20.000)	b=0.00	count=500
06/14/2026 13:39:14 - INFO - qdiff.block_recon -   Total loss:	191.403 (rec:191.403, round:0.000)	b=0.00	count=1000
06/14/2026 13:39:24 - INFO - qdiff.block_recon -   Total loss:	188.724 (rec:188.724, round:0.000)	b=0.00	count=1500
06/14/2026 13:39:35 - INFO - qdiff.block_recon -   Total loss:	176.055 (rec:176.055, round:0.000)	b=0.00	count=2000
06/14/2026 13:39:45 - INFO - qdiff.block_recon -   Total loss:	192.271 (rec:192.271, round:0.000)	b=0.00	count=2500
06/14/2026 13:39:55 - INFO - qdiff.block_recon -   Total loss:	202.232 (rec:202.232, round:0.000)	b=0.00	count=3000
06/14/2026 13:40:06 - INFO - qdiff.block_recon -   Total loss:	194.325 (rec:184.325, round:10.000)	b=0.00	count=3500
06/14/2026 13:40:16 - INFO - qdiff.block_recon -   Total loss:	4443.508 (rec:173.896, round:4269.612)	b=20.00	count=4000
06/14/2026 13:40:28 - INFO - qdiff.block_recon -   Total loss:	2697.417 (rec:195.507, round:2501.910)	b=19.44	count=4500
06/14/2026 13:40:39 - INFO - qdiff.block_recon -   Total loss:	2423.303 (rec:176.578, round:2246.725)	b=18.88	count=5000
06/14/2026 13:40:50 - INFO - qdiff.block_recon -   Total loss:	2265.634 (rec:186.120, round:2079.514)	b=18.31	count=5500
06/14/2026 13:41:02 - INFO - qdiff.block_recon -   Total loss:	2161.024 (rec:181.846, round:1979.178)	b=17.75	count=6000
06/14/2026 13:41:13 - INFO - qdiff.block_recon -   Total loss:	2037.888 (rec:184.300, round:1853.588)	b=17.19	count=6500
06/14/2026 13:41:24 - INFO - qdiff.block_recon -   Total loss:	1912.677 (rec:192.975, round:1719.702)	b=16.62	count=7000
06/14/2026 13:41:36 - INFO - qdiff.block_recon -   Total loss:	1820.332 (rec:172.124, round:1648.208)	b=16.06	count=7500
06/14/2026 13:41:47 - INFO - qdiff.block_recon -   Total loss:	1728.223 (rec:173.754, round:1554.469)	b=15.50	count=8000
06/14/2026 13:41:58 - INFO - qdiff.block_recon -   Total loss:	1650.337 (rec:182.369, round:1467.968)	b=14.94	count=8500
06/14/2026 13:42:10 - INFO - qdiff.block_recon -   Total loss:	1568.419 (rec:188.622, round:1379.797)	b=14.38	count=9000
06/14/2026 13:42:21 - INFO - qdiff.block_recon -   Total loss:	1484.255 (rec:178.413, round:1305.842)	b=13.81	count=9500
06/14/2026 13:42:32 - INFO - qdiff.block_recon -   Total loss:	1409.234 (rec:177.381, round:1231.853)	b=13.25	count=10000
06/14/2026 13:42:44 - INFO - qdiff.block_recon -   Total loss:	1329.569 (rec:176.371, round:1153.198)	b=12.69	count=10500
06/14/2026 13:42:55 - INFO - qdiff.block_recon -   Total loss:	1269.780 (rec:186.680, round:1083.100)	b=12.12	count=11000
06/14/2026 13:43:06 - INFO - qdiff.block_recon -   Total loss:	1188.043 (rec:202.725, round:985.318)	b=11.56	count=11500
06/14/2026 13:43:18 - INFO - qdiff.block_recon -   Total loss:	1144.328 (rec:187.161, round:957.167)	b=11.00	count=12000
06/14/2026 13:43:29 - INFO - qdiff.block_recon -   Total loss:	1035.815 (rec:176.101, round:859.714)	b=10.44	count=12500
06/14/2026 13:43:41 - INFO - qdiff.block_recon -   Total loss:	1009.846 (rec:186.871, round:822.975)	b=9.88	count=13000
06/14/2026 13:43:52 - INFO - qdiff.block_recon -   Total loss:	958.203 (rec:189.558, round:768.645)	b=9.31	count=13500
06/14/2026 13:44:03 - INFO - qdiff.block_recon -   Total loss:	866.601 (rec:166.547, round:700.054)	b=8.75	count=14000
06/14/2026 13:44:15 - INFO - qdiff.block_recon -   Total loss:	812.153 (rec:169.167, round:642.986)	b=8.19	count=14500
06/14/2026 13:44:26 - INFO - qdiff.block_recon -   Total loss:	743.322 (rec:169.680, round:573.642)	b=7.62	count=15000
06/14/2026 13:44:37 - INFO - qdiff.block_recon -   Total loss:	680.111 (rec:165.025, round:515.086)	b=7.06	count=15500
06/14/2026 13:44:49 - INFO - qdiff.block_recon -   Total loss:	637.125 (rec:189.674, round:447.451)	b=6.50	count=16000
06/14/2026 13:45:00 - INFO - qdiff.block_recon -   Total loss:	573.089 (rec:178.713, round:394.376)	b=5.94	count=16500
06/14/2026 13:45:11 - INFO - qdiff.block_recon -   Total loss:	472.477 (rec:173.571, round:298.906)	b=5.38	count=17000
06/14/2026 13:45:23 - INFO - qdiff.block_recon -   Total loss:	440.277 (rec:180.017, round:260.260)	b=4.81	count=17500
06/14/2026 13:45:34 - INFO - qdiff.block_recon -   Total loss:	362.968 (rec:191.168, round:171.800)	b=4.25	count=18000
06/14/2026 13:45:45 - INFO - qdiff.block_recon -   Total loss:	320.172 (rec:204.557, round:115.615)	b=3.69	count=18500
06/14/2026 13:45:57 - INFO - qdiff.block_recon -   Total loss:	272.809 (rec:184.603, round:88.206)	b=3.12	count=19000
06/14/2026 13:46:08 - INFO - qdiff.block_recon -   Total loss:	198.395 (rec:181.897, round:16.498)	b=2.56	count=19500
06/14/2026 13:46:19 - INFO - qdiff.block_recon -   Total loss:	182.633 (rec:182.633, round:0.000)	b=2.00	count=20000
06/14/2026 13:46:19 - INFO - __main__ -   attn False
06/14/2026 13:46:19 - INFO - __main__ -   1 False
06/14/2026 13:46:19 - INFO - __main__ -   block False
06/14/2026 13:46:19 - INFO - __main__ -   0 True
06/14/2026 13:46:19 - INFO - __main__ -   Reconstruction for block 0
06/14/2026 13:46:48 - INFO - qdiff.utils -   in 1 shape: torch.Size([2000, 512, 16, 16]), in 2 shape: torch.Size([2000, 512])
06/14/2026 13:46:48 - INFO - qdiff.utils -   out shape: torch.Size([2000, 256, 16, 16])
06/14/2026 13:46:55 - INFO - qdiff.block_recon -   Total loss:	441.839 (rec:421.839, round:20.000)	b=0.00	count=500
06/14/2026 13:47:02 - INFO - qdiff.block_recon -   Total loss:	451.905 (rec:436.905, round:15.000)	b=0.00	count=1000
06/14/2026 13:47:09 - INFO - qdiff.block_recon -   Total loss:	411.889 (rec:411.889, round:0.000)	b=0.00	count=1500
06/14/2026 13:47:16 - INFO - qdiff.block_recon -   Total loss:	445.262 (rec:445.262, round:0.000)	b=0.00	count=2000
06/14/2026 13:47:23 - INFO - qdiff.block_recon -   Total loss:	436.520 (rec:416.520, round:20.000)	b=0.00	count=2500
06/14/2026 13:47:30 - INFO - qdiff.block_recon -   Total loss:	423.136 (rec:408.136, round:15.000)	b=0.00	count=3000
06/14/2026 13:47:37 - INFO - qdiff.block_recon -   Total loss:	384.797 (rec:384.797, round:0.000)	b=0.00	count=3500
06/14/2026 13:47:44 - INFO - qdiff.block_recon -   Total loss:	16758.544 (rec:402.674, round:16355.870)	b=20.00	count=4000
06/14/2026 13:47:52 - INFO - qdiff.block_recon -   Total loss:	9908.142 (rec:426.419, round:9481.723)	b=19.44	count=4500
06/14/2026 13:48:01 - INFO - qdiff.block_recon -   Total loss:	9084.637 (rec:452.684, round:8631.953)	b=18.88	count=5000
06/14/2026 13:48:09 - INFO - qdiff.block_recon -   Total loss:	8456.132 (rec:438.698, round:8017.434)	b=18.31	count=5500
06/14/2026 13:48:17 - INFO - qdiff.block_recon -   Total loss:	7880.072 (rec:437.399, round:7442.673)	b=17.75	count=6000
06/14/2026 13:48:25 - INFO - qdiff.block_recon -   Total loss:	7362.629 (rec:408.453, round:6954.176)	b=17.19	count=6500
06/14/2026 13:48:34 - INFO - qdiff.block_recon -   Total loss:	6969.751 (rec:442.898, round:6526.853)	b=16.62	count=7000
06/14/2026 13:48:42 - INFO - qdiff.block_recon -   Total loss:	6473.102 (rec:401.244, round:6071.858)	b=16.06	count=7500
06/14/2026 13:48:50 - INFO - qdiff.block_recon -   Total loss:	6115.914 (rec:407.063, round:5708.851)	b=15.50	count=8000
06/14/2026 13:48:58 - INFO - qdiff.block_recon -   Total loss:	5691.427 (rec:385.104, round:5306.323)	b=14.94	count=8500
06/14/2026 13:49:06 - INFO - qdiff.block_recon -   Total loss:	5427.963 (rec:437.702, round:4990.261)	b=14.38	count=9000
06/14/2026 13:49:15 - INFO - qdiff.block_recon -   Total loss:	5056.040 (rec:435.987, round:4620.053)	b=13.81	count=9500
06/14/2026 13:49:23 - INFO - qdiff.block_recon -   Total loss:	4734.867 (rec:428.376, round:4306.491)	b=13.25	count=10000
06/14/2026 13:49:31 - INFO - qdiff.block_recon -   Total loss:	4418.756 (rec:395.493, round:4023.263)	b=12.69	count=10500
06/14/2026 13:49:39 - INFO - qdiff.block_recon -   Total loss:	4152.374 (rec:420.482, round:3731.892)	b=12.12	count=11000
06/14/2026 13:49:48 - INFO - qdiff.block_recon -   Total loss:	3869.607 (rec:419.703, round:3449.904)	b=11.56	count=11500
06/14/2026 13:49:56 - INFO - qdiff.block_recon -   Total loss:	3583.746 (rec:391.524, round:3192.222)	b=11.00	count=12000
06/14/2026 13:50:04 - INFO - qdiff.block_recon -   Total loss:	3335.777 (rec:409.649, round:2926.128)	b=10.44	count=12500
06/14/2026 13:50:12 - INFO - qdiff.block_recon -   Total loss:	3042.393 (rec:391.710, round:2650.683)	b=9.88	count=13000
06/14/2026 13:50:21 - INFO - qdiff.block_recon -   Total loss:	2775.362 (rec:373.279, round:2402.083)	b=9.31	count=13500
06/14/2026 13:50:29 - INFO - qdiff.block_recon -   Total loss:	2587.149 (rec:413.862, round:2173.287)	b=8.75	count=14000
06/14/2026 13:50:37 - INFO - qdiff.block_recon -   Total loss:	2376.082 (rec:425.681, round:1950.401)	b=8.19	count=14500
06/14/2026 13:50:45 - INFO - qdiff.block_recon -   Total loss:	2101.773 (rec:376.205, round:1725.568)	b=7.62	count=15000
06/14/2026 13:50:54 - INFO - qdiff.block_recon -   Total loss:	1905.175 (rec:406.885, round:1498.290)	b=7.06	count=15500
06/14/2026 13:51:02 - INFO - qdiff.block_recon -   Total loss:	1725.443 (rec:412.846, round:1312.597)	b=6.50	count=16000
06/14/2026 13:51:10 - INFO - qdiff.block_recon -   Total loss:	1512.242 (rec:443.596, round:1068.646)	b=5.94	count=16500
06/14/2026 13:51:18 - INFO - qdiff.block_recon -   Total loss:	1290.393 (rec:431.836, round:858.557)	b=5.38	count=17000
06/14/2026 13:51:26 - INFO - qdiff.block_recon -   Total loss:	1086.879 (rec:398.935, round:687.944)	b=4.81	count=17500
06/14/2026 13:51:35 - INFO - qdiff.block_recon -   Total loss:	902.345 (rec:401.588, round:500.757)	b=4.25	count=18000
06/14/2026 13:51:43 - INFO - qdiff.block_recon -   Total loss:	752.314 (rec:426.008, round:326.306)	b=3.69	count=18500
06/14/2026 13:51:51 - INFO - qdiff.block_recon -   Total loss:	571.962 (rec:433.711, round:138.251)	b=3.12	count=19000
06/14/2026 13:51:59 - INFO - qdiff.block_recon -   Total loss:	467.416 (rec:409.446, round:57.970)	b=2.56	count=19500
06/14/2026 13:52:07 - INFO - qdiff.block_recon -   Total loss:	394.306 (rec:394.306, round:0.000)	b=2.00	count=20000
06/14/2026 13:52:07 - INFO - __main__ -   1 True
06/14/2026 13:52:07 - INFO - __main__ -   Reconstruction for block 1
06/14/2026 13:52:38 - INFO - qdiff.utils -   in 1 shape: torch.Size([2000, 512, 16, 16]), in 2 shape: torch.Size([2000, 512])
06/14/2026 13:52:38 - INFO - qdiff.utils -   out shape: torch.Size([2000, 256, 16, 16])
06/14/2026 13:52:45 - INFO - qdiff.block_recon -   Total loss:	297.095 (rec:280.095, round:17.000)	b=0.00	count=500
06/14/2026 13:52:52 - INFO - qdiff.block_recon -   Total loss:	323.495 (rec:303.495, round:20.000)	b=0.00	count=1000
06/14/2026 13:52:59 - INFO - qdiff.block_recon -   Total loss:	313.521 (rec:313.521, round:0.000)	b=0.00	count=1500
06/14/2026 13:53:06 - INFO - qdiff.block_recon -   Total loss:	279.855 (rec:267.855, round:12.000)	b=0.00	count=2000
06/14/2026 13:53:13 - INFO - qdiff.block_recon -   Total loss:	293.266 (rec:293.266, round:0.000)	b=0.00	count=2500
06/14/2026 13:53:20 - INFO - qdiff.block_recon -   Total loss:	304.981 (rec:304.981, round:0.000)	b=0.00	count=3000
06/14/2026 13:53:27 - INFO - qdiff.block_recon -   Total loss:	222.057 (rec:222.057, round:0.000)	b=0.00	count=3500
06/14/2026 13:53:34 - INFO - qdiff.block_recon -   Total loss:	16688.792 (rec:282.905, round:16405.887)	b=20.00	count=4000
06/14/2026 13:53:42 - INFO - qdiff.block_recon -   Total loss:	9639.402 (rec:280.926, round:9358.476)	b=19.44	count=4500
06/14/2026 13:53:51 - INFO - qdiff.block_recon -   Total loss:	8823.615 (rec:306.524, round:8517.091)	b=18.88	count=5000
06/14/2026 13:53:59 - INFO - qdiff.block_recon -   Total loss:	8164.503 (rec:275.596, round:7888.907)	b=18.31	count=5500
06/14/2026 13:54:07 - INFO - qdiff.block_recon -   Total loss:	7625.940 (rec:278.291, round:7347.649)	b=17.75	count=6000
06/14/2026 13:54:15 - INFO - qdiff.block_recon -   Total loss:	7088.206 (rec:235.342, round:6852.864)	b=17.19	count=6500
06/14/2026 13:54:23 - INFO - qdiff.block_recon -   Total loss:	6673.571 (rec:309.275, round:6364.296)	b=16.62	count=7000
06/14/2026 13:54:32 - INFO - qdiff.block_recon -   Total loss:	6206.295 (rec:268.857, round:5937.438)	b=16.06	count=7500
06/14/2026 13:54:40 - INFO - qdiff.block_recon -   Total loss:	5823.173 (rec:287.172, round:5536.001)	b=15.50	count=8000
06/14/2026 13:54:48 - INFO - qdiff.block_recon -   Total loss:	5427.369 (rec:241.702, round:5185.667)	b=14.94	count=8500
06/14/2026 13:54:56 - INFO - qdiff.block_recon -   Total loss:	5078.109 (rec:279.912, round:4798.197)	b=14.38	count=9000
06/14/2026 13:55:04 - INFO - qdiff.block_recon -   Total loss:	4780.624 (rec:312.465, round:4468.159)	b=13.81	count=9500
06/14/2026 13:55:13 - INFO - qdiff.block_recon -   Total loss:	4415.306 (rec:248.486, round:4166.820)	b=13.25	count=10000
06/14/2026 13:55:21 - INFO - qdiff.block_recon -   Total loss:	4099.195 (rec:265.268, round:3833.927)	b=12.69	count=10500
06/14/2026 13:55:29 - INFO - qdiff.block_recon -   Total loss:	3870.750 (rec:287.047, round:3583.703)	b=12.12	count=11000
06/14/2026 13:55:37 - INFO - qdiff.block_recon -   Total loss:	3514.370 (rec:242.524, round:3271.846)	b=11.56	count=11500
06/14/2026 13:55:45 - INFO - qdiff.block_recon -   Total loss:	3344.606 (rec:300.222, round:3044.384)	b=11.00	count=12000
06/14/2026 13:55:54 - INFO - qdiff.block_recon -   Total loss:	3058.999 (rec:266.219, round:2792.780)	b=10.44	count=12500
06/14/2026 13:56:02 - INFO - qdiff.block_recon -   Total loss:	2812.571 (rec:303.575, round:2508.996)	b=9.88	count=13000
06/14/2026 13:56:10 - INFO - qdiff.block_recon -   Total loss:	2610.694 (rec:302.250, round:2308.444)	b=9.31	count=13500
06/14/2026 13:56:18 - INFO - qdiff.block_recon -   Total loss:	2396.538 (rec:324.777, round:2071.761)	b=8.75	count=14000
06/14/2026 13:56:26 - INFO - qdiff.block_recon -   Total loss:	2113.852 (rec:290.806, round:1823.046)	b=8.19	count=14500
06/14/2026 13:56:35 - INFO - qdiff.block_recon -   Total loss:	1883.815 (rec:256.767, round:1627.048)	b=7.62	count=15000
06/14/2026 13:56:43 - INFO - qdiff.block_recon -   Total loss:	1700.222 (rec:280.788, round:1419.434)	b=7.06	count=15500
06/14/2026 13:56:51 - INFO - qdiff.block_recon -   Total loss:	1458.138 (rec:279.914, round:1178.224)	b=6.50	count=16000
06/14/2026 13:56:59 - INFO - qdiff.block_recon -   Total loss:	1267.690 (rec:292.225, round:975.465)	b=5.94	count=16500
06/14/2026 13:57:07 - INFO - qdiff.block_recon -   Total loss:	1087.930 (rec:278.604, round:809.326)	b=5.38	count=17000
06/14/2026 13:57:16 - INFO - qdiff.block_recon -   Total loss:	910.591 (rec:291.176, round:619.415)	b=4.81	count=17500
06/14/2026 13:57:24 - INFO - qdiff.block_recon -   Total loss:	724.496 (rec:287.135, round:437.361)	b=4.25	count=18000
06/14/2026 13:57:32 - INFO - qdiff.block_recon -   Total loss:	592.918 (rec:348.191, round:244.727)	b=3.69	count=18500
06/14/2026 13:57:40 - INFO - qdiff.block_recon -   Total loss:	414.356 (rec:304.432, round:109.924)	b=3.12	count=19000
06/14/2026 13:57:48 - INFO - qdiff.block_recon -   Total loss:	289.506 (rec:272.393, round:17.113)	b=2.56	count=19500
06/14/2026 13:57:56 - INFO - qdiff.block_recon -   Total loss:	275.788 (rec:258.008, round:17.780)	b=2.00	count=20000
06/14/2026 13:57:56 - INFO - __main__ -   2 True
06/14/2026 13:57:56 - INFO - __main__ -   Reconstruction for block 2
06/14/2026 13:58:28 - INFO - qdiff.utils -   in 1 shape: torch.Size([2000, 384, 16, 16]), in 2 shape: torch.Size([2000, 512])
06/14/2026 13:58:28 - INFO - qdiff.utils -   out shape: torch.Size([2000, 256, 16, 16])
06/14/2026 13:58:35 - INFO - qdiff.block_recon -   Total loss:	202.667 (rec:202.667, round:0.000)	b=0.00	count=500
06/14/2026 13:58:41 - INFO - qdiff.block_recon -   Total loss:	173.518 (rec:173.518, round:0.000)	b=0.00	count=1000
06/14/2026 13:58:48 - INFO - qdiff.block_recon -   Total loss:	200.769 (rec:186.769, round:14.000)	b=0.00	count=1500
06/14/2026 13:58:54 - INFO - qdiff.block_recon -   Total loss:	201.545 (rec:182.545, round:19.000)	b=0.00	count=2000
06/14/2026 13:59:00 - INFO - qdiff.block_recon -   Total loss:	156.565 (rec:156.565, round:0.000)	b=0.00	count=2500
06/14/2026 13:59:07 - INFO - qdiff.block_recon -   Total loss:	211.857 (rec:196.857, round:15.000)	b=0.00	count=3000
06/14/2026 13:59:13 - INFO - qdiff.block_recon -   Total loss:	173.535 (rec:173.535, round:0.000)	b=0.00	count=3500
06/14/2026 13:59:20 - INFO - qdiff.block_recon -   Total loss:	14054.897 (rec:162.116, round:13892.781)	b=20.00	count=4000
06/14/2026 13:59:27 - INFO - qdiff.block_recon -   Total loss:	7944.818 (rec:166.083, round:7778.735)	b=19.44	count=4500
06/14/2026 13:59:35 - INFO - qdiff.block_recon -   Total loss:	7213.606 (rec:186.851, round:7026.755)	b=18.88	count=5000
06/14/2026 13:59:43 - INFO - qdiff.block_recon -   Total loss:	6690.368 (rec:170.076, round:6520.292)	b=18.31	count=5500
06/14/2026 13:59:51 - INFO - qdiff.block_recon -   Total loss:	6237.401 (rec:180.526, round:6056.875)	b=17.75	count=6000
06/14/2026 13:59:59 - INFO - qdiff.block_recon -   Total loss:	5765.057 (rec:164.878, round:5600.179)	b=17.19	count=6500
06/14/2026 14:00:06 - INFO - qdiff.block_recon -   Total loss:	5422.025 (rec:183.388, round:5238.637)	b=16.62	count=7000
06/14/2026 14:00:14 - INFO - qdiff.block_recon -   Total loss:	5028.248 (rec:184.324, round:4843.924)	b=16.06	count=7500
06/14/2026 14:00:22 - INFO - qdiff.block_recon -   Total loss:	4708.351 (rec:181.810, round:4526.541)	b=15.50	count=8000
06/14/2026 14:00:30 - INFO - qdiff.block_recon -   Total loss:	4375.092 (rec:163.067, round:4212.025)	b=14.94	count=8500
06/14/2026 14:00:37 - INFO - qdiff.block_recon -   Total loss:	4050.179 (rec:174.927, round:3875.252)	b=14.38	count=9000
06/14/2026 14:00:45 - INFO - qdiff.block_recon -   Total loss:	3789.029 (rec:172.337, round:3616.692)	b=13.81	count=9500
06/14/2026 14:00:53 - INFO - qdiff.block_recon -   Total loss:	3509.818 (rec:161.266, round:3348.552)	b=13.25	count=10000
06/14/2026 14:01:00 - INFO - qdiff.block_recon -   Total loss:	3251.675 (rec:156.319, round:3095.356)	b=12.69	count=10500
06/14/2026 14:01:08 - INFO - qdiff.block_recon -   Total loss:	2993.890 (rec:168.886, round:2825.004)	b=12.12	count=11000
06/14/2026 14:01:16 - INFO - qdiff.block_recon -   Total loss:	2767.808 (rec:174.897, round:2592.911)	b=11.56	count=11500
06/14/2026 14:01:23 - INFO - qdiff.block_recon -   Total loss:	2533.724 (rec:162.930, round:2370.794)	b=11.00	count=12000
06/14/2026 14:01:31 - INFO - qdiff.block_recon -   Total loss:	2381.752 (rec:182.476, round:2199.276)	b=10.44	count=12500
06/14/2026 14:01:39 - INFO - qdiff.block_recon -   Total loss:	2163.404 (rec:167.721, round:1995.683)	b=9.88	count=13000
06/14/2026 14:01:46 - INFO - qdiff.block_recon -   Total loss:	1983.540 (rec:173.871, round:1809.669)	b=9.31	count=13500
06/14/2026 14:01:54 - INFO - qdiff.block_recon -   Total loss:	1813.613 (rec:189.759, round:1623.854)	b=8.75	count=14000
06/14/2026 14:02:02 - INFO - qdiff.block_recon -   Total loss:	1568.530 (rec:160.854, round:1407.676)	b=8.19	count=14500
06/14/2026 14:02:09 - INFO - qdiff.block_recon -   Total loss:	1438.983 (rec:196.751, round:1242.232)	b=7.62	count=15000
06/14/2026 14:02:17 - INFO - qdiff.block_recon -   Total loss:	1277.186 (rec:175.314, round:1101.872)	b=7.06	count=15500
06/14/2026 14:02:25 - INFO - qdiff.block_recon -   Total loss:	1121.364 (rec:184.970, round:936.394)	b=6.50	count=16000
06/14/2026 14:02:32 - INFO - qdiff.block_recon -   Total loss:	916.315 (rec:168.423, round:747.892)	b=5.94	count=16500
06/14/2026 14:02:40 - INFO - qdiff.block_recon -   Total loss:	795.269 (rec:171.087, round:624.182)	b=5.38	count=17000
06/14/2026 14:02:48 - INFO - qdiff.block_recon -   Total loss:	595.438 (rec:156.082, round:439.356)	b=4.81	count=17500
06/14/2026 14:02:55 - INFO - qdiff.block_recon -   Total loss:	500.562 (rec:191.635, round:308.927)	b=4.25	count=18000
06/14/2026 14:03:03 - INFO - qdiff.block_recon -   Total loss:	377.879 (rec:173.582, round:204.297)	b=3.69	count=18500
06/14/2026 14:03:11 - INFO - qdiff.block_recon -   Total loss:	282.182 (rec:176.001, round:106.181)	b=3.12	count=19000
06/14/2026 14:03:18 - INFO - qdiff.block_recon -   Total loss:	203.324 (rec:191.581, round:11.743)	b=2.56	count=19500
06/14/2026 14:03:26 - INFO - qdiff.block_recon -   Total loss:	214.240 (rec:196.557, round:17.683)	b=2.00	count=20000
06/14/2026 14:03:26 - INFO - __main__ -   attn False
06/14/2026 14:03:26 - INFO - __main__ -   0 True
06/14/2026 14:03:26 - INFO - __main__ -   Reconstruction for block 0
06/14/2026 14:03:55 - INFO - qdiff.utils -   in shape: torch.Size([2000, 256, 16, 16])
06/14/2026 14:03:55 - INFO - qdiff.utils -   out shape: torch.Size([2000, 256, 16, 16])
06/14/2026 14:04:00 - INFO - qdiff.block_recon -   Total loss:	29.395 (rec:17.395, round:12.000)	b=0.00	count=500
06/14/2026 14:04:05 - INFO - qdiff.block_recon -   Total loss:	38.124 (rec:19.124, round:19.000)	b=0.00	count=1000
06/14/2026 14:04:10 - INFO - qdiff.block_recon -   Total loss:	40.501 (rec:21.501, round:19.000)	b=0.00	count=1500
06/14/2026 14:04:15 - INFO - qdiff.block_recon -   Total loss:	38.828 (rec:20.828, round:18.000)	b=0.00	count=2000
06/14/2026 14:04:20 - INFO - qdiff.block_recon -   Total loss:	40.021 (rec:21.021, round:19.000)	b=0.00	count=2500
06/14/2026 14:04:25 - INFO - qdiff.block_recon -   Total loss:	18.727 (rec:18.727, round:0.000)	b=0.00	count=3000
06/14/2026 14:04:31 - INFO - qdiff.block_recon -   Total loss:	32.426 (rec:17.426, round:15.000)	b=0.00	count=3500
06/14/2026 14:04:36 - INFO - qdiff.block_recon -   Total loss:	2182.823 (rec:17.981, round:2164.842)	b=20.00	count=4000
06/14/2026 14:04:42 - INFO - qdiff.block_recon -   Total loss:	1275.680 (rec:13.949, round:1261.731)	b=19.44	count=4500
06/14/2026 14:04:48 - INFO - qdiff.block_recon -   Total loss:	1136.903 (rec:20.406, round:1116.497)	b=18.88	count=5000
06/14/2026 14:04:55 - INFO - qdiff.block_recon -   Total loss:	1093.041 (rec:18.177, round:1074.864)	b=18.31	count=5500
06/14/2026 14:05:01 - INFO - qdiff.block_recon -   Total loss:	984.634 (rec:13.851, round:970.783)	b=17.75	count=6000
06/14/2026 14:05:07 - INFO - qdiff.block_recon -   Total loss:	947.297 (rec:18.132, round:929.165)	b=17.19	count=6500
06/14/2026 14:05:14 - INFO - qdiff.block_recon -   Total loss:	888.102 (rec:17.671, round:870.431)	b=16.62	count=7000
06/14/2026 14:05:20 - INFO - qdiff.block_recon -   Total loss:	803.301 (rec:15.598, round:787.703)	b=16.06	count=7500
06/14/2026 14:05:26 - INFO - qdiff.block_recon -   Total loss:	753.008 (rec:17.054, round:735.954)	b=15.50	count=8000
06/14/2026 14:05:32 - INFO - qdiff.block_recon -   Total loss:	699.647 (rec:19.070, round:680.577)	b=14.94	count=8500
06/14/2026 14:05:39 - INFO - qdiff.block_recon -   Total loss:	680.009 (rec:18.708, round:661.301)	b=14.38	count=9000
06/14/2026 14:05:45 - INFO - qdiff.block_recon -   Total loss:	601.738 (rec:19.836, round:581.902)	b=13.81	count=9500
06/14/2026 14:05:51 - INFO - qdiff.block_recon -   Total loss:	552.598 (rec:15.312, round:537.286)	b=13.25	count=10000
06/14/2026 14:05:58 - INFO - qdiff.block_recon -   Total loss:	542.716 (rec:15.330, round:527.386)	b=12.69	count=10500
06/14/2026 14:06:04 - INFO - qdiff.block_recon -   Total loss:	479.978 (rec:19.003, round:460.975)	b=12.12	count=11000
06/14/2026 14:06:10 - INFO - qdiff.block_recon -   Total loss:	431.761 (rec:17.409, round:414.352)	b=11.56	count=11500
06/14/2026 14:06:17 - INFO - qdiff.block_recon -   Total loss:	431.278 (rec:17.718, round:413.560)	b=11.00	count=12000
06/14/2026 14:06:23 - INFO - qdiff.block_recon -   Total loss:	396.916 (rec:16.830, round:380.086)	b=10.44	count=12500
06/14/2026 14:06:29 - INFO - qdiff.block_recon -   Total loss:	361.835 (rec:17.007, round:344.828)	b=9.88	count=13000
06/14/2026 14:06:36 - INFO - qdiff.block_recon -   Total loss:	294.894 (rec:16.790, round:278.104)	b=9.31	count=13500
06/14/2026 14:06:42 - INFO - qdiff.block_recon -   Total loss:	297.733 (rec:18.470, round:279.263)	b=8.75	count=14000
06/14/2026 14:06:48 - INFO - qdiff.block_recon -   Total loss:	266.845 (rec:17.147, round:249.698)	b=8.19	count=14500
06/14/2026 14:06:55 - INFO - qdiff.block_recon -   Total loss:	242.793 (rec:21.701, round:221.092)	b=7.62	count=15000
06/14/2026 14:07:01 - INFO - qdiff.block_recon -   Total loss:	209.394 (rec:17.800, round:191.594)	b=7.06	count=15500
06/14/2026 14:07:07 - INFO - qdiff.block_recon -   Total loss:	150.513 (rec:18.787, round:131.726)	b=6.50	count=16000
06/14/2026 14:07:14 - INFO - qdiff.block_recon -   Total loss:	148.519 (rec:16.873, round:131.646)	b=5.94	count=16500
06/14/2026 14:07:20 - INFO - qdiff.block_recon -   Total loss:	122.050 (rec:17.123, round:104.927)	b=5.38	count=17000
06/14/2026 14:07:26 - INFO - qdiff.block_recon -   Total loss:	70.431 (rec:16.779, round:53.652)	b=4.81	count=17500
06/14/2026 14:07:33 - INFO - qdiff.block_recon -   Total loss:	81.920 (rec:19.650, round:62.270)	b=4.25	count=18000
06/14/2026 14:07:39 - INFO - qdiff.block_recon -   Total loss:	58.519 (rec:16.547, round:41.972)	b=3.69	count=18500
06/14/2026 14:07:45 - INFO - qdiff.block_recon -   Total loss:	44.755 (rec:17.357, round:27.398)	b=3.12	count=19000
06/14/2026 14:07:52 - INFO - qdiff.block_recon -   Total loss:	18.019 (rec:18.019, round:0.000)	b=2.56	count=19500
06/14/2026 14:07:58 - INFO - qdiff.block_recon -   Total loss:	37.114 (rec:18.034, round:19.080)	b=2.00	count=20000
06/14/2026 14:07:58 - INFO - __main__ -   1 True
06/14/2026 14:07:58 - INFO - __main__ -   Reconstruction for block 1
06/14/2026 14:08:29 - INFO - qdiff.utils -   in shape: torch.Size([2000, 256, 16, 16])
06/14/2026 14:08:29 - INFO - qdiff.utils -   out shape: torch.Size([2000, 256, 16, 16])
06/14/2026 14:08:34 - INFO - qdiff.block_recon -   Total loss:	36.977 (rec:20.977, round:16.000)	b=0.00	count=500
06/14/2026 14:08:39 - INFO - qdiff.block_recon -   Total loss:	31.058 (rec:19.058, round:12.000)	b=0.00	count=1000
06/14/2026 14:08:44 - INFO - qdiff.block_recon -   Total loss:	28.304 (rec:18.304, round:10.000)	b=0.00	count=1500
06/14/2026 14:08:49 - INFO - qdiff.block_recon -   Total loss:	28.126 (rec:17.126, round:11.000)	b=0.00	count=2000
06/14/2026 14:08:54 - INFO - qdiff.block_recon -   Total loss:	36.712 (rec:19.712, round:17.000)	b=0.00	count=2500
06/14/2026 14:09:00 - INFO - qdiff.block_recon -   Total loss:	17.913 (rec:17.913, round:0.000)	b=0.00	count=3000
06/14/2026 14:09:05 - INFO - qdiff.block_recon -   Total loss:	30.366 (rec:17.366, round:13.000)	b=0.00	count=3500
06/14/2026 14:09:10 - INFO - qdiff.block_recon -   Total loss:	2247.355 (rec:18.345, round:2229.010)	b=20.00	count=4000
06/14/2026 14:09:16 - INFO - qdiff.block_recon -   Total loss:	1262.847 (rec:18.213, round:1244.634)	b=19.44	count=4500
06/14/2026 14:09:22 - INFO - qdiff.block_recon -   Total loss:	1147.671 (rec:20.260, round:1127.411)	b=18.88	count=5000
06/14/2026 14:09:29 - INFO - qdiff.block_recon -   Total loss:	1066.968 (rec:17.626, round:1049.342)	b=18.31	count=5500
06/14/2026 14:09:35 - INFO - qdiff.block_recon -   Total loss:	985.172 (rec:16.893, round:968.279)	b=17.75	count=6000
06/14/2026 14:09:41 - INFO - qdiff.block_recon -   Total loss:	917.149 (rec:17.668, round:899.481)	b=17.19	count=6500
06/14/2026 14:09:48 - INFO - qdiff.block_recon -   Total loss:	862.772 (rec:16.436, round:846.336)	b=16.62	count=7000
06/14/2026 14:09:54 - INFO - qdiff.block_recon -   Total loss:	829.637 (rec:17.540, round:812.097)	b=16.06	count=7500
06/14/2026 14:10:00 - INFO - qdiff.block_recon -   Total loss:	740.582 (rec:18.949, round:721.633)	b=15.50	count=8000
06/14/2026 14:10:07 - INFO - qdiff.block_recon -   Total loss:	683.606 (rec:17.989, round:665.617)	b=14.94	count=8500
06/14/2026 14:10:13 - INFO - qdiff.block_recon -   Total loss:	640.851 (rec:15.559, round:625.292)	b=14.38	count=9000
06/14/2026 14:10:19 - INFO - qdiff.block_recon -   Total loss:	620.865 (rec:18.354, round:602.511)	b=13.81	count=9500
06/14/2026 14:10:26 - INFO - qdiff.block_recon -   Total loss:	543.043 (rec:19.462, round:523.581)	b=13.25	count=10000
06/14/2026 14:10:32 - INFO - qdiff.block_recon -   Total loss:	528.162 (rec:17.006, round:511.156)	b=12.69	count=10500
06/14/2026 14:10:39 - INFO - qdiff.block_recon -   Total loss:	461.220 (rec:18.821, round:442.399)	b=12.12	count=11000
06/14/2026 14:10:45 - INFO - qdiff.block_recon -   Total loss:	422.447 (rec:16.078, round:406.369)	b=11.56	count=11500
06/14/2026 14:10:51 - INFO - qdiff.block_recon -   Total loss:	377.524 (rec:14.979, round:362.545)	b=11.00	count=12000
06/14/2026 14:10:57 - INFO - qdiff.block_recon -   Total loss:	378.078 (rec:20.001, round:358.077)	b=10.44	count=12500
06/14/2026 14:11:04 - INFO - qdiff.block_recon -   Total loss:	317.010 (rec:16.046, round:300.964)	b=9.88	count=13000
06/14/2026 14:11:10 - INFO - qdiff.block_recon -   Total loss:	317.668 (rec:19.828, round:297.840)	b=9.31	count=13500
06/14/2026 14:11:16 - INFO - qdiff.block_recon -   Total loss:	280.408 (rec:17.999, round:262.409)	b=8.75	count=14000
06/14/2026 14:11:23 - INFO - qdiff.block_recon -   Total loss:	227.831 (rec:17.731, round:210.100)	b=8.19	count=14500
06/14/2026 14:11:29 - INFO - qdiff.block_recon -   Total loss:	194.975 (rec:18.541, round:176.434)	b=7.62	count=15000
06/14/2026 14:11:36 - INFO - qdiff.block_recon -   Total loss:	195.191 (rec:17.886, round:177.305)	b=7.06	count=15500
06/14/2026 14:11:42 - INFO - qdiff.block_recon -   Total loss:	169.618 (rec:17.230, round:152.388)	b=6.50	count=16000
06/14/2026 14:11:48 - INFO - qdiff.block_recon -   Total loss:	139.859 (rec:18.443, round:121.416)	b=5.94	count=16500
06/14/2026 14:11:55 - INFO - qdiff.block_recon -   Total loss:	87.489 (rec:16.610, round:70.879)	b=5.38	count=17000
06/14/2026 14:12:01 - INFO - qdiff.block_recon -   Total loss:	89.939 (rec:17.497, round:72.442)	b=4.81	count=17500
06/14/2026 14:12:07 - INFO - qdiff.block_recon -   Total loss:	70.020 (rec:18.553, round:51.467)	b=4.25	count=18000
06/14/2026 14:12:14 - INFO - qdiff.block_recon -   Total loss:	56.106 (rec:16.095, round:40.011)	b=3.69	count=18500
06/14/2026 14:12:20 - INFO - qdiff.block_recon -   Total loss:	15.609 (rec:15.609, round:0.000)	b=3.12	count=19000
06/14/2026 14:12:26 - INFO - qdiff.block_recon -   Total loss:	32.457 (rec:16.589, round:15.868)	b=2.56	count=19500
06/14/2026 14:12:32 - INFO - qdiff.block_recon -   Total loss:	18.472 (rec:18.472, round:0.000)	b=2.00	count=20000
06/14/2026 14:12:32 - INFO - __main__ -   2 True
06/14/2026 14:12:32 - INFO - __main__ -   Reconstruction for block 2
06/14/2026 14:13:05 - INFO - qdiff.utils -   in shape: torch.Size([2000, 256, 16, 16])
06/14/2026 14:13:05 - INFO - qdiff.utils -   out shape: torch.Size([2000, 256, 16, 16])
06/14/2026 14:13:10 - INFO - qdiff.block_recon -   Total loss:	27.972 (rec:15.972, round:12.000)	b=0.00	count=500
06/14/2026 14:13:15 - INFO - qdiff.block_recon -   Total loss:	29.303 (rec:13.303, round:16.000)	b=0.00	count=1000
06/14/2026 14:13:20 - INFO - qdiff.block_recon -   Total loss:	23.934 (rec:12.934, round:11.000)	b=0.00	count=1500
06/14/2026 14:13:25 - INFO - qdiff.block_recon -   Total loss:	13.085 (rec:13.085, round:0.000)	b=0.00	count=2000
06/14/2026 14:13:30 - INFO - qdiff.block_recon -   Total loss:	13.143 (rec:13.143, round:0.000)	b=0.00	count=2500
06/14/2026 14:13:35 - INFO - qdiff.block_recon -   Total loss:	34.034 (rec:17.034, round:17.000)	b=0.00	count=3000
06/14/2026 14:13:41 - INFO - qdiff.block_recon -   Total loss:	14.758 (rec:14.758, round:0.000)	b=0.00	count=3500
06/14/2026 14:13:46 - INFO - qdiff.block_recon -   Total loss:	2256.942 (rec:13.072, round:2243.870)	b=20.00	count=4000
06/14/2026 14:13:52 - INFO - qdiff.block_recon -   Total loss:	1270.919 (rec:13.407, round:1257.512)	b=19.44	count=4500
06/14/2026 14:13:58 - INFO - qdiff.block_recon -   Total loss:	1167.031 (rec:13.726, round:1153.305)	b=18.88	count=5000
06/14/2026 14:14:05 - INFO - qdiff.block_recon -   Total loss:	1056.091 (rec:9.855, round:1046.236)	b=18.31	count=5500
06/14/2026 14:14:11 - INFO - qdiff.block_recon -   Total loss:	1015.904 (rec:12.483, round:1003.421)	b=17.75	count=6000
06/14/2026 14:14:17 - INFO - qdiff.block_recon -   Total loss:	922.744 (rec:12.302, round:910.442)	b=17.19	count=6500
06/14/2026 14:14:24 - INFO - qdiff.block_recon -   Total loss:	853.248 (rec:13.356, round:839.892)	b=16.62	count=7000
06/14/2026 14:14:30 - INFO - qdiff.block_recon -   Total loss:	831.014 (rec:13.827, round:817.187)	b=16.06	count=7500
06/14/2026 14:14:36 - INFO - qdiff.block_recon -   Total loss:	767.905 (rec:12.656, round:755.249)	b=15.50	count=8000
06/14/2026 14:14:43 - INFO - qdiff.block_recon -   Total loss:	723.542 (rec:14.924, round:708.618)	b=14.94	count=8500
06/14/2026 14:14:49 - INFO - qdiff.block_recon -   Total loss:	661.431 (rec:11.706, round:649.725)	b=14.38	count=9000
06/14/2026 14:14:55 - INFO - qdiff.block_recon -   Total loss:	589.659 (rec:13.320, round:576.339)	b=13.81	count=9500
06/14/2026 14:15:02 - INFO - qdiff.block_recon -   Total loss:	545.161 (rec:11.927, round:533.234)	b=13.25	count=10000
06/14/2026 14:15:08 - INFO - qdiff.block_recon -   Total loss:	499.495 (rec:13.425, round:486.070)	b=12.69	count=10500
06/14/2026 14:15:14 - INFO - qdiff.block_recon -   Total loss:	494.157 (rec:14.829, round:479.328)	b=12.12	count=11000
06/14/2026 14:15:20 - INFO - qdiff.block_recon -   Total loss:	452.106 (rec:12.400, round:439.706)	b=11.56	count=11500
06/14/2026 14:15:27 - INFO - qdiff.block_recon -   Total loss:	382.806 (rec:13.725, round:369.081)	b=11.00	count=12000
06/14/2026 14:15:33 - INFO - qdiff.block_recon -   Total loss:	352.407 (rec:13.951, round:338.456)	b=10.44	count=12500
06/14/2026 14:15:39 - INFO - qdiff.block_recon -   Total loss:	349.440 (rec:14.328, round:335.112)	b=9.88	count=13000
06/14/2026 14:15:46 - INFO - qdiff.block_recon -   Total loss:	313.687 (rec:11.274, round:302.413)	b=9.31	count=13500
06/14/2026 14:15:52 - INFO - qdiff.block_recon -   Total loss:	255.139 (rec:12.802, round:242.337)	b=8.75	count=14000
06/14/2026 14:15:58 - INFO - qdiff.block_recon -   Total loss:	224.690 (rec:12.743, round:211.947)	b=8.19	count=14500
06/14/2026 14:16:05 - INFO - qdiff.block_recon -   Total loss:	185.625 (rec:13.021, round:172.604)	b=7.62	count=15000
06/14/2026 14:16:11 - INFO - qdiff.block_recon -   Total loss:	189.262 (rec:14.296, round:174.966)	b=7.06	count=15500
06/14/2026 14:16:17 - INFO - qdiff.block_recon -   Total loss:	165.985 (rec:12.981, round:153.004)	b=6.50	count=16000
06/14/2026 14:16:24 - INFO - qdiff.block_recon -   Total loss:	109.792 (rec:13.394, round:96.398)	b=5.94	count=16500
06/14/2026 14:16:30 - INFO - qdiff.block_recon -   Total loss:	113.952 (rec:13.368, round:100.584)	b=5.38	count=17000
06/14/2026 14:16:36 - INFO - qdiff.block_recon -   Total loss:	82.958 (rec:14.378, round:68.580)	b=4.81	count=17500
06/14/2026 14:16:43 - INFO - qdiff.block_recon -   Total loss:	59.142 (rec:14.170, round:44.972)	b=4.25	count=18000
06/14/2026 14:16:49 - INFO - qdiff.block_recon -   Total loss:	40.330 (rec:11.986, round:28.344)	b=3.69	count=18500
06/14/2026 14:16:55 - INFO - qdiff.block_recon -   Total loss:	12.010 (rec:12.010, round:0.000)	b=3.12	count=19000
06/14/2026 14:17:02 - INFO - qdiff.block_recon -   Total loss:	31.821 (rec:13.413, round:18.408)	b=2.56	count=19500
06/14/2026 14:17:08 - INFO - qdiff.block_recon -   Total loss:	33.364 (rec:13.352, round:20.012)	b=2.00	count=20000
06/14/2026 14:17:08 - INFO - __main__ -   upsample False
06/14/2026 14:17:08 - INFO - __main__ -   conv False
06/14/2026 14:17:08 - INFO - __main__ -   Reconstruction for layer conv
06/14/2026 14:17:43 - INFO - qdiff.utils -   in shape: torch.Size([2000, 256, 32, 32])
06/14/2026 14:17:43 - INFO - qdiff.utils -   out shape: torch.Size([2000, 256, 32, 32])
06/14/2026 14:17:53 - INFO - qdiff.layer_recon -   Total loss:	237.881 (rec:227.881, round:10.000)	b=0.00	count=500
06/14/2026 14:18:04 - INFO - qdiff.layer_recon -   Total loss:	224.113 (rec:224.113, round:0.000)	b=0.00	count=1000
06/14/2026 14:18:14 - INFO - qdiff.layer_recon -   Total loss:	220.148 (rec:220.148, round:0.000)	b=0.00	count=1500
06/14/2026 14:18:25 - INFO - qdiff.layer_recon -   Total loss:	222.625 (rec:212.625, round:10.000)	b=0.00	count=2000
06/14/2026 14:18:35 - INFO - qdiff.layer_recon -   Total loss:	208.268 (rec:208.268, round:0.000)	b=0.00	count=2500
06/14/2026 14:18:45 - INFO - qdiff.layer_recon -   Total loss:	200.187 (rec:200.187, round:0.000)	b=0.00	count=3000
06/14/2026 14:18:56 - INFO - qdiff.layer_recon -   Total loss:	219.223 (rec:208.223, round:11.000)	b=0.00	count=3500
06/14/2026 14:19:06 - INFO - qdiff.layer_recon -   Total loss:	5097.817 (rec:216.999, round:4880.818)	b=20.00	count=4000
06/14/2026 14:19:17 - INFO - qdiff.layer_recon -   Total loss:	3445.583 (rec:212.021, round:3233.562)	b=19.44	count=4500
06/14/2026 14:19:27 - INFO - qdiff.layer_recon -   Total loss:	3248.538 (rec:237.039, round:3011.499)	b=18.88	count=5000
06/14/2026 14:19:38 - INFO - qdiff.layer_recon -   Total loss:	3054.175 (rec:216.456, round:2837.719)	b=18.31	count=5500
06/14/2026 14:19:49 - INFO - qdiff.layer_recon -   Total loss:	2927.815 (rec:238.170, round:2689.645)	b=17.75	count=6000
06/14/2026 14:19:59 - INFO - qdiff.layer_recon -   Total loss:	2717.521 (rec:194.861, round:2522.660)	b=17.19	count=6500
06/14/2026 14:20:10 - INFO - qdiff.layer_recon -   Total loss:	2593.455 (rec:198.061, round:2395.394)	b=16.62	count=7000
06/14/2026 14:20:21 - INFO - qdiff.layer_recon -   Total loss:	2523.640 (rec:203.941, round:2319.699)	b=16.06	count=7500
06/14/2026 14:20:31 - INFO - qdiff.layer_recon -   Total loss:	2432.002 (rec:252.390, round:2179.612)	b=15.50	count=8000
06/14/2026 14:20:42 - INFO - qdiff.layer_recon -   Total loss:	2274.859 (rec:170.845, round:2104.014)	b=14.94	count=8500
06/14/2026 14:20:53 - INFO - qdiff.layer_recon -   Total loss:	2179.625 (rec:210.796, round:1968.829)	b=14.38	count=9000
06/14/2026 14:21:03 - INFO - qdiff.layer_recon -   Total loss:	2101.066 (rec:223.579, round:1877.487)	b=13.81	count=9500
06/14/2026 14:21:14 - INFO - qdiff.layer_recon -   Total loss:	2012.659 (rec:205.529, round:1807.130)	b=13.25	count=10000
06/14/2026 14:21:25 - INFO - qdiff.layer_recon -   Total loss:	1961.508 (rec:236.902, round:1724.606)	b=12.69	count=10500
06/14/2026 14:21:35 - INFO - qdiff.layer_recon -   Total loss:	1808.856 (rec:169.866, round:1638.990)	b=12.12	count=11000
06/14/2026 14:21:46 - INFO - qdiff.layer_recon -   Total loss:	1704.576 (rec:183.093, round:1521.483)	b=11.56	count=11500
06/14/2026 14:21:57 - INFO - qdiff.layer_recon -   Total loss:	1698.950 (rec:231.427, round:1467.523)	b=11.00	count=12000
06/14/2026 14:22:07 - INFO - qdiff.layer_recon -   Total loss:	1605.165 (rec:227.172, round:1377.993)	b=10.44	count=12500
06/14/2026 14:22:18 - INFO - qdiff.layer_recon -   Total loss:	1465.730 (rec:196.189, round:1269.541)	b=9.88	count=13000
06/14/2026 14:22:28 - INFO - qdiff.layer_recon -   Total loss:	1398.744 (rec:191.165, round:1207.579)	b=9.31	count=13500
06/14/2026 14:22:39 - INFO - qdiff.layer_recon -   Total loss:	1319.529 (rec:225.516, round:1094.013)	b=8.75	count=14000
06/14/2026 14:22:50 - INFO - qdiff.layer_recon -   Total loss:	1233.253 (rec:218.387, round:1014.866)	b=8.19	count=14500
06/14/2026 14:23:00 - INFO - qdiff.layer_recon -   Total loss:	1166.256 (rec:237.059, round:929.197)	b=7.62	count=15000
06/14/2026 14:23:11 - INFO - qdiff.layer_recon -   Total loss:	1008.641 (rec:176.002, round:832.639)	b=7.06	count=15500
06/14/2026 14:23:22 - INFO - qdiff.layer_recon -   Total loss:	960.932 (rec:216.336, round:744.596)	b=6.50	count=16000
06/14/2026 14:23:32 - INFO - qdiff.layer_recon -   Total loss:	839.565 (rec:184.605, round:654.960)	b=5.94	count=16500
06/14/2026 14:23:43 - INFO - qdiff.layer_recon -   Total loss:	775.844 (rec:188.077, round:587.767)	b=5.38	count=17000
06/14/2026 14:23:54 - INFO - qdiff.layer_recon -   Total loss:	657.425 (rec:198.650, round:458.775)	b=4.81	count=17500
06/14/2026 14:24:04 - INFO - qdiff.layer_recon -   Total loss:	564.116 (rec:205.144, round:358.972)	b=4.25	count=18000
06/14/2026 14:24:15 - INFO - qdiff.layer_recon -   Total loss:	496.618 (rec:214.540, round:282.078)	b=3.69	count=18500
06/14/2026 14:24:25 - INFO - qdiff.layer_recon -   Total loss:	393.447 (rec:219.321, round:174.126)	b=3.12	count=19000
06/14/2026 14:24:36 - INFO - qdiff.layer_recon -   Total loss:	294.083 (rec:202.429, round:91.654)	b=2.56	count=19500
06/14/2026 14:24:47 - INFO - qdiff.layer_recon -   Total loss:	254.473 (rec:221.439, round:33.034)	b=2.00	count=20000
06/14/2026 14:24:47 - INFO - __main__ -   2 False
06/14/2026 14:24:47 - INFO - __main__ -   block False
06/14/2026 14:24:47 - INFO - __main__ -   0 True
06/14/2026 14:24:47 - INFO - __main__ -   Reconstruction for block 0
06/14/2026 14:25:10 - INFO - qdiff.utils -   in 1 shape: torch.Size([2000, 512, 8, 8]), in 2 shape: torch.Size([2000, 512])
06/14/2026 14:25:10 - INFO - qdiff.utils -   out shape: torch.Size([2000, 256, 8, 8])
06/14/2026 14:25:15 - INFO - qdiff.block_recon -   Total loss:	717.193 (rec:717.193, round:0.000)	b=0.00	count=500
06/14/2026 14:25:19 - INFO - qdiff.block_recon -   Total loss:	732.832 (rec:716.832, round:16.000)	b=0.00	count=1000
06/14/2026 14:25:24 - INFO - qdiff.block_recon -   Total loss:	732.801 (rec:732.801, round:0.000)	b=0.00	count=1500
06/14/2026 14:25:28 - INFO - qdiff.block_recon -   Total loss:	753.789 (rec:753.789, round:0.000)	b=0.00	count=2000
06/14/2026 14:25:33 - INFO - qdiff.block_recon -   Total loss:	747.653 (rec:727.653, round:20.000)	b=0.00	count=2500
06/14/2026 14:25:37 - INFO - qdiff.block_recon -   Total loss:	837.957 (rec:819.957, round:18.000)	b=0.00	count=3000
06/14/2026 14:25:41 - INFO - qdiff.block_recon -   Total loss:	727.988 (rec:717.988, round:10.000)	b=0.00	count=3500
06/14/2026 14:25:46 - INFO - qdiff.block_recon -   Total loss:	17994.328 (rec:779.062, round:17215.266)	b=20.00	count=4000
06/14/2026 14:25:52 - INFO - qdiff.block_recon -   Total loss:	11790.501 (rec:697.188, round:11093.313)	b=19.44	count=4500
06/14/2026 14:25:57 - INFO - qdiff.block_recon -   Total loss:	11071.935 (rec:797.910, round:10274.025)	b=18.88	count=5000
06/14/2026 14:26:03 - INFO - qdiff.block_recon -   Total loss:	10406.000 (rec:708.567, round:9697.433)	b=18.31	count=5500
06/14/2026 14:26:09 - INFO - qdiff.block_recon -   Total loss:	9894.823 (rec:728.127, round:9166.696)	b=17.75	count=6000
06/14/2026 14:26:15 - INFO - qdiff.block_recon -   Total loss:	9480.703 (rec:742.976, round:8737.727)	b=17.19	count=6500
06/14/2026 14:26:21 - INFO - qdiff.block_recon -   Total loss:	8983.373 (rec:723.080, round:8260.293)	b=16.62	count=7000
06/14/2026 14:26:26 - INFO - qdiff.block_recon -   Total loss:	8565.807 (rec:731.008, round:7834.799)	b=16.06	count=7500
06/14/2026 14:26:32 - INFO - qdiff.block_recon -   Total loss:	8168.860 (rec:748.075, round:7420.785)	b=15.50	count=8000
06/14/2026 14:26:38 - INFO - qdiff.block_recon -   Total loss:	7767.171 (rec:711.235, round:7055.936)	b=14.94	count=8500
06/14/2026 14:26:44 - INFO - qdiff.block_recon -   Total loss:	7351.542 (rec:712.655, round:6638.887)	b=14.38	count=9000
06/14/2026 14:26:49 - INFO - qdiff.block_recon -   Total loss:	7004.064 (rec:739.253, round:6264.811)	b=13.81	count=9500
06/14/2026 14:26:55 - INFO - qdiff.block_recon -   Total loss:	6689.096 (rec:787.687, round:5901.409)	b=13.25	count=10000
06/14/2026 14:27:01 - INFO - qdiff.block_recon -   Total loss:	6275.353 (rec:732.439, round:5542.914)	b=12.69	count=10500
06/14/2026 14:27:06 - INFO - qdiff.block_recon -   Total loss:	6021.184 (rec:793.453, round:5227.731)	b=12.12	count=11000
06/14/2026 14:27:12 - INFO - qdiff.block_recon -   Total loss:	5601.718 (rec:746.453, round:4855.265)	b=11.56	count=11500
06/14/2026 14:27:18 - INFO - qdiff.block_recon -   Total loss:	5192.491 (rec:647.724, round:4544.767)	b=11.00	count=12000
06/14/2026 14:27:23 - INFO - qdiff.block_recon -   Total loss:	4905.188 (rec:709.510, round:4195.678)	b=10.44	count=12500
06/14/2026 14:27:29 - INFO - qdiff.block_recon -   Total loss:	4614.085 (rec:731.032, round:3883.053)	b=9.88	count=13000
06/14/2026 14:27:35 - INFO - qdiff.block_recon -   Total loss:	4268.384 (rec:707.582, round:3560.802)	b=9.31	count=13500
06/14/2026 14:27:41 - INFO - qdiff.block_recon -   Total loss:	3899.442 (rec:649.273, round:3250.169)	b=8.75	count=14000
06/14/2026 14:27:46 - INFO - qdiff.block_recon -   Total loss:	3697.027 (rec:718.539, round:2978.488)	b=8.19	count=14500
06/14/2026 14:27:52 - INFO - qdiff.block_recon -   Total loss:	3416.154 (rec:765.179, round:2650.975)	b=7.62	count=15000
06/14/2026 14:27:58 - INFO - qdiff.block_recon -   Total loss:	3123.270 (rec:776.353, round:2346.917)	b=7.06	count=15500
06/14/2026 14:28:03 - INFO - qdiff.block_recon -   Total loss:	2775.126 (rec:731.388, round:2043.738)	b=6.50	count=16000
06/14/2026 14:28:09 - INFO - qdiff.block_recon -   Total loss:	2510.073 (rec:762.130, round:1747.943)	b=5.94	count=16500
06/14/2026 14:28:15 - INFO - qdiff.block_recon -   Total loss:	2238.943 (rec:782.381, round:1456.562)	b=5.38	count=17000
06/14/2026 14:28:20 - INFO - qdiff.block_recon -   Total loss:	1954.428 (rec:754.934, round:1199.494)	b=4.81	count=17500
06/14/2026 14:28:26 - INFO - qdiff.block_recon -   Total loss:	1610.453 (rec:699.916, round:910.537)	b=4.25	count=18000
06/14/2026 14:28:32 - INFO - qdiff.block_recon -   Total loss:	1386.214 (rec:750.050, round:636.164)	b=3.69	count=18500
06/14/2026 14:28:38 - INFO - qdiff.block_recon -   Total loss:	1111.015 (rec:731.620, round:379.395)	b=3.12	count=19000
06/14/2026 14:28:43 - INFO - qdiff.block_recon -   Total loss:	874.962 (rec:707.005, round:167.957)	b=2.56	count=19500
06/14/2026 14:28:49 - INFO - qdiff.block_recon -   Total loss:	734.076 (rec:720.193, round:13.883)	b=2.00	count=20000
06/14/2026 14:28:49 - INFO - __main__ -   1 True
06/14/2026 14:28:49 - INFO - __main__ -   Reconstruction for block 1
06/14/2026 14:29:14 - INFO - qdiff.utils -   in 1 shape: torch.Size([2000, 512, 8, 8]), in 2 shape: torch.Size([2000, 512])
06/14/2026 14:29:14 - INFO - qdiff.utils -   out shape: torch.Size([2000, 256, 8, 8])
06/14/2026 14:29:18 - INFO - qdiff.block_recon -   Total loss:	383.133 (rec:366.133, round:17.000)	b=0.00	count=500
06/14/2026 14:29:22 - INFO - qdiff.block_recon -   Total loss:	410.937 (rec:397.937, round:13.000)	b=0.00	count=1000
06/14/2026 14:29:27 - INFO - qdiff.block_recon -   Total loss:	485.488 (rec:470.488, round:15.000)	b=0.00	count=1500
06/14/2026 14:29:31 - INFO - qdiff.block_recon -   Total loss:	372.917 (rec:372.917, round:0.000)	b=0.00	count=2000
06/14/2026 14:29:35 - INFO - qdiff.block_recon -   Total loss:	364.305 (rec:364.305, round:0.000)	b=0.00	count=2500
06/14/2026 14:29:40 - INFO - qdiff.block_recon -   Total loss:	418.393 (rec:404.393, round:14.000)	b=0.00	count=3000
06/14/2026 14:29:44 - INFO - qdiff.block_recon -   Total loss:	402.102 (rec:402.102, round:0.000)	b=0.00	count=3500
06/14/2026 14:29:48 - INFO - qdiff.block_recon -   Total loss:	17663.815 (rec:414.848, round:17248.967)	b=20.00	count=4000
06/14/2026 14:29:54 - INFO - qdiff.block_recon -   Total loss:	11083.826 (rec:383.260, round:10700.566)	b=19.44	count=4500
06/14/2026 14:30:00 - INFO - qdiff.block_recon -   Total loss:	10214.122 (rec:352.828, round:9861.294)	b=18.88	count=5000
06/14/2026 14:30:05 - INFO - qdiff.block_recon -   Total loss:	9691.548 (rec:358.277, round:9333.271)	b=18.31	count=5500
06/14/2026 14:30:11 - INFO - qdiff.block_recon -   Total loss:	9234.209 (rec:399.411, round:8834.798)	b=17.75	count=6000
06/14/2026 14:30:17 - INFO - qdiff.block_recon -   Total loss:	8753.557 (rec:377.812, round:8375.745)	b=17.19	count=6500
06/14/2026 14:30:22 - INFO - qdiff.block_recon -   Total loss:	8237.214 (rec:340.405, round:7896.809)	b=16.62	count=7000
06/14/2026 14:30:28 - INFO - qdiff.block_recon -   Total loss:	7824.055 (rec:350.744, round:7473.311)	b=16.06	count=7500
06/14/2026 14:30:34 - INFO - qdiff.block_recon -   Total loss:	7453.144 (rec:369.113, round:7084.031)	b=15.50	count=8000
06/14/2026 14:30:39 - INFO - qdiff.block_recon -   Total loss:	7026.130 (rec:368.012, round:6658.118)	b=14.94	count=8500
06/14/2026 14:30:45 - INFO - qdiff.block_recon -   Total loss:	6656.557 (rec:389.644, round:6266.913)	b=14.38	count=9000
06/14/2026 14:30:51 - INFO - qdiff.block_recon -   Total loss:	6265.371 (rec:367.949, round:5897.422)	b=13.81	count=9500
06/14/2026 14:30:56 - INFO - qdiff.block_recon -   Total loss:	5940.076 (rec:391.297, round:5548.779)	b=13.25	count=10000
06/14/2026 14:31:02 - INFO - qdiff.block_recon -   Total loss:	5535.909 (rec:364.612, round:5171.297)	b=12.69	count=10500
06/14/2026 14:31:08 - INFO - qdiff.block_recon -   Total loss:	5186.024 (rec:360.649, round:4825.375)	b=12.12	count=11000
06/14/2026 14:31:13 - INFO - qdiff.block_recon -   Total loss:	4832.653 (rec:343.512, round:4489.141)	b=11.56	count=11500
06/14/2026 14:31:19 - INFO - qdiff.block_recon -   Total loss:	4560.977 (rec:375.161, round:4185.816)	b=11.00	count=12000
06/14/2026 14:31:25 - INFO - qdiff.block_recon -   Total loss:	4238.449 (rec:406.722, round:3831.727)	b=10.44	count=12500
06/14/2026 14:31:30 - INFO - qdiff.block_recon -   Total loss:	3912.362 (rec:362.231, round:3550.131)	b=9.88	count=13000
06/14/2026 14:31:36 - INFO - qdiff.block_recon -   Total loss:	3578.587 (rec:336.266, round:3242.321)	b=9.31	count=13500
06/14/2026 14:31:42 - INFO - qdiff.block_recon -   Total loss:	3333.909 (rec:423.234, round:2910.675)	b=8.75	count=14000
06/14/2026 14:31:48 - INFO - qdiff.block_recon -   Total loss:	3023.300 (rec:379.877, round:2643.423)	b=8.19	count=14500
06/14/2026 14:31:53 - INFO - qdiff.block_recon -   Total loss:	2683.392 (rec:358.241, round:2325.151)	b=7.62	count=15000
06/14/2026 14:31:59 - INFO - qdiff.block_recon -   Total loss:	2486.010 (rec:418.990, round:2067.020)	b=7.06	count=15500
06/14/2026 14:32:04 - INFO - qdiff.block_recon -   Total loss:	2161.248 (rec:378.917, round:1782.331)	b=6.50	count=16000
06/14/2026 14:32:10 - INFO - qdiff.block_recon -   Total loss:	1861.470 (rec:365.691, round:1495.779)	b=5.94	count=16500
06/14/2026 14:32:16 - INFO - qdiff.block_recon -   Total loss:	1560.336 (rec:360.049, round:1200.287)	b=5.38	count=17000
06/14/2026 14:32:21 - INFO - qdiff.block_recon -   Total loss:	1316.307 (rec:381.470, round:934.837)	b=4.81	count=17500
06/14/2026 14:32:27 - INFO - qdiff.block_recon -   Total loss:	1043.434 (rec:366.522, round:676.912)	b=4.25	count=18000
06/14/2026 14:32:33 - INFO - qdiff.block_recon -   Total loss:	856.823 (rec:387.261, round:469.562)	b=3.69	count=18500
06/14/2026 14:32:39 - INFO - qdiff.block_recon -   Total loss:	667.596 (rec:413.803, round:253.793)	b=3.12	count=19000
06/14/2026 14:32:44 - INFO - qdiff.block_recon -   Total loss:	458.300 (rec:394.906, round:63.394)	b=2.56	count=19500
06/14/2026 14:32:50 - INFO - qdiff.block_recon -   Total loss:	415.264 (rec:389.221, round:26.043)	b=2.00	count=20000
06/14/2026 14:32:50 - INFO - __main__ -   2 True
06/14/2026 14:32:50 - INFO - __main__ -   Reconstruction for block 2
06/14/2026 14:33:16 - INFO - qdiff.utils -   in 1 shape: torch.Size([2000, 512, 8, 8]), in 2 shape: torch.Size([2000, 512])
06/14/2026 14:33:16 - INFO - qdiff.utils -   out shape: torch.Size([2000, 256, 8, 8])
06/14/2026 14:33:20 - INFO - qdiff.block_recon -   Total loss:	140.723 (rec:140.723, round:0.000)	b=0.00	count=500
06/14/2026 14:33:25 - INFO - qdiff.block_recon -   Total loss:	178.532 (rec:165.532, round:13.000)	b=0.00	count=1000
06/14/2026 14:33:29 - INFO - qdiff.block_recon -   Total loss:	120.635 (rec:120.635, round:0.000)	b=0.00	count=1500
06/14/2026 14:33:33 - INFO - qdiff.block_recon -   Total loss:	151.622 (rec:151.622, round:0.000)	b=0.00	count=2000
06/14/2026 14:33:38 - INFO - qdiff.block_recon -   Total loss:	143.459 (rec:132.459, round:11.000)	b=0.00	count=2500
06/14/2026 14:33:42 - INFO - qdiff.block_recon -   Total loss:	149.882 (rec:133.882, round:16.000)	b=0.00	count=3000
06/14/2026 14:33:46 - INFO - qdiff.block_recon -   Total loss:	168.458 (rec:150.458, round:18.000)	b=0.00	count=3500
06/14/2026 14:33:50 - INFO - qdiff.block_recon -   Total loss:	17149.147 (rec:153.561, round:16995.586)	b=20.00	count=4000
06/14/2026 14:33:56 - INFO - qdiff.block_recon -   Total loss:	9893.346 (rec:165.703, round:9727.643)	b=19.44	count=4500
06/14/2026 14:34:02 - INFO - qdiff.block_recon -   Total loss:	9102.596 (rec:133.583, round:8969.013)	b=18.88	count=5000
06/14/2026 14:34:07 - INFO - qdiff.block_recon -   Total loss:	8558.002 (rec:153.499, round:8404.503)	b=18.31	count=5500
06/14/2026 14:34:13 - INFO - qdiff.block_recon -   Total loss:	8006.497 (rec:145.222, round:7861.275)	b=17.75	count=6000
06/14/2026 14:34:19 - INFO - qdiff.block_recon -   Total loss:	7513.234 (rec:123.023, round:7390.211)	b=17.19	count=6500
06/14/2026 14:34:24 - INFO - qdiff.block_recon -   Total loss:	7069.612 (rec:124.342, round:6945.270)	b=16.62	count=7000
06/14/2026 14:34:30 - INFO - qdiff.block_recon -   Total loss:	6676.390 (rec:132.177, round:6544.213)	b=16.06	count=7500
06/14/2026 14:34:36 - INFO - qdiff.block_recon -   Total loss:	6220.064 (rec:127.350, round:6092.714)	b=15.50	count=8000
06/14/2026 14:34:41 - INFO - qdiff.block_recon -   Total loss:	5843.702 (rec:126.354, round:5717.348)	b=14.94	count=8500
06/14/2026 14:34:47 - INFO - qdiff.block_recon -   Total loss:	5451.104 (rec:145.841, round:5305.263)	b=14.38	count=9000
06/14/2026 14:34:53 - INFO - qdiff.block_recon -   Total loss:	5111.930 (rec:145.109, round:4966.821)	b=13.81	count=9500
06/14/2026 14:34:58 - INFO - qdiff.block_recon -   Total loss:	4737.445 (rec:150.667, round:4586.778)	b=13.25	count=10000
06/14/2026 14:35:04 - INFO - qdiff.block_recon -   Total loss:	4374.312 (rec:135.618, round:4238.694)	b=12.69	count=10500
06/14/2026 14:35:10 - INFO - qdiff.block_recon -   Total loss:	4041.450 (rec:130.138, round:3911.312)	b=12.12	count=11000
06/14/2026 14:35:15 - INFO - qdiff.block_recon -   Total loss:	3730.840 (rec:134.788, round:3596.052)	b=11.56	count=11500
06/14/2026 14:35:21 - INFO - qdiff.block_recon -   Total loss:	3427.328 (rec:141.572, round:3285.756)	b=11.00	count=12000
06/14/2026 14:35:27 - INFO - qdiff.block_recon -   Total loss:	3172.349 (rec:143.028, round:3029.321)	b=10.44	count=12500
06/14/2026 14:35:32 - INFO - qdiff.block_recon -   Total loss:	2880.660 (rec:130.152, round:2750.508)	b=9.88	count=13000
06/14/2026 14:35:38 - INFO - qdiff.block_recon -   Total loss:	2582.457 (rec:140.839, round:2441.618)	b=9.31	count=13500
06/14/2026 14:35:44 - INFO - qdiff.block_recon -   Total loss:	2351.774 (rec:147.285, round:2204.489)	b=8.75	count=14000
06/14/2026 14:35:49 - INFO - qdiff.block_recon -   Total loss:	2076.950 (rec:151.111, round:1925.839)	b=8.19	count=14500
06/14/2026 14:35:55 - INFO - qdiff.block_recon -   Total loss:	1826.757 (rec:154.004, round:1672.753)	b=7.62	count=15000
06/14/2026 14:36:01 - INFO - qdiff.block_recon -   Total loss:	1599.197 (rec:139.567, round:1459.630)	b=7.06	count=15500
06/14/2026 14:36:06 - INFO - qdiff.block_recon -   Total loss:	1375.387 (rec:139.303, round:1236.084)	b=6.50	count=16000
06/14/2026 14:36:12 - INFO - qdiff.block_recon -   Total loss:	1097.258 (rec:117.894, round:979.364)	b=5.94	count=16500
06/14/2026 14:36:18 - INFO - qdiff.block_recon -   Total loss:	936.046 (rec:136.776, round:799.270)	b=5.38	count=17000
06/14/2026 14:36:23 - INFO - qdiff.block_recon -   Total loss:	726.699 (rec:132.307, round:594.392)	b=4.81	count=17500
06/14/2026 14:36:29 - INFO - qdiff.block_recon -   Total loss:	539.094 (rec:134.845, round:404.249)	b=4.25	count=18000
06/14/2026 14:36:35 - INFO - qdiff.block_recon -   Total loss:	375.420 (rec:129.866, round:245.554)	b=3.69	count=18500
06/14/2026 14:36:40 - INFO - qdiff.block_recon -   Total loss:	216.562 (rec:135.652, round:80.910)	b=3.12	count=19000
06/14/2026 14:36:46 - INFO - qdiff.block_recon -   Total loss:	184.998 (rec:144.939, round:40.059)	b=2.56	count=19500
06/14/2026 14:36:52 - INFO - qdiff.block_recon -   Total loss:	165.556 (rec:153.186, round:12.370)	b=2.00	count=20000
06/14/2026 14:36:52 - INFO - __main__ -   attn False
06/14/2026 14:36:52 - INFO - __main__ -   upsample False
06/14/2026 14:36:52 - INFO - __main__ -   conv False
06/14/2026 14:36:52 - INFO - __main__ -   Reconstruction for layer conv
06/14/2026 14:37:19 - INFO - qdiff.utils -   in shape: torch.Size([2000, 256, 16, 16])
06/14/2026 14:37:19 - INFO - qdiff.utils -   out shape: torch.Size([2000, 256, 16, 16])
06/14/2026 14:37:22 - INFO - qdiff.layer_recon -   Total loss:	64.390 (rec:64.390, round:0.000)	b=0.00	count=500
06/14/2026 14:37:25 - INFO - qdiff.layer_recon -   Total loss:	70.722 (rec:59.722, round:11.000)	b=0.00	count=1000
06/14/2026 14:37:28 - INFO - qdiff.layer_recon -   Total loss:	72.434 (rec:60.434, round:12.000)	b=0.00	count=1500
06/14/2026 14:37:32 - INFO - qdiff.layer_recon -   Total loss:	56.352 (rec:56.352, round:0.000)	b=0.00	count=2000
06/14/2026 14:37:35 - INFO - qdiff.layer_recon -   Total loss:	67.320 (rec:51.320, round:16.000)	b=0.00	count=2500
06/14/2026 14:37:38 - INFO - qdiff.layer_recon -   Total loss:	50.401 (rec:50.401, round:0.000)	b=0.00	count=3000
06/14/2026 14:37:42 - INFO - qdiff.layer_recon -   Total loss:	59.340 (rec:59.340, round:0.000)	b=0.00	count=3500
06/14/2026 14:37:45 - INFO - qdiff.layer_recon -   Total loss:	4452.292 (rec:57.839, round:4394.453)	b=20.00	count=4000
06/14/2026 14:37:49 - INFO - qdiff.layer_recon -   Total loss:	2420.790 (rec:51.831, round:2368.959)	b=19.44	count=4500
06/14/2026 14:37:52 - INFO - qdiff.layer_recon -   Total loss:	2122.097 (rec:49.381, round:2072.716)	b=18.88	count=5000
06/14/2026 14:37:56 - INFO - qdiff.layer_recon -   Total loss:	1933.342 (rec:53.296, round:1880.046)	b=18.31	count=5500
06/14/2026 14:38:00 - INFO - qdiff.layer_recon -   Total loss:	1795.827 (rec:48.301, round:1747.526)	b=17.75	count=6000
06/14/2026 14:38:03 - INFO - qdiff.layer_recon -   Total loss:	1666.295 (rec:55.025, round:1611.270)	b=17.19	count=6500
06/14/2026 14:38:07 - INFO - qdiff.layer_recon -   Total loss:	1507.488 (rec:46.930, round:1460.558)	b=16.62	count=7000
06/14/2026 14:38:10 - INFO - qdiff.layer_recon -   Total loss:	1419.139 (rec:46.102, round:1373.037)	b=16.06	count=7500
06/14/2026 14:38:14 - INFO - qdiff.layer_recon -   Total loss:	1293.342 (rec:48.777, round:1244.565)	b=15.50	count=8000
06/14/2026 14:38:18 - INFO - qdiff.layer_recon -   Total loss:	1238.819 (rec:48.018, round:1190.801)	b=14.94	count=8500
06/14/2026 14:38:21 - INFO - qdiff.layer_recon -   Total loss:	1118.712 (rec:47.014, round:1071.698)	b=14.38	count=9000
06/14/2026 14:38:25 - INFO - qdiff.layer_recon -   Total loss:	1073.775 (rec:49.450, round:1024.325)	b=13.81	count=9500
06/14/2026 14:38:28 - INFO - qdiff.layer_recon -   Total loss:	966.945 (rec:44.889, round:922.056)	b=13.25	count=10000
06/14/2026 14:38:32 - INFO - qdiff.layer_recon -   Total loss:	897.683 (rec:44.061, round:853.622)	b=12.69	count=10500
06/14/2026 14:38:36 - INFO - qdiff.layer_recon -   Total loss:	839.469 (rec:51.662, round:787.807)	b=12.12	count=11000
06/14/2026 14:38:39 - INFO - qdiff.layer_recon -   Total loss:	814.666 (rec:46.942, round:767.724)	b=11.56	count=11500
06/14/2026 14:38:43 - INFO - qdiff.layer_recon -   Total loss:	727.091 (rec:48.774, round:678.317)	b=11.00	count=12000
06/14/2026 14:38:46 - INFO - qdiff.layer_recon -   Total loss:	691.768 (rec:42.880, round:648.888)	b=10.44	count=12500
06/14/2026 14:38:50 - INFO - qdiff.layer_recon -   Total loss:	644.088 (rec:48.044, round:596.044)	b=9.88	count=13000
06/14/2026 14:38:54 - INFO - qdiff.layer_recon -   Total loss:	567.692 (rec:49.936, round:517.756)	b=9.31	count=13500
06/14/2026 14:38:57 - INFO - qdiff.layer_recon -   Total loss:	535.130 (rec:41.919, round:493.211)	b=8.75	count=14000
06/14/2026 14:39:01 - INFO - qdiff.layer_recon -   Total loss:	492.544 (rec:46.479, round:446.065)	b=8.19	count=14500
06/14/2026 14:39:05 - INFO - qdiff.layer_recon -   Total loss:	443.292 (rec:44.294, round:398.998)	b=7.62	count=15000
06/14/2026 14:39:08 - INFO - qdiff.layer_recon -   Total loss:	394.819 (rec:46.638, round:348.181)	b=7.06	count=15500
06/14/2026 14:39:12 - INFO - qdiff.layer_recon -   Total loss:	326.592 (rec:48.722, round:277.870)	b=6.50	count=16000
06/14/2026 14:39:15 - INFO - qdiff.layer_recon -   Total loss:	317.435 (rec:52.673, round:264.762)	b=5.94	count=16500
06/14/2026 14:39:19 - INFO - qdiff.layer_recon -   Total loss:	231.428 (rec:51.010, round:180.418)	b=5.38	count=17000
06/14/2026 14:39:22 - INFO - qdiff.layer_recon -   Total loss:	183.911 (rec:46.272, round:137.639)	b=4.81	count=17500
06/14/2026 14:39:26 - INFO - qdiff.layer_recon -   Total loss:	175.416 (rec:51.834, round:123.582)	b=4.25	count=18000
06/14/2026 14:39:30 - INFO - qdiff.layer_recon -   Total loss:	132.267 (rec:52.189, round:80.078)	b=3.69	count=18500
06/14/2026 14:39:33 - INFO - qdiff.layer_recon -   Total loss:	92.144 (rec:43.150, round:48.994)	b=3.12	count=19000
06/14/2026 14:39:37 - INFO - qdiff.layer_recon -   Total loss:	76.128 (rec:51.484, round:24.644)	b=2.56	count=19500
06/14/2026 14:39:41 - INFO - qdiff.layer_recon -   Total loss:	66.224 (rec:50.105, round:16.119)	b=2.00	count=20000
06/14/2026 14:39:41 - INFO - __main__ -   3 False
06/14/2026 14:39:41 - INFO - __main__ -   block False
06/14/2026 14:39:41 - INFO - __main__ -   0 True
06/14/2026 14:39:41 - INFO - __main__ -   Reconstruction for block 0
06/14/2026 14:40:01 - INFO - qdiff.utils -   in 1 shape: torch.Size([2000, 512, 4, 4]), in 2 shape: torch.Size([2000, 512])
06/14/2026 14:40:01 - INFO - qdiff.utils -   out shape: torch.Size([2000, 256, 4, 4])
06/14/2026 14:40:05 - INFO - qdiff.block_recon -   Total loss:	1113.111 (rec:1113.111, round:0.000)	b=0.00	count=500
06/14/2026 14:40:09 - INFO - qdiff.block_recon -   Total loss:	1101.281 (rec:1087.281, round:14.000)	b=0.00	count=1000
06/14/2026 14:40:12 - INFO - qdiff.block_recon -   Total loss:	1082.815 (rec:1082.815, round:0.000)	b=0.00	count=1500
06/14/2026 14:40:16 - INFO - qdiff.block_recon -   Total loss:	1002.484 (rec:985.484, round:17.000)	b=0.00	count=2000
06/14/2026 14:40:20 - INFO - qdiff.block_recon -   Total loss:	1080.353 (rec:1068.353, round:12.000)	b=0.00	count=2500
06/14/2026 14:40:24 - INFO - qdiff.block_recon -   Total loss:	1149.086 (rec:1134.086, round:15.000)	b=0.00	count=3000
06/14/2026 14:40:27 - INFO - qdiff.block_recon -   Total loss:	1079.856 (rec:1059.856, round:20.000)	b=0.00	count=3500
06/14/2026 14:40:31 - INFO - qdiff.block_recon -   Total loss:	18553.150 (rec:1009.429, round:17543.721)	b=20.00	count=4000
06/14/2026 14:40:36 - INFO - qdiff.block_recon -   Total loss:	13190.506 (rec:1110.365, round:12080.141)	b=19.44	count=4500
06/14/2026 14:40:41 - INFO - qdiff.block_recon -   Total loss:	12365.546 (rec:1095.637, round:11269.909)	b=18.88	count=5000
06/14/2026 14:40:47 - INFO - qdiff.block_recon -   Total loss:	11753.414 (rec:1054.708, round:10698.706)	b=18.31	count=5500
06/14/2026 14:40:52 - INFO - qdiff.block_recon -   Total loss:	11269.801 (rec:1038.041, round:10231.760)	b=17.75	count=6000
06/14/2026 14:40:57 - INFO - qdiff.block_recon -   Total loss:	10870.219 (rec:1063.555, round:9806.664)	b=17.19	count=6500
06/14/2026 14:41:02 - INFO - qdiff.block_recon -   Total loss:	10456.093 (rec:1056.123, round:9399.970)	b=16.62	count=7000
06/14/2026 14:41:07 - INFO - qdiff.block_recon -   Total loss:	10123.486 (rec:1112.141, round:9011.345)	b=16.06	count=7500
06/14/2026 14:41:12 - INFO - qdiff.block_recon -   Total loss:	9655.699 (rec:995.748, round:8659.951)	b=15.50	count=8000
06/14/2026 14:41:18 - INFO - qdiff.block_recon -   Total loss:	9345.094 (rec:1073.416, round:8271.678)	b=14.94	count=8500
06/14/2026 14:41:23 - INFO - qdiff.block_recon -   Total loss:	8969.259 (rec:1061.550, round:7907.709)	b=14.38	count=9000
06/14/2026 14:41:28 - INFO - qdiff.block_recon -   Total loss:	8575.934 (rec:1045.913, round:7530.021)	b=13.81	count=9500
06/14/2026 14:41:33 - INFO - qdiff.block_recon -   Total loss:	8275.175 (rec:1108.615, round:7166.560)	b=13.25	count=10000
06/14/2026 14:41:38 - INFO - qdiff.block_recon -   Total loss:	7786.120 (rec:1013.209, round:6772.911)	b=12.69	count=10500
06/14/2026 14:41:43 - INFO - qdiff.block_recon -   Total loss:	7469.986 (rec:1018.877, round:6451.109)	b=12.12	count=11000
06/14/2026 14:41:48 - INFO - qdiff.block_recon -   Total loss:	7138.157 (rec:1047.696, round:6090.461)	b=11.56	count=11500
06/14/2026 14:41:53 - INFO - qdiff.block_recon -   Total loss:	6741.238 (rec:992.567, round:5748.671)	b=11.00	count=12000
06/14/2026 14:41:58 - INFO - qdiff.block_recon -   Total loss:	6436.292 (rec:1037.166, round:5399.126)	b=10.44	count=12500
06/14/2026 14:42:04 - INFO - qdiff.block_recon -   Total loss:	5979.921 (rec:931.405, round:5048.516)	b=9.88	count=13000
06/14/2026 14:42:09 - INFO - qdiff.block_recon -   Total loss:	5741.858 (rec:1078.729, round:4663.129)	b=9.31	count=13500
06/14/2026 14:42:14 - INFO - qdiff.block_recon -   Total loss:	5354.856 (rec:1035.003, round:4319.853)	b=8.75	count=14000
06/14/2026 14:42:19 - INFO - qdiff.block_recon -   Total loss:	5076.584 (rec:1103.042, round:3973.542)	b=8.19	count=14500
06/14/2026 14:42:24 - INFO - qdiff.block_recon -   Total loss:	4625.587 (rec:972.529, round:3653.058)	b=7.62	count=15000
06/14/2026 14:42:29 - INFO - qdiff.block_recon -   Total loss:	4279.773 (rec:1009.181, round:3270.592)	b=7.06	count=15500
06/14/2026 14:42:34 - INFO - qdiff.block_recon -   Total loss:	3990.738 (rec:1044.417, round:2946.321)	b=6.50	count=16000
06/14/2026 14:42:40 - INFO - qdiff.block_recon -   Total loss:	3696.615 (rec:1110.959, round:2585.656)	b=5.94	count=16500
06/14/2026 14:42:45 - INFO - qdiff.block_recon -   Total loss:	3205.062 (rec:1006.293, round:2198.769)	b=5.38	count=17000
06/14/2026 14:42:50 - INFO - qdiff.block_recon -   Total loss:	2958.758 (rec:1106.710, round:1852.048)	b=4.81	count=17500
06/14/2026 14:42:55 - INFO - qdiff.block_recon -   Total loss:	2518.274 (rec:1061.848, round:1456.426)	b=4.25	count=18000
06/14/2026 14:43:00 - INFO - qdiff.block_recon -   Total loss:	2044.864 (rec:928.098, round:1116.766)	b=3.69	count=18500
06/14/2026 14:43:05 - INFO - qdiff.block_recon -   Total loss:	1816.101 (rec:1061.961, round:754.140)	b=3.12	count=19000
06/14/2026 14:43:10 - INFO - qdiff.block_recon -   Total loss:	1451.197 (rec:1073.121, round:378.076)	b=2.56	count=19500
06/14/2026 14:43:16 - INFO - qdiff.block_recon -   Total loss:	1171.143 (rec:1051.590, round:119.553)	b=2.00	count=20000
06/14/2026 14:43:16 - INFO - __main__ -   1 True
06/14/2026 14:43:16 - INFO - __main__ -   Reconstruction for block 1
06/14/2026 14:43:37 - INFO - qdiff.utils -   in 1 shape: torch.Size([2000, 512, 4, 4]), in 2 shape: torch.Size([2000, 512])
06/14/2026 14:43:37 - INFO - qdiff.utils -   out shape: torch.Size([2000, 256, 4, 4])
06/14/2026 14:43:41 - INFO - qdiff.block_recon -   Total loss:	1221.316 (rec:1221.316, round:0.000)	b=0.00	count=500
06/14/2026 14:43:45 - INFO - qdiff.block_recon -   Total loss:	1279.621 (rec:1265.621, round:14.000)	b=0.00	count=1000
06/14/2026 14:43:49 - INFO - qdiff.block_recon -   Total loss:	1126.062 (rec:1126.062, round:0.000)	b=0.00	count=1500
06/14/2026 14:43:52 - INFO - qdiff.block_recon -   Total loss:	1174.906 (rec:1162.906, round:12.000)	b=0.00	count=2000
06/14/2026 14:43:56 - INFO - qdiff.block_recon -   Total loss:	1141.779 (rec:1127.779, round:14.000)	b=0.00	count=2500
06/14/2026 14:44:00 - INFO - qdiff.block_recon -   Total loss:	1159.682 (rec:1159.682, round:0.000)	b=0.00	count=3000
06/14/2026 14:44:03 - INFO - qdiff.block_recon -   Total loss:	1143.424 (rec:1125.424, round:18.000)	b=0.00	count=3500
06/14/2026 14:44:07 - INFO - qdiff.block_recon -   Total loss:	18959.638 (rec:1218.599, round:17741.039)	b=20.00	count=4000
06/14/2026 14:44:12 - INFO - qdiff.block_recon -   Total loss:	13546.146 (rec:1208.080, round:12338.066)	b=19.44	count=4500
06/14/2026 14:44:17 - INFO - qdiff.block_recon -   Total loss:	12646.365 (rec:1108.493, round:11537.872)	b=18.88	count=5000
06/14/2026 14:44:23 - INFO - qdiff.block_recon -   Total loss:	12256.514 (rec:1259.259, round:10997.255)	b=18.31	count=5500
06/14/2026 14:44:28 - INFO - qdiff.block_recon -   Total loss:	11797.625 (rec:1279.443, round:10518.182)	b=17.75	count=6000
06/14/2026 14:44:33 - INFO - qdiff.block_recon -   Total loss:	11191.566 (rec:1073.211, round:10118.355)	b=17.19	count=6500
06/14/2026 14:44:38 - INFO - qdiff.block_recon -   Total loss:	10906.603 (rec:1221.965, round:9684.638)	b=16.62	count=7000
06/14/2026 14:44:43 - INFO - qdiff.block_recon -   Total loss:	10444.825 (rec:1154.658, round:9290.167)	b=16.06	count=7500
06/14/2026 14:44:48 - INFO - qdiff.block_recon -   Total loss:	10004.942 (rec:1091.953, round:8912.989)	b=15.50	count=8000
06/14/2026 14:44:53 - INFO - qdiff.block_recon -   Total loss:	9746.169 (rec:1216.436, round:8529.733)	b=14.94	count=8500
06/14/2026 14:44:58 - INFO - qdiff.block_recon -   Total loss:	9403.283 (rec:1213.614, round:8189.669)	b=14.38	count=9000
06/14/2026 14:45:03 - INFO - qdiff.block_recon -   Total loss:	8940.416 (rec:1149.142, round:7791.274)	b=13.81	count=9500
06/14/2026 14:45:08 - INFO - qdiff.block_recon -   Total loss:	8567.374 (rec:1141.745, round:7425.629)	b=13.25	count=10000
06/14/2026 14:45:14 - INFO - qdiff.block_recon -   Total loss:	8294.537 (rec:1208.750, round:7085.787)	b=12.69	count=10500
06/14/2026 14:45:19 - INFO - qdiff.block_recon -   Total loss:	7813.624 (rec:1118.521, round:6695.103)	b=12.12	count=11000
06/14/2026 14:45:24 - INFO - qdiff.block_recon -   Total loss:	7484.020 (rec:1152.156, round:6331.864)	b=11.56	count=11500
06/14/2026 14:45:29 - INFO - qdiff.block_recon -   Total loss:	7157.850 (rec:1152.908, round:6004.942)	b=11.00	count=12000
06/14/2026 14:45:34 - INFO - qdiff.block_recon -   Total loss:	6771.540 (rec:1157.735, round:5613.805)	b=10.44	count=12500
06/14/2026 14:45:39 - INFO - qdiff.block_recon -   Total loss:	6388.623 (rec:1130.044, round:5258.579)	b=9.88	count=13000
06/14/2026 14:45:44 - INFO - qdiff.block_recon -   Total loss:	6162.588 (rec:1264.085, round:4898.503)	b=9.31	count=13500
06/14/2026 14:45:49 - INFO - qdiff.block_recon -   Total loss:	5669.286 (rec:1136.068, round:4533.218)	b=8.75	count=14000
06/14/2026 14:45:55 - INFO - qdiff.block_recon -   Total loss:	5301.098 (rec:1130.723, round:4170.375)	b=8.19	count=14500
06/14/2026 14:46:00 - INFO - qdiff.block_recon -   Total loss:	4963.868 (rec:1121.415, round:3842.453)	b=7.62	count=15000
06/14/2026 14:46:05 - INFO - qdiff.block_recon -   Total loss:	4674.171 (rec:1201.812, round:3472.359)	b=7.06	count=15500
06/14/2026 14:46:10 - INFO - qdiff.block_recon -   Total loss:	4153.520 (rec:1054.012, round:3099.508)	b=6.50	count=16000
06/14/2026 14:46:15 - INFO - qdiff.block_recon -   Total loss:	3941.721 (rec:1205.326, round:2736.395)	b=5.94	count=16500
06/14/2026 14:46:20 - INFO - qdiff.block_recon -   Total loss:	3498.460 (rec:1146.344, round:2352.116)	b=5.38	count=17000
06/14/2026 14:46:25 - INFO - qdiff.block_recon -   Total loss:	3094.979 (rec:1126.575, round:1968.404)	b=4.81	count=17500
06/14/2026 14:46:30 - INFO - qdiff.block_recon -   Total loss:	2720.418 (rec:1140.930, round:1579.488)	b=4.25	count=18000
06/14/2026 14:46:35 - INFO - qdiff.block_recon -   Total loss:	2210.845 (rec:1060.219, round:1150.626)	b=3.69	count=18500
06/14/2026 14:46:41 - INFO - qdiff.block_recon -   Total loss:	1962.430 (rec:1163.062, round:799.368)	b=3.12	count=19000
06/14/2026 14:46:46 - INFO - qdiff.block_recon -   Total loss:	1480.761 (rec:1076.361, round:404.400)	b=2.56	count=19500
06/14/2026 14:46:51 - INFO - qdiff.block_recon -   Total loss:	1239.291 (rec:1084.873, round:154.418)	b=2.00	count=20000
06/14/2026 14:46:51 - INFO - __main__ -   2 True
06/14/2026 14:46:51 - INFO - __main__ -   Reconstruction for block 2
06/14/2026 14:47:13 - INFO - qdiff.utils -   in 1 shape: torch.Size([2000, 512, 4, 4]), in 2 shape: torch.Size([2000, 512])
06/14/2026 14:47:13 - INFO - qdiff.utils -   out shape: torch.Size([2000, 256, 4, 4])
06/14/2026 14:47:17 - INFO - qdiff.block_recon -   Total loss:	480.806 (rec:480.806, round:0.000)	b=0.00	count=500
06/14/2026 14:47:21 - INFO - qdiff.block_recon -   Total loss:	453.608 (rec:453.608, round:0.000)	b=0.00	count=1000
06/14/2026 14:47:24 - INFO - qdiff.block_recon -   Total loss:	441.981 (rec:441.981, round:0.000)	b=0.00	count=1500
06/14/2026 14:47:28 - INFO - qdiff.block_recon -   Total loss:	502.207 (rec:489.207, round:13.000)	b=0.00	count=2000
06/14/2026 14:47:32 - INFO - qdiff.block_recon -   Total loss:	443.175 (rec:443.175, round:0.000)	b=0.00	count=2500
06/14/2026 14:47:36 - INFO - qdiff.block_recon -   Total loss:	431.788 (rec:431.788, round:0.000)	b=0.00	count=3000
06/14/2026 14:47:39 - INFO - qdiff.block_recon -   Total loss:	437.799 (rec:419.799, round:18.000)	b=0.00	count=3500
06/14/2026 14:47:43 - INFO - qdiff.block_recon -   Total loss:	18072.333 (rec:379.731, round:17692.602)	b=20.00	count=4000
06/14/2026 14:47:48 - INFO - qdiff.block_recon -   Total loss:	12045.040 (rec:410.894, round:11634.146)	b=19.44	count=4500
06/14/2026 14:47:53 - INFO - qdiff.block_recon -   Total loss:	11224.353 (rec:413.267, round:10811.086)	b=18.88	count=5000
06/14/2026 14:47:58 - INFO - qdiff.block_recon -   Total loss:	10691.127 (rec:407.388, round:10283.739)	b=18.31	count=5500
06/14/2026 14:48:03 - INFO - qdiff.block_recon -   Total loss:	10234.151 (rec:406.513, round:9827.638)	b=17.75	count=6000
06/14/2026 14:48:09 - INFO - qdiff.block_recon -   Total loss:	9901.102 (rec:462.810, round:9438.292)	b=17.19	count=6500
06/14/2026 14:48:14 - INFO - qdiff.block_recon -   Total loss:	9445.913 (rec:443.574, round:9002.339)	b=16.62	count=7000
06/14/2026 14:48:19 - INFO - qdiff.block_recon -   Total loss:	9102.902 (rec:469.417, round:8633.485)	b=16.06	count=7500
06/14/2026 14:48:24 - INFO - qdiff.block_recon -   Total loss:	8645.929 (rec:437.366, round:8208.563)	b=15.50	count=8000
06/14/2026 14:48:29 - INFO - qdiff.block_recon -   Total loss:	8254.840 (rec:424.463, round:7830.377)	b=14.94	count=8500
06/14/2026 14:48:34 - INFO - qdiff.block_recon -   Total loss:	7867.290 (rec:415.260, round:7452.030)	b=14.38	count=9000
06/14/2026 14:48:39 - INFO - qdiff.block_recon -   Total loss:	7597.553 (rec:488.578, round:7108.975)	b=13.81	count=9500
06/14/2026 14:48:44 - INFO - qdiff.block_recon -   Total loss:	7164.194 (rec:420.037, round:6744.157)	b=13.25	count=10000
06/14/2026 14:48:50 - INFO - qdiff.block_recon -   Total loss:	6798.753 (rec:423.032, round:6375.721)	b=12.69	count=10500
06/14/2026 14:48:55 - INFO - qdiff.block_recon -   Total loss:	6413.591 (rec:401.503, round:6012.088)	b=12.12	count=11000
06/14/2026 14:49:00 - INFO - qdiff.block_recon -   Total loss:	6086.035 (rec:469.566, round:5616.469)	b=11.56	count=11500
06/14/2026 14:49:05 - INFO - qdiff.block_recon -   Total loss:	5724.787 (rec:461.760, round:5263.027)	b=11.00	count=12000
06/14/2026 14:49:10 - INFO - qdiff.block_recon -   Total loss:	5337.400 (rec:408.306, round:4929.094)	b=10.44	count=12500
06/14/2026 14:49:15 - INFO - qdiff.block_recon -   Total loss:	5029.711 (rec:457.895, round:4571.816)	b=9.88	count=13000
06/14/2026 14:49:20 - INFO - qdiff.block_recon -   Total loss:	4657.047 (rec:433.113, round:4223.934)	b=9.31	count=13500
06/14/2026 14:49:25 - INFO - qdiff.block_recon -   Total loss:	4283.362 (rec:410.475, round:3872.887)	b=8.75	count=14000
06/14/2026 14:49:30 - INFO - qdiff.block_recon -   Total loss:	3966.469 (rec:433.987, round:3532.482)	b=8.19	count=14500
06/14/2026 14:49:35 - INFO - qdiff.block_recon -   Total loss:	3569.632 (rec:425.046, round:3144.586)	b=7.62	count=15000
06/14/2026 14:49:41 - INFO - qdiff.block_recon -   Total loss:	3261.925 (rec:468.417, round:2793.508)	b=7.06	count=15500
06/14/2026 14:49:46 - INFO - qdiff.block_recon -   Total loss:	2899.486 (rec:422.807, round:2476.679)	b=6.50	count=16000
06/14/2026 14:49:51 - INFO - qdiff.block_recon -   Total loss:	2521.730 (rec:425.683, round:2096.047)	b=5.94	count=16500
06/14/2026 14:49:56 - INFO - qdiff.block_recon -   Total loss:	2166.891 (rec:418.415, round:1748.476)	b=5.38	count=17000
06/14/2026 14:50:01 - INFO - qdiff.block_recon -   Total loss:	1846.138 (rec:443.708, round:1402.430)	b=4.81	count=17500
06/14/2026 14:50:06 - INFO - qdiff.block_recon -   Total loss:	1501.979 (rec:443.459, round:1058.520)	b=4.25	count=18000
06/14/2026 14:50:11 - INFO - qdiff.block_recon -   Total loss:	1118.202 (rec:386.217, round:731.985)	b=3.69	count=18500
06/14/2026 14:50:16 - INFO - qdiff.block_recon -   Total loss:	898.857 (rec:441.033, round:457.824)	b=3.12	count=19000
06/14/2026 14:50:21 - INFO - qdiff.block_recon -   Total loss:	590.172 (rec:422.724, round:167.448)	b=2.56	count=19500
06/14/2026 14:50:26 - INFO - qdiff.block_recon -   Total loss:	450.611 (rec:432.698, round:17.913)	b=2.00	count=20000
06/14/2026 14:50:26 - INFO - __main__ -   attn False
06/14/2026 14:50:26 - INFO - __main__ -   upsample False
06/14/2026 14:50:26 - INFO - __main__ -   conv False
06/14/2026 14:50:26 - INFO - __main__ -   Reconstruction for layer conv
06/14/2026 14:50:49 - INFO - qdiff.utils -   in shape: torch.Size([2000, 256, 8, 8])
06/14/2026 14:50:49 - INFO - qdiff.utils -   out shape: torch.Size([2000, 256, 8, 8])
06/14/2026 14:50:51 - INFO - qdiff.layer_recon -   Total loss:	100.076 (rec:100.076, round:0.000)	b=0.00	count=500
06/14/2026 14:50:53 - INFO - qdiff.layer_recon -   Total loss:	104.320 (rec:85.320, round:19.000)	b=0.00	count=1000
06/14/2026 14:50:54 - INFO - qdiff.layer_recon -   Total loss:	104.964 (rec:85.964, round:19.000)	b=0.00	count=1500
06/14/2026 14:50:56 - INFO - qdiff.layer_recon -   Total loss:	87.930 (rec:87.930, round:0.000)	b=0.00	count=2000
06/14/2026 14:50:58 - INFO - qdiff.layer_recon -   Total loss:	77.832 (rec:77.832, round:0.000)	b=0.00	count=2500
06/14/2026 14:50:59 - INFO - qdiff.layer_recon -   Total loss:	83.574 (rec:73.574, round:10.000)	b=0.00	count=3000
06/14/2026 14:51:01 - INFO - qdiff.layer_recon -   Total loss:	100.456 (rec:82.456, round:18.000)	b=0.00	count=3500
06/14/2026 14:51:03 - INFO - qdiff.layer_recon -   Total loss:	4740.249 (rec:71.367, round:4668.882)	b=20.00	count=4000
06/14/2026 14:51:05 - INFO - qdiff.layer_recon -   Total loss:	2997.370 (rec:79.089, round:2918.281)	b=19.44	count=4500
06/14/2026 14:51:07 - INFO - qdiff.layer_recon -   Total loss:	2729.814 (rec:77.572, round:2652.242)	b=18.88	count=5000
06/14/2026 14:51:09 - INFO - qdiff.layer_recon -   Total loss:	2497.224 (rec:73.048, round:2424.176)	b=18.31	count=5500
06/14/2026 14:51:11 - INFO - qdiff.layer_recon -   Total loss:	2363.686 (rec:76.438, round:2287.248)	b=17.75	count=6000
06/14/2026 14:51:13 - INFO - qdiff.layer_recon -   Total loss:	2201.909 (rec:69.217, round:2132.692)	b=17.19	count=6500
06/14/2026 14:51:15 - INFO - qdiff.layer_recon -   Total loss:	2043.230 (rec:76.552, round:1966.678)	b=16.62	count=7000
06/14/2026 14:51:17 - INFO - qdiff.layer_recon -   Total loss:	1924.604 (rec:72.440, round:1852.164)	b=16.06	count=7500
06/14/2026 14:51:19 - INFO - qdiff.layer_recon -   Total loss:	1830.389 (rec:68.838, round:1761.551)	b=15.50	count=8000
06/14/2026 14:51:21 - INFO - qdiff.layer_recon -   Total loss:	1720.548 (rec:65.211, round:1655.337)	b=14.94	count=8500
06/14/2026 14:51:23 - INFO - qdiff.layer_recon -   Total loss:	1588.820 (rec:63.782, round:1525.038)	b=14.38	count=9000
06/14/2026 14:51:25 - INFO - qdiff.layer_recon -   Total loss:	1537.096 (rec:70.108, round:1466.988)	b=13.81	count=9500
06/14/2026 14:51:27 - INFO - qdiff.layer_recon -   Total loss:	1454.849 (rec:75.076, round:1379.773)	b=13.25	count=10000
06/14/2026 14:51:29 - INFO - qdiff.layer_recon -   Total loss:	1357.425 (rec:64.918, round:1292.507)	b=12.69	count=10500
06/14/2026 14:51:31 - INFO - qdiff.layer_recon -   Total loss:	1256.903 (rec:70.258, round:1186.645)	b=12.12	count=11000
06/14/2026 14:51:33 - INFO - qdiff.layer_recon -   Total loss:	1210.267 (rec:74.797, round:1135.470)	b=11.56	count=11500
06/14/2026 14:51:35 - INFO - qdiff.layer_recon -   Total loss:	1125.441 (rec:65.583, round:1059.858)	b=11.00	count=12000
06/14/2026 14:51:37 - INFO - qdiff.layer_recon -   Total loss:	1052.501 (rec:63.595, round:988.906)	b=10.44	count=12500
06/14/2026 14:51:39 - INFO - qdiff.layer_recon -   Total loss:	948.870 (rec:67.038, round:881.832)	b=9.88	count=13000
06/14/2026 14:51:41 - INFO - qdiff.layer_recon -   Total loss:	907.542 (rec:66.384, round:841.158)	b=9.31	count=13500
06/14/2026 14:51:43 - INFO - qdiff.layer_recon -   Total loss:	847.027 (rec:65.640, round:781.387)	b=8.75	count=14000
06/14/2026 14:51:45 - INFO - qdiff.layer_recon -   Total loss:	777.471 (rec:72.349, round:705.122)	b=8.19	count=14500
06/14/2026 14:51:48 - INFO - qdiff.layer_recon -   Total loss:	705.853 (rec:66.586, round:639.267)	b=7.62	count=15000
06/14/2026 14:51:50 - INFO - qdiff.layer_recon -   Total loss:	638.819 (rec:65.778, round:573.041)	b=7.06	count=15500
06/14/2026 14:51:52 - INFO - qdiff.layer_recon -   Total loss:	574.972 (rec:68.348, round:506.624)	b=6.50	count=16000
06/14/2026 14:51:54 - INFO - qdiff.layer_recon -   Total loss:	504.755 (rec:65.591, round:439.164)	b=5.94	count=16500
06/14/2026 14:51:56 - INFO - qdiff.layer_recon -   Total loss:	414.747 (rec:75.748, round:338.999)	b=5.38	count=17000
06/14/2026 14:51:58 - INFO - qdiff.layer_recon -   Total loss:	378.649 (rec:71.488, round:307.161)	b=4.81	count=17500
06/14/2026 14:52:00 - INFO - qdiff.layer_recon -   Total loss:	275.864 (rec:73.058, round:202.806)	b=4.25	count=18000
06/14/2026 14:52:02 - INFO - qdiff.layer_recon -   Total loss:	215.972 (rec:76.261, round:139.711)	b=3.69	count=18500
06/14/2026 14:52:04 - INFO - qdiff.layer_recon -   Total loss:	175.057 (rec:69.233, round:105.824)	b=3.12	count=19000
06/14/2026 14:52:06 - INFO - qdiff.layer_recon -   Total loss:	86.556 (rec:63.047, round:23.509)	b=2.56	count=19500
06/14/2026 14:52:08 - INFO - qdiff.layer_recon -   Total loss:	86.718 (rec:68.210, round:18.508)	b=2.00	count=20000
06/14/2026 14:52:08 - INFO - __main__ -   norm_out False
06/14/2026 14:52:08 - INFO - __main__ -   conv_out False
06/14/2026 14:52:08 - INFO - __main__ -   Reconstruction for layer conv_out
06/14/2026 14:52:44 - INFO - qdiff.utils -   in shape: torch.Size([2000, 128, 32, 32])
06/14/2026 14:52:44 - INFO - qdiff.utils -   out shape: torch.Size([2000, 3, 32, 32])
06/14/2026 14:52:48 - INFO - qdiff.layer_recon -   Total loss:	0.000 (rec:0.000, round:0.000)	b=0.00	count=500
06/14/2026 14:52:51 - INFO - qdiff.layer_recon -   Total loss:	0.000 (rec:0.000, round:0.000)	b=0.00	count=1000
06/14/2026 14:52:54 - INFO - qdiff.layer_recon -   Total loss:	12.000 (rec:0.000, round:12.000)	b=0.00	count=1500
06/14/2026 14:52:58 - INFO - qdiff.layer_recon -   Total loss:	12.000 (rec:0.000, round:12.000)	b=0.00	count=2000
06/14/2026 14:53:01 - INFO - qdiff.layer_recon -   Total loss:	11.000 (rec:0.000, round:11.000)	b=0.00	count=2500
06/14/2026 14:53:04 - INFO - qdiff.layer_recon -   Total loss:	0.000 (rec:0.000, round:0.000)	b=0.00	count=3000
06/14/2026 14:53:08 - INFO - qdiff.layer_recon -   Total loss:	0.000 (rec:0.000, round:0.000)	b=0.00	count=3500
06/14/2026 14:53:11 - INFO - qdiff.layer_recon -   Total loss:	42.254 (rec:0.000, round:42.254)	b=20.00	count=4000
06/14/2026 14:53:15 - INFO - qdiff.layer_recon -   Total loss:	33.181 (rec:0.000, round:33.181)	b=19.44	count=4500
06/14/2026 14:53:18 - INFO - qdiff.layer_recon -   Total loss:	24.782 (rec:0.000, round:24.782)	b=18.88	count=5000
06/14/2026 14:53:22 - INFO - qdiff.layer_recon -   Total loss:	0.000 (rec:0.000, round:0.000)	b=18.31	count=5500
06/14/2026 14:53:26 - INFO - qdiff.layer_recon -   Total loss:	0.000 (rec:0.000, round:0.000)	b=17.75	count=6000
06/14/2026 14:53:29 - INFO - qdiff.layer_recon -   Total loss:	22.603 (rec:0.000, round:22.603)	b=17.19	count=6500
06/14/2026 14:53:33 - INFO - qdiff.layer_recon -   Total loss:	0.000 (rec:0.000, round:0.000)	b=16.62	count=7000
06/14/2026 14:53:36 - INFO - qdiff.layer_recon -   Total loss:	0.000 (rec:0.000, round:0.000)	b=16.06	count=7500
06/14/2026 14:53:40 - INFO - qdiff.layer_recon -   Total loss:	25.775 (rec:0.000, round:25.775)	b=15.50	count=8000
06/14/2026 14:53:44 - INFO - qdiff.layer_recon -   Total loss:	0.000 (rec:0.000, round:0.000)	b=14.94	count=8500
06/14/2026 14:53:47 - INFO - qdiff.layer_recon -   Total loss:	0.000 (rec:0.000, round:0.000)	b=14.38	count=9000
06/14/2026 14:53:51 - INFO - qdiff.layer_recon -   Total loss:	0.000 (rec:0.000, round:0.000)	b=13.81	count=9500
06/14/2026 14:53:55 - INFO - qdiff.layer_recon -   Total loss:	0.000 (rec:0.000, round:0.000)	b=13.25	count=10000
06/14/2026 14:53:58 - INFO - qdiff.layer_recon -   Total loss:	17.652 (rec:0.000, round:17.652)	b=12.69	count=10500
06/14/2026 14:54:02 - INFO - qdiff.layer_recon -   Total loss:	0.000 (rec:0.000, round:0.000)	b=12.12	count=11000
06/14/2026 14:54:05 - INFO - qdiff.layer_recon -   Total loss:	14.364 (rec:0.000, round:14.364)	b=11.56	count=11500
06/14/2026 14:54:09 - INFO - qdiff.layer_recon -   Total loss:	17.736 (rec:0.000, round:17.736)	b=11.00	count=12000
06/14/2026 14:54:13 - INFO - qdiff.layer_recon -   Total loss:	14.093 (rec:0.000, round:14.093)	b=10.44	count=12500
06/14/2026 14:54:16 - INFO - qdiff.layer_recon -   Total loss:	0.000 (rec:0.000, round:0.000)	b=9.88	count=13000
06/14/2026 14:54:20 - INFO - qdiff.layer_recon -   Total loss:	0.000 (rec:0.000, round:0.000)	b=9.31	count=13500
06/14/2026 14:54:24 - INFO - qdiff.layer_recon -   Total loss:	0.000 (rec:0.000, round:0.000)	b=8.75	count=14000
06/14/2026 14:54:27 - INFO - qdiff.layer_recon -   Total loss:	17.412 (rec:0.000, round:17.412)	b=8.19	count=14500
06/14/2026 14:54:31 - INFO - qdiff.layer_recon -   Total loss:	0.000 (rec:0.000, round:0.000)	b=7.62	count=15000
06/14/2026 14:54:34 - INFO - qdiff.layer_recon -   Total loss:	16.194 (rec:0.000, round:16.194)	b=7.06	count=15500
06/14/2026 14:54:38 - INFO - qdiff.layer_recon -   Total loss:	0.000 (rec:0.000, round:0.000)	b=6.50	count=16000
06/14/2026 14:54:42 - INFO - qdiff.layer_recon -   Total loss:	0.000 (rec:0.000, round:0.000)	b=5.94	count=16500
06/14/2026 14:54:45 - INFO - qdiff.layer_recon -   Total loss:	11.038 (rec:0.000, round:11.038)	b=5.38	count=17000
06/14/2026 14:54:49 - INFO - qdiff.layer_recon -   Total loss:	15.005 (rec:0.000, round:15.005)	b=4.81	count=17500
06/14/2026 14:54:53 - INFO - qdiff.layer_recon -   Total loss:	0.000 (rec:0.000, round:0.000)	b=4.25	count=18000
06/14/2026 14:54:56 - INFO - qdiff.layer_recon -   Total loss:	13.000 (rec:0.000, round:13.000)	b=3.69	count=18500
06/14/2026 14:55:00 - INFO - qdiff.layer_recon -   Total loss:	0.000 (rec:0.000, round:0.000)	b=3.12	count=19000
06/14/2026 14:55:04 - INFO - qdiff.layer_recon -   Total loss:	13.000 (rec:0.000, round:13.000)	b=2.56	count=19500
06/14/2026 14:55:07 - INFO - qdiff.layer_recon -   Total loss:	10.000 (rec:0.000, round:10.000)	b=2.00	count=20000
06/14/2026 14:55:07 - INFO - __main__ -   UNet model
06/14/2026 14:55:07 - INFO - __main__ -   Model(
  (temb): Module(
    (dense): ModuleList(
      (0): QuantModule(
        in_features=128, out_features=512, bias=True
        (weight_quantizer): AdaRoundQuantizer(bit=8, symmetric=False, round_mode=learned_hard_sigmoid)
        (act_quantizer): UniformAffineQuantizer(bit=8, scale_method=max, symmetric=True, channel_wise=False, leaf_param=True)
        (activation_function): StraightThrough()
      )
      (1): QuantModule(
        in_features=512, out_features=512, bias=True
        (weight_quantizer): AdaRoundQuantizer(bit=8, symmetric=False, round_mode=learned_hard_sigmoid)
        (act_quantizer): UniformAffineQuantizer(bit=8, scale_method=max, symmetric=True, channel_wise=False, leaf_param=True)
        (activation_function): StraightThrough()
      )
    )
  )
  (conv_in): QuantModule(
    3, 128, kernel_size=(3, 3), stride=(1, 1), padding=(1, 1)
    (weight_quantizer): AdaRoundQuantizer(bit=8, symmetric=False, round_mode=learned_hard_sigmoid)
    (act_quantizer): UniformAffineQuantizer(bit=8, scale_method=max, symmetric=True, channel_wise=False, leaf_param=True)
    (activation_function): StraightThrough()
  )
  (down): ModuleList(
    (0): Module(
      (block): ModuleList(
        (0-1): 2 x QuantResnetBlock(
          (act_quantizer): UniformAffineQuantizer(bit=8, scale_method=max, symmetric=True, channel_wise=False, leaf_param=True)
          (activation_function): StraightThrough()
          (norm1): GroupNorm(32, 128, eps=1e-06, affine=True)
          (conv1): QuantModule(
            128, 128, kernel_size=(3, 3), stride=(1, 1), padding=(1, 1)
            (weight_quantizer): AdaRoundQuantizer(bit=8, symmetric=False, round_mode=learned_hard_sigmoid)
            (act_quantizer): UniformAffineQuantizer(bit=8, scale_method=max, symmetric=True, channel_wise=False, leaf_param=True)
            (activation_function): StraightThrough()
          )
          (temb_proj): QuantModule(
            in_features=512, out_features=128, bias=True
            (weight_quantizer): AdaRoundQuantizer(bit=8, symmetric=False, round_mode=learned_hard_sigmoid)
            (act_quantizer): UniformAffineQuantizer(bit=8, scale_method=max, symmetric=True, channel_wise=False, leaf_param=True)
            (activation_function): StraightThrough()
          )
          (norm2): GroupNorm(32, 128, eps=1e-06, affine=True)
          (dropout): Dropout(p=0.1, inplace=False)
          (conv2): QuantModule(
            128, 128, kernel_size=(3, 3), stride=(1, 1), padding=(1, 1)
            (weight_quantizer): AdaRoundQuantizer(bit=8, symmetric=False, round_mode=learned_hard_sigmoid)
            (act_quantizer): UniformAffineQuantizer(bit=8, scale_method=max, symmetric=True, channel_wise=False, leaf_param=True)
            (activation_function): StraightThrough()
          )
        )
      )
      (attn): ModuleList()
      (downsample): Downsample(
        (conv): QuantModule(
          128, 128, kernel_size=(3, 3), stride=(2, 2)
          (weight_quantizer): AdaRoundQuantizer(bit=8, symmetric=False, round_mode=learned_hard_sigmoid)
          (act_quantizer): UniformAffineQuantizer(bit=8, scale_method=max, symmetric=True, channel_wise=False, leaf_param=True)
          (activation_function): StraightThrough()
        )
      )
    )
    (1): Module(
      (block): ModuleList(
        (0): QuantResnetBlock(
          (act_quantizer): UniformAffineQuantizer(bit=8, scale_method=max, symmetric=True, channel_wise=False, leaf_param=True)
          (activation_function): StraightThrough()
          (norm1): GroupNorm(32, 128, eps=1e-06, affine=True)
          (conv1): QuantModule(
            128, 256, kernel_size=(3, 3), stride=(1, 1), padding=(1, 1)
            (weight_quantizer): AdaRoundQuantizer(bit=8, symmetric=False, round_mode=learned_hard_sigmoid)
            (act_quantizer): UniformAffineQuantizer(bit=8, scale_method=max, symmetric=True, channel_wise=False, leaf_param=True)
            (activation_function): StraightThrough()
          )
          (temb_proj): QuantModule(
            in_features=512, out_features=256, bias=True
            (weight_quantizer): AdaRoundQuantizer(bit=8, symmetric=False, round_mode=learned_hard_sigmoid)
            (act_quantizer): UniformAffineQuantizer(bit=8, scale_method=max, symmetric=True, channel_wise=False, leaf_param=True)
            (activation_function): StraightThrough()
          )
          (norm2): GroupNorm(32, 256, eps=1e-06, affine=True)
          (dropout): Dropout(p=0.1, inplace=False)
          (conv2): QuantModule(
            256, 256, kernel_size=(3, 3), stride=(1, 1), padding=(1, 1)
            (weight_quantizer): AdaRoundQuantizer(bit=8, symmetric=False, round_mode=learned_hard_sigmoid)
            (act_quantizer): UniformAffineQuantizer(bit=8, scale_method=max, symmetric=True, channel_wise=False, leaf_param=True)
            (activation_function): StraightThrough()
          )
          (nin_shortcut): QuantModule(
            128, 256, kernel_size=(1, 1), stride=(1, 1)
            (weight_quantizer): AdaRoundQuantizer(bit=8, symmetric=False, round_mode=learned_hard_sigmoid)
            (act_quantizer): UniformAffineQuantizer(bit=8, scale_method=max, symmetric=True, channel_wise=False, leaf_param=True)
            (activation_function): StraightThrough()
          )
        )
        (1): QuantResnetBlock(
          (act_quantizer): UniformAffineQuantizer(bit=8, scale_method=max, symmetric=True, channel_wise=False, leaf_param=True)
          (activation_function): StraightThrough()
          (norm1): GroupNorm(32, 256, eps=1e-06, affine=True)
          (conv1): QuantModule(
            256, 256, kernel_size=(3, 3), stride=(1, 1), padding=(1, 1)
            (weight_quantizer): AdaRoundQuantizer(bit=8, symmetric=False, round_mode=learned_hard_sigmoid)
            (act_quantizer): UniformAffineQuantizer(bit=8, scale_method=max, symmetric=True, channel_wise=False, leaf_param=True)
            (activation_function): StraightThrough()
          )
          (temb_proj): QuantModule(
            in_features=512, out_features=256, bias=True
            (weight_quantizer): AdaRoundQuantizer(bit=8, symmetric=False, round_mode=learned_hard_sigmoid)
            (act_quantizer): UniformAffineQuantizer(bit=8, scale_method=max, symmetric=True, channel_wise=False, leaf_param=True)
            (activation_function): StraightThrough()
          )
          (norm2): GroupNorm(32, 256, eps=1e-06, affine=True)
          (dropout): Dropout(p=0.1, inplace=False)
          (conv2): QuantModule(
            256, 256, kernel_size=(3, 3), stride=(1, 1), padding=(1, 1)
            (weight_quantizer): AdaRoundQuantizer(bit=8, symmetric=False, round_mode=learned_hard_sigmoid)
            (act_quantizer): UniformAffineQuantizer(bit=8, scale_method=max, symmetric=True, channel_wise=False, leaf_param=True)
            (activation_function): StraightThrough()
          )
        )
      )
      (attn): ModuleList(
        (0-1): 2 x QuantAttnBlock(
          (act_quantizer): UniformAffineQuantizer(bit=8, scale_method=max, symmetric=True, channel_wise=False, leaf_param=True)
          (activation_function): StraightThrough()
          (norm): GroupNorm(32, 256, eps=1e-06, affine=True)
          (q): QuantModule(
            256, 256, kernel_size=(1, 1), stride=(1, 1)
            (weight_quantizer): AdaRoundQuantizer(bit=8, symmetric=False, round_mode=learned_hard_sigmoid)
            (act_quantizer): UniformAffineQuantizer(bit=8, scale_method=max, symmetric=True, channel_wise=False, leaf_param=True)
            (activation_function): StraightThrough()
          )
          (k): QuantModule(
            256, 256, kernel_size=(1, 1), stride=(1, 1)
            (weight_quantizer): AdaRoundQuantizer(bit=8, symmetric=False, round_mode=learned_hard_sigmoid)
            (act_quantizer): UniformAffineQuantizer(bit=8, scale_method=max, symmetric=True, channel_wise=False, leaf_param=True)
            (activation_function): StraightThrough()
          )
          (v): QuantModule(
            256, 256, kernel_size=(1, 1), stride=(1, 1)
            (weight_quantizer): AdaRoundQuantizer(bit=8, symmetric=False, round_mode=learned_hard_sigmoid)
            (act_quantizer): UniformAffineQuantizer(bit=8, scale_method=max, symmetric=True, channel_wise=False, leaf_param=True)
            (activation_function): StraightThrough()
          )
          (proj_out): QuantModule(
            256, 256, kernel_size=(1, 1), stride=(1, 1)
            (weight_quantizer): AdaRoundQuantizer(bit=8, symmetric=False, round_mode=learned_hard_sigmoid)
            (act_quantizer): UniformAffineQuantizer(bit=8, scale_method=max, symmetric=True, channel_wise=False, leaf_param=True)
            (activation_function): StraightThrough()
          )
          (act_quantizer_q): UniformAffineQuantizer(bit=8, scale_method=max, symmetric=True, channel_wise=False, leaf_param=True)
          (act_quantizer_k): UniformAffineQuantizer(bit=8, scale_method=max, symmetric=True, channel_wise=False, leaf_param=True)
          (act_quantizer_v): UniformAffineQuantizer(bit=8, scale_method=max, symmetric=True, channel_wise=False, leaf_param=True)
          (act_quantizer_w): UniformAffineQuantizer(bit=8, scale_method=max, symmetric=True, channel_wise=False, leaf_param=True)
        )
      )
      (downsample): Downsample(
        (conv): QuantModule(
          256, 256, kernel_size=(3, 3), stride=(2, 2)
          (weight_quantizer): AdaRoundQuantizer(bit=8, symmetric=False, round_mode=learned_hard_sigmoid)
          (act_quantizer): UniformAffineQuantizer(bit=8, scale_method=max, symmetric=True, channel_wise=False, leaf_param=True)
          (activation_function): StraightThrough()
        )
      )
    )
    (2): Module(
      (block): ModuleList(
        (0-1): 2 x QuantResnetBlock(
          (act_quantizer): UniformAffineQuantizer(bit=8, scale_method=max, symmetric=True, channel_wise=False, leaf_param=True)
          (activation_function): StraightThrough()
          (norm1): GroupNorm(32, 256, eps=1e-06, affine=True)
          (conv1): QuantModule(
            256, 256, kernel_size=(3, 3), stride=(1, 1), padding=(1, 1)
            (weight_quantizer): AdaRoundQuantizer(bit=8, symmetric=False, round_mode=learned_hard_sigmoid)
            (act_quantizer): UniformAffineQuantizer(bit=8, scale_method=max, symmetric=True, channel_wise=False, leaf_param=True)
            (activation_function): StraightThrough()
          )
          (temb_proj): QuantModule(
            in_features=512, out_features=256, bias=True
            (weight_quantizer): AdaRoundQuantizer(bit=8, symmetric=False, round_mode=learned_hard_sigmoid)
            (act_quantizer): UniformAffineQuantizer(bit=8, scale_method=max, symmetric=True, channel_wise=False, leaf_param=True)
            (activation_function): StraightThrough()
          )
          (norm2): GroupNorm(32, 256, eps=1e-06, affine=True)
          (dropout): Dropout(p=0.1, inplace=False)
          (conv2): QuantModule(
            256, 256, kernel_size=(3, 3), stride=(1, 1), padding=(1, 1)
            (weight_quantizer): AdaRoundQuantizer(bit=8, symmetric=False, round_mode=learned_hard_sigmoid)
            (act_quantizer): UniformAffineQuantizer(bit=8, scale_method=max, symmetric=True, channel_wise=False, leaf_param=True)
            (activation_function): StraightThrough()
          )
        )
      )
      (attn): ModuleList()
      (downsample): Downsample(
        (conv): QuantModule(
          256, 256, kernel_size=(3, 3), stride=(2, 2)
          (weight_quantizer): AdaRoundQuantizer(bit=8, symmetric=False, round_mode=learned_hard_sigmoid)
          (act_quantizer): UniformAffineQuantizer(bit=8, scale_method=max, symmetric=True, channel_wise=False, leaf_param=True)
          (activation_function): StraightThrough()
        )
      )
    )
    (3): Module(
      (block): ModuleList(
        (0-1): 2 x QuantResnetBlock(
          (act_quantizer): UniformAffineQuantizer(bit=8, scale_method=max, symmetric=True, channel_wise=False, leaf_param=True)
          (activation_function): StraightThrough()
          (norm1): GroupNorm(32, 256, eps=1e-06, affine=True)
          (conv1): QuantModule(
            256, 256, kernel_size=(3, 3), stride=(1, 1), padding=(1, 1)
            (weight_quantizer): AdaRoundQuantizer(bit=8, symmetric=False, round_mode=learned_hard_sigmoid)
            (act_quantizer): UniformAffineQuantizer(bit=8, scale_method=max, symmetric=True, channel_wise=False, leaf_param=True)
            (activation_function): StraightThrough()
          )
          (temb_proj): QuantModule(
            in_features=512, out_features=256, bias=True
            (weight_quantizer): AdaRoundQuantizer(bit=8, symmetric=False, round_mode=learned_hard_sigmoid)
            (act_quantizer): UniformAffineQuantizer(bit=8, scale_method=max, symmetric=True, channel_wise=False, leaf_param=True)
            (activation_function): StraightThrough()
          )
          (norm2): GroupNorm(32, 256, eps=1e-06, affine=True)
          (dropout): Dropout(p=0.1, inplace=False)
          (conv2): QuantModule(
            256, 256, kernel_size=(3, 3), stride=(1, 1), padding=(1, 1)
            (weight_quantizer): AdaRoundQuantizer(bit=8, symmetric=False, round_mode=learned_hard_sigmoid)
            (act_quantizer): UniformAffineQuantizer(bit=8, scale_method=max, symmetric=True, channel_wise=False, leaf_param=True)
            (activation_function): StraightThrough()
          )
        )
      )
      (attn): ModuleList()
    )
  )
  (mid): Module(
    (block_1): QuantResnetBlock(
      (act_quantizer): UniformAffineQuantizer(bit=8, scale_method=max, symmetric=True, channel_wise=False, leaf_param=True)
      (activation_function): StraightThrough()
      (norm1): GroupNorm(32, 256, eps=1e-06, affine=True)
      (conv1): QuantModule(
        256, 256, kernel_size=(3, 3), stride=(1, 1), padding=(1, 1)
        (weight_quantizer): AdaRoundQuantizer(bit=8, symmetric=False, round_mode=learned_hard_sigmoid)
        (act_quantizer): UniformAffineQuantizer(bit=8, scale_method=max, symmetric=True, channel_wise=False, leaf_param=True)
        (activation_function): StraightThrough()
      )
      (temb_proj): QuantModule(
        in_features=512, out_features=256, bias=True
        (weight_quantizer): AdaRoundQuantizer(bit=8, symmetric=False, round_mode=learned_hard_sigmoid)
        (act_quantizer): UniformAffineQuantizer(bit=8, scale_method=max, symmetric=True, channel_wise=False, leaf_param=True)
        (activation_function): StraightThrough()
      )
      (norm2): GroupNorm(32, 256, eps=1e-06, affine=True)
      (dropout): Dropout(p=0.1, inplace=False)
      (conv2): QuantModule(
        256, 256, kernel_size=(3, 3), stride=(1, 1), padding=(1, 1)
        (weight_quantizer): AdaRoundQuantizer(bit=8, symmetric=False, round_mode=learned_hard_sigmoid)
        (act_quantizer): UniformAffineQuantizer(bit=8, scale_method=max, symmetric=True, channel_wise=False, leaf_param=True)
        (activation_function): StraightThrough()
      )
    )
    (attn_1): QuantAttnBlock(
      (act_quantizer): UniformAffineQuantizer(bit=8, scale_method=max, symmetric=True, channel_wise=False, leaf_param=True)
      (activation_function): StraightThrough()
      (norm): GroupNorm(32, 256, eps=1e-06, affine=True)
      (q): QuantModule(
        256, 256, kernel_size=(1, 1), stride=(1, 1)
        (weight_quantizer): AdaRoundQuantizer(bit=8, symmetric=False, round_mode=learned_hard_sigmoid)
        (act_quantizer): UniformAffineQuantizer(bit=8, scale_method=max, symmetric=True, channel_wise=False, leaf_param=True)
        (activation_function): StraightThrough()
      )
      (k): QuantModule(
        256, 256, kernel_size=(1, 1), stride=(1, 1)
        (weight_quantizer): AdaRoundQuantizer(bit=8, symmetric=False, round_mode=learned_hard_sigmoid)
        (act_quantizer): UniformAffineQuantizer(bit=8, scale_method=max, symmetric=True, channel_wise=False, leaf_param=True)
        (activation_function): StraightThrough()
      )
      (v): QuantModule(
        256, 256, kernel_size=(1, 1), stride=(1, 1)
        (weight_quantizer): AdaRoundQuantizer(bit=8, symmetric=False, round_mode=learned_hard_sigmoid)
        (act_quantizer): UniformAffineQuantizer(bit=8, scale_method=max, symmetric=True, channel_wise=False, leaf_param=True)
        (activation_function): StraightThrough()
      )
      (proj_out): QuantModule(
        256, 256, kernel_size=(1, 1), stride=(1, 1)
        (weight_quantizer): AdaRoundQuantizer(bit=8, symmetric=False, round_mode=learned_hard_sigmoid)
        (act_quantizer): UniformAffineQuantizer(bit=8, scale_method=max, symmetric=True, channel_wise=False, leaf_param=True)
        (activation_function): StraightThrough()
      )
      (act_quantizer_q): UniformAffineQuantizer(bit=8, scale_method=max, symmetric=True, channel_wise=False, leaf_param=True)
      (act_quantizer_k): UniformAffineQuantizer(bit=8, scale_method=max, symmetric=True, channel_wise=False, leaf_param=True)
      (act_quantizer_v): UniformAffineQuantizer(bit=8, scale_method=max, symmetric=True, channel_wise=False, leaf_param=True)
      (act_quantizer_w): UniformAffineQuantizer(bit=8, scale_method=max, symmetric=True, channel_wise=False, leaf_param=True)
    )
    (block_2): QuantResnetBlock(
      (act_quantizer): UniformAffineQuantizer(bit=8, scale_method=max, symmetric=True, channel_wise=False, leaf_param=True)
      (activation_function): StraightThrough()
      (norm1): GroupNorm(32, 256, eps=1e-06, affine=True)
      (conv1): QuantModule(
        256, 256, kernel_size=(3, 3), stride=(1, 1), padding=(1, 1)
        (weight_quantizer): AdaRoundQuantizer(bit=8, symmetric=False, round_mode=learned_hard_sigmoid)
        (act_quantizer): UniformAffineQuantizer(bit=8, scale_method=max, symmetric=True, channel_wise=False, leaf_param=True)
        (activation_function): StraightThrough()
      )
      (temb_proj): QuantModule(
        in_features=512, out_features=256, bias=True
        (weight_quantizer): AdaRoundQuantizer(bit=8, symmetric=False, round_mode=learned_hard_sigmoid)
        (act_quantizer): UniformAffineQuantizer(bit=8, scale_method=max, symmetric=True, channel_wise=False, leaf_param=True)
        (activation_function): StraightThrough()
      )
      (norm2): GroupNorm(32, 256, eps=1e-06, affine=True)
      (dropout): Dropout(p=0.1, inplace=False)
      (conv2): QuantModule(
        256, 256, kernel_size=(3, 3), stride=(1, 1), padding=(1, 1)
        (weight_quantizer): AdaRoundQuantizer(bit=8, symmetric=False, round_mode=learned_hard_sigmoid)
        (act_quantizer): UniformAffineQuantizer(bit=8, scale_method=max, symmetric=True, channel_wise=False, leaf_param=True)
        (activation_function): StraightThrough()
      )
    )
  )
  (up): ModuleList(
    (0): Module(
      (block): ModuleList(
        (0): QuantResnetBlock(
          (act_quantizer): UniformAffineQuantizer(bit=8, scale_method=max, symmetric=True, channel_wise=False, leaf_param=True)
          (activation_function): StraightThrough()
          (norm1): GroupNorm(32, 384, eps=1e-06, affine=True)
          (conv1): QuantModule(
            384, 128, kernel_size=(3, 3), stride=(1, 1), padding=(1, 1)
            (weight_quantizer): AdaRoundQuantizer(bit=8, symmetric=False, round_mode=learned_hard_sigmoid)
            (act_quantizer): UniformAffineQuantizer(bit=8, scale_method=max, symmetric=True, channel_wise=False, leaf_param=True)
            (activation_function): StraightThrough()
          )
          (temb_proj): QuantModule(
            in_features=512, out_features=128, bias=True
            (weight_quantizer): AdaRoundQuantizer(bit=8, symmetric=False, round_mode=learned_hard_sigmoid)
            (act_quantizer): UniformAffineQuantizer(bit=8, scale_method=max, symmetric=True, channel_wise=False, leaf_param=True)
            (activation_function): StraightThrough()
          )
          (norm2): GroupNorm(32, 128, eps=1e-06, affine=True)
          (dropout): Dropout(p=0.1, inplace=False)
          (conv2): QuantModule(
            128, 128, kernel_size=(3, 3), stride=(1, 1), padding=(1, 1)
            (weight_quantizer): AdaRoundQuantizer(bit=8, symmetric=False, round_mode=learned_hard_sigmoid)
            (act_quantizer): UniformAffineQuantizer(bit=8, scale_method=max, symmetric=True, channel_wise=False, leaf_param=True)
            (activation_function): StraightThrough()
          )
          (nin_shortcut): QuantModule(
            384, 128, kernel_size=(1, 1), stride=(1, 1)
            (weight_quantizer): AdaRoundQuantizer(bit=8, symmetric=False, round_mode=learned_hard_sigmoid)
            (act_quantizer): UniformAffineQuantizer(bit=8, scale_method=max, symmetric=True, channel_wise=False, leaf_param=True)
            (activation_function): StraightThrough()
            (weight_quantizer_0): AdaRoundQuantizer(bit=8, symmetric=False, round_mode=learned_hard_sigmoid)
            (act_quantizer_0): UniformAffineQuantizer(bit=8, scale_method=max, symmetric=True, channel_wise=False, leaf_param=True)
          )
        )
        (1-2): 2 x QuantResnetBlock(
          (act_quantizer): UniformAffineQuantizer(bit=8, scale_method=max, symmetric=True, channel_wise=False, leaf_param=True)
          (activation_function): StraightThrough()
          (norm1): GroupNorm(32, 256, eps=1e-06, affine=True)
          (conv1): QuantModule(
            256, 128, kernel_size=(3, 3), stride=(1, 1), padding=(1, 1)
            (weight_quantizer): AdaRoundQuantizer(bit=8, symmetric=False, round_mode=learned_hard_sigmoid)
            (act_quantizer): UniformAffineQuantizer(bit=8, scale_method=max, symmetric=True, channel_wise=False, leaf_param=True)
            (activation_function): StraightThrough()
          )
          (temb_proj): QuantModule(
            in_features=512, out_features=128, bias=True
            (weight_quantizer): AdaRoundQuantizer(bit=8, symmetric=False, round_mode=learned_hard_sigmoid)
            (act_quantizer): UniformAffineQuantizer(bit=8, scale_method=max, symmetric=True, channel_wise=False, leaf_param=True)
            (activation_function): StraightThrough()
          )
          (norm2): GroupNorm(32, 128, eps=1e-06, affine=True)
          (dropout): Dropout(p=0.1, inplace=False)
          (conv2): QuantModule(
            128, 128, kernel_size=(3, 3), stride=(1, 1), padding=(1, 1)
            (weight_quantizer): AdaRoundQuantizer(bit=8, symmetric=False, round_mode=learned_hard_sigmoid)
            (act_quantizer): UniformAffineQuantizer(bit=8, scale_method=max, symmetric=True, channel_wise=False, leaf_param=True)
            (activation_function): StraightThrough()
          )
          (nin_shortcut): QuantModule(
            256, 128, kernel_size=(1, 1), stride=(1, 1)
            (weight_quantizer): AdaRoundQuantizer(bit=8, symmetric=False, round_mode=learned_hard_sigmoid)
            (act_quantizer): UniformAffineQuantizer(bit=8, scale_method=max, symmetric=True, channel_wise=False, leaf_param=True)
            (activation_function): StraightThrough()
            (weight_quantizer_0): AdaRoundQuantizer(bit=8, symmetric=False, round_mode=learned_hard_sigmoid)
            (act_quantizer_0): UniformAffineQuantizer(bit=8, scale_method=max, symmetric=True, channel_wise=False, leaf_param=True)
          )
        )
      )
      (attn): ModuleList()
    )
    (1): Module(
      (block): ModuleList(
        (0-1): 2 x QuantResnetBlock(
          (act_quantizer): UniformAffineQuantizer(bit=8, scale_method=max, symmetric=True, channel_wise=False, leaf_param=True)
          (activation_function): StraightThrough()
          (norm1): GroupNorm(32, 512, eps=1e-06, affine=True)
          (conv1): QuantModule(
            512, 256, kernel_size=(3, 3), stride=(1, 1), padding=(1, 1)
            (weight_quantizer): AdaRoundQuantizer(bit=8, symmetric=False, round_mode=learned_hard_sigmoid)
            (act_quantizer): UniformAffineQuantizer(bit=8, scale_method=max, symmetric=True, channel_wise=False, leaf_param=True)
            (activation_function): StraightThrough()
          )
          (temb_proj): QuantModule(
            in_features=512, out_features=256, bias=True
            (weight_quantizer): AdaRoundQuantizer(bit=8, symmetric=False, round_mode=learned_hard_sigmoid)
            (act_quantizer): UniformAffineQuantizer(bit=8, scale_method=max, symmetric=True, channel_wise=False, leaf_param=True)
            (activation_function): StraightThrough()
          )
          (norm2): GroupNorm(32, 256, eps=1e-06, affine=True)
          (dropout): Dropout(p=0.1, inplace=False)
          (conv2): QuantModule(
            256, 256, kernel_size=(3, 3), stride=(1, 1), padding=(1, 1)
            (weight_quantizer): AdaRoundQuantizer(bit=8, symmetric=False, round_mode=learned_hard_sigmoid)
            (act_quantizer): UniformAffineQuantizer(bit=8, scale_method=max, symmetric=True, channel_wise=False, leaf_param=True)
            (activation_function): StraightThrough()
          )
          (nin_shortcut): QuantModule(
            512, 256, kernel_size=(1, 1), stride=(1, 1)
            (weight_quantizer): AdaRoundQuantizer(bit=8, symmetric=False, round_mode=learned_hard_sigmoid)
            (act_quantizer): UniformAffineQuantizer(bit=8, scale_method=max, symmetric=True, channel_wise=False, leaf_param=True)
            (activation_function): StraightThrough()
            (weight_quantizer_0): AdaRoundQuantizer(bit=8, symmetric=False, round_mode=learned_hard_sigmoid)
            (act_quantizer_0): UniformAffineQuantizer(bit=8, scale_method=max, symmetric=True, channel_wise=False, leaf_param=True)
          )
        )
        (2): QuantResnetBlock(
          (act_quantizer): UniformAffineQuantizer(bit=8, scale_method=max, symmetric=True, channel_wise=False, leaf_param=True)
          (activation_function): StraightThrough()
          (norm1): GroupNorm(32, 384, eps=1e-06, affine=True)
          (conv1): QuantModule(
            384, 256, kernel_size=(3, 3), stride=(1, 1), padding=(1, 1)
            (weight_quantizer): AdaRoundQuantizer(bit=8, symmetric=False, round_mode=learned_hard_sigmoid)
            (act_quantizer): UniformAffineQuantizer(bit=8, scale_method=max, symmetric=True, channel_wise=False, leaf_param=True)
            (activation_function): StraightThrough()
          )
          (temb_proj): QuantModule(
            in_features=512, out_features=256, bias=True
            (weight_quantizer): AdaRoundQuantizer(bit=8, symmetric=False, round_mode=learned_hard_sigmoid)
            (act_quantizer): UniformAffineQuantizer(bit=8, scale_method=max, symmetric=True, channel_wise=False, leaf_param=True)
            (activation_function): StraightThrough()
          )
          (norm2): GroupNorm(32, 256, eps=1e-06, affine=True)
          (dropout): Dropout(p=0.1, inplace=False)
          (conv2): QuantModule(
            256, 256, kernel_size=(3, 3), stride=(1, 1), padding=(1, 1)
            (weight_quantizer): AdaRoundQuantizer(bit=8, symmetric=False, round_mode=learned_hard_sigmoid)
            (act_quantizer): UniformAffineQuantizer(bit=8, scale_method=max, symmetric=True, channel_wise=False, leaf_param=True)
            (activation_function): StraightThrough()
          )
          (nin_shortcut): QuantModule(
            384, 256, kernel_size=(1, 1), stride=(1, 1)
            (weight_quantizer): AdaRoundQuantizer(bit=8, symmetric=False, round_mode=learned_hard_sigmoid)
            (act_quantizer): UniformAffineQuantizer(bit=8, scale_method=max, symmetric=True, channel_wise=False, leaf_param=True)
            (activation_function): StraightThrough()
            (weight_quantizer_0): AdaRoundQuantizer(bit=8, symmetric=False, round_mode=learned_hard_sigmoid)
            (act_quantizer_0): UniformAffineQuantizer(bit=8, scale_method=max, symmetric=True, channel_wise=False, leaf_param=True)
          )
        )
      )
      (attn): ModuleList(
        (0-2): 3 x QuantAttnBlock(
          (act_quantizer): UniformAffineQuantizer(bit=8, scale_method=max, symmetric=True, channel_wise=False, leaf_param=True)
          (activation_function): StraightThrough()
          (norm): GroupNorm(32, 256, eps=1e-06, affine=True)
          (q): QuantModule(
            256, 256, kernel_size=(1, 1), stride=(1, 1)
            (weight_quantizer): AdaRoundQuantizer(bit=8, symmetric=False, round_mode=learned_hard_sigmoid)
            (act_quantizer): UniformAffineQuantizer(bit=8, scale_method=max, symmetric=True, channel_wise=False, leaf_param=True)
            (activation_function): StraightThrough()
          )
          (k): QuantModule(
            256, 256, kernel_size=(1, 1), stride=(1, 1)
            (weight_quantizer): AdaRoundQuantizer(bit=8, symmetric=False, round_mode=learned_hard_sigmoid)
            (act_quantizer): UniformAffineQuantizer(bit=8, scale_method=max, symmetric=True, channel_wise=False, leaf_param=True)
            (activation_function): StraightThrough()
          )
          (v): QuantModule(
            256, 256, kernel_size=(1, 1), stride=(1, 1)
            (weight_quantizer): AdaRoundQuantizer(bit=8, symmetric=False, round_mode=learned_hard_sigmoid)
            (act_quantizer): UniformAffineQuantizer(bit=8, scale_method=max, symmetric=True, channel_wise=False, leaf_param=True)
            (activation_function): StraightThrough()
          )
          (proj_out): QuantModule(
            256, 256, kernel_size=(1, 1), stride=(1, 1)
            (weight_quantizer): AdaRoundQuantizer(bit=8, symmetric=False, round_mode=learned_hard_sigmoid)
            (act_quantizer): UniformAffineQuantizer(bit=8, scale_method=max, symmetric=True, channel_wise=False, leaf_param=True)
            (activation_function): StraightThrough()
          )
          (act_quantizer_q): UniformAffineQuantizer(bit=8, scale_method=max, symmetric=True, channel_wise=False, leaf_param=True)
          (act_quantizer_k): UniformAffineQuantizer(bit=8, scale_method=max, symmetric=True, channel_wise=False, leaf_param=True)
          (act_quantizer_v): UniformAffineQuantizer(bit=8, scale_method=max, symmetric=True, channel_wise=False, leaf_param=True)
          (act_quantizer_w): UniformAffineQuantizer(bit=8, scale_method=max, symmetric=True, channel_wise=False, leaf_param=True)
        )
      )
      (upsample): Upsample(
        (conv): QuantModule(
          256, 256, kernel_size=(3, 3), stride=(1, 1), padding=(1, 1)
          (weight_quantizer): AdaRoundQuantizer(bit=8, symmetric=False, round_mode=learned_hard_sigmoid)
          (act_quantizer): UniformAffineQuantizer(bit=8, scale_method=max, symmetric=True, channel_wise=False, leaf_param=True)
          (activation_function): StraightThrough()
        )
      )
    )
    (2-3): 2 x Module(
      (block): ModuleList(
        (0-2): 3 x QuantResnetBlock(
          (act_quantizer): UniformAffineQuantizer(bit=8, scale_method=max, symmetric=True, channel_wise=False, leaf_param=True)
          (activation_function): StraightThrough()
          (norm1): GroupNorm(32, 512, eps=1e-06, affine=True)
          (conv1): QuantModule(
            512, 256, kernel_size=(3, 3), stride=(1, 1), padding=(1, 1)
            (weight_quantizer): AdaRoundQuantizer(bit=8, symmetric=False, round_mode=learned_hard_sigmoid)
            (act_quantizer): UniformAffineQuantizer(bit=8, scale_method=max, symmetric=True, channel_wise=False, leaf_param=True)
            (activation_function): StraightThrough()
          )
          (temb_proj): QuantModule(
            in_features=512, out_features=256, bias=True
            (weight_quantizer): AdaRoundQuantizer(bit=8, symmetric=False, round_mode=learned_hard_sigmoid)
            (act_quantizer): UniformAffineQuantizer(bit=8, scale_method=max, symmetric=True, channel_wise=False, leaf_param=True)
            (activation_function): StraightThrough()
          )
          (norm2): GroupNorm(32, 256, eps=1e-06, affine=True)
          (dropout): Dropout(p=0.1, inplace=False)
          (conv2): QuantModule(
            256, 256, kernel_size=(3, 3), stride=(1, 1), padding=(1, 1)
            (weight_quantizer): AdaRoundQuantizer(bit=8, symmetric=False, round_mode=learned_hard_sigmoid)
            (act_quantizer): UniformAffineQuantizer(bit=8, scale_method=max, symmetric=True, channel_wise=False, leaf_param=True)
            (activation_function): StraightThrough()
          )
          (nin_shortcut): QuantModule(
            512, 256, kernel_size=(1, 1), stride=(1, 1)
            (weight_quantizer): AdaRoundQuantizer(bit=8, symmetric=False, round_mode=learned_hard_sigmoid)
            (act_quantizer): UniformAffineQuantizer(bit=8, scale_method=max, symmetric=True, channel_wise=False, leaf_param=True)
            (activation_function): StraightThrough()
            (weight_quantizer_0): AdaRoundQuantizer(bit=8, symmetric=False, round_mode=learned_hard_sigmoid)
            (act_quantizer_0): UniformAffineQuantizer(bit=8, scale_method=max, symmetric=True, channel_wise=False, leaf_param=True)
          )
        )
      )
      (attn): ModuleList()
      (upsample): Upsample(
        (conv): QuantModule(
          256, 256, kernel_size=(3, 3), stride=(1, 1), padding=(1, 1)
          (weight_quantizer): AdaRoundQuantizer(bit=8, symmetric=False, round_mode=learned_hard_sigmoid)
          (act_quantizer): UniformAffineQuantizer(bit=8, scale_method=max, symmetric=True, channel_wise=False, leaf_param=True)
          (activation_function): StraightThrough()
        )
      )
    )
  )
  (norm_out): GroupNorm(32, 128, eps=1e-06, affine=True)
  (conv_out): QuantModule(
    128, 3, kernel_size=(3, 3), stride=(1, 1), padding=(1, 1)
    (weight_quantizer): AdaRoundQuantizer(bit=8, symmetric=False, round_mode=learned_hard_sigmoid)
    (act_quantizer): UniformAffineQuantizer(bit=8, scale_method=max, symmetric=True, channel_wise=False, leaf_param=True)
    (activation_function): StraightThrough()
  )
)
06/14/2026 14:55:07 - INFO - __main__ -   第一阶段：激活量化（使用组0的max_avg）
06/14/2026 14:55:08 - INFO - __main__ -   model False
06/14/2026 14:55:08 - INFO - __main__ -   temb False
06/14/2026 14:55:08 - INFO - __main__ -   dense False
06/14/2026 14:55:08 - INFO - __main__ -   0 False
06/14/2026 14:55:08 - INFO - __main__ -   Reconstruction for layer 0
06/14/2026 14:55:13 - INFO - qdiff.utils -   in shape: torch.Size([2000, 128])
06/14/2026 14:55:13 - INFO - qdiff.utils -   out shape: torch.Size([2000, 512])
06/14/2026 14:55:15 - INFO - qdiff.layer_recon -   Total loss:	0.000 (rec:0.000, round:0.000)	b=0.00	count=500
06/14/2026 14:55:16 - INFO - qdiff.layer_recon -   Total loss:	0.000 (rec:0.000, round:0.000)	b=0.00	count=1000
06/14/2026 14:55:17 - INFO - qdiff.layer_recon -   Total loss:	0.000 (rec:0.000, round:0.000)	b=0.00	count=1500
06/14/2026 14:55:19 - INFO - qdiff.layer_recon -   Total loss:	0.000 (rec:0.000, round:0.000)	b=0.00	count=2000
06/14/2026 14:55:20 - INFO - qdiff.layer_recon -   Total loss:	0.000 (rec:0.000, round:0.000)	b=0.00	count=2500
06/14/2026 14:55:22 - INFO - qdiff.layer_recon -   Total loss:	0.000 (rec:0.000, round:0.000)	b=0.00	count=3000
06/14/2026 14:55:23 - INFO - qdiff.layer_recon -   Total loss:	0.000 (rec:0.000, round:0.000)	b=0.00	count=3500
06/14/2026 14:55:25 - INFO - qdiff.layer_recon -   Total loss:	0.000 (rec:0.000, round:0.000)	b=0.00	count=4000
06/14/2026 14:55:26 - INFO - qdiff.layer_recon -   Total loss:	0.000 (rec:0.000, round:0.000)	b=0.00	count=4500
06/14/2026 14:55:27 - INFO - qdiff.layer_recon -   Total loss:	0.000 (rec:0.000, round:0.000)	b=0.00	count=5000
06/14/2026 14:55:27 - INFO - __main__ -   1 False
06/14/2026 14:55:27 - INFO - __main__ -   Reconstruction for layer 1
06/14/2026 14:55:34 - INFO - qdiff.utils -   in shape: torch.Size([2000, 512])
06/14/2026 14:55:34 - INFO - qdiff.utils -   out shape: torch.Size([2000, 512])
06/14/2026 14:55:35 - INFO - qdiff.layer_recon -   Total loss:	0.006 (rec:0.006, round:0.000)	b=0.00	count=500
06/14/2026 14:55:37 - INFO - qdiff.layer_recon -   Total loss:	0.005 (rec:0.005, round:0.000)	b=0.00	count=1000
06/14/2026 14:55:38 - INFO - qdiff.layer_recon -   Total loss:	0.006 (rec:0.006, round:0.000)	b=0.00	count=1500
06/14/2026 14:55:39 - INFO - qdiff.layer_recon -   Total loss:	0.006 (rec:0.006, round:0.000)	b=0.00	count=2000
06/14/2026 14:55:41 - INFO - qdiff.layer_recon -   Total loss:	0.006 (rec:0.006, round:0.000)	b=0.00	count=2500
06/14/2026 14:55:42 - INFO - qdiff.layer_recon -   Total loss:	0.006 (rec:0.006, round:0.000)	b=0.00	count=3000
06/14/2026 14:55:44 - INFO - qdiff.layer_recon -   Total loss:	0.006 (rec:0.006, round:0.000)	b=0.00	count=3500
06/14/2026 14:55:45 - INFO - qdiff.layer_recon -   Total loss:	0.006 (rec:0.006, round:0.000)	b=0.00	count=4000
06/14/2026 14:55:46 - INFO - qdiff.layer_recon -   Total loss:	0.006 (rec:0.006, round:0.000)	b=0.00	count=4500
06/14/2026 14:55:48 - INFO - qdiff.layer_recon -   Total loss:	0.006 (rec:0.006, round:0.000)	b=0.00	count=5000
06/14/2026 14:55:48 - INFO - __main__ -   conv_in False
06/14/2026 14:55:48 - INFO - __main__ -   Reconstruction for layer conv_in
06/14/2026 14:55:55 - INFO - qdiff.utils -   in shape: torch.Size([2000, 3, 32, 32])
06/14/2026 14:55:55 - INFO - qdiff.utils -   out shape: torch.Size([2000, 128, 32, 32])
06/14/2026 14:55:59 - INFO - qdiff.layer_recon -   Total loss:	0.004 (rec:0.004, round:0.000)	b=0.00	count=500
06/14/2026 14:56:03 - INFO - qdiff.layer_recon -   Total loss:	0.006 (rec:0.006, round:0.000)	b=0.00	count=1000
06/14/2026 14:56:06 - INFO - qdiff.layer_recon -   Total loss:	0.004 (rec:0.004, round:0.000)	b=0.00	count=1500
06/14/2026 14:56:10 - INFO - qdiff.layer_recon -   Total loss:	0.004 (rec:0.004, round:0.000)	b=0.00	count=2000
06/14/2026 14:56:14 - INFO - qdiff.layer_recon -   Total loss:	0.004 (rec:0.004, round:0.000)	b=0.00	count=2500
06/14/2026 14:56:17 - INFO - qdiff.layer_recon -   Total loss:	0.004 (rec:0.004, round:0.000)	b=0.00	count=3000
06/14/2026 14:56:21 - INFO - qdiff.layer_recon -   Total loss:	0.004 (rec:0.004, round:0.000)	b=0.00	count=3500
06/14/2026 14:56:25 - INFO - qdiff.layer_recon -   Total loss:	0.004 (rec:0.004, round:0.000)	b=0.00	count=4000
06/14/2026 14:56:28 - INFO - qdiff.layer_recon -   Total loss:	0.004 (rec:0.004, round:0.000)	b=0.00	count=4500
06/14/2026 14:56:32 - INFO - qdiff.layer_recon -   Total loss:	0.005 (rec:0.005, round:0.000)	b=0.00	count=5000
06/14/2026 14:56:32 - INFO - __main__ -   down False
06/14/2026 14:56:32 - INFO - __main__ -   0 False
06/14/2026 14:56:32 - INFO - __main__ -   block False
06/14/2026 14:56:32 - INFO - __main__ -   0 True
06/14/2026 14:56:32 - INFO - __main__ -   Reconstruction for block 0
06/14/2026 14:56:40 - INFO - qdiff.utils -   in 1 shape: torch.Size([2000, 128, 32, 32]), in 2 shape: torch.Size([2000, 512])
06/14/2026 14:56:40 - INFO - qdiff.utils -   out shape: torch.Size([2000, 128, 32, 32])
06/14/2026 14:56:49 - INFO - qdiff.block_recon -   Total loss:	0.806 (rec:0.806, round:0.000)	b=0.00	count=500
06/14/2026 14:56:57 - INFO - qdiff.block_recon -   Total loss:	0.816 (rec:0.816, round:0.000)	b=0.00	count=1000
06/14/2026 14:57:06 - INFO - qdiff.block_recon -   Total loss:	0.801 (rec:0.801, round:0.000)	b=0.00	count=1500
06/14/2026 14:57:14 - INFO - qdiff.block_recon -   Total loss:	0.812 (rec:0.812, round:0.000)	b=0.00	count=2000
06/14/2026 14:57:23 - INFO - qdiff.block_recon -   Total loss:	0.896 (rec:0.896, round:0.000)	b=0.00	count=2500
06/14/2026 14:57:32 - INFO - qdiff.block_recon -   Total loss:	0.734 (rec:0.734, round:0.000)	b=0.00	count=3000
06/14/2026 14:57:40 - INFO - qdiff.block_recon -   Total loss:	0.904 (rec:0.904, round:0.000)	b=0.00	count=3500
06/14/2026 14:57:49 - INFO - qdiff.block_recon -   Total loss:	0.822 (rec:0.822, round:0.000)	b=0.00	count=4000
06/14/2026 14:57:57 - INFO - qdiff.block_recon -   Total loss:	0.958 (rec:0.958, round:0.000)	b=0.00	count=4500
06/14/2026 14:58:06 - INFO - qdiff.block_recon -   Total loss:	0.734 (rec:0.734, round:0.000)	b=0.00	count=5000
06/14/2026 14:58:06 - INFO - __main__ -   1 True
06/14/2026 14:58:06 - INFO - __main__ -   Reconstruction for block 1
06/14/2026 14:58:14 - INFO - qdiff.utils -   in 1 shape: torch.Size([2000, 128, 32, 32]), in 2 shape: torch.Size([2000, 512])
06/14/2026 14:58:14 - INFO - qdiff.utils -   out shape: torch.Size([2000, 128, 32, 32])
06/14/2026 14:58:23 - INFO - qdiff.block_recon -   Total loss:	1.483 (rec:1.483, round:0.000)	b=0.00	count=500
06/14/2026 14:58:32 - INFO - qdiff.block_recon -   Total loss:	1.481 (rec:1.481, round:0.000)	b=0.00	count=1000
06/14/2026 14:58:40 - INFO - qdiff.block_recon -   Total loss:	1.387 (rec:1.387, round:0.000)	b=0.00	count=1500
06/14/2026 14:58:49 - INFO - qdiff.block_recon -   Total loss:	1.416 (rec:1.416, round:0.000)	b=0.00	count=2000
06/14/2026 14:58:57 - INFO - qdiff.block_recon -   Total loss:	1.346 (rec:1.346, round:0.000)	b=0.00	count=2500
06/14/2026 14:59:06 - INFO - qdiff.block_recon -   Total loss:	1.401 (rec:1.401, round:0.000)	b=0.00	count=3000
06/14/2026 14:59:14 - INFO - qdiff.block_recon -   Total loss:	1.444 (rec:1.444, round:0.000)	b=0.00	count=3500
06/14/2026 14:59:23 - INFO - qdiff.block_recon -   Total loss:	1.376 (rec:1.376, round:0.000)	b=0.00	count=4000
06/14/2026 14:59:31 - INFO - qdiff.block_recon -   Total loss:	1.507 (rec:1.507, round:0.000)	b=0.00	count=4500
06/14/2026 14:59:40 - INFO - qdiff.block_recon -   Total loss:	1.358 (rec:1.358, round:0.000)	b=0.00	count=5000
06/14/2026 14:59:40 - INFO - __main__ -   attn False
06/14/2026 14:59:40 - INFO - __main__ -   downsample False
06/14/2026 14:59:40 - INFO - __main__ -   conv False
06/14/2026 14:59:40 - INFO - __main__ -   Reconstruction for layer conv
06/14/2026 14:59:47 - INFO - qdiff.utils -   in shape: torch.Size([2000, 128, 33, 33])
06/14/2026 14:59:47 - INFO - qdiff.utils -   out shape: torch.Size([2000, 128, 16, 16])
06/14/2026 14:59:52 - INFO - qdiff.layer_recon -   Total loss:	0.082 (rec:0.082, round:0.000)	b=0.00	count=500
06/14/2026 14:59:56 - INFO - qdiff.layer_recon -   Total loss:	0.083 (rec:0.083, round:0.000)	b=0.00	count=1000
06/14/2026 15:00:01 - INFO - qdiff.layer_recon -   Total loss:	0.079 (rec:0.079, round:0.000)	b=0.00	count=1500
06/14/2026 15:00:05 - INFO - qdiff.layer_recon -   Total loss:	0.097 (rec:0.097, round:0.000)	b=0.00	count=2000
06/14/2026 15:00:09 - INFO - qdiff.layer_recon -   Total loss:	0.083 (rec:0.083, round:0.000)	b=0.00	count=2500
06/14/2026 15:00:13 - INFO - qdiff.layer_recon -   Total loss:	0.150 (rec:0.150, round:0.000)	b=0.00	count=3000
06/14/2026 15:00:18 - INFO - qdiff.layer_recon -   Total loss:	0.339 (rec:0.339, round:0.000)	b=0.00	count=3500
06/14/2026 15:00:22 - INFO - qdiff.layer_recon -   Total loss:	0.080 (rec:0.080, round:0.000)	b=0.00	count=4000
06/14/2026 15:00:26 - INFO - qdiff.layer_recon -   Total loss:	0.087 (rec:0.087, round:0.000)	b=0.00	count=4500
06/14/2026 15:00:31 - INFO - qdiff.layer_recon -   Total loss:	0.079 (rec:0.079, round:0.000)	b=0.00	count=5000
06/14/2026 15:00:31 - INFO - __main__ -   1 False
06/14/2026 15:00:31 - INFO - __main__ -   block False
06/14/2026 15:00:31 - INFO - __main__ -   0 True
06/14/2026 15:00:31 - INFO - __main__ -   Reconstruction for block 0
06/14/2026 15:00:38 - INFO - qdiff.utils -   in 1 shape: torch.Size([2000, 128, 16, 16]), in 2 shape: torch.Size([2000, 512])
06/14/2026 15:00:38 - INFO - qdiff.utils -   out shape: torch.Size([2000, 256, 16, 16])
06/14/2026 15:00:44 - INFO - qdiff.block_recon -   Total loss:	3.266 (rec:3.266, round:0.000)	b=0.00	count=500
06/14/2026 15:00:50 - INFO - qdiff.block_recon -   Total loss:	3.195 (rec:3.195, round:0.000)	b=0.00	count=1000
06/14/2026 15:00:55 - INFO - qdiff.block_recon -   Total loss:	3.277 (rec:3.277, round:0.000)	b=0.00	count=1500
06/14/2026 15:01:01 - INFO - qdiff.block_recon -   Total loss:	3.476 (rec:3.476, round:0.000)	b=0.00	count=2000
06/14/2026 15:01:06 - INFO - qdiff.block_recon -   Total loss:	3.364 (rec:3.364, round:0.000)	b=0.00	count=2500
06/14/2026 15:01:12 - INFO - qdiff.block_recon -   Total loss:	3.302 (rec:3.302, round:0.000)	b=0.00	count=3000
06/14/2026 15:01:17 - INFO - qdiff.block_recon -   Total loss:	3.122 (rec:3.122, round:0.000)	b=0.00	count=3500
06/14/2026 15:01:23 - INFO - qdiff.block_recon -   Total loss:	2.879 (rec:2.879, round:0.000)	b=0.00	count=4000
06/14/2026 15:01:28 - INFO - qdiff.block_recon -   Total loss:	3.197 (rec:3.197, round:0.000)	b=0.00	count=4500
06/14/2026 15:01:34 - INFO - qdiff.block_recon -   Total loss:	3.274 (rec:3.274, round:0.000)	b=0.00	count=5000
06/14/2026 15:01:34 - INFO - __main__ -   1 True
06/14/2026 15:01:34 - INFO - __main__ -   Reconstruction for block 1
06/14/2026 15:01:42 - INFO - qdiff.utils -   in 1 shape: torch.Size([2000, 256, 16, 16]), in 2 shape: torch.Size([2000, 512])
06/14/2026 15:01:42 - INFO - qdiff.utils -   out shape: torch.Size([2000, 256, 16, 16])
06/14/2026 15:01:48 - INFO - qdiff.block_recon -   Total loss:	4.380 (rec:4.380, round:0.000)	b=0.00	count=500
06/14/2026 15:01:53 - INFO - qdiff.block_recon -   Total loss:	3.951 (rec:3.951, round:0.000)	b=0.00	count=1000
06/14/2026 15:01:59 - INFO - qdiff.block_recon -   Total loss:	4.178 (rec:4.178, round:0.000)	b=0.00	count=1500
06/14/2026 15:02:05 - INFO - qdiff.block_recon -   Total loss:	3.889 (rec:3.889, round:0.000)	b=0.00	count=2000
06/14/2026 15:02:10 - INFO - qdiff.block_recon -   Total loss:	4.375 (rec:4.375, round:0.000)	b=0.00	count=2500
06/14/2026 15:02:16 - INFO - qdiff.block_recon -   Total loss:	4.954 (rec:4.954, round:0.000)	b=0.00	count=3000
06/14/2026 15:02:22 - INFO - qdiff.block_recon -   Total loss:	4.168 (rec:4.168, round:0.000)	b=0.00	count=3500
06/14/2026 15:02:27 - INFO - qdiff.block_recon -   Total loss:	3.971 (rec:3.971, round:0.000)	b=0.00	count=4000
06/14/2026 15:02:33 - INFO - qdiff.block_recon -   Total loss:	4.186 (rec:4.186, round:0.000)	b=0.00	count=4500
06/14/2026 15:02:39 - INFO - qdiff.block_recon -   Total loss:	3.792 (rec:3.792, round:0.000)	b=0.00	count=5000
06/14/2026 15:02:39 - INFO - __main__ -   attn False
06/14/2026 15:02:39 - INFO - __main__ -   0 True
06/14/2026 15:02:39 - INFO - __main__ -   Reconstruction for block 0
06/14/2026 15:02:46 - INFO - qdiff.utils -   in shape: torch.Size([2000, 256, 16, 16])
06/14/2026 15:02:46 - INFO - qdiff.utils -   out shape: torch.Size([2000, 256, 16, 16])
06/14/2026 15:02:54 - INFO - qdiff.block_recon -   Total loss:	0.180 (rec:0.180, round:0.000)	b=0.00	count=500
06/14/2026 15:03:02 - INFO - qdiff.block_recon -   Total loss:	0.221 (rec:0.221, round:0.000)	b=0.00	count=1000
06/14/2026 15:03:10 - INFO - qdiff.block_recon -   Total loss:	0.457 (rec:0.457, round:0.000)	b=0.00	count=1500
06/14/2026 15:03:17 - INFO - qdiff.block_recon -   Total loss:	0.521 (rec:0.521, round:0.000)	b=0.00	count=2000
06/14/2026 15:03:25 - INFO - qdiff.block_recon -   Total loss:	0.543 (rec:0.543, round:0.000)	b=0.00	count=2500
06/14/2026 15:03:33 - INFO - qdiff.block_recon -   Total loss:	0.202 (rec:0.202, round:0.000)	b=0.00	count=3000
06/14/2026 15:03:40 - INFO - qdiff.block_recon -   Total loss:	0.191 (rec:0.191, round:0.000)	b=0.00	count=3500
06/14/2026 15:03:48 - INFO - qdiff.block_recon -   Total loss:	0.270 (rec:0.270, round:0.000)	b=0.00	count=4000
06/14/2026 15:03:56 - INFO - qdiff.block_recon -   Total loss:	0.241 (rec:0.241, round:0.000)	b=0.00	count=4500
06/14/2026 15:04:04 - INFO - qdiff.block_recon -   Total loss:	0.149 (rec:0.149, round:0.000)	b=0.00	count=5000
06/14/2026 15:04:04 - INFO - __main__ -   1 True
06/14/2026 15:04:04 - INFO - __main__ -   Reconstruction for block 1
06/14/2026 15:04:12 - INFO - qdiff.utils -   in shape: torch.Size([2000, 256, 16, 16])
06/14/2026 15:04:12 - INFO - qdiff.utils -   out shape: torch.Size([2000, 256, 16, 16])
06/14/2026 15:04:20 - INFO - qdiff.block_recon -   Total loss:	0.417 (rec:0.417, round:0.000)	b=0.00	count=500
06/14/2026 15:04:28 - INFO - qdiff.block_recon -   Total loss:	0.943 (rec:0.943, round:0.000)	b=0.00	count=1000
06/14/2026 15:04:35 - INFO - qdiff.block_recon -   Total loss:	0.459 (rec:0.459, round:0.000)	b=0.00	count=1500
06/14/2026 15:04:43 - INFO - qdiff.block_recon -   Total loss:	0.641 (rec:0.641, round:0.000)	b=0.00	count=2000
06/14/2026 15:04:51 - INFO - qdiff.block_recon -   Total loss:	0.952 (rec:0.952, round:0.000)	b=0.00	count=2500
06/14/2026 15:04:59 - INFO - qdiff.block_recon -   Total loss:	0.890 (rec:0.890, round:0.000)	b=0.00	count=3000
06/14/2026 15:05:06 - INFO - qdiff.block_recon -   Total loss:	1.259 (rec:1.259, round:0.000)	b=0.00	count=3500
06/14/2026 15:05:14 - INFO - qdiff.block_recon -   Total loss:	0.770 (rec:0.770, round:0.000)	b=0.00	count=4000
06/14/2026 15:05:22 - INFO - qdiff.block_recon -   Total loss:	0.417 (rec:0.417, round:0.000)	b=0.00	count=4500
06/14/2026 15:05:30 - INFO - qdiff.block_recon -   Total loss:	0.625 (rec:0.625, round:0.000)	b=0.00	count=5000
06/14/2026 15:05:30 - INFO - __main__ -   downsample False
06/14/2026 15:05:30 - INFO - __main__ -   conv False
06/14/2026 15:05:30 - INFO - __main__ -   Reconstruction for layer conv
06/14/2026 15:05:38 - INFO - qdiff.utils -   in shape: torch.Size([2000, 256, 17, 17])
06/14/2026 15:05:38 - INFO - qdiff.utils -   out shape: torch.Size([2000, 256, 8, 8])
06/14/2026 15:05:41 - INFO - qdiff.layer_recon -   Total loss:	0.278 (rec:0.278, round:0.000)	b=0.00	count=500
06/14/2026 15:05:43 - INFO - qdiff.layer_recon -   Total loss:	0.232 (rec:0.232, round:0.000)	b=0.00	count=1000
06/14/2026 15:05:46 - INFO - qdiff.layer_recon -   Total loss:	0.241 (rec:0.241, round:0.000)	b=0.00	count=1500
06/14/2026 15:05:49 - INFO - qdiff.layer_recon -   Total loss:	0.240 (rec:0.240, round:0.000)	b=0.00	count=2000
06/14/2026 15:05:52 - INFO - qdiff.layer_recon -   Total loss:	0.222 (rec:0.222, round:0.000)	b=0.00	count=2500
06/14/2026 15:05:55 - INFO - qdiff.layer_recon -   Total loss:	0.246 (rec:0.246, round:0.000)	b=0.00	count=3000
06/14/2026 15:05:58 - INFO - qdiff.layer_recon -   Total loss:	0.227 (rec:0.227, round:0.000)	b=0.00	count=3500
06/14/2026 15:06:01 - INFO - qdiff.layer_recon -   Total loss:	0.246 (rec:0.246, round:0.000)	b=0.00	count=4000
06/14/2026 15:06:04 - INFO - qdiff.layer_recon -   Total loss:	0.227 (rec:0.227, round:0.000)	b=0.00	count=4500
06/14/2026 15:06:06 - INFO - qdiff.layer_recon -   Total loss:	0.220 (rec:0.220, round:0.000)	b=0.00	count=5000
06/14/2026 15:06:06 - INFO - __main__ -   2 False
06/14/2026 15:06:06 - INFO - __main__ -   block False
06/14/2026 15:06:06 - INFO - __main__ -   0 True
06/14/2026 15:06:06 - INFO - __main__ -   Reconstruction for block 0
06/14/2026 15:06:14 - INFO - qdiff.utils -   in 1 shape: torch.Size([2000, 256, 8, 8]), in 2 shape: torch.Size([2000, 512])
06/14/2026 15:06:14 - INFO - qdiff.utils -   out shape: torch.Size([2000, 256, 8, 8])
06/14/2026 15:06:18 - INFO - qdiff.block_recon -   Total loss:	45.634 (rec:45.634, round:0.000)	b=0.00	count=500
06/14/2026 15:06:22 - INFO - qdiff.block_recon -   Total loss:	44.985 (rec:44.985, round:0.000)	b=0.00	count=1000
06/14/2026 15:06:25 - INFO - qdiff.block_recon -   Total loss:	44.257 (rec:44.257, round:0.000)	b=0.00	count=1500
06/14/2026 15:06:29 - INFO - qdiff.block_recon -   Total loss:	43.950 (rec:43.950, round:0.000)	b=0.00	count=2000
06/14/2026 15:06:33 - INFO - qdiff.block_recon -   Total loss:	43.084 (rec:43.084, round:0.000)	b=0.00	count=2500
06/14/2026 15:06:36 - INFO - qdiff.block_recon -   Total loss:	45.528 (rec:45.528, round:0.000)	b=0.00	count=3000
06/14/2026 15:06:40 - INFO - qdiff.block_recon -   Total loss:	46.669 (rec:46.669, round:0.000)	b=0.00	count=3500
06/14/2026 15:06:44 - INFO - qdiff.block_recon -   Total loss:	42.283 (rec:42.283, round:0.000)	b=0.00	count=4000
06/14/2026 15:06:47 - INFO - qdiff.block_recon -   Total loss:	45.901 (rec:45.901, round:0.000)	b=0.00	count=4500
06/14/2026 15:06:51 - INFO - qdiff.block_recon -   Total loss:	44.938 (rec:44.938, round:0.000)	b=0.00	count=5000
06/14/2026 15:06:51 - INFO - __main__ -   1 True
06/14/2026 15:06:51 - INFO - __main__ -   Reconstruction for block 1
06/14/2026 15:06:59 - INFO - qdiff.utils -   in 1 shape: torch.Size([2000, 256, 8, 8]), in 2 shape: torch.Size([2000, 512])
06/14/2026 15:06:59 - INFO - qdiff.utils -   out shape: torch.Size([2000, 256, 8, 8])
06/14/2026 15:07:03 - INFO - qdiff.block_recon -   Total loss:	31.683 (rec:31.683, round:0.000)	b=0.00	count=500
06/14/2026 15:07:06 - INFO - qdiff.block_recon -   Total loss:	34.459 (rec:34.459, round:0.000)	b=0.00	count=1000
06/14/2026 15:07:10 - INFO - qdiff.block_recon -   Total loss:	31.905 (rec:31.905, round:0.000)	b=0.00	count=1500
06/14/2026 15:07:13 - INFO - qdiff.block_recon -   Total loss:	33.487 (rec:33.487, round:0.000)	b=0.00	count=2000
06/14/2026 15:07:17 - INFO - qdiff.block_recon -   Total loss:	34.264 (rec:34.264, round:0.000)	b=0.00	count=2500
06/14/2026 15:07:21 - INFO - qdiff.block_recon -   Total loss:	37.718 (rec:37.718, round:0.000)	b=0.00	count=3000
06/14/2026 15:07:24 - INFO - qdiff.block_recon -   Total loss:	31.748 (rec:31.748, round:0.000)	b=0.00	count=3500
06/14/2026 15:07:28 - INFO - qdiff.block_recon -   Total loss:	31.811 (rec:31.811, round:0.000)	b=0.00	count=4000
06/14/2026 15:07:31 - INFO - qdiff.block_recon -   Total loss:	33.735 (rec:33.735, round:0.000)	b=0.00	count=4500
06/14/2026 15:07:35 - INFO - qdiff.block_recon -   Total loss:	37.491 (rec:37.491, round:0.000)	b=0.00	count=5000
06/14/2026 15:07:35 - INFO - __main__ -   attn False
06/14/2026 15:07:35 - INFO - __main__ -   downsample False
06/14/2026 15:07:35 - INFO - __main__ -   conv False
06/14/2026 15:07:35 - INFO - __main__ -   Reconstruction for layer conv
06/14/2026 15:07:44 - INFO - qdiff.utils -   in shape: torch.Size([2000, 256, 9, 9])
06/14/2026 15:07:44 - INFO - qdiff.utils -   out shape: torch.Size([2000, 256, 4, 4])
06/14/2026 15:07:45 - INFO - qdiff.layer_recon -   Total loss:	5.856 (rec:5.856, round:0.000)	b=0.00	count=500
06/14/2026 15:07:47 - INFO - qdiff.layer_recon -   Total loss:	7.017 (rec:7.017, round:0.000)	b=0.00	count=1000
06/14/2026 15:07:49 - INFO - qdiff.layer_recon -   Total loss:	5.722 (rec:5.722, round:0.000)	b=0.00	count=1500
06/14/2026 15:07:51 - INFO - qdiff.layer_recon -   Total loss:	5.322 (rec:5.322, round:0.000)	b=0.00	count=2000
06/14/2026 15:07:52 - INFO - qdiff.layer_recon -   Total loss:	6.750 (rec:6.750, round:0.000)	b=0.00	count=2500
06/14/2026 15:07:54 - INFO - qdiff.layer_recon -   Total loss:	5.864 (rec:5.864, round:0.000)	b=0.00	count=3000
06/14/2026 15:07:56 - INFO - qdiff.layer_recon -   Total loss:	5.228 (rec:5.228, round:0.000)	b=0.00	count=3500
06/14/2026 15:07:58 - INFO - qdiff.layer_recon -   Total loss:	5.456 (rec:5.456, round:0.000)	b=0.00	count=4000
06/14/2026 15:07:59 - INFO - qdiff.layer_recon -   Total loss:	5.493 (rec:5.493, round:0.000)	b=0.00	count=4500
06/14/2026 15:08:01 - INFO - qdiff.layer_recon -   Total loss:	5.773 (rec:5.773, round:0.000)	b=0.00	count=5000
06/14/2026 15:08:01 - INFO - __main__ -   3 False
06/14/2026 15:08:01 - INFO - __main__ -   block False
06/14/2026 15:08:01 - INFO - __main__ -   0 True
06/14/2026 15:08:01 - INFO - __main__ -   Reconstruction for block 0
06/14/2026 15:08:10 - INFO - qdiff.utils -   in 1 shape: torch.Size([2000, 256, 4, 4]), in 2 shape: torch.Size([2000, 512])
06/14/2026 15:08:10 - INFO - qdiff.utils -   out shape: torch.Size([2000, 256, 4, 4])
06/14/2026 15:08:13 - INFO - qdiff.block_recon -   Total loss:	540.252 (rec:540.252, round:0.000)	b=0.00	count=500
06/14/2026 15:08:16 - INFO - qdiff.block_recon -   Total loss:	513.025 (rec:513.025, round:0.000)	b=0.00	count=1000
06/14/2026 15:08:20 - INFO - qdiff.block_recon -   Total loss:	437.995 (rec:437.995, round:0.000)	b=0.00	count=1500
06/14/2026 15:08:23 - INFO - qdiff.block_recon -   Total loss:	511.046 (rec:511.046, round:0.000)	b=0.00	count=2000
06/14/2026 15:08:26 - INFO - qdiff.block_recon -   Total loss:	512.380 (rec:512.380, round:0.000)	b=0.00	count=2500
06/14/2026 15:08:29 - INFO - qdiff.block_recon -   Total loss:	597.961 (rec:597.961, round:0.000)	b=0.00	count=3000
06/14/2026 15:08:33 - INFO - qdiff.block_recon -   Total loss:	548.545 (rec:548.545, round:0.000)	b=0.00	count=3500
06/14/2026 15:08:36 - INFO - qdiff.block_recon -   Total loss:	481.450 (rec:481.450, round:0.000)	b=0.00	count=4000
06/14/2026 15:08:39 - INFO - qdiff.block_recon -   Total loss:	509.989 (rec:509.989, round:0.000)	b=0.00	count=4500
06/14/2026 15:08:42 - INFO - qdiff.block_recon -   Total loss:	493.605 (rec:493.605, round:0.000)	b=0.00	count=5000
06/14/2026 15:08:42 - INFO - __main__ -   1 True
06/14/2026 15:08:42 - INFO - __main__ -   Reconstruction for block 1
06/14/2026 15:08:51 - INFO - qdiff.utils -   in 1 shape: torch.Size([2000, 256, 4, 4]), in 2 shape: torch.Size([2000, 512])
06/14/2026 15:08:51 - INFO - qdiff.utils -   out shape: torch.Size([2000, 256, 4, 4])
06/14/2026 15:08:55 - INFO - qdiff.block_recon -   Total loss:	487.356 (rec:487.356, round:0.000)	b=0.00	count=500
06/14/2026 15:08:58 - INFO - qdiff.block_recon -   Total loss:	435.284 (rec:435.284, round:0.000)	b=0.00	count=1000
06/14/2026 15:09:01 - INFO - qdiff.block_recon -   Total loss:	447.807 (rec:447.807, round:0.000)	b=0.00	count=1500
06/14/2026 15:09:04 - INFO - qdiff.block_recon -   Total loss:	439.371 (rec:439.371, round:0.000)	b=0.00	count=2000
06/14/2026 15:09:08 - INFO - qdiff.block_recon -   Total loss:	470.608 (rec:470.608, round:0.000)	b=0.00	count=2500
06/14/2026 15:09:11 - INFO - qdiff.block_recon -   Total loss:	461.835 (rec:461.835, round:0.000)	b=0.00	count=3000
06/14/2026 15:09:14 - INFO - qdiff.block_recon -   Total loss:	436.077 (rec:436.077, round:0.000)	b=0.00	count=3500
06/14/2026 15:09:18 - INFO - qdiff.block_recon -   Total loss:	523.889 (rec:523.889, round:0.000)	b=0.00	count=4000
06/14/2026 15:09:21 - INFO - qdiff.block_recon -   Total loss:	501.362 (rec:501.362, round:0.000)	b=0.00	count=4500
06/14/2026 15:09:24 - INFO - qdiff.block_recon -   Total loss:	467.424 (rec:467.424, round:0.000)	b=0.00	count=5000
06/14/2026 15:09:24 - INFO - __main__ -   attn False
06/14/2026 15:09:24 - INFO - __main__ -   mid False
06/14/2026 15:09:24 - INFO - __main__ -   block_1 True
06/14/2026 15:09:24 - INFO - __main__ -   Reconstruction for block block_1
06/14/2026 15:09:34 - INFO - qdiff.utils -   in 1 shape: torch.Size([2000, 256, 4, 4]), in 2 shape: torch.Size([2000, 512])
06/14/2026 15:09:34 - INFO - qdiff.utils -   out shape: torch.Size([2000, 256, 4, 4])
06/14/2026 15:09:37 - INFO - qdiff.block_recon -   Total loss:	478.203 (rec:478.203, round:0.000)	b=0.00	count=500
06/14/2026 15:09:40 - INFO - qdiff.block_recon -   Total loss:	486.479 (rec:486.479, round:0.000)	b=0.00	count=1000
06/14/2026 15:09:43 - INFO - qdiff.block_recon -   Total loss:	488.210 (rec:488.210, round:0.000)	b=0.00	count=1500
06/14/2026 15:09:47 - INFO - qdiff.block_recon -   Total loss:	463.451 (rec:463.451, round:0.000)	b=0.00	count=2000
06/14/2026 15:09:50 - INFO - qdiff.block_recon -   Total loss:	486.504 (rec:486.504, round:0.000)	b=0.00	count=2500
06/14/2026 15:09:53 - INFO - qdiff.block_recon -   Total loss:	522.084 (rec:522.084, round:0.000)	b=0.00	count=3000
06/14/2026 15:09:57 - INFO - qdiff.block_recon -   Total loss:	568.437 (rec:568.437, round:0.000)	b=0.00	count=3500
06/14/2026 15:10:00 - INFO - qdiff.block_recon -   Total loss:	476.966 (rec:476.966, round:0.000)	b=0.00	count=4000
06/14/2026 15:10:03 - INFO - qdiff.block_recon -   Total loss:	483.240 (rec:483.240, round:0.000)	b=0.00	count=4500
06/14/2026 15:10:07 - INFO - qdiff.block_recon -   Total loss:	514.636 (rec:514.636, round:0.000)	b=0.00	count=5000
06/14/2026 15:10:07 - INFO - __main__ -   attn_1 True
06/14/2026 15:10:07 - INFO - __main__ -   Reconstruction for block attn_1
06/14/2026 15:10:16 - INFO - qdiff.utils -   in shape: torch.Size([2000, 256, 4, 4])
06/14/2026 15:10:16 - INFO - qdiff.utils -   out shape: torch.Size([2000, 256, 4, 4])
06/14/2026 15:10:21 - INFO - qdiff.block_recon -   Total loss:	0.500 (rec:0.500, round:0.000)	b=0.00	count=500
06/14/2026 15:10:25 - INFO - qdiff.block_recon -   Total loss:	0.561 (rec:0.561, round:0.000)	b=0.00	count=1000
06/14/2026 15:10:30 - INFO - qdiff.block_recon -   Total loss:	0.510 (rec:0.510, round:0.000)	b=0.00	count=1500
06/14/2026 15:10:35 - INFO - qdiff.block_recon -   Total loss:	0.498 (rec:0.498, round:0.000)	b=0.00	count=2000
06/14/2026 15:10:39 - INFO - qdiff.block_recon -   Total loss:	0.531 (rec:0.531, round:0.000)	b=0.00	count=2500
06/14/2026 15:10:44 - INFO - qdiff.block_recon -   Total loss:	0.497 (rec:0.497, round:0.000)	b=0.00	count=3000
06/14/2026 15:10:49 - INFO - qdiff.block_recon -   Total loss:	0.526 (rec:0.526, round:0.000)	b=0.00	count=3500
06/14/2026 15:10:53 - INFO - qdiff.block_recon -   Total loss:	0.483 (rec:0.483, round:0.000)	b=0.00	count=4000
06/14/2026 15:10:58 - INFO - qdiff.block_recon -   Total loss:	0.516 (rec:0.516, round:0.000)	b=0.00	count=4500
06/14/2026 15:11:03 - INFO - qdiff.block_recon -   Total loss:	0.570 (rec:0.570, round:0.000)	b=0.00	count=5000
06/14/2026 15:11:03 - INFO - __main__ -   block_2 True
06/14/2026 15:11:03 - INFO - __main__ -   Reconstruction for block block_2
06/14/2026 15:11:13 - INFO - qdiff.utils -   in 1 shape: torch.Size([2000, 256, 4, 4]), in 2 shape: torch.Size([2000, 512])
06/14/2026 15:11:13 - INFO - qdiff.utils -   out shape: torch.Size([2000, 256, 4, 4])
06/14/2026 15:11:16 - INFO - qdiff.block_recon -   Total loss:	470.794 (rec:470.794, round:0.000)	b=0.00	count=500
06/14/2026 15:11:19 - INFO - qdiff.block_recon -   Total loss:	397.442 (rec:397.442, round:0.000)	b=0.00	count=1000
06/14/2026 15:11:23 - INFO - qdiff.block_recon -   Total loss:	459.775 (rec:459.775, round:0.000)	b=0.00	count=1500
06/14/2026 15:11:26 - INFO - qdiff.block_recon -   Total loss:	437.965 (rec:437.965, round:0.000)	b=0.00	count=2000
06/14/2026 15:11:29 - INFO - qdiff.block_recon -   Total loss:	470.041 (rec:470.041, round:0.000)	b=0.00	count=2500
06/14/2026 15:11:33 - INFO - qdiff.block_recon -   Total loss:	466.638 (rec:466.638, round:0.000)	b=0.00	count=3000
06/14/2026 15:11:36 - INFO - qdiff.block_recon -   Total loss:	397.013 (rec:397.013, round:0.000)	b=0.00	count=3500
06/14/2026 15:11:39 - INFO - qdiff.block_recon -   Total loss:	439.956 (rec:439.956, round:0.000)	b=0.00	count=4000
06/14/2026 15:11:42 - INFO - qdiff.block_recon -   Total loss:	420.866 (rec:420.866, round:0.000)	b=0.00	count=4500
06/14/2026 15:11:46 - INFO - qdiff.block_recon -   Total loss:	395.929 (rec:395.929, round:0.000)	b=0.00	count=5000
06/14/2026 15:11:46 - INFO - __main__ -   up False
06/14/2026 15:11:46 - INFO - __main__ -   0 False
06/14/2026 15:11:46 - INFO - __main__ -   block False
06/14/2026 15:11:46 - INFO - __main__ -   0 True
06/14/2026 15:11:46 - INFO - __main__ -   Reconstruction for block 0
06/14/2026 15:12:03 - INFO - qdiff.utils -   in 1 shape: torch.Size([2000, 384, 32, 32]), in 2 shape: torch.Size([2000, 512])
06/14/2026 15:12:03 - INFO - qdiff.utils -   out shape: torch.Size([2000, 128, 32, 32])
06/14/2026 15:12:20 - INFO - qdiff.block_recon -   Total loss:	641.213 (rec:641.213, round:0.000)	b=0.00	count=500
06/14/2026 15:12:36 - INFO - qdiff.block_recon -   Total loss:	745.144 (rec:745.144, round:0.000)	b=0.00	count=1000
06/14/2026 15:12:53 - INFO - qdiff.block_recon -   Total loss:	744.293 (rec:744.293, round:0.000)	b=0.00	count=1500
06/14/2026 15:13:10 - INFO - qdiff.block_recon -   Total loss:	679.729 (rec:679.729, round:0.000)	b=0.00	count=2000
06/14/2026 15:13:27 - INFO - qdiff.block_recon -   Total loss:	698.942 (rec:698.942, round:0.000)	b=0.00	count=2500
06/14/2026 15:13:43 - INFO - qdiff.block_recon -   Total loss:	730.298 (rec:730.298, round:0.000)	b=0.00	count=3000
06/14/2026 15:14:00 - INFO - qdiff.block_recon -   Total loss:	697.651 (rec:697.651, round:0.000)	b=0.00	count=3500
06/14/2026 15:14:17 - INFO - qdiff.block_recon -   Total loss:	753.724 (rec:753.724, round:0.000)	b=0.00	count=4000
06/14/2026 15:14:34 - INFO - qdiff.block_recon -   Total loss:	608.332 (rec:608.332, round:0.000)	b=0.00	count=4500
06/14/2026 15:14:51 - INFO - qdiff.block_recon -   Total loss:	633.813 (rec:633.813, round:0.000)	b=0.00	count=5000
06/14/2026 15:14:51 - INFO - __main__ -   1 True
06/14/2026 15:14:51 - INFO - __main__ -   Reconstruction for block 1
06/14/2026 15:15:08 - INFO - qdiff.utils -   in 1 shape: torch.Size([2000, 256, 32, 32]), in 2 shape: torch.Size([2000, 512])
06/14/2026 15:15:08 - INFO - qdiff.utils -   out shape: torch.Size([2000, 128, 32, 32])
06/14/2026 15:15:21 - INFO - qdiff.block_recon -   Total loss:	121.718 (rec:121.718, round:0.000)	b=0.00	count=500
06/14/2026 15:15:34 - INFO - qdiff.block_recon -   Total loss:	121.225 (rec:121.225, round:0.000)	b=0.00	count=1000
06/14/2026 15:15:48 - INFO - qdiff.block_recon -   Total loss:	123.906 (rec:123.906, round:0.000)	b=0.00	count=1500
06/14/2026 15:16:01 - INFO - qdiff.block_recon -   Total loss:	129.379 (rec:129.379, round:0.000)	b=0.00	count=2000
06/14/2026 15:16:14 - INFO - qdiff.block_recon -   Total loss:	122.058 (rec:122.058, round:0.000)	b=0.00	count=2500
06/14/2026 15:16:27 - INFO - qdiff.block_recon -   Total loss:	124.325 (rec:124.325, round:0.000)	b=0.00	count=3000
06/14/2026 15:16:40 - INFO - qdiff.block_recon -   Total loss:	132.170 (rec:132.170, round:0.000)	b=0.00	count=3500
06/14/2026 15:16:54 - INFO - qdiff.block_recon -   Total loss:	114.122 (rec:114.122, round:0.000)	b=0.00	count=4000
06/14/2026 15:17:07 - INFO - qdiff.block_recon -   Total loss:	124.119 (rec:124.119, round:0.000)	b=0.00	count=4500
06/14/2026 15:17:20 - INFO - qdiff.block_recon -   Total loss:	127.674 (rec:127.674, round:0.000)	b=0.00	count=5000
06/14/2026 15:17:20 - INFO - __main__ -   2 True
06/14/2026 15:17:20 - INFO - __main__ -   Reconstruction for block 2
06/14/2026 15:17:37 - INFO - qdiff.utils -   in 1 shape: torch.Size([2000, 256, 32, 32]), in 2 shape: torch.Size([2000, 512])
06/14/2026 15:17:37 - INFO - qdiff.utils -   out shape: torch.Size([2000, 128, 32, 32])
06/14/2026 15:17:50 - INFO - qdiff.block_recon -   Total loss:	394.706 (rec:394.706, round:0.000)	b=0.00	count=500
06/14/2026 15:18:03 - INFO - qdiff.block_recon -   Total loss:	357.874 (rec:357.874, round:0.000)	b=0.00	count=1000
06/14/2026 15:18:16 - INFO - qdiff.block_recon -   Total loss:	341.307 (rec:341.307, round:0.000)	b=0.00	count=1500
06/14/2026 15:18:29 - INFO - qdiff.block_recon -   Total loss:	362.115 (rec:362.115, round:0.000)	b=0.00	count=2000
06/14/2026 15:18:43 - INFO - qdiff.block_recon -   Total loss:	354.157 (rec:354.157, round:0.000)	b=0.00	count=2500
06/14/2026 15:18:56 - INFO - qdiff.block_recon -   Total loss:	339.596 (rec:339.596, round:0.000)	b=0.00	count=3000
06/14/2026 15:19:09 - INFO - qdiff.block_recon -   Total loss:	350.169 (rec:350.169, round:0.000)	b=0.00	count=3500
06/14/2026 15:19:22 - INFO - qdiff.block_recon -   Total loss:	369.128 (rec:369.128, round:0.000)	b=0.00	count=4000
06/14/2026 15:19:35 - INFO - qdiff.block_recon -   Total loss:	337.088 (rec:337.088, round:0.000)	b=0.00	count=4500
06/14/2026 15:19:49 - INFO - qdiff.block_recon -   Total loss:	364.042 (rec:364.042, round:0.000)	b=0.00	count=5000
06/14/2026 15:19:49 - INFO - __main__ -   attn False
06/14/2026 15:19:49 - INFO - __main__ -   1 False
06/14/2026 15:19:49 - INFO - __main__ -   block False
06/14/2026 15:19:49 - INFO - __main__ -   0 True
06/14/2026 15:19:49 - INFO - __main__ -   Reconstruction for block 0
06/14/2026 15:20:02 - INFO - qdiff.utils -   in 1 shape: torch.Size([2000, 512, 16, 16]), in 2 shape: torch.Size([2000, 512])
06/14/2026 15:20:02 - INFO - qdiff.utils -   out shape: torch.Size([2000, 256, 16, 16])
06/14/2026 15:20:11 - INFO - qdiff.block_recon -   Total loss:	534.193 (rec:534.193, round:0.000)	b=0.00	count=500
06/14/2026 15:20:19 - INFO - qdiff.block_recon -   Total loss:	606.618 (rec:606.618, round:0.000)	b=0.00	count=1000
06/14/2026 15:20:28 - INFO - qdiff.block_recon -   Total loss:	594.077 (rec:594.077, round:0.000)	b=0.00	count=1500
06/14/2026 15:20:36 - INFO - qdiff.block_recon -   Total loss:	560.162 (rec:560.162, round:0.000)	b=0.00	count=2000
06/14/2026 15:20:45 - INFO - qdiff.block_recon -   Total loss:	540.547 (rec:540.547, round:0.000)	b=0.00	count=2500
06/14/2026 15:20:53 - INFO - qdiff.block_recon -   Total loss:	565.403 (rec:565.403, round:0.000)	b=0.00	count=3000
06/14/2026 15:21:02 - INFO - qdiff.block_recon -   Total loss:	641.886 (rec:641.886, round:0.000)	b=0.00	count=3500
06/14/2026 15:21:10 - INFO - qdiff.block_recon -   Total loss:	618.621 (rec:618.621, round:0.000)	b=0.00	count=4000
06/14/2026 15:21:19 - INFO - qdiff.block_recon -   Total loss:	620.150 (rec:620.150, round:0.000)	b=0.00	count=4500
06/14/2026 15:21:27 - INFO - qdiff.block_recon -   Total loss:	568.143 (rec:568.143, round:0.000)	b=0.00	count=5000
06/14/2026 15:21:27 - INFO - __main__ -   1 True
06/14/2026 15:21:27 - INFO - __main__ -   Reconstruction for block 1
06/14/2026 15:21:41 - INFO - qdiff.utils -   in 1 shape: torch.Size([2000, 512, 16, 16]), in 2 shape: torch.Size([2000, 512])
06/14/2026 15:21:41 - INFO - qdiff.utils -   out shape: torch.Size([2000, 256, 16, 16])
06/14/2026 15:21:49 - INFO - qdiff.block_recon -   Total loss:	345.993 (rec:345.993, round:0.000)	b=0.00	count=500
06/14/2026 15:21:58 - INFO - qdiff.block_recon -   Total loss:	337.449 (rec:337.449, round:0.000)	b=0.00	count=1000
06/14/2026 15:22:06 - INFO - qdiff.block_recon -   Total loss:	382.443 (rec:382.443, round:0.000)	b=0.00	count=1500
06/14/2026 15:22:14 - INFO - qdiff.block_recon -   Total loss:	358.129 (rec:358.129, round:0.000)	b=0.00	count=2000
06/14/2026 15:22:23 - INFO - qdiff.block_recon -   Total loss:	378.465 (rec:378.465, round:0.000)	b=0.00	count=2500
06/14/2026 15:22:31 - INFO - qdiff.block_recon -   Total loss:	403.720 (rec:403.720, round:0.000)	b=0.00	count=3000
06/14/2026 15:22:40 - INFO - qdiff.block_recon -   Total loss:	328.239 (rec:328.239, round:0.000)	b=0.00	count=3500
06/14/2026 15:22:48 - INFO - qdiff.block_recon -   Total loss:	323.936 (rec:323.936, round:0.000)	b=0.00	count=4000
06/14/2026 15:22:57 - INFO - qdiff.block_recon -   Total loss:	319.678 (rec:319.678, round:0.000)	b=0.00	count=4500
06/14/2026 15:23:05 - INFO - qdiff.block_recon -   Total loss:	307.174 (rec:307.174, round:0.000)	b=0.00	count=5000
06/14/2026 15:23:05 - INFO - __main__ -   2 True
06/14/2026 15:23:05 - INFO - __main__ -   Reconstruction for block 2
06/14/2026 15:23:19 - INFO - qdiff.utils -   in 1 shape: torch.Size([2000, 384, 16, 16]), in 2 shape: torch.Size([2000, 512])
06/14/2026 15:23:19 - INFO - qdiff.utils -   out shape: torch.Size([2000, 256, 16, 16])
06/14/2026 15:23:27 - INFO - qdiff.block_recon -   Total loss:	184.654 (rec:184.654, round:0.000)	b=0.00	count=500
06/14/2026 15:23:35 - INFO - qdiff.block_recon -   Total loss:	198.240 (rec:198.240, round:0.000)	b=0.00	count=1000
06/14/2026 15:23:42 - INFO - qdiff.block_recon -   Total loss:	194.016 (rec:194.016, round:0.000)	b=0.00	count=1500
06/14/2026 15:23:50 - INFO - qdiff.block_recon -   Total loss:	221.200 (rec:221.200, round:0.000)	b=0.00	count=2000
06/14/2026 15:23:57 - INFO - qdiff.block_recon -   Total loss:	195.655 (rec:195.655, round:0.000)	b=0.00	count=2500
06/14/2026 15:24:05 - INFO - qdiff.block_recon -   Total loss:	192.318 (rec:192.318, round:0.000)	b=0.00	count=3000
06/14/2026 15:24:12 - INFO - qdiff.block_recon -   Total loss:	171.347 (rec:171.347, round:0.000)	b=0.00	count=3500
06/14/2026 15:24:20 - INFO - qdiff.block_recon -   Total loss:	195.057 (rec:195.057, round:0.000)	b=0.00	count=4000
06/14/2026 15:24:28 - INFO - qdiff.block_recon -   Total loss:	203.475 (rec:203.475, round:0.000)	b=0.00	count=4500
06/14/2026 15:24:35 - INFO - qdiff.block_recon -   Total loss:	217.119 (rec:217.119, round:0.000)	b=0.00	count=5000
06/14/2026 15:24:35 - INFO - __main__ -   attn False
06/14/2026 15:24:35 - INFO - __main__ -   0 True
06/14/2026 15:24:35 - INFO - __main__ -   Reconstruction for block 0
06/14/2026 15:24:48 - INFO - qdiff.utils -   in shape: torch.Size([2000, 256, 16, 16])
06/14/2026 15:24:48 - INFO - qdiff.utils -   out shape: torch.Size([2000, 256, 16, 16])
06/14/2026 15:24:56 - INFO - qdiff.block_recon -   Total loss:	59.589 (rec:59.589, round:0.000)	b=0.00	count=500
06/14/2026 15:25:04 - INFO - qdiff.block_recon -   Total loss:	78.293 (rec:78.293, round:0.000)	b=0.00	count=1000
06/14/2026 15:25:12 - INFO - qdiff.block_recon -   Total loss:	89.218 (rec:89.218, round:0.000)	b=0.00	count=1500
06/14/2026 15:25:19 - INFO - qdiff.block_recon -   Total loss:	47.032 (rec:47.032, round:0.000)	b=0.00	count=2000
06/14/2026 15:25:27 - INFO - qdiff.block_recon -   Total loss:	74.421 (rec:74.421, round:0.000)	b=0.00	count=2500
06/14/2026 15:25:35 - INFO - qdiff.block_recon -   Total loss:	99.798 (rec:99.798, round:0.000)	b=0.00	count=3000
06/14/2026 15:25:43 - INFO - qdiff.block_recon -   Total loss:	83.265 (rec:83.265, round:0.000)	b=0.00	count=3500
06/14/2026 15:25:50 - INFO - qdiff.block_recon -   Total loss:	75.628 (rec:75.628, round:0.000)	b=0.00	count=4000
06/14/2026 15:25:58 - INFO - qdiff.block_recon -   Total loss:	83.959 (rec:83.959, round:0.000)	b=0.00	count=4500
06/14/2026 15:26:06 - INFO - qdiff.block_recon -   Total loss:	77.843 (rec:77.843, round:0.000)	b=0.00	count=5000
06/14/2026 15:26:06 - INFO - __main__ -   1 True
06/14/2026 15:26:06 - INFO - __main__ -   Reconstruction for block 1
06/14/2026 15:26:19 - INFO - qdiff.utils -   in shape: torch.Size([2000, 256, 16, 16])
06/14/2026 15:26:19 - INFO - qdiff.utils -   out shape: torch.Size([2000, 256, 16, 16])
06/14/2026 15:26:27 - INFO - qdiff.block_recon -   Total loss:	30.845 (rec:30.845, round:0.000)	b=0.00	count=500
06/14/2026 15:26:35 - INFO - qdiff.block_recon -   Total loss:	30.507 (rec:30.507, round:0.000)	b=0.00	count=1000
06/14/2026 15:26:43 - INFO - qdiff.block_recon -   Total loss:	38.943 (rec:38.943, round:0.000)	b=0.00	count=1500
06/14/2026 15:26:50 - INFO - qdiff.block_recon -   Total loss:	34.399 (rec:34.399, round:0.000)	b=0.00	count=2000
06/14/2026 15:26:58 - INFO - qdiff.block_recon -   Total loss:	30.158 (rec:30.158, round:0.000)	b=0.00	count=2500
06/14/2026 15:27:06 - INFO - qdiff.block_recon -   Total loss:	50.239 (rec:50.239, round:0.000)	b=0.00	count=3000
06/14/2026 15:27:14 - INFO - qdiff.block_recon -   Total loss:	35.397 (rec:35.397, round:0.000)	b=0.00	count=3500
06/14/2026 15:27:21 - INFO - qdiff.block_recon -   Total loss:	32.898 (rec:32.898, round:0.000)	b=0.00	count=4000
06/14/2026 15:27:29 - INFO - qdiff.block_recon -   Total loss:	43.532 (rec:43.532, round:0.000)	b=0.00	count=4500
06/14/2026 15:27:37 - INFO - qdiff.block_recon -   Total loss:	34.112 (rec:34.112, round:0.000)	b=0.00	count=5000
06/14/2026 15:27:37 - INFO - __main__ -   2 True
06/14/2026 15:27:37 - INFO - __main__ -   Reconstruction for block 2
06/14/2026 15:27:51 - INFO - qdiff.utils -   in shape: torch.Size([2000, 256, 16, 16])
06/14/2026 15:27:51 - INFO - qdiff.utils -   out shape: torch.Size([2000, 256, 16, 16])
06/14/2026 15:27:59 - INFO - qdiff.block_recon -   Total loss:	13.007 (rec:13.007, round:0.000)	b=0.00	count=500
06/14/2026 15:28:06 - INFO - qdiff.block_recon -   Total loss:	14.668 (rec:14.668, round:0.000)	b=0.00	count=1000
06/14/2026 15:28:14 - INFO - qdiff.block_recon -   Total loss:	16.639 (rec:16.639, round:0.000)	b=0.00	count=1500
06/14/2026 15:28:22 - INFO - qdiff.block_recon -   Total loss:	12.795 (rec:12.795, round:0.000)	b=0.00	count=2000
06/14/2026 15:28:29 - INFO - qdiff.block_recon -   Total loss:	17.371 (rec:17.371, round:0.000)	b=0.00	count=2500
06/14/2026 15:28:37 - INFO - qdiff.block_recon -   Total loss:	42.530 (rec:42.530, round:0.000)	b=0.00	count=3000
06/14/2026 15:28:45 - INFO - qdiff.block_recon -   Total loss:	43.023 (rec:43.023, round:0.000)	b=0.00	count=3500
06/14/2026 15:28:53 - INFO - qdiff.block_recon -   Total loss:	29.082 (rec:29.082, round:0.000)	b=0.00	count=4000
06/14/2026 15:29:00 - INFO - qdiff.block_recon -   Total loss:	38.859 (rec:38.859, round:0.000)	b=0.00	count=4500
06/14/2026 15:29:08 - INFO - qdiff.block_recon -   Total loss:	19.002 (rec:19.002, round:0.000)	b=0.00	count=5000
06/14/2026 15:29:08 - INFO - __main__ -   upsample False
06/14/2026 15:29:08 - INFO - __main__ -   conv False
06/14/2026 15:29:08 - INFO - __main__ -   Reconstruction for layer conv
06/14/2026 15:29:25 - INFO - qdiff.utils -   in shape: torch.Size([2000, 256, 32, 32])
06/14/2026 15:29:25 - INFO - qdiff.utils -   out shape: torch.Size([2000, 256, 32, 32])
06/14/2026 15:29:37 - INFO - qdiff.layer_recon -   Total loss:	954.356 (rec:954.356, round:0.000)	b=0.00	count=500
06/14/2026 15:29:48 - INFO - qdiff.layer_recon -   Total loss:	705.972 (rec:705.972, round:0.000)	b=0.00	count=1000
06/14/2026 15:29:59 - INFO - qdiff.layer_recon -   Total loss:	716.962 (rec:716.962, round:0.000)	b=0.00	count=1500
06/14/2026 15:30:10 - INFO - qdiff.layer_recon -   Total loss:	674.295 (rec:674.295, round:0.000)	b=0.00	count=2000
06/14/2026 15:30:22 - INFO - qdiff.layer_recon -   Total loss:	728.028 (rec:728.028, round:0.000)	b=0.00	count=2500
06/14/2026 15:30:33 - INFO - qdiff.layer_recon -   Total loss:	666.883 (rec:666.883, round:0.000)	b=0.00	count=3000
06/14/2026 15:30:44 - INFO - qdiff.layer_recon -   Total loss:	721.653 (rec:721.653, round:0.000)	b=0.00	count=3500
06/14/2026 15:30:55 - INFO - qdiff.layer_recon -   Total loss:	560.558 (rec:560.558, round:0.000)	b=0.00	count=4000
06/14/2026 15:31:06 - INFO - qdiff.layer_recon -   Total loss:	657.770 (rec:657.770, round:0.000)	b=0.00	count=4500
06/14/2026 15:31:17 - INFO - qdiff.layer_recon -   Total loss:	675.902 (rec:675.902, round:0.000)	b=0.00	count=5000
06/14/2026 15:31:17 - INFO - __main__ -   2 False
06/14/2026 15:31:17 - INFO - __main__ -   block False
06/14/2026 15:31:17 - INFO - __main__ -   0 True
06/14/2026 15:31:17 - INFO - __main__ -   Reconstruction for block 0
06/14/2026 15:31:29 - INFO - qdiff.utils -   in 1 shape: torch.Size([2000, 512, 8, 8]), in 2 shape: torch.Size([2000, 512])
06/14/2026 15:31:29 - INFO - qdiff.utils -   out shape: torch.Size([2000, 256, 8, 8])
06/14/2026 15:31:34 - INFO - qdiff.block_recon -   Total loss:	1087.730 (rec:1087.730, round:0.000)	b=0.00	count=500
06/14/2026 15:31:40 - INFO - qdiff.block_recon -   Total loss:	1110.150 (rec:1110.150, round:0.000)	b=0.00	count=1000
06/14/2026 15:31:45 - INFO - qdiff.block_recon -   Total loss:	1136.843 (rec:1136.843, round:0.000)	b=0.00	count=1500
06/14/2026 15:31:50 - INFO - qdiff.block_recon -   Total loss:	1206.135 (rec:1206.135, round:0.000)	b=0.00	count=2000
06/14/2026 15:31:55 - INFO - qdiff.block_recon -   Total loss:	1136.687 (rec:1136.687, round:0.000)	b=0.00	count=2500
06/14/2026 15:32:00 - INFO - qdiff.block_recon -   Total loss:	1134.948 (rec:1134.948, round:0.000)	b=0.00	count=3000
06/14/2026 15:32:06 - INFO - qdiff.block_recon -   Total loss:	1185.541 (rec:1185.541, round:0.000)	b=0.00	count=3500
06/14/2026 15:32:11 - INFO - qdiff.block_recon -   Total loss:	1227.024 (rec:1227.024, round:0.000)	b=0.00	count=4000
06/14/2026 15:32:16 - INFO - qdiff.block_recon -   Total loss:	1026.066 (rec:1026.066, round:0.000)	b=0.00	count=4500
06/14/2026 15:32:21 - INFO - qdiff.block_recon -   Total loss:	1069.741 (rec:1069.741, round:0.000)	b=0.00	count=5000
06/14/2026 15:32:21 - INFO - __main__ -   1 True
06/14/2026 15:32:21 - INFO - __main__ -   Reconstruction for block 1
06/14/2026 15:32:32 - INFO - qdiff.utils -   in 1 shape: torch.Size([2000, 512, 8, 8]), in 2 shape: torch.Size([2000, 512])
06/14/2026 15:32:32 - INFO - qdiff.utils -   out shape: torch.Size([2000, 256, 8, 8])
06/14/2026 15:32:38 - INFO - qdiff.block_recon -   Total loss:	538.999 (rec:538.999, round:0.000)	b=0.00	count=500
06/14/2026 15:32:43 - INFO - qdiff.block_recon -   Total loss:	509.340 (rec:509.340, round:0.000)	b=0.00	count=1000
06/14/2026 15:32:48 - INFO - qdiff.block_recon -   Total loss:	487.813 (rec:487.813, round:0.000)	b=0.00	count=1500
06/14/2026 15:32:53 - INFO - qdiff.block_recon -   Total loss:	504.641 (rec:504.641, round:0.000)	b=0.00	count=2000
06/14/2026 15:32:58 - INFO - qdiff.block_recon -   Total loss:	507.713 (rec:507.713, round:0.000)	b=0.00	count=2500
06/14/2026 15:33:03 - INFO - qdiff.block_recon -   Total loss:	483.469 (rec:483.469, round:0.000)	b=0.00	count=3000
06/14/2026 15:33:08 - INFO - qdiff.block_recon -   Total loss:	490.219 (rec:490.219, round:0.000)	b=0.00	count=3500
06/14/2026 15:33:14 - INFO - qdiff.block_recon -   Total loss:	473.996 (rec:473.996, round:0.000)	b=0.00	count=4000
06/14/2026 15:33:19 - INFO - qdiff.block_recon -   Total loss:	575.520 (rec:575.520, round:0.000)	b=0.00	count=4500
06/14/2026 15:33:24 - INFO - qdiff.block_recon -   Total loss:	590.694 (rec:590.694, round:0.000)	b=0.00	count=5000
06/14/2026 15:33:24 - INFO - __main__ -   2 True
06/14/2026 15:33:24 - INFO - __main__ -   Reconstruction for block 2
06/14/2026 15:33:36 - INFO - qdiff.utils -   in 1 shape: torch.Size([2000, 512, 8, 8]), in 2 shape: torch.Size([2000, 512])
06/14/2026 15:33:36 - INFO - qdiff.utils -   out shape: torch.Size([2000, 256, 8, 8])
06/14/2026 15:33:41 - INFO - qdiff.block_recon -   Total loss:	156.877 (rec:156.877, round:0.000)	b=0.00	count=500
06/14/2026 15:33:46 - INFO - qdiff.block_recon -   Total loss:	142.418 (rec:142.418, round:0.000)	b=0.00	count=1000
06/14/2026 15:33:51 - INFO - qdiff.block_recon -   Total loss:	161.059 (rec:161.059, round:0.000)	b=0.00	count=1500
06/14/2026 15:33:56 - INFO - qdiff.block_recon -   Total loss:	160.808 (rec:160.808, round:0.000)	b=0.00	count=2000
06/14/2026 15:34:01 - INFO - qdiff.block_recon -   Total loss:	167.686 (rec:167.686, round:0.000)	b=0.00	count=2500
06/14/2026 15:34:07 - INFO - qdiff.block_recon -   Total loss:	175.798 (rec:175.798, round:0.000)	b=0.00	count=3000
06/14/2026 15:34:12 - INFO - qdiff.block_recon -   Total loss:	164.949 (rec:164.949, round:0.000)	b=0.00	count=3500
06/14/2026 15:34:17 - INFO - qdiff.block_recon -   Total loss:	149.900 (rec:149.900, round:0.000)	b=0.00	count=4000
06/14/2026 15:34:22 - INFO - qdiff.block_recon -   Total loss:	153.749 (rec:153.749, round:0.000)	b=0.00	count=4500
06/14/2026 15:34:27 - INFO - qdiff.block_recon -   Total loss:	159.545 (rec:159.545, round:0.000)	b=0.00	count=5000
06/14/2026 15:34:27 - INFO - __main__ -   attn False
06/14/2026 15:34:27 - INFO - __main__ -   upsample False
06/14/2026 15:34:27 - INFO - __main__ -   conv False
06/14/2026 15:34:27 - INFO - __main__ -   Reconstruction for layer conv
06/14/2026 15:34:40 - INFO - qdiff.utils -   in shape: torch.Size([2000, 256, 16, 16])
06/14/2026 15:34:40 - INFO - qdiff.utils -   out shape: torch.Size([2000, 256, 16, 16])
06/14/2026 15:34:43 - INFO - qdiff.layer_recon -   Total loss:	25.960 (rec:25.960, round:0.000)	b=0.00	count=500
06/14/2026 15:34:47 - INFO - qdiff.layer_recon -   Total loss:	24.676 (rec:24.676, round:0.000)	b=0.00	count=1000
06/14/2026 15:34:50 - INFO - qdiff.layer_recon -   Total loss:	25.647 (rec:25.647, round:0.000)	b=0.00	count=1500
06/14/2026 15:34:54 - INFO - qdiff.layer_recon -   Total loss:	27.093 (rec:27.093, round:0.000)	b=0.00	count=2000
06/14/2026 15:34:58 - INFO - qdiff.layer_recon -   Total loss:	30.327 (rec:30.327, round:0.000)	b=0.00	count=2500
06/14/2026 15:35:01 - INFO - qdiff.layer_recon -   Total loss:	30.396 (rec:30.396, round:0.000)	b=0.00	count=3000
06/14/2026 15:35:05 - INFO - qdiff.layer_recon -   Total loss:	26.886 (rec:26.886, round:0.000)	b=0.00	count=3500
06/14/2026 15:35:09 - INFO - qdiff.layer_recon -   Total loss:	26.746 (rec:26.746, round:0.000)	b=0.00	count=4000
06/14/2026 15:35:12 - INFO - qdiff.layer_recon -   Total loss:	34.515 (rec:34.515, round:0.000)	b=0.00	count=4500
06/14/2026 15:35:16 - INFO - qdiff.layer_recon -   Total loss:	26.207 (rec:26.207, round:0.000)	b=0.00	count=5000
06/14/2026 15:35:16 - INFO - __main__ -   3 False
06/14/2026 15:35:16 - INFO - __main__ -   block False
06/14/2026 15:35:16 - INFO - __main__ -   0 True
06/14/2026 15:35:16 - INFO - __main__ -   Reconstruction for block 0
06/14/2026 15:35:26 - INFO - qdiff.utils -   in 1 shape: torch.Size([2000, 512, 4, 4]), in 2 shape: torch.Size([2000, 512])
06/14/2026 15:35:26 - INFO - qdiff.utils -   out shape: torch.Size([2000, 256, 4, 4])
06/14/2026 15:35:31 - INFO - qdiff.block_recon -   Total loss:	1589.676 (rec:1589.676, round:0.000)	b=0.00	count=500
06/14/2026 15:35:35 - INFO - qdiff.block_recon -   Total loss:	1876.262 (rec:1876.262, round:0.000)	b=0.00	count=1000
06/14/2026 15:35:40 - INFO - qdiff.block_recon -   Total loss:	1824.564 (rec:1824.564, round:0.000)	b=0.00	count=1500
06/14/2026 15:35:45 - INFO - qdiff.block_recon -   Total loss:	1780.698 (rec:1780.698, round:0.000)	b=0.00	count=2000
06/14/2026 15:35:49 - INFO - qdiff.block_recon -   Total loss:	1654.198 (rec:1654.198, round:0.000)	b=0.00	count=2500
06/14/2026 15:35:54 - INFO - qdiff.block_recon -   Total loss:	1735.996 (rec:1735.996, round:0.000)	b=0.00	count=3000
06/14/2026 15:35:59 - INFO - qdiff.block_recon -   Total loss:	1631.459 (rec:1631.459, round:0.000)	b=0.00	count=3500
06/14/2026 15:36:03 - INFO - qdiff.block_recon -   Total loss:	1644.729 (rec:1644.729, round:0.000)	b=0.00	count=4000
06/14/2026 15:36:08 - INFO - qdiff.block_recon -   Total loss:	1511.826 (rec:1511.826, round:0.000)	b=0.00	count=4500
06/14/2026 15:36:12 - INFO - qdiff.block_recon -   Total loss:	1867.431 (rec:1867.431, round:0.000)	b=0.00	count=5000
06/14/2026 15:36:12 - INFO - __main__ -   1 True
06/14/2026 15:36:12 - INFO - __main__ -   Reconstruction for block 1
06/14/2026 15:36:23 - INFO - qdiff.utils -   in 1 shape: torch.Size([2000, 512, 4, 4]), in 2 shape: torch.Size([2000, 512])
06/14/2026 15:36:23 - INFO - qdiff.utils -   out shape: torch.Size([2000, 256, 4, 4])
06/14/2026 15:36:27 - INFO - qdiff.block_recon -   Total loss:	1989.702 (rec:1989.702, round:0.000)	b=0.00	count=500
06/14/2026 15:36:32 - INFO - qdiff.block_recon -   Total loss:	1946.065 (rec:1946.065, round:0.000)	b=0.00	count=1000
06/14/2026 15:36:37 - INFO - qdiff.block_recon -   Total loss:	1848.082 (rec:1848.082, round:0.000)	b=0.00	count=1500
06/14/2026 15:36:41 - INFO - qdiff.block_recon -   Total loss:	1791.780 (rec:1791.780, round:0.000)	b=0.00	count=2000
06/14/2026 15:36:46 - INFO - qdiff.block_recon -   Total loss:	2040.891 (rec:2040.891, round:0.000)	b=0.00	count=2500
06/14/2026 15:36:51 - INFO - qdiff.block_recon -   Total loss:	1994.933 (rec:1994.933, round:0.000)	b=0.00	count=3000
06/14/2026 15:36:55 - INFO - qdiff.block_recon -   Total loss:	1735.379 (rec:1735.379, round:0.000)	b=0.00	count=3500
06/14/2026 15:37:00 - INFO - qdiff.block_recon -   Total loss:	1842.562 (rec:1842.562, round:0.000)	b=0.00	count=4000
06/14/2026 15:37:05 - INFO - qdiff.block_recon -   Total loss:	1761.031 (rec:1761.031, round:0.000)	b=0.00	count=4500
06/14/2026 15:37:09 - INFO - qdiff.block_recon -   Total loss:	2129.042 (rec:2129.042, round:0.000)	b=0.00	count=5000
06/14/2026 15:37:09 - INFO - __main__ -   2 True
06/14/2026 15:37:09 - INFO - __main__ -   Reconstruction for block 2
06/14/2026 15:37:20 - INFO - qdiff.utils -   in 1 shape: torch.Size([2000, 512, 4, 4]), in 2 shape: torch.Size([2000, 512])
06/14/2026 15:37:20 - INFO - qdiff.utils -   out shape: torch.Size([2000, 256, 4, 4])
06/14/2026 15:37:25 - INFO - qdiff.block_recon -   Total loss:	586.037 (rec:586.037, round:0.000)	b=0.00	count=500
06/14/2026 15:37:29 - INFO - qdiff.block_recon -   Total loss:	554.977 (rec:554.977, round:0.000)	b=0.00	count=1000
06/14/2026 15:37:34 - INFO - qdiff.block_recon -   Total loss:	598.837 (rec:598.837, round:0.000)	b=0.00	count=1500
06/14/2026 15:37:39 - INFO - qdiff.block_recon -   Total loss:	537.534 (rec:537.534, round:0.000)	b=0.00	count=2000
06/14/2026 15:37:43 - INFO - qdiff.block_recon -   Total loss:	660.652 (rec:660.652, round:0.000)	b=0.00	count=2500
06/14/2026 15:37:48 - INFO - qdiff.block_recon -   Total loss:	614.671 (rec:614.671, round:0.000)	b=0.00	count=3000
06/14/2026 15:37:53 - INFO - qdiff.block_recon -   Total loss:	588.588 (rec:588.588, round:0.000)	b=0.00	count=3500
06/14/2026 15:37:57 - INFO - qdiff.block_recon -   Total loss:	529.899 (rec:529.899, round:0.000)	b=0.00	count=4000
06/14/2026 15:38:02 - INFO - qdiff.block_recon -   Total loss:	633.448 (rec:633.448, round:0.000)	b=0.00	count=4500
06/14/2026 15:38:07 - INFO - qdiff.block_recon -   Total loss:	584.042 (rec:584.042, round:0.000)	b=0.00	count=5000
06/14/2026 15:38:07 - INFO - __main__ -   attn False
06/14/2026 15:38:07 - INFO - __main__ -   upsample False
06/14/2026 15:38:07 - INFO - __main__ -   conv False
06/14/2026 15:38:07 - INFO - __main__ -   Reconstruction for layer conv
06/14/2026 15:38:17 - INFO - qdiff.utils -   in shape: torch.Size([2000, 256, 8, 8])
06/14/2026 15:38:17 - INFO - qdiff.utils -   out shape: torch.Size([2000, 256, 8, 8])
06/14/2026 15:38:19 - INFO - qdiff.layer_recon -   Total loss:	48.253 (rec:48.253, round:0.000)	b=0.00	count=500
06/14/2026 15:38:21 - INFO - qdiff.layer_recon -   Total loss:	46.308 (rec:46.308, round:0.000)	b=0.00	count=1000
06/14/2026 15:38:23 - INFO - qdiff.layer_recon -   Total loss:	39.784 (rec:39.784, round:0.000)	b=0.00	count=1500
06/14/2026 15:38:25 - INFO - qdiff.layer_recon -   Total loss:	46.092 (rec:46.092, round:0.000)	b=0.00	count=2000
06/14/2026 15:38:27 - INFO - qdiff.layer_recon -   Total loss:	41.624 (rec:41.624, round:0.000)	b=0.00	count=2500
06/14/2026 15:38:29 - INFO - qdiff.layer_recon -   Total loss:	57.510 (rec:57.510, round:0.000)	b=0.00	count=3000
06/14/2026 15:38:31 - INFO - qdiff.layer_recon -   Total loss:	41.098 (rec:41.098, round:0.000)	b=0.00	count=3500
06/14/2026 15:38:33 - INFO - qdiff.layer_recon -   Total loss:	47.709 (rec:47.709, round:0.000)	b=0.00	count=4000
06/14/2026 15:38:34 - INFO - qdiff.layer_recon -   Total loss:	44.125 (rec:44.125, round:0.000)	b=0.00	count=4500
06/14/2026 15:38:36 - INFO - qdiff.layer_recon -   Total loss:	42.408 (rec:42.408, round:0.000)	b=0.00	count=5000
06/14/2026 15:38:36 - INFO - __main__ -   norm_out False
06/14/2026 15:38:36 - INFO - __main__ -   conv_out False
06/14/2026 15:38:36 - INFO - __main__ -   Reconstruction for layer conv_out
06/14/2026 15:38:51 - INFO - qdiff.utils -   in shape: torch.Size([2000, 128, 32, 32])
06/14/2026 15:38:51 - INFO - qdiff.utils -   out shape: torch.Size([2000, 3, 32, 32])
06/14/2026 15:38:55 - INFO - qdiff.layer_recon -   Total loss:	0.000 (rec:0.000, round:0.000)	b=0.00	count=500
06/14/2026 15:38:59 - INFO - qdiff.layer_recon -   Total loss:	0.000 (rec:0.000, round:0.000)	b=0.00	count=1000
06/14/2026 15:39:03 - INFO - qdiff.layer_recon -   Total loss:	0.000 (rec:0.000, round:0.000)	b=0.00	count=1500
06/14/2026 15:39:06 - INFO - qdiff.layer_recon -   Total loss:	0.000 (rec:0.000, round:0.000)	b=0.00	count=2000
06/14/2026 15:39:10 - INFO - qdiff.layer_recon -   Total loss:	0.000 (rec:0.000, round:0.000)	b=0.00	count=2500
06/14/2026 15:39:14 - INFO - qdiff.layer_recon -   Total loss:	0.000 (rec:0.000, round:0.000)	b=0.00	count=3000
06/14/2026 15:39:17 - INFO - qdiff.layer_recon -   Total loss:	0.000 (rec:0.000, round:0.000)	b=0.00	count=3500
06/14/2026 15:39:21 - INFO - qdiff.layer_recon -   Total loss:	0.000 (rec:0.000, round:0.000)	b=0.00	count=4000
06/14/2026 15:39:25 - INFO - qdiff.layer_recon -   Total loss:	0.000 (rec:0.000, round:0.000)	b=0.00	count=4500
06/14/2026 15:39:29 - INFO - qdiff.layer_recon -   Total loss:	0.000 (rec:0.000, round:0.000)	b=0.00	count=5000
06/14/2026 15:39:29 - INFO - __main__ -   阶段1: BRECQ量化重建完成
06/14/2026 15:39:29 - INFO - __main__ -   第一阶段：开始采样生成中间噪声图像
06/14/2026 15:39:29 - INFO - __main__ -   ===========================================================================
06/14/2026 15:39:29 - INFO - __main__ -   前半段采样：生成 10000 张中间噪声图像
06/14/2026 15:39:29 - INFO - __main__ -   ===========================================================================
06/14/2026 15:39:29 - INFO - __main__ -   前半段采样序列: 800 -> 220 (共48步, skip_type=quad)
06/14/2026 15:59:29 - INFO - __main__ -   ===========================================================================
06/14/2026 15:59:29 - INFO - __main__ -   第二阶段：使用组1进行BRECQ量化
06/14/2026 15:59:29 - INFO - __main__ -   ===========================================================================
06/14/2026 15:59:29 - INFO - __main__ -   ===========================================================================
06/14/2026 15:59:29 - INFO - __main__ -   阶段2: 开始权重量化重建
06/14/2026 15:59:29 - INFO - __main__ -   ===========================================================================
06/14/2026 15:59:29 - INFO - __main__ -   初始化权重量化参数
06/14/2026 15:59:32 - INFO - qdiff.quant_layer -   split at 256!
06/14/2026 15:59:33 - INFO - qdiff.quant_layer -   split at 256!
06/14/2026 15:59:34 - INFO - qdiff.quant_layer -   split at 256!
06/14/2026 15:59:35 - INFO - qdiff.quant_layer -   split at 256!
06/14/2026 15:59:36 - INFO - qdiff.quant_layer -   split at 256!
06/14/2026 15:59:37 - INFO - qdiff.quant_layer -   split at 256!
06/14/2026 15:59:38 - INFO - qdiff.quant_layer -   split at 256!
06/14/2026 15:59:40 - INFO - qdiff.quant_layer -   split at 256!
06/14/2026 15:59:41 - INFO - qdiff.quant_layer -   split at 256!
06/14/2026 15:59:43 - INFO - qdiff.quant_layer -   split at 256!
06/14/2026 15:59:43 - INFO - qdiff.quant_layer -   split at 128!
06/14/2026 15:59:44 - INFO - qdiff.quant_layer -   split at 128!
06/14/2026 15:59:44 - INFO - __main__ -   初始化完成!
06/14/2026 15:59:54 - INFO - __main__ -   执行权重量化重建（BRECQ）
06/14/2026 15:59:54 - INFO - __main__ -   model False
06/14/2026 15:59:54 - INFO - __main__ -   temb False
06/14/2026 15:59:54 - INFO - __main__ -   dense False
06/14/2026 15:59:54 - INFO - __main__ -   0 False
06/14/2026 15:59:54 - INFO - __main__ -   Reconstruction for layer 0
06/14/2026 16:00:03 - INFO - qdiff.utils -   in shape: torch.Size([2000, 128])
06/14/2026 16:00:03 - INFO - qdiff.utils -   out shape: torch.Size([2000, 512])
06/14/2026 16:00:06 - INFO - qdiff.layer_recon -   Total loss:	15.000 (rec:0.000, round:15.000)	b=0.00	count=500
06/14/2026 16:00:07 - INFO - qdiff.layer_recon -   Total loss:	19.000 (rec:0.000, round:19.000)	b=0.00	count=1000
06/14/2026 16:00:08 - INFO - qdiff.layer_recon -   Total loss:	0.000 (rec:0.000, round:0.000)	b=0.00	count=1500
06/14/2026 16:00:09 - INFO - qdiff.layer_recon -   Total loss:	0.000 (rec:0.000, round:0.000)	b=0.00	count=2000
06/14/2026 16:00:11 - INFO - qdiff.layer_recon -   Total loss:	0.000 (rec:0.000, round:0.000)	b=0.00	count=2500
06/14/2026 16:00:12 - INFO - qdiff.layer_recon -   Total loss:	0.000 (rec:0.000, round:0.000)	b=0.00	count=3000
06/14/2026 16:00:13 - INFO - qdiff.layer_recon -   Total loss:	0.000 (rec:0.000, round:0.000)	b=0.00	count=3500
06/14/2026 16:00:15 - INFO - qdiff.layer_recon -   Total loss:	643.754 (rec:0.000, round:643.754)	b=20.00	count=4000
06/14/2026 16:00:16 - INFO - qdiff.layer_recon -   Total loss:	262.037 (rec:0.000, round:262.037)	b=19.44	count=4500
06/14/2026 16:00:18 - INFO - qdiff.layer_recon -   Total loss:	201.614 (rec:0.000, round:201.614)	b=18.88	count=5000
06/14/2026 16:00:20 - INFO - qdiff.layer_recon -   Total loss:	191.934 (rec:0.000, round:191.934)	b=18.31	count=5500
06/14/2026 16:00:21 - INFO - qdiff.layer_recon -   Total loss:	205.802 (rec:0.000, round:205.802)	b=17.75	count=6000
06/14/2026 16:00:23 - INFO - qdiff.layer_recon -   Total loss:	198.557 (rec:0.000, round:198.557)	b=17.19	count=6500
06/14/2026 16:00:25 - INFO - qdiff.layer_recon -   Total loss:	184.277 (rec:0.000, round:184.277)	b=16.62	count=7000
06/14/2026 16:00:27 - INFO - qdiff.layer_recon -   Total loss:	149.879 (rec:0.000, round:149.879)	b=16.06	count=7500
06/14/2026 16:00:28 - INFO - qdiff.layer_recon -   Total loss:	168.057 (rec:0.000, round:168.057)	b=15.50	count=8000
06/14/2026 16:00:30 - INFO - qdiff.layer_recon -   Total loss:	119.202 (rec:0.000, round:119.202)	b=14.94	count=8500
06/14/2026 16:00:32 - INFO - qdiff.layer_recon -   Total loss:	111.096 (rec:0.000, round:111.096)	b=14.38	count=9000
06/14/2026 16:00:33 - INFO - qdiff.layer_recon -   Total loss:	123.212 (rec:0.000, round:123.212)	b=13.81	count=9500
06/14/2026 16:00:35 - INFO - qdiff.layer_recon -   Total loss:	85.309 (rec:0.000, round:85.309)	b=13.25	count=10000
06/14/2026 16:00:37 - INFO - qdiff.layer_recon -   Total loss:	73.163 (rec:0.000, round:73.163)	b=12.69	count=10500
06/14/2026 16:00:38 - INFO - qdiff.layer_recon -   Total loss:	54.086 (rec:0.000, round:54.086)	b=12.12	count=11000
06/14/2026 16:00:40 - INFO - qdiff.layer_recon -   Total loss:	70.318 (rec:0.000, round:70.318)	b=11.56	count=11500
06/14/2026 16:00:42 - INFO - qdiff.layer_recon -   Total loss:	66.127 (rec:0.000, round:66.127)	b=11.00	count=12000
06/14/2026 16:00:44 - INFO - qdiff.layer_recon -   Total loss:	51.268 (rec:0.000, round:51.268)	b=10.44	count=12500
06/14/2026 16:00:45 - INFO - qdiff.layer_recon -   Total loss:	43.066 (rec:0.000, round:43.066)	b=9.88	count=13000
06/14/2026 16:00:47 - INFO - qdiff.layer_recon -   Total loss:	8.512 (rec:0.000, round:8.512)	b=9.31	count=13500
06/14/2026 16:00:49 - INFO - qdiff.layer_recon -   Total loss:	0.000 (rec:0.000, round:0.000)	b=8.75	count=14000
06/14/2026 16:00:50 - INFO - qdiff.layer_recon -   Total loss:	0.000 (rec:0.000, round:0.000)	b=8.19	count=14500
06/14/2026 16:00:52 - INFO - qdiff.layer_recon -   Total loss:	0.000 (rec:0.000, round:0.000)	b=7.62	count=15000
06/14/2026 16:00:54 - INFO - qdiff.layer_recon -   Total loss:	0.000 (rec:0.000, round:0.000)	b=7.06	count=15500
06/14/2026 16:00:55 - INFO - qdiff.layer_recon -   Total loss:	0.000 (rec:0.000, round:0.000)	b=6.50	count=16000
06/14/2026 16:00:57 - INFO - qdiff.layer_recon -   Total loss:	13.951 (rec:0.000, round:13.951)	b=5.94	count=16500
06/14/2026 16:00:59 - INFO - qdiff.layer_recon -   Total loss:	0.000 (rec:0.000, round:0.000)	b=5.38	count=17000
06/14/2026 16:01:01 - INFO - qdiff.layer_recon -   Total loss:	11.305 (rec:0.000, round:11.305)	b=4.81	count=17500
06/14/2026 16:01:02 - INFO - qdiff.layer_recon -   Total loss:	18.131 (rec:0.000, round:18.131)	b=4.25	count=18000
06/14/2026 16:01:04 - INFO - qdiff.layer_recon -   Total loss:	0.000 (rec:0.000, round:0.000)	b=3.69	count=18500
06/14/2026 16:01:06 - INFO - qdiff.layer_recon -   Total loss:	10.001 (rec:0.000, round:10.001)	b=3.12	count=19000
06/14/2026 16:01:07 - INFO - qdiff.layer_recon -   Total loss:	14.000 (rec:0.000, round:14.000)	b=2.56	count=19500
06/14/2026 16:01:09 - INFO - qdiff.layer_recon -   Total loss:	18.000 (rec:0.000, round:18.000)	b=2.00	count=20000
06/14/2026 16:01:09 - INFO - __main__ -   1 False
06/14/2026 16:01:09 - INFO - __main__ -   Reconstruction for layer 1
06/14/2026 16:01:18 - INFO - qdiff.utils -   in shape: torch.Size([2000, 512])
06/14/2026 16:01:18 - INFO - qdiff.utils -   out shape: torch.Size([2000, 512])
06/14/2026 16:01:19 - INFO - qdiff.layer_recon -   Total loss:	0.000 (rec:0.000, round:0.000)	b=0.00	count=500
06/14/2026 16:01:20 - INFO - qdiff.layer_recon -   Total loss:	15.000 (rec:0.000, round:15.000)	b=0.00	count=1000
06/14/2026 16:01:22 - INFO - qdiff.layer_recon -   Total loss:	0.000 (rec:0.000, round:0.000)	b=0.00	count=1500
06/14/2026 16:01:23 - INFO - qdiff.layer_recon -   Total loss:	12.000 (rec:0.000, round:12.000)	b=0.00	count=2000
06/14/2026 16:01:24 - INFO - qdiff.layer_recon -   Total loss:	0.000 (rec:0.000, round:0.000)	b=0.00	count=2500
06/14/2026 16:01:26 - INFO - qdiff.layer_recon -   Total loss:	0.000 (rec:0.000, round:0.000)	b=0.00	count=3000
06/14/2026 16:01:27 - INFO - qdiff.layer_recon -   Total loss:	0.000 (rec:0.000, round:0.000)	b=0.00	count=3500
06/14/2026 16:01:28 - INFO - qdiff.layer_recon -   Total loss:	2476.572 (rec:0.000, round:2476.572)	b=20.00	count=4000
06/14/2026 16:01:30 - INFO - qdiff.layer_recon -   Total loss:	1016.705 (rec:0.000, round:1016.705)	b=19.44	count=4500
06/14/2026 16:01:31 - INFO - qdiff.layer_recon -   Total loss:	896.693 (rec:0.000, round:896.693)	b=18.88	count=5000
06/14/2026 16:01:33 - INFO - qdiff.layer_recon -   Total loss:	878.664 (rec:0.000, round:878.664)	b=18.31	count=5500
06/14/2026 16:01:35 - INFO - qdiff.layer_recon -   Total loss:	800.142 (rec:0.000, round:800.142)	b=17.75	count=6000
06/14/2026 16:01:36 - INFO - qdiff.layer_recon -   Total loss:	758.622 (rec:0.000, round:758.622)	b=17.19	count=6500
06/14/2026 16:01:38 - INFO - qdiff.layer_recon -   Total loss:	718.299 (rec:0.000, round:718.299)	b=16.62	count=7000
06/14/2026 16:01:39 - INFO - qdiff.layer_recon -   Total loss:	679.228 (rec:0.000, round:679.228)	b=16.06	count=7500
06/14/2026 16:01:41 - INFO - qdiff.layer_recon -   Total loss:	650.639 (rec:0.000, round:650.639)	b=15.50	count=8000
06/14/2026 16:01:42 - INFO - qdiff.layer_recon -   Total loss:	636.821 (rec:0.000, round:636.821)	b=14.94	count=8500
06/14/2026 16:01:44 - INFO - qdiff.layer_recon -   Total loss:	565.390 (rec:0.000, round:565.390)	b=14.38	count=9000
06/14/2026 16:01:45 - INFO - qdiff.layer_recon -   Total loss:	558.503 (rec:0.000, round:558.503)	b=13.81	count=9500
06/14/2026 16:01:47 - INFO - qdiff.layer_recon -   Total loss:	481.444 (rec:0.000, round:481.444)	b=13.25	count=10000
06/14/2026 16:01:49 - INFO - qdiff.layer_recon -   Total loss:	442.058 (rec:0.000, round:442.058)	b=12.69	count=10500
06/14/2026 16:01:50 - INFO - qdiff.layer_recon -   Total loss:	425.817 (rec:0.000, round:425.817)	b=12.12	count=11000
06/14/2026 16:01:52 - INFO - qdiff.layer_recon -   Total loss:	349.137 (rec:0.000, round:349.137)	b=11.56	count=11500
06/14/2026 16:01:53 - INFO - qdiff.layer_recon -   Total loss:	345.833 (rec:0.000, round:345.833)	b=11.00	count=12000
06/14/2026 16:01:55 - INFO - qdiff.layer_recon -   Total loss:	264.374 (rec:0.000, round:264.374)	b=10.44	count=12500
06/14/2026 16:01:57 - INFO - qdiff.layer_recon -   Total loss:	226.421 (rec:0.000, round:226.421)	b=9.88	count=13000
06/14/2026 16:01:58 - INFO - qdiff.layer_recon -   Total loss:	184.450 (rec:0.000, round:184.450)	b=9.31	count=13500
06/14/2026 16:02:00 - INFO - qdiff.layer_recon -   Total loss:	150.342 (rec:0.000, round:150.342)	b=8.75	count=14000
06/14/2026 16:02:01 - INFO - qdiff.layer_recon -   Total loss:	140.033 (rec:0.000, round:140.033)	b=8.19	count=14500
06/14/2026 16:02:03 - INFO - qdiff.layer_recon -   Total loss:	84.114 (rec:0.000, round:84.114)	b=7.62	count=15000
06/14/2026 16:02:04 - INFO - qdiff.layer_recon -   Total loss:	55.023 (rec:0.000, round:55.023)	b=7.06	count=15500
06/14/2026 16:02:06 - INFO - qdiff.layer_recon -   Total loss:	61.741 (rec:0.000, round:61.741)	b=6.50	count=16000
06/14/2026 16:02:08 - INFO - qdiff.layer_recon -   Total loss:	14.896 (rec:0.000, round:14.896)	b=5.94	count=16500
06/14/2026 16:02:09 - INFO - qdiff.layer_recon -   Total loss:	26.060 (rec:0.000, round:26.060)	b=5.38	count=17000
06/14/2026 16:02:11 - INFO - qdiff.layer_recon -   Total loss:	20.611 (rec:0.000, round:20.611)	b=4.81	count=17500
06/14/2026 16:02:12 - INFO - qdiff.layer_recon -   Total loss:	0.000 (rec:0.000, round:0.000)	b=4.25	count=18000
06/14/2026 16:02:14 - INFO - qdiff.layer_recon -   Total loss:	0.001 (rec:0.001, round:0.000)	b=3.69	count=18500
06/14/2026 16:02:15 - INFO - qdiff.layer_recon -   Total loss:	0.001 (rec:0.001, round:0.000)	b=3.12	count=19000
06/14/2026 16:02:17 - INFO - qdiff.layer_recon -   Total loss:	11.003 (rec:0.001, round:11.002)	b=2.56	count=19500
06/14/2026 16:02:19 - INFO - qdiff.layer_recon -   Total loss:	0.000 (rec:0.000, round:0.000)	b=2.00	count=20000
06/14/2026 16:02:19 - INFO - __main__ -   conv_in False
06/14/2026 16:02:19 - INFO - __main__ -   Reconstruction for layer conv_in
06/14/2026 16:02:29 - INFO - qdiff.utils -   in shape: torch.Size([2000, 3, 32, 32])
06/14/2026 16:02:29 - INFO - qdiff.utils -   out shape: torch.Size([2000, 128, 32, 32])
06/14/2026 16:02:33 - INFO - qdiff.layer_recon -   Total loss:	0.000 (rec:0.000, round:0.000)	b=0.00	count=500
06/14/2026 16:02:36 - INFO - qdiff.layer_recon -   Total loss:	11.000 (rec:0.000, round:11.000)	b=0.00	count=1000
06/14/2026 16:02:40 - INFO - qdiff.layer_recon -   Total loss:	0.000 (rec:0.000, round:0.000)	b=0.00	count=1500
06/14/2026 16:02:43 - INFO - qdiff.layer_recon -   Total loss:	17.000 (rec:0.000, round:17.000)	b=0.00	count=2000
06/14/2026 16:02:46 - INFO - qdiff.layer_recon -   Total loss:	14.000 (rec:0.000, round:14.000)	b=0.00	count=2500
06/14/2026 16:02:50 - INFO - qdiff.layer_recon -   Total loss:	0.000 (rec:0.000, round:0.000)	b=0.00	count=3000
06/14/2026 16:02:53 - INFO - qdiff.layer_recon -   Total loss:	0.000 (rec:0.000, round:0.000)	b=0.00	count=3500
06/14/2026 16:02:57 - INFO - qdiff.layer_recon -   Total loss:	46.833 (rec:0.000, round:46.833)	b=20.00	count=4000
06/14/2026 16:03:01 - INFO - qdiff.layer_recon -   Total loss:	35.398 (rec:0.001, round:35.397)	b=19.44	count=4500
06/14/2026 16:03:04 - INFO - qdiff.layer_recon -   Total loss:	0.001 (rec:0.001, round:0.000)	b=18.88	count=5000
06/14/2026 16:03:08 - INFO - qdiff.layer_recon -   Total loss:	3.666 (rec:0.001, round:3.665)	b=18.31	count=5500
06/14/2026 16:03:12 - INFO - qdiff.layer_recon -   Total loss:	4.323 (rec:0.001, round:4.322)	b=17.75	count=6000
06/14/2026 16:03:16 - INFO - qdiff.layer_recon -   Total loss:	0.001 (rec:0.001, round:0.000)	b=17.19	count=6500
06/14/2026 16:03:20 - INFO - qdiff.layer_recon -   Total loss:	28.773 (rec:0.001, round:28.772)	b=16.62	count=7000
06/14/2026 16:03:24 - INFO - qdiff.layer_recon -   Total loss:	30.233 (rec:0.001, round:30.232)	b=16.06	count=7500
06/14/2026 16:03:27 - INFO - qdiff.layer_recon -   Total loss:	23.711 (rec:0.001, round:23.710)	b=15.50	count=8000
06/14/2026 16:03:31 - INFO - qdiff.layer_recon -   Total loss:	0.001 (rec:0.001, round:0.000)	b=14.94	count=8500
06/14/2026 16:03:35 - INFO - qdiff.layer_recon -   Total loss:	22.797 (rec:0.001, round:22.796)	b=14.38	count=9000
06/14/2026 16:03:39 - INFO - qdiff.layer_recon -   Total loss:	27.237 (rec:0.002, round:27.235)	b=13.81	count=9500
06/14/2026 16:03:43 - INFO - qdiff.layer_recon -   Total loss:	24.598 (rec:0.001, round:24.597)	b=13.25	count=10000
06/14/2026 16:03:47 - INFO - qdiff.layer_recon -   Total loss:	27.127 (rec:0.001, round:27.126)	b=12.69	count=10500
06/14/2026 16:03:51 - INFO - qdiff.layer_recon -   Total loss:	0.002 (rec:0.002, round:0.000)	b=12.12	count=11000
06/14/2026 16:03:55 - INFO - qdiff.layer_recon -   Total loss:	0.001 (rec:0.001, round:0.000)	b=11.56	count=11500
06/14/2026 16:03:59 - INFO - qdiff.layer_recon -   Total loss:	0.002 (rec:0.002, round:0.000)	b=11.00	count=12000
06/14/2026 16:04:03 - INFO - qdiff.layer_recon -   Total loss:	18.748 (rec:0.002, round:18.746)	b=10.44	count=12500
06/14/2026 16:04:06 - INFO - qdiff.layer_recon -   Total loss:	26.101 (rec:0.002, round:26.099)	b=9.88	count=13000
06/14/2026 16:04:10 - INFO - qdiff.layer_recon -   Total loss:	25.350 (rec:0.002, round:25.348)	b=9.31	count=13500
06/14/2026 16:04:14 - INFO - qdiff.layer_recon -   Total loss:	17.755 (rec:0.002, round:17.753)	b=8.75	count=14000
06/14/2026 16:04:18 - INFO - qdiff.layer_recon -   Total loss:	0.002 (rec:0.002, round:0.000)	b=8.19	count=14500
06/14/2026 16:04:22 - INFO - qdiff.layer_recon -   Total loss:	0.002 (rec:0.002, round:0.000)	b=7.62	count=15000
06/14/2026 16:04:25 - INFO - qdiff.layer_recon -   Total loss:	20.595 (rec:0.003, round:20.592)	b=7.06	count=15500
06/14/2026 16:04:29 - INFO - qdiff.layer_recon -   Total loss:	13.730 (rec:0.003, round:13.727)	b=6.50	count=16000
06/14/2026 16:04:33 - INFO - qdiff.layer_recon -   Total loss:	0.003 (rec:0.003, round:0.000)	b=5.94	count=16500
06/14/2026 16:04:37 - INFO - qdiff.layer_recon -   Total loss:	12.155 (rec:0.003, round:12.152)	b=5.38	count=17000
06/14/2026 16:04:41 - INFO - qdiff.layer_recon -   Total loss:	20.585 (rec:0.003, round:20.582)	b=4.81	count=17500
06/14/2026 16:04:45 - INFO - qdiff.layer_recon -   Total loss:	0.004 (rec:0.004, round:0.000)	b=4.25	count=18000
06/14/2026 16:04:49 - INFO - qdiff.layer_recon -   Total loss:	20.066 (rec:0.005, round:20.061)	b=3.69	count=18500
06/14/2026 16:04:52 - INFO - qdiff.layer_recon -   Total loss:	0.004 (rec:0.004, round:0.000)	b=3.12	count=19000
06/14/2026 16:04:56 - INFO - qdiff.layer_recon -   Total loss:	0.004 (rec:0.004, round:0.000)	b=2.56	count=19500
06/14/2026 16:05:00 - INFO - qdiff.layer_recon -   Total loss:	17.004 (rec:0.004, round:17.000)	b=2.00	count=20000
06/14/2026 16:05:00 - INFO - __main__ -   down False
06/14/2026 16:05:00 - INFO - __main__ -   0 False
06/14/2026 16:05:00 - INFO - __main__ -   block False
06/14/2026 16:05:00 - INFO - __main__ -   0 True
06/14/2026 16:05:00 - INFO - __main__ -   Reconstruction for block 0
06/14/2026 16:05:11 - INFO - qdiff.utils -   in 1 shape: torch.Size([2000, 128, 32, 32]), in 2 shape: torch.Size([2000, 512])
06/14/2026 16:05:11 - INFO - qdiff.utils -   out shape: torch.Size([2000, 128, 32, 32])
06/14/2026 16:05:19 - INFO - qdiff.block_recon -   Total loss:	21.349 (rec:1.349, round:20.000)	b=0.00	count=500
06/14/2026 16:05:26 - INFO - qdiff.block_recon -   Total loss:	1.617 (rec:1.617, round:0.000)	b=0.00	count=1000
06/14/2026 16:05:34 - INFO - qdiff.block_recon -   Total loss:	1.441 (rec:1.441, round:0.000)	b=0.00	count=1500
06/14/2026 16:05:41 - INFO - qdiff.block_recon -   Total loss:	19.642 (rec:1.642, round:18.000)	b=0.00	count=2000
06/14/2026 16:05:48 - INFO - qdiff.block_recon -   Total loss:	1.586 (rec:1.586, round:0.000)	b=0.00	count=2500
06/14/2026 16:05:56 - INFO - qdiff.block_recon -   Total loss:	12.444 (rec:1.444, round:11.000)	b=0.00	count=3000
06/14/2026 16:06:03 - INFO - qdiff.block_recon -   Total loss:	1.532 (rec:1.532, round:0.000)	b=0.00	count=3500
06/14/2026 16:06:11 - INFO - qdiff.block_recon -   Total loss:	2823.869 (rec:1.571, round:2822.298)	b=20.00	count=4000
06/14/2026 16:06:19 - INFO - qdiff.block_recon -   Total loss:	1065.309 (rec:1.443, round:1063.866)	b=19.44	count=4500
06/14/2026 16:06:27 - INFO - qdiff.block_recon -   Total loss:	966.846 (rec:1.587, round:965.259)	b=18.88	count=5000
06/14/2026 16:06:35 - INFO - qdiff.block_recon -   Total loss:	840.448 (rec:1.464, round:838.984)	b=18.31	count=5500
06/14/2026 16:06:43 - INFO - qdiff.block_recon -   Total loss:	788.749 (rec:1.604, round:787.145)	b=17.75	count=6000
06/14/2026 16:06:51 - INFO - qdiff.block_recon -   Total loss:	724.842 (rec:1.555, round:723.287)	b=17.19	count=6500
06/14/2026 16:06:59 - INFO - qdiff.block_recon -   Total loss:	654.137 (rec:1.576, round:652.561)	b=16.62	count=7000
06/14/2026 16:07:07 - INFO - qdiff.block_recon -   Total loss:	603.045 (rec:1.514, round:601.531)	b=16.06	count=7500
06/14/2026 16:07:15 - INFO - qdiff.block_recon -   Total loss:	545.458 (rec:1.467, round:543.991)	b=15.50	count=8000
06/14/2026 16:07:23 - INFO - qdiff.block_recon -   Total loss:	464.840 (rec:1.667, round:463.173)	b=14.94	count=8500
06/14/2026 16:07:32 - INFO - qdiff.block_recon -   Total loss:	451.666 (rec:1.499, round:450.167)	b=14.38	count=9000
06/14/2026 16:07:40 - INFO - qdiff.block_recon -   Total loss:	383.570 (rec:1.359, round:382.211)	b=13.81	count=9500
06/14/2026 16:07:48 - INFO - qdiff.block_recon -   Total loss:	344.221 (rec:1.359, round:342.862)	b=13.25	count=10000
06/14/2026 16:07:56 - INFO - qdiff.block_recon -   Total loss:	338.164 (rec:1.338, round:336.826)	b=12.69	count=10500
06/14/2026 16:08:04 - INFO - qdiff.block_recon -   Total loss:	277.111 (rec:1.417, round:275.694)	b=12.12	count=11000
06/14/2026 16:08:12 - INFO - qdiff.block_recon -   Total loss:	283.676 (rec:1.287, round:282.389)	b=11.56	count=11500
06/14/2026 16:08:20 - INFO - qdiff.block_recon -   Total loss:	250.122 (rec:1.555, round:248.567)	b=11.00	count=12000
06/14/2026 16:08:28 - INFO - qdiff.block_recon -   Total loss:	197.201 (rec:1.356, round:195.845)	b=10.44	count=12500
06/14/2026 16:08:36 - INFO - qdiff.block_recon -   Total loss:	198.748 (rec:1.550, round:197.198)	b=9.88	count=13000
06/14/2026 16:08:44 - INFO - qdiff.block_recon -   Total loss:	175.248 (rec:1.473, round:173.775)	b=9.31	count=13500
06/14/2026 16:08:53 - INFO - qdiff.block_recon -   Total loss:	153.434 (rec:1.446, round:151.988)	b=8.75	count=14000
06/14/2026 16:09:01 - INFO - qdiff.block_recon -   Total loss:	94.856 (rec:1.443, round:93.413)	b=8.19	count=14500
06/14/2026 16:09:09 - INFO - qdiff.block_recon -   Total loss:	79.943 (rec:1.272, round:78.671)	b=7.62	count=15000
06/14/2026 16:09:17 - INFO - qdiff.block_recon -   Total loss:	81.663 (rec:1.487, round:80.176)	b=7.06	count=15500
06/14/2026 16:09:25 - INFO - qdiff.block_recon -   Total loss:	68.650 (rec:1.458, round:67.192)	b=6.50	count=16000
06/14/2026 16:09:33 - INFO - qdiff.block_recon -   Total loss:	55.669 (rec:1.565, round:54.104)	b=5.94	count=16500
06/14/2026 16:09:41 - INFO - qdiff.block_recon -   Total loss:	12.454 (rec:1.378, round:11.076)	b=5.38	count=17000
06/14/2026 16:09:49 - INFO - qdiff.block_recon -   Total loss:	24.917 (rec:1.473, round:23.444)	b=4.81	count=17500
06/14/2026 16:09:57 - INFO - qdiff.block_recon -   Total loss:	18.135 (rec:1.582, round:16.553)	b=4.25	count=18000
06/14/2026 16:10:05 - INFO - qdiff.block_recon -   Total loss:	13.611 (rec:1.529, round:12.082)	b=3.69	count=18500
06/14/2026 16:10:13 - INFO - qdiff.block_recon -   Total loss:	1.372 (rec:1.372, round:0.000)	b=3.12	count=19000
06/14/2026 16:10:21 - INFO - qdiff.block_recon -   Total loss:	1.473 (rec:1.473, round:0.000)	b=2.56	count=19500
06/14/2026 16:10:30 - INFO - qdiff.block_recon -   Total loss:	1.476 (rec:1.476, round:0.000)	b=2.00	count=20000
06/14/2026 16:10:30 - INFO - __main__ -   1 True
06/14/2026 16:10:30 - INFO - __main__ -   Reconstruction for block 1
06/14/2026 16:10:41 - INFO - qdiff.utils -   in 1 shape: torch.Size([2000, 128, 32, 32]), in 2 shape: torch.Size([2000, 512])
06/14/2026 16:10:41 - INFO - qdiff.utils -   out shape: torch.Size([2000, 128, 32, 32])
06/14/2026 16:10:48 - INFO - qdiff.block_recon -   Total loss:	2.450 (rec:2.450, round:0.000)	b=0.00	count=500
06/14/2026 16:10:56 - INFO - qdiff.block_recon -   Total loss:	2.440 (rec:2.440, round:0.000)	b=0.00	count=1000
06/14/2026 16:11:03 - INFO - qdiff.block_recon -   Total loss:	2.467 (rec:2.467, round:0.000)	b=0.00	count=1500
06/14/2026 16:11:10 - INFO - qdiff.block_recon -   Total loss:	2.467 (rec:2.467, round:0.000)	b=0.00	count=2000
06/14/2026 16:11:18 - INFO - qdiff.block_recon -   Total loss:	19.620 (rec:2.620, round:17.000)	b=0.00	count=2500
06/14/2026 16:11:25 - INFO - qdiff.block_recon -   Total loss:	2.415 (rec:2.415, round:0.000)	b=0.00	count=3000
06/14/2026 16:11:32 - INFO - qdiff.block_recon -   Total loss:	2.413 (rec:2.413, round:0.000)	b=0.00	count=3500
06/14/2026 16:11:40 - INFO - qdiff.block_recon -   Total loss:	2784.569 (rec:2.667, round:2781.902)	b=20.00	count=4000
06/14/2026 16:11:48 - INFO - qdiff.block_recon -   Total loss:	1145.233 (rec:2.431, round:1142.802)	b=19.44	count=4500
06/14/2026 16:11:56 - INFO - qdiff.block_recon -   Total loss:	1012.589 (rec:2.513, round:1010.076)	b=18.88	count=5000
06/14/2026 16:12:04 - INFO - qdiff.block_recon -   Total loss:	879.313 (rec:2.430, round:876.883)	b=18.31	count=5500
06/14/2026 16:12:12 - INFO - qdiff.block_recon -   Total loss:	796.062 (rec:2.528, round:793.534)	b=17.75	count=6000
06/14/2026 16:12:20 - INFO - qdiff.block_recon -   Total loss:	728.146 (rec:2.359, round:725.787)	b=17.19	count=6500
06/14/2026 16:12:28 - INFO - qdiff.block_recon -   Total loss:	688.827 (rec:2.521, round:686.306)	b=16.62	count=7000
06/14/2026 16:12:36 - INFO - qdiff.block_recon -   Total loss:	630.988 (rec:2.245, round:628.743)	b=16.06	count=7500
06/14/2026 16:12:44 - INFO - qdiff.block_recon -   Total loss:	542.441 (rec:2.450, round:539.991)	b=15.50	count=8000
06/14/2026 16:12:53 - INFO - qdiff.block_recon -   Total loss:	521.829 (rec:2.536, round:519.293)	b=14.94	count=8500
06/14/2026 16:13:01 - INFO - qdiff.block_recon -   Total loss:	476.728 (rec:2.436, round:474.292)	b=14.38	count=9000
06/14/2026 16:13:09 - INFO - qdiff.block_recon -   Total loss:	403.125 (rec:2.348, round:400.777)	b=13.81	count=9500
06/14/2026 16:13:17 - INFO - qdiff.block_recon -   Total loss:	392.650 (rec:2.360, round:390.290)	b=13.25	count=10000
06/14/2026 16:13:25 - INFO - qdiff.block_recon -   Total loss:	363.510 (rec:2.575, round:360.935)	b=12.69	count=10500
06/14/2026 16:13:33 - INFO - qdiff.block_recon -   Total loss:	329.358 (rec:2.368, round:326.990)	b=12.12	count=11000
06/14/2026 16:13:41 - INFO - qdiff.block_recon -   Total loss:	262.524 (rec:2.408, round:260.116)	b=11.56	count=11500
06/14/2026 16:13:49 - INFO - qdiff.block_recon -   Total loss:	237.303 (rec:2.558, round:234.745)	b=11.00	count=12000
06/14/2026 16:13:57 - INFO - qdiff.block_recon -   Total loss:	240.935 (rec:2.724, round:238.211)	b=10.44	count=12500
06/14/2026 16:14:05 - INFO - qdiff.block_recon -   Total loss:	214.776 (rec:2.681, round:212.095)	b=9.88	count=13000
06/14/2026 16:14:13 - INFO - qdiff.block_recon -   Total loss:	149.114 (rec:2.336, round:146.778)	b=9.31	count=13500
06/14/2026 16:14:21 - INFO - qdiff.block_recon -   Total loss:	124.849 (rec:2.246, round:122.603)	b=8.75	count=14000
06/14/2026 16:14:30 - INFO - qdiff.block_recon -   Total loss:	141.044 (rec:2.654, round:138.390)	b=8.19	count=14500
06/14/2026 16:14:38 - INFO - qdiff.block_recon -   Total loss:	112.475 (rec:2.407, round:110.068)	b=7.62	count=15000
06/14/2026 16:14:46 - INFO - qdiff.block_recon -   Total loss:	99.311 (rec:2.496, round:96.815)	b=7.06	count=15500
06/14/2026 16:14:54 - INFO - qdiff.block_recon -   Total loss:	81.283 (rec:2.368, round:78.915)	b=6.50	count=16000
06/14/2026 16:15:02 - INFO - qdiff.block_recon -   Total loss:	65.358 (rec:2.439, round:62.919)	b=5.94	count=16500
06/14/2026 16:15:10 - INFO - qdiff.block_recon -   Total loss:	14.239 (rec:2.308, round:11.931)	b=5.38	count=17000
06/14/2026 16:15:18 - INFO - qdiff.block_recon -   Total loss:	2.395 (rec:2.395, round:0.000)	b=4.81	count=17500
06/14/2026 16:15:26 - INFO - qdiff.block_recon -   Total loss:	18.659 (rec:2.463, round:16.196)	b=4.25	count=18000
06/14/2026 16:15:34 - INFO - qdiff.block_recon -   Total loss:	2.373 (rec:2.373, round:0.000)	b=3.69	count=18500
06/14/2026 16:15:42 - INFO - qdiff.block_recon -   Total loss:	2.553 (rec:2.553, round:0.000)	b=3.12	count=19000
06/14/2026 16:15:50 - INFO - qdiff.block_recon -   Total loss:	15.544 (rec:2.543, round:13.001)	b=2.56	count=19500
06/14/2026 16:15:58 - INFO - qdiff.block_recon -   Total loss:	14.432 (rec:2.432, round:12.000)	b=2.00	count=20000
06/14/2026 16:15:58 - INFO - __main__ -   attn False
06/14/2026 16:15:58 - INFO - __main__ -   downsample False
06/14/2026 16:15:58 - INFO - __main__ -   conv False
06/14/2026 16:15:58 - INFO - __main__ -   Reconstruction for layer conv
06/14/2026 16:16:09 - INFO - qdiff.utils -   in shape: torch.Size([2000, 128, 33, 33])
06/14/2026 16:16:09 - INFO - qdiff.utils -   out shape: torch.Size([2000, 128, 16, 16])
06/14/2026 16:16:13 - INFO - qdiff.layer_recon -   Total loss:	20.231 (rec:0.231, round:20.000)	b=0.00	count=500
06/14/2026 16:16:17 - INFO - qdiff.layer_recon -   Total loss:	0.186 (rec:0.186, round:0.000)	b=0.00	count=1000
06/14/2026 16:16:21 - INFO - qdiff.layer_recon -   Total loss:	0.206 (rec:0.206, round:0.000)	b=0.00	count=1500
06/14/2026 16:16:25 - INFO - qdiff.layer_recon -   Total loss:	0.181 (rec:0.181, round:0.000)	b=0.00	count=2000
06/14/2026 16:16:29 - INFO - qdiff.layer_recon -   Total loss:	15.158 (rec:0.158, round:15.000)	b=0.00	count=2500
06/14/2026 16:16:33 - INFO - qdiff.layer_recon -   Total loss:	0.205 (rec:0.205, round:0.000)	b=0.00	count=3000
06/14/2026 16:16:37 - INFO - qdiff.layer_recon -   Total loss:	20.172 (rec:0.172, round:20.000)	b=0.00	count=3500
06/14/2026 16:16:41 - INFO - qdiff.layer_recon -   Total loss:	1013.219 (rec:0.172, round:1013.047)	b=20.00	count=4000
06/14/2026 16:16:45 - INFO - qdiff.layer_recon -   Total loss:	337.250 (rec:0.172, round:337.078)	b=19.44	count=4500
06/14/2026 16:16:50 - INFO - qdiff.layer_recon -   Total loss:	320.712 (rec:0.140, round:320.572)	b=18.88	count=5000
06/14/2026 16:16:54 - INFO - qdiff.layer_recon -   Total loss:	283.335 (rec:0.177, round:283.158)	b=18.31	count=5500
06/14/2026 16:16:58 - INFO - qdiff.layer_recon -   Total loss:	219.527 (rec:0.182, round:219.345)	b=17.75	count=6000
06/14/2026 16:17:03 - INFO - qdiff.layer_recon -   Total loss:	221.055 (rec:0.137, round:220.918)	b=17.19	count=6500
06/14/2026 16:17:07 - INFO - qdiff.layer_recon -   Total loss:	202.000 (rec:0.140, round:201.860)	b=16.62	count=7000
06/14/2026 16:17:11 - INFO - qdiff.layer_recon -   Total loss:	182.284 (rec:0.141, round:182.143)	b=16.06	count=7500
06/14/2026 16:17:15 - INFO - qdiff.layer_recon -   Total loss:	132.964 (rec:0.143, round:132.821)	b=15.50	count=8000
06/14/2026 16:17:19 - INFO - qdiff.layer_recon -   Total loss:	149.706 (rec:0.187, round:149.519)	b=14.94	count=8500
06/14/2026 16:17:24 - INFO - qdiff.layer_recon -   Total loss:	106.099 (rec:0.129, round:105.970)	b=14.38	count=9000
06/14/2026 16:17:28 - INFO - qdiff.layer_recon -   Total loss:	90.296 (rec:0.149, round:90.147)	b=13.81	count=9500
06/14/2026 16:17:32 - INFO - qdiff.layer_recon -   Total loss:	86.793 (rec:0.143, round:86.650)	b=13.25	count=10000
06/14/2026 16:17:36 - INFO - qdiff.layer_recon -   Total loss:	70.236 (rec:0.153, round:70.083)	b=12.69	count=10500
06/14/2026 16:17:41 - INFO - qdiff.layer_recon -   Total loss:	61.977 (rec:0.161, round:61.816)	b=12.12	count=11000
06/14/2026 16:17:45 - INFO - qdiff.layer_recon -   Total loss:	84.738 (rec:0.163, round:84.575)	b=11.56	count=11500
06/14/2026 16:17:49 - INFO - qdiff.layer_recon -   Total loss:	77.627 (rec:0.135, round:77.492)	b=11.00	count=12000
06/14/2026 16:17:53 - INFO - qdiff.layer_recon -   Total loss:	39.041 (rec:0.136, round:38.905)	b=10.44	count=12500
06/14/2026 16:17:58 - INFO - qdiff.layer_recon -   Total loss:	62.103 (rec:0.131, round:61.972)	b=9.88	count=13000
06/14/2026 16:18:02 - INFO - qdiff.layer_recon -   Total loss:	45.448 (rec:0.124, round:45.324)	b=9.31	count=13500
06/14/2026 16:18:06 - INFO - qdiff.layer_recon -   Total loss:	11.580 (rec:0.146, round:11.434)	b=8.75	count=14000
06/14/2026 16:18:11 - INFO - qdiff.layer_recon -   Total loss:	12.658 (rec:0.151, round:12.507)	b=8.19	count=14500
06/14/2026 16:18:15 - INFO - qdiff.layer_recon -   Total loss:	1.919 (rec:0.142, round:1.777)	b=7.62	count=15000
06/14/2026 16:18:19 - INFO - qdiff.layer_recon -   Total loss:	32.564 (rec:0.151, round:32.413)	b=7.06	count=15500
06/14/2026 16:18:23 - INFO - qdiff.layer_recon -   Total loss:	25.547 (rec:0.114, round:25.433)	b=6.50	count=16000
06/14/2026 16:18:27 - INFO - qdiff.layer_recon -   Total loss:	16.252 (rec:0.142, round:16.110)	b=5.94	count=16500
06/14/2026 16:18:32 - INFO - qdiff.layer_recon -   Total loss:	0.151 (rec:0.151, round:0.000)	b=5.38	count=17000
06/14/2026 16:18:36 - INFO - qdiff.layer_recon -   Total loss:	0.151 (rec:0.151, round:0.000)	b=4.81	count=17500
06/14/2026 16:18:40 - INFO - qdiff.layer_recon -   Total loss:	0.169 (rec:0.169, round:0.000)	b=4.25	count=18000
06/14/2026 16:18:45 - INFO - qdiff.layer_recon -   Total loss:	16.263 (rec:0.159, round:16.104)	b=3.69	count=18500
06/14/2026 16:18:49 - INFO - qdiff.layer_recon -   Total loss:	11.163 (rec:0.155, round:11.008)	b=3.12	count=19000
06/14/2026 16:18:53 - INFO - qdiff.layer_recon -   Total loss:	0.159 (rec:0.159, round:0.000)	b=2.56	count=19500
06/14/2026 16:18:57 - INFO - qdiff.layer_recon -   Total loss:	20.178 (rec:0.178, round:20.000)	b=2.00	count=20000
06/14/2026 16:18:57 - INFO - __main__ -   1 False
06/14/2026 16:18:57 - INFO - __main__ -   block False
06/14/2026 16:18:57 - INFO - __main__ -   0 True
06/14/2026 16:18:57 - INFO - __main__ -   Reconstruction for block 0
06/14/2026 16:19:09 - INFO - qdiff.utils -   in 1 shape: torch.Size([2000, 128, 16, 16]), in 2 shape: torch.Size([2000, 512])
06/14/2026 16:19:09 - INFO - qdiff.utils -   out shape: torch.Size([2000, 256, 16, 16])
06/14/2026 16:19:14 - INFO - qdiff.block_recon -   Total loss:	20.812 (rec:5.812, round:15.000)	b=0.00	count=500
06/14/2026 16:19:19 - INFO - qdiff.block_recon -   Total loss:	5.976 (rec:5.976, round:0.000)	b=0.00	count=1000
06/14/2026 16:19:24 - INFO - qdiff.block_recon -   Total loss:	24.458 (rec:5.458, round:19.000)	b=0.00	count=1500
06/14/2026 16:19:29 - INFO - qdiff.block_recon -   Total loss:	5.770 (rec:5.770, round:0.000)	b=0.00	count=2000
06/14/2026 16:19:33 - INFO - qdiff.block_recon -   Total loss:	16.621 (rec:5.621, round:11.000)	b=0.00	count=2500
06/14/2026 16:19:38 - INFO - qdiff.block_recon -   Total loss:	5.597 (rec:5.597, round:0.000)	b=0.00	count=3000
06/14/2026 16:19:43 - INFO - qdiff.block_recon -   Total loss:	5.308 (rec:5.308, round:0.000)	b=0.00	count=3500
06/14/2026 16:19:48 - INFO - qdiff.block_recon -   Total loss:	8852.081 (rec:5.568, round:8846.513)	b=20.00	count=4000
06/14/2026 16:19:54 - INFO - qdiff.block_recon -   Total loss:	3885.933 (rec:5.322, round:3880.611)	b=19.44	count=4500
06/14/2026 16:20:00 - INFO - qdiff.block_recon -   Total loss:	3493.522 (rec:5.729, round:3487.793)	b=18.88	count=5000
06/14/2026 16:20:06 - INFO - qdiff.block_recon -   Total loss:	3176.353 (rec:5.190, round:3171.163)	b=18.31	count=5500
06/14/2026 16:20:12 - INFO - qdiff.block_recon -   Total loss:	2884.966 (rec:5.434, round:2879.532)	b=17.75	count=6000
06/14/2026 16:20:18 - INFO - qdiff.block_recon -   Total loss:	2629.911 (rec:5.482, round:2624.429)	b=17.19	count=6500
06/14/2026 16:20:24 - INFO - qdiff.block_recon -   Total loss:	2352.358 (rec:5.582, round:2346.776)	b=16.62	count=7000
06/14/2026 16:20:30 - INFO - qdiff.block_recon -   Total loss:	2129.506 (rec:5.454, round:2124.052)	b=16.06	count=7500
06/14/2026 16:20:36 - INFO - qdiff.block_recon -   Total loss:	1922.064 (rec:5.459, round:1916.605)	b=15.50	count=8000
06/14/2026 16:20:42 - INFO - qdiff.block_recon -   Total loss:	1736.636 (rec:5.345, round:1731.291)	b=14.94	count=8500
06/14/2026 16:20:48 - INFO - qdiff.block_recon -   Total loss:	1556.939 (rec:5.402, round:1551.537)	b=14.38	count=9000
06/14/2026 16:20:54 - INFO - qdiff.block_recon -   Total loss:	1397.949 (rec:5.674, round:1392.275)	b=13.81	count=9500
06/14/2026 16:21:00 - INFO - qdiff.block_recon -   Total loss:	1259.621 (rec:5.458, round:1254.163)	b=13.25	count=10000
06/14/2026 16:21:06 - INFO - qdiff.block_recon -   Total loss:	1158.397 (rec:5.275, round:1153.122)	b=12.69	count=10500
06/14/2026 16:21:12 - INFO - qdiff.block_recon -   Total loss:	1003.681 (rec:5.328, round:998.353)	b=12.12	count=11000
06/14/2026 16:21:18 - INFO - qdiff.block_recon -   Total loss:	919.274 (rec:5.596, round:913.678)	b=11.56	count=11500
06/14/2026 16:21:23 - INFO - qdiff.block_recon -   Total loss:	777.360 (rec:5.808, round:771.552)	b=11.00	count=12000
06/14/2026 16:21:29 - INFO - qdiff.block_recon -   Total loss:	680.068 (rec:5.283, round:674.785)	b=10.44	count=12500
06/14/2026 16:21:35 - INFO - qdiff.block_recon -   Total loss:	621.715 (rec:5.503, round:616.212)	b=9.88	count=13000
06/14/2026 16:21:41 - INFO - qdiff.block_recon -   Total loss:	513.472 (rec:5.504, round:507.968)	b=9.31	count=13500
06/14/2026 16:21:47 - INFO - qdiff.block_recon -   Total loss:	441.165 (rec:5.491, round:435.674)	b=8.75	count=14000
06/14/2026 16:21:53 - INFO - qdiff.block_recon -   Total loss:	370.111 (rec:5.706, round:364.405)	b=8.19	count=14500
06/14/2026 16:22:00 - INFO - qdiff.block_recon -   Total loss:	299.256 (rec:5.323, round:293.933)	b=7.62	count=15000
06/14/2026 16:22:06 - INFO - qdiff.block_recon -   Total loss:	231.395 (rec:5.569, round:225.826)	b=7.06	count=15500
06/14/2026 16:22:12 - INFO - qdiff.block_recon -   Total loss:	207.086 (rec:5.644, round:201.442)	b=6.50	count=16000
06/14/2026 16:22:18 - INFO - qdiff.block_recon -   Total loss:	156.490 (rec:5.351, round:151.139)	b=5.94	count=16500
06/14/2026 16:22:24 - INFO - qdiff.block_recon -   Total loss:	115.457 (rec:5.489, round:109.968)	b=5.38	count=17000
06/14/2026 16:22:30 - INFO - qdiff.block_recon -   Total loss:	73.589 (rec:5.631, round:67.958)	b=4.81	count=17500
06/14/2026 16:22:36 - INFO - qdiff.block_recon -   Total loss:	39.749 (rec:5.539, round:34.210)	b=4.25	count=18000
06/14/2026 16:22:42 - INFO - qdiff.block_recon -   Total loss:	5.638 (rec:5.638, round:0.000)	b=3.69	count=18500
06/14/2026 16:22:48 - INFO - qdiff.block_recon -   Total loss:	5.197 (rec:5.197, round:0.000)	b=3.12	count=19000
06/14/2026 16:22:54 - INFO - qdiff.block_recon -   Total loss:	5.478 (rec:5.478, round:0.000)	b=2.56	count=19500
06/14/2026 16:23:00 - INFO - qdiff.block_recon -   Total loss:	5.545 (rec:5.545, round:0.000)	b=2.00	count=20000
06/14/2026 16:23:00 - INFO - __main__ -   1 True
06/14/2026 16:23:00 - INFO - __main__ -   Reconstruction for block 1
06/14/2026 16:23:13 - INFO - qdiff.utils -   in 1 shape: torch.Size([2000, 256, 16, 16]), in 2 shape: torch.Size([2000, 512])
06/14/2026 16:23:13 - INFO - qdiff.utils -   out shape: torch.Size([2000, 256, 16, 16])
06/14/2026 16:23:18 - INFO - qdiff.block_recon -   Total loss:	17.903 (rec:6.903, round:11.000)	b=0.00	count=500
06/14/2026 16:23:23 - INFO - qdiff.block_recon -   Total loss:	7.487 (rec:7.487, round:0.000)	b=0.00	count=1000
06/14/2026 16:23:28 - INFO - qdiff.block_recon -   Total loss:	21.100 (rec:7.100, round:14.000)	b=0.00	count=1500
06/14/2026 16:23:33 - INFO - qdiff.block_recon -   Total loss:	7.083 (rec:7.083, round:0.000)	b=0.00	count=2000
06/14/2026 16:23:38 - INFO - qdiff.block_recon -   Total loss:	21.181 (rec:7.181, round:14.000)	b=0.00	count=2500
06/14/2026 16:23:42 - INFO - qdiff.block_recon -   Total loss:	23.157 (rec:7.157, round:16.000)	b=0.00	count=3000
06/14/2026 16:23:47 - INFO - qdiff.block_recon -   Total loss:	7.340 (rec:7.340, round:0.000)	b=0.00	count=3500
06/14/2026 16:23:52 - INFO - qdiff.block_recon -   Total loss:	10891.672 (rec:8.360, round:10883.312)	b=20.00	count=4000
06/14/2026 16:23:58 - INFO - qdiff.block_recon -   Total loss:	4844.497 (rec:6.508, round:4837.989)	b=19.44	count=4500
06/14/2026 16:24:04 - INFO - qdiff.block_recon -   Total loss:	4352.006 (rec:6.415, round:4345.591)	b=18.88	count=5000
06/14/2026 16:24:11 - INFO - qdiff.block_recon -   Total loss:	3961.566 (rec:7.027, round:3954.539)	b=18.31	count=5500
06/14/2026 16:24:17 - INFO - qdiff.block_recon -   Total loss:	3575.090 (rec:7.274, round:3567.816)	b=17.75	count=6000
06/14/2026 16:24:23 - INFO - qdiff.block_recon -   Total loss:	3290.842 (rec:6.295, round:3284.547)	b=17.19	count=6500
06/14/2026 16:24:29 - INFO - qdiff.block_recon -   Total loss:	2975.942 (rec:6.449, round:2969.493)	b=16.62	count=7000
06/14/2026 16:24:35 - INFO - qdiff.block_recon -   Total loss:	2706.653 (rec:6.986, round:2699.667)	b=16.06	count=7500
06/14/2026 16:24:41 - INFO - qdiff.block_recon -   Total loss:	2475.408 (rec:7.042, round:2468.366)	b=15.50	count=8000
06/14/2026 16:24:47 - INFO - qdiff.block_recon -   Total loss:	2218.616 (rec:6.933, round:2211.683)	b=14.94	count=8500
06/14/2026 16:24:53 - INFO - qdiff.block_recon -   Total loss:	2010.860 (rec:7.011, round:2003.849)	b=14.38	count=9000
06/14/2026 16:25:00 - INFO - qdiff.block_recon -   Total loss:	1815.876 (rec:6.301, round:1809.575)	b=13.81	count=9500
06/14/2026 16:25:06 - INFO - qdiff.block_recon -   Total loss:	1637.543 (rec:7.686, round:1629.857)	b=13.25	count=10000
06/14/2026 16:25:12 - INFO - qdiff.block_recon -   Total loss:	1474.904 (rec:6.615, round:1468.289)	b=12.69	count=10500
06/14/2026 16:25:18 - INFO - qdiff.block_recon -   Total loss:	1346.508 (rec:6.593, round:1339.915)	b=12.12	count=11000
06/14/2026 16:25:24 - INFO - qdiff.block_recon -   Total loss:	1178.577 (rec:6.532, round:1172.045)	b=11.56	count=11500
06/14/2026 16:25:30 - INFO - qdiff.block_recon -   Total loss:	1046.359 (rec:6.780, round:1039.579)	b=11.00	count=12000
06/14/2026 16:25:36 - INFO - qdiff.block_recon -   Total loss:	954.953 (rec:6.778, round:948.175)	b=10.44	count=12500
06/14/2026 16:25:42 - INFO - qdiff.block_recon -   Total loss:	803.394 (rec:7.564, round:795.830)	b=9.88	count=13000
06/14/2026 16:25:49 - INFO - qdiff.block_recon -   Total loss:	701.492 (rec:7.329, round:694.163)	b=9.31	count=13500
06/14/2026 16:25:55 - INFO - qdiff.block_recon -   Total loss:	601.258 (rec:6.634, round:594.624)	b=8.75	count=14000
06/14/2026 16:26:01 - INFO - qdiff.block_recon -   Total loss:	533.576 (rec:6.783, round:526.793)	b=8.19	count=14500
06/14/2026 16:26:07 - INFO - qdiff.block_recon -   Total loss:	445.526 (rec:6.250, round:439.276)	b=7.62	count=15000
06/14/2026 16:26:13 - INFO - qdiff.block_recon -   Total loss:	337.505 (rec:6.721, round:330.784)	b=7.06	count=15500
06/14/2026 16:26:19 - INFO - qdiff.block_recon -   Total loss:	284.868 (rec:7.148, round:277.720)	b=6.50	count=16000
06/14/2026 16:26:25 - INFO - qdiff.block_recon -   Total loss:	186.233 (rec:7.583, round:178.650)	b=5.94	count=16500
06/14/2026 16:26:32 - INFO - qdiff.block_recon -   Total loss:	154.487 (rec:6.805, round:147.682)	b=5.38	count=17000
06/14/2026 16:26:38 - INFO - qdiff.block_recon -   Total loss:	104.961 (rec:6.654, round:98.307)	b=4.81	count=17500
06/14/2026 16:26:44 - INFO - qdiff.block_recon -   Total loss:	60.320 (rec:6.296, round:54.024)	b=4.25	count=18000
06/14/2026 16:26:50 - INFO - qdiff.block_recon -   Total loss:	6.446 (rec:6.446, round:0.000)	b=3.69	count=18500
06/14/2026 16:26:56 - INFO - qdiff.block_recon -   Total loss:	26.945 (rec:6.303, round:20.642)	b=3.12	count=19000
06/14/2026 16:27:02 - INFO - qdiff.block_recon -   Total loss:	21.956 (rec:6.900, round:15.056)	b=2.56	count=19500
06/14/2026 16:27:08 - INFO - qdiff.block_recon -   Total loss:	6.794 (rec:6.794, round:0.000)	b=2.00	count=20000
06/14/2026 16:27:08 - INFO - __main__ -   attn False
06/14/2026 16:27:08 - INFO - __main__ -   0 True
06/14/2026 16:27:08 - INFO - __main__ -   Reconstruction for block 0
06/14/2026 16:27:21 - INFO - qdiff.utils -   in shape: torch.Size([2000, 256, 16, 16])
06/14/2026 16:27:21 - INFO - qdiff.utils -   out shape: torch.Size([2000, 256, 16, 16])
06/14/2026 16:27:27 - INFO - qdiff.block_recon -   Total loss:	0.127 (rec:0.127, round:0.000)	b=0.00	count=500
06/14/2026 16:27:32 - INFO - qdiff.block_recon -   Total loss:	13.119 (rec:0.119, round:13.000)	b=0.00	count=1000
06/14/2026 16:27:37 - INFO - qdiff.block_recon -   Total loss:	14.112 (rec:0.112, round:14.000)	b=0.00	count=1500
06/14/2026 16:27:43 - INFO - qdiff.block_recon -   Total loss:	12.118 (rec:0.118, round:12.000)	b=0.00	count=2000
06/14/2026 16:27:48 - INFO - qdiff.block_recon -   Total loss:	17.137 (rec:0.137, round:17.000)	b=0.00	count=2500
06/14/2026 16:27:53 - INFO - qdiff.block_recon -   Total loss:	17.115 (rec:0.115, round:17.000)	b=0.00	count=3000
06/14/2026 16:27:59 - INFO - qdiff.block_recon -   Total loss:	14.108 (rec:0.108, round:14.000)	b=0.00	count=3500
06/14/2026 16:28:04 - INFO - qdiff.block_recon -   Total loss:	2207.377 (rec:0.098, round:2207.279)	b=20.00	count=4000
06/14/2026 16:28:10 - INFO - qdiff.block_recon -   Total loss:	933.252 (rec:0.105, round:933.147)	b=19.44	count=4500
06/14/2026 16:28:17 - INFO - qdiff.block_recon -   Total loss:	833.413 (rec:0.118, round:833.295)	b=18.88	count=5000
06/14/2026 16:28:23 - INFO - qdiff.block_recon -   Total loss:	756.782 (rec:0.102, round:756.680)	b=18.31	count=5500
06/14/2026 16:28:30 - INFO - qdiff.block_recon -   Total loss:	698.072 (rec:0.101, round:697.971)	b=17.75	count=6000
06/14/2026 16:28:37 - INFO - qdiff.block_recon -   Total loss:	643.956 (rec:0.104, round:643.852)	b=17.19	count=6500
06/14/2026 16:28:43 - INFO - qdiff.block_recon -   Total loss:	582.327 (rec:0.112, round:582.215)	b=16.62	count=7000
06/14/2026 16:28:49 - INFO - qdiff.block_recon -   Total loss:	567.538 (rec:0.109, round:567.429)	b=16.06	count=7500
06/14/2026 16:28:56 - INFO - qdiff.block_recon -   Total loss:	481.015 (rec:0.104, round:480.911)	b=15.50	count=8000
06/14/2026 16:29:02 - INFO - qdiff.block_recon -   Total loss:	464.651 (rec:0.120, round:464.531)	b=14.94	count=8500
06/14/2026 16:29:08 - INFO - qdiff.block_recon -   Total loss:	430.355 (rec:0.091, round:430.264)	b=14.38	count=9000
06/14/2026 16:29:15 - INFO - qdiff.block_recon -   Total loss:	352.545 (rec:0.115, round:352.430)	b=13.81	count=9500
06/14/2026 16:29:21 - INFO - qdiff.block_recon -   Total loss:	350.147 (rec:0.112, round:350.035)	b=13.25	count=10000
06/14/2026 16:29:27 - INFO - qdiff.block_recon -   Total loss:	314.388 (rec:0.102, round:314.286)	b=12.69	count=10500
06/14/2026 16:29:34 - INFO - qdiff.block_recon -   Total loss:	281.049 (rec:0.096, round:280.953)	b=12.12	count=11000
06/14/2026 16:29:40 - INFO - qdiff.block_recon -   Total loss:	220.612 (rec:0.115, round:220.497)	b=11.56	count=11500
06/14/2026 16:29:46 - INFO - qdiff.block_recon -   Total loss:	225.535 (rec:0.105, round:225.430)	b=11.00	count=12000
06/14/2026 16:29:53 - INFO - qdiff.block_recon -   Total loss:	164.751 (rec:0.116, round:164.635)	b=10.44	count=12500
06/14/2026 16:29:59 - INFO - qdiff.block_recon -   Total loss:	137.220 (rec:0.123, round:137.097)	b=9.88	count=13000
06/14/2026 16:30:05 - INFO - qdiff.block_recon -   Total loss:	114.206 (rec:0.103, round:114.103)	b=9.31	count=13500
06/14/2026 16:30:12 - INFO - qdiff.block_recon -   Total loss:	92.591 (rec:0.100, round:92.491)	b=8.75	count=14000
06/14/2026 16:30:18 - INFO - qdiff.block_recon -   Total loss:	72.836 (rec:0.105, round:72.731)	b=8.19	count=14500
06/14/2026 16:30:25 - INFO - qdiff.block_recon -   Total loss:	58.019 (rec:0.101, round:57.918)	b=7.62	count=15000
06/14/2026 16:30:31 - INFO - qdiff.block_recon -   Total loss:	68.104 (rec:0.098, round:68.006)	b=7.06	count=15500
06/14/2026 16:30:38 - INFO - qdiff.block_recon -   Total loss:	24.224 (rec:0.112, round:24.112)	b=6.50	count=16000
06/14/2026 16:30:45 - INFO - qdiff.block_recon -   Total loss:	4.062 (rec:0.116, round:3.946)	b=5.94	count=16500
06/14/2026 16:30:51 - INFO - qdiff.block_recon -   Total loss:	22.394 (rec:0.113, round:22.281)	b=5.38	count=17000
06/14/2026 16:30:57 - INFO - qdiff.block_recon -   Total loss:	0.118 (rec:0.118, round:0.000)	b=4.81	count=17500
06/14/2026 16:31:04 - INFO - qdiff.block_recon -   Total loss:	0.103 (rec:0.103, round:0.000)	b=4.25	count=18000
06/14/2026 16:31:10 - INFO - qdiff.block_recon -   Total loss:	18.315 (rec:0.098, round:18.217)	b=3.69	count=18500
06/14/2026 16:31:16 - INFO - qdiff.block_recon -   Total loss:	16.112 (rec:0.099, round:16.013)	b=3.12	count=19000
06/14/2026 16:31:23 - INFO - qdiff.block_recon -   Total loss:	0.104 (rec:0.104, round:0.000)	b=2.56	count=19500
06/14/2026 16:31:29 - INFO - qdiff.block_recon -   Total loss:	10.109 (rec:0.109, round:10.000)	b=2.00	count=20000
06/14/2026 16:31:29 - INFO - __main__ -   1 True
06/14/2026 16:31:29 - INFO - __main__ -   Reconstruction for block 1
06/14/2026 16:31:43 - INFO - qdiff.utils -   in shape: torch.Size([2000, 256, 16, 16])
06/14/2026 16:31:43 - INFO - qdiff.utils -   out shape: torch.Size([2000, 256, 16, 16])
06/14/2026 16:31:48 - INFO - qdiff.block_recon -   Total loss:	11.241 (rec:0.241, round:11.000)	b=0.00	count=500
06/14/2026 16:31:53 - INFO - qdiff.block_recon -   Total loss:	0.195 (rec:0.195, round:0.000)	b=0.00	count=1000
06/14/2026 16:31:58 - INFO - qdiff.block_recon -   Total loss:	16.200 (rec:0.200, round:16.000)	b=0.00	count=1500
06/14/2026 16:32:03 - INFO - qdiff.block_recon -   Total loss:	0.209 (rec:0.209, round:0.000)	b=0.00	count=2000
06/14/2026 16:32:08 - INFO - qdiff.block_recon -   Total loss:	18.200 (rec:0.200, round:18.000)	b=0.00	count=2500
06/14/2026 16:32:13 - INFO - qdiff.block_recon -   Total loss:	0.198 (rec:0.198, round:0.000)	b=0.00	count=3000
06/14/2026 16:32:19 - INFO - qdiff.block_recon -   Total loss:	18.188 (rec:0.188, round:18.000)	b=0.00	count=3500
06/14/2026 16:32:24 - INFO - qdiff.block_recon -   Total loss:	2242.815 (rec:0.206, round:2242.609)	b=20.00	count=4000
06/14/2026 16:32:30 - INFO - qdiff.block_recon -   Total loss:	1004.934 (rec:0.186, round:1004.748)	b=19.44	count=4500
06/14/2026 16:32:36 - INFO - qdiff.block_recon -   Total loss:	871.038 (rec:0.181, round:870.857)	b=18.88	count=5000
06/14/2026 16:32:43 - INFO - qdiff.block_recon -   Total loss:	798.006 (rec:0.223, round:797.783)	b=18.31	count=5500
06/14/2026 16:32:49 - INFO - qdiff.block_recon -   Total loss:	732.674 (rec:0.180, round:732.494)	b=17.75	count=6000
06/14/2026 16:32:55 - INFO - qdiff.block_recon -   Total loss:	676.366 (rec:0.194, round:676.172)	b=17.19	count=6500
06/14/2026 16:33:02 - INFO - qdiff.block_recon -   Total loss:	650.770 (rec:0.212, round:650.558)	b=16.62	count=7000
06/14/2026 16:33:08 - INFO - qdiff.block_recon -   Total loss:	566.484 (rec:0.210, round:566.274)	b=16.06	count=7500
06/14/2026 16:33:14 - INFO - qdiff.block_recon -   Total loss:	517.627 (rec:0.198, round:517.429)	b=15.50	count=8000
06/14/2026 16:33:20 - INFO - qdiff.block_recon -   Total loss:	468.625 (rec:0.199, round:468.426)	b=14.94	count=8500
06/14/2026 16:33:27 - INFO - qdiff.block_recon -   Total loss:	418.895 (rec:0.200, round:418.695)	b=14.38	count=9000
06/14/2026 16:33:33 - INFO - qdiff.block_recon -   Total loss:	412.704 (rec:0.199, round:412.505)	b=13.81	count=9500
06/14/2026 16:33:39 - INFO - qdiff.block_recon -   Total loss:	368.848 (rec:0.157, round:368.691)	b=13.25	count=10000
06/14/2026 16:33:46 - INFO - qdiff.block_recon -   Total loss:	342.060 (rec:0.184, round:341.876)	b=12.69	count=10500
06/14/2026 16:33:52 - INFO - qdiff.block_recon -   Total loss:	270.967 (rec:0.164, round:270.803)	b=12.12	count=11000
06/14/2026 16:33:58 - INFO - qdiff.block_recon -   Total loss:	236.861 (rec:0.212, round:236.649)	b=11.56	count=11500
06/14/2026 16:34:04 - INFO - qdiff.block_recon -   Total loss:	245.295 (rec:0.175, round:245.120)	b=11.00	count=12000
06/14/2026 16:34:11 - INFO - qdiff.block_recon -   Total loss:	187.607 (rec:0.180, round:187.427)	b=10.44	count=12500
06/14/2026 16:34:17 - INFO - qdiff.block_recon -   Total loss:	161.239 (rec:0.223, round:161.016)	b=9.88	count=13000
06/14/2026 16:34:23 - INFO - qdiff.block_recon -   Total loss:	126.773 (rec:0.198, round:126.575)	b=9.31	count=13500
06/14/2026 16:34:30 - INFO - qdiff.block_recon -   Total loss:	110.348 (rec:0.187, round:110.161)	b=8.75	count=14000
06/14/2026 16:34:36 - INFO - qdiff.block_recon -   Total loss:	80.897 (rec:0.204, round:80.693)	b=8.19	count=14500
06/14/2026 16:34:42 - INFO - qdiff.block_recon -   Total loss:	68.895 (rec:0.184, round:68.711)	b=7.62	count=15000
06/14/2026 16:34:49 - INFO - qdiff.block_recon -   Total loss:	44.676 (rec:0.192, round:44.484)	b=7.06	count=15500
06/14/2026 16:34:55 - INFO - qdiff.block_recon -   Total loss:	59.551 (rec:0.213, round:59.338)	b=6.50	count=16000
06/14/2026 16:35:01 - INFO - qdiff.block_recon -   Total loss:	8.192 (rec:0.160, round:8.032)	b=5.94	count=16500
06/14/2026 16:35:08 - INFO - qdiff.block_recon -   Total loss:	35.400 (rec:0.191, round:35.209)	b=5.38	count=17000
06/14/2026 16:35:14 - INFO - qdiff.block_recon -   Total loss:	0.199 (rec:0.199, round:0.000)	b=4.81	count=17500
06/14/2026 16:35:20 - INFO - qdiff.block_recon -   Total loss:	19.115 (rec:0.181, round:18.934)	b=4.25	count=18000
06/14/2026 16:35:27 - INFO - qdiff.block_recon -   Total loss:	0.181 (rec:0.181, round:0.000)	b=3.69	count=18500
06/14/2026 16:35:33 - INFO - qdiff.block_recon -   Total loss:	13.182 (rec:0.172, round:13.010)	b=3.12	count=19000
06/14/2026 16:35:39 - INFO - qdiff.block_recon -   Total loss:	0.202 (rec:0.202, round:0.000)	b=2.56	count=19500
06/14/2026 16:35:45 - INFO - qdiff.block_recon -   Total loss:	0.182 (rec:0.182, round:0.000)	b=2.00	count=20000
06/14/2026 16:35:45 - INFO - __main__ -   downsample False
06/14/2026 16:35:45 - INFO - __main__ -   conv False
06/14/2026 16:35:45 - INFO - __main__ -   Reconstruction for layer conv
06/14/2026 16:35:59 - INFO - qdiff.utils -   in shape: torch.Size([2000, 256, 17, 17])
06/14/2026 16:35:59 - INFO - qdiff.utils -   out shape: torch.Size([2000, 256, 8, 8])
06/14/2026 16:36:02 - INFO - qdiff.layer_recon -   Total loss:	19.705 (rec:0.705, round:19.000)	b=0.00	count=500
06/14/2026 16:36:04 - INFO - qdiff.layer_recon -   Total loss:	12.578 (rec:0.578, round:12.000)	b=0.00	count=1000
06/14/2026 16:36:07 - INFO - qdiff.layer_recon -   Total loss:	0.634 (rec:0.634, round:0.000)	b=0.00	count=1500
06/14/2026 16:36:10 - INFO - qdiff.layer_recon -   Total loss:	13.681 (rec:0.681, round:13.000)	b=0.00	count=2000
06/14/2026 16:36:12 - INFO - qdiff.layer_recon -   Total loss:	0.737 (rec:0.737, round:0.000)	b=0.00	count=2500
06/14/2026 16:36:15 - INFO - qdiff.layer_recon -   Total loss:	0.590 (rec:0.590, round:0.000)	b=0.00	count=3000
06/14/2026 16:36:18 - INFO - qdiff.layer_recon -   Total loss:	13.591 (rec:0.591, round:13.000)	b=0.00	count=3500
06/14/2026 16:36:20 - INFO - qdiff.layer_recon -   Total loss:	4717.358 (rec:0.645, round:4716.713)	b=20.00	count=4000
06/14/2026 16:36:23 - INFO - qdiff.layer_recon -   Total loss:	2240.512 (rec:0.721, round:2239.791)	b=19.44	count=4500
06/14/2026 16:36:26 - INFO - qdiff.layer_recon -   Total loss:	1980.123 (rec:0.579, round:1979.544)	b=18.88	count=5000
06/14/2026 16:36:29 - INFO - qdiff.layer_recon -   Total loss:	1810.496 (rec:0.622, round:1809.874)	b=18.31	count=5500
06/14/2026 16:36:32 - INFO - qdiff.layer_recon -   Total loss:	1690.565 (rec:0.537, round:1690.028)	b=17.75	count=6000
06/14/2026 16:36:35 - INFO - qdiff.layer_recon -   Total loss:	1525.338 (rec:0.579, round:1524.759)	b=17.19	count=6500
06/14/2026 16:36:38 - INFO - qdiff.layer_recon -   Total loss:	1406.753 (rec:0.596, round:1406.157)	b=16.62	count=7000
06/14/2026 16:36:41 - INFO - qdiff.layer_recon -   Total loss:	1334.832 (rec:0.529, round:1334.303)	b=16.06	count=7500
06/14/2026 16:36:44 - INFO - qdiff.layer_recon -   Total loss:	1229.796 (rec:0.735, round:1229.061)	b=15.50	count=8000
06/14/2026 16:36:47 - INFO - qdiff.layer_recon -   Total loss:	1098.602 (rec:0.588, round:1098.014)	b=14.94	count=8500
06/14/2026 16:36:49 - INFO - qdiff.layer_recon -   Total loss:	1041.623 (rec:0.495, round:1041.128)	b=14.38	count=9000
06/14/2026 16:36:52 - INFO - qdiff.layer_recon -   Total loss:	951.401 (rec:0.531, round:950.870)	b=13.81	count=9500
06/14/2026 16:36:55 - INFO - qdiff.layer_recon -   Total loss:	874.988 (rec:0.655, round:874.333)	b=13.25	count=10000
06/14/2026 16:36:58 - INFO - qdiff.layer_recon -   Total loss:	764.502 (rec:0.606, round:763.896)	b=12.69	count=10500
06/14/2026 16:37:01 - INFO - qdiff.layer_recon -   Total loss:	695.920 (rec:0.583, round:695.337)	b=12.12	count=11000
06/14/2026 16:37:04 - INFO - qdiff.layer_recon -   Total loss:	658.433 (rec:0.597, round:657.836)	b=11.56	count=11500
06/14/2026 16:37:07 - INFO - qdiff.layer_recon -   Total loss:	566.181 (rec:0.595, round:565.586)	b=11.00	count=12000
06/14/2026 16:37:10 - INFO - qdiff.layer_recon -   Total loss:	531.246 (rec:0.555, round:530.691)	b=10.44	count=12500
06/14/2026 16:37:13 - INFO - qdiff.layer_recon -   Total loss:	444.456 (rec:0.703, round:443.753)	b=9.88	count=13000
06/14/2026 16:37:16 - INFO - qdiff.layer_recon -   Total loss:	390.698 (rec:0.549, round:390.149)	b=9.31	count=13500
06/14/2026 16:37:19 - INFO - qdiff.layer_recon -   Total loss:	326.521 (rec:0.616, round:325.905)	b=8.75	count=14000
06/14/2026 16:37:22 - INFO - qdiff.layer_recon -   Total loss:	276.428 (rec:0.505, round:275.923)	b=8.19	count=14500
06/14/2026 16:37:25 - INFO - qdiff.layer_recon -   Total loss:	228.927 (rec:0.535, round:228.392)	b=7.62	count=15000
06/14/2026 16:37:28 - INFO - qdiff.layer_recon -   Total loss:	211.543 (rec:0.537, round:211.006)	b=7.06	count=15500
06/14/2026 16:37:31 - INFO - qdiff.layer_recon -   Total loss:	136.022 (rec:0.590, round:135.432)	b=6.50	count=16000
06/14/2026 16:37:34 - INFO - qdiff.layer_recon -   Total loss:	119.525 (rec:0.546, round:118.979)	b=5.94	count=16500
06/14/2026 16:37:37 - INFO - qdiff.layer_recon -   Total loss:	89.895 (rec:0.653, round:89.242)	b=5.38	count=17000
06/14/2026 16:37:39 - INFO - qdiff.layer_recon -   Total loss:	53.113 (rec:0.643, round:52.470)	b=4.81	count=17500
06/14/2026 16:37:42 - INFO - qdiff.layer_recon -   Total loss:	36.258 (rec:0.477, round:35.781)	b=4.25	count=18000
06/14/2026 16:37:45 - INFO - qdiff.layer_recon -   Total loss:	24.091 (rec:0.488, round:23.603)	b=3.69	count=18500
06/14/2026 16:37:48 - INFO - qdiff.layer_recon -   Total loss:	21.058 (rec:0.529, round:20.529)	b=3.12	count=19000
06/14/2026 16:37:51 - INFO - qdiff.layer_recon -   Total loss:	13.595 (rec:0.583, round:13.012)	b=2.56	count=19500
06/14/2026 16:37:54 - INFO - qdiff.layer_recon -   Total loss:	18.585 (rec:0.585, round:18.000)	b=2.00	count=20000
06/14/2026 16:37:54 - INFO - __main__ -   2 False
06/14/2026 16:37:54 - INFO - __main__ -   block False
06/14/2026 16:37:54 - INFO - __main__ -   0 True
06/14/2026 16:37:54 - INFO - __main__ -   Reconstruction for block 0
06/14/2026 16:38:09 - INFO - qdiff.utils -   in 1 shape: torch.Size([2000, 256, 8, 8]), in 2 shape: torch.Size([2000, 512])
06/14/2026 16:38:09 - INFO - qdiff.utils -   out shape: torch.Size([2000, 256, 8, 8])
06/14/2026 16:38:12 - INFO - qdiff.block_recon -   Total loss:	62.174 (rec:50.174, round:12.000)	b=0.00	count=500
06/14/2026 16:38:15 - INFO - qdiff.block_recon -   Total loss:	68.407 (rec:50.407, round:18.000)	b=0.00	count=1000
06/14/2026 16:38:18 - INFO - qdiff.block_recon -   Total loss:	63.514 (rec:49.514, round:14.000)	b=0.00	count=1500
06/14/2026 16:38:21 - INFO - qdiff.block_recon -   Total loss:	69.386 (rec:50.386, round:19.000)	b=0.00	count=2000
06/14/2026 16:38:24 - INFO - qdiff.block_recon -   Total loss:	50.160 (rec:50.160, round:0.000)	b=0.00	count=2500
06/14/2026 16:38:27 - INFO - qdiff.block_recon -   Total loss:	48.348 (rec:48.348, round:0.000)	b=0.00	count=3000
06/14/2026 16:38:30 - INFO - qdiff.block_recon -   Total loss:	62.222 (rec:49.222, round:13.000)	b=0.00	count=3500
06/14/2026 16:38:33 - INFO - qdiff.block_recon -   Total loss:	11033.308 (rec:50.837, round:10982.471)	b=20.00	count=4000
06/14/2026 16:38:38 - INFO - qdiff.block_recon -   Total loss:	5723.000 (rec:48.829, round:5674.171)	b=19.44	count=4500
06/14/2026 16:38:42 - INFO - qdiff.block_recon -   Total loss:	5152.069 (rec:50.573, round:5101.496)	b=18.88	count=5000
06/14/2026 16:38:46 - INFO - qdiff.block_recon -   Total loss:	4766.083 (rec:50.900, round:4715.183)	b=18.31	count=5500
06/14/2026 16:38:50 - INFO - qdiff.block_recon -   Total loss:	4365.483 (rec:51.939, round:4313.544)	b=17.75	count=6000
06/14/2026 16:38:54 - INFO - qdiff.block_recon -   Total loss:	4033.478 (rec:50.332, round:3983.146)	b=17.19	count=6500
06/14/2026 16:38:59 - INFO - qdiff.block_recon -   Total loss:	3744.382 (rec:48.595, round:3695.787)	b=16.62	count=7000
06/14/2026 16:39:03 - INFO - qdiff.block_recon -   Total loss:	3418.837 (rec:47.738, round:3371.099)	b=16.06	count=7500
06/14/2026 16:39:07 - INFO - qdiff.block_recon -   Total loss:	3143.995 (rec:50.126, round:3093.869)	b=15.50	count=8000
06/14/2026 16:39:11 - INFO - qdiff.block_recon -   Total loss:	2882.261 (rec:48.079, round:2834.182)	b=14.94	count=8500
06/14/2026 16:39:16 - INFO - qdiff.block_recon -   Total loss:	2637.281 (rec:50.615, round:2586.666)	b=14.38	count=9000
06/14/2026 16:39:20 - INFO - qdiff.block_recon -   Total loss:	2443.354 (rec:46.668, round:2396.686)	b=13.81	count=9500
06/14/2026 16:39:24 - INFO - qdiff.block_recon -   Total loss:	2235.710 (rec:47.410, round:2188.300)	b=13.25	count=10000
06/14/2026 16:39:28 - INFO - qdiff.block_recon -   Total loss:	2004.242 (rec:51.108, round:1953.134)	b=12.69	count=10500
06/14/2026 16:39:33 - INFO - qdiff.block_recon -   Total loss:	1849.414 (rec:48.653, round:1800.761)	b=12.12	count=11000
06/14/2026 16:39:37 - INFO - qdiff.block_recon -   Total loss:	1651.204 (rec:51.329, round:1599.875)	b=11.56	count=11500
06/14/2026 16:39:41 - INFO - qdiff.block_recon -   Total loss:	1519.595 (rec:50.362, round:1469.233)	b=11.00	count=12000
06/14/2026 16:39:45 - INFO - qdiff.block_recon -   Total loss:	1339.595 (rec:49.976, round:1289.619)	b=10.44	count=12500
06/14/2026 16:39:50 - INFO - qdiff.block_recon -   Total loss:	1190.017 (rec:48.767, round:1141.250)	b=9.88	count=13000
06/14/2026 16:39:54 - INFO - qdiff.block_recon -   Total loss:	1056.507 (rec:48.271, round:1008.236)	b=9.31	count=13500
06/14/2026 16:39:58 - INFO - qdiff.block_recon -   Total loss:	930.416 (rec:49.313, round:881.103)	b=8.75	count=14000
06/14/2026 16:40:02 - INFO - qdiff.block_recon -   Total loss:	817.618 (rec:51.122, round:766.496)	b=8.19	count=14500
06/14/2026 16:40:06 - INFO - qdiff.block_recon -   Total loss:	698.925 (rec:51.129, round:647.796)	b=7.62	count=15000
06/14/2026 16:40:11 - INFO - qdiff.block_recon -   Total loss:	596.903 (rec:47.962, round:548.941)	b=7.06	count=15500
06/14/2026 16:40:15 - INFO - qdiff.block_recon -   Total loss:	521.989 (rec:49.367, round:472.622)	b=6.50	count=16000
06/14/2026 16:40:19 - INFO - qdiff.block_recon -   Total loss:	424.667 (rec:48.101, round:376.566)	b=5.94	count=16500
06/14/2026 16:40:23 - INFO - qdiff.block_recon -   Total loss:	304.305 (rec:48.766, round:255.539)	b=5.38	count=17000
06/14/2026 16:40:28 - INFO - qdiff.block_recon -   Total loss:	219.605 (rec:46.943, round:172.662)	b=4.81	count=17500
06/14/2026 16:40:32 - INFO - qdiff.block_recon -   Total loss:	161.293 (rec:52.743, round:108.550)	b=4.25	count=18000
06/14/2026 16:40:36 - INFO - qdiff.block_recon -   Total loss:	124.382 (rec:46.382, round:78.000)	b=3.69	count=18500
06/14/2026 16:40:40 - INFO - qdiff.block_recon -   Total loss:	87.680 (rec:50.811, round:36.869)	b=3.12	count=19000
06/14/2026 16:40:44 - INFO - qdiff.block_recon -   Total loss:	62.834 (rec:45.553, round:17.281)	b=2.56	count=19500
06/14/2026 16:40:49 - INFO - qdiff.block_recon -   Total loss:	49.505 (rec:49.505, round:0.000)	b=2.00	count=20000
06/14/2026 16:40:49 - INFO - __main__ -   1 True
06/14/2026 16:40:49 - INFO - __main__ -   Reconstruction for block 1
06/14/2026 16:41:04 - INFO - qdiff.utils -   in 1 shape: torch.Size([2000, 256, 8, 8]), in 2 shape: torch.Size([2000, 512])
06/14/2026 16:41:04 - INFO - qdiff.utils -   out shape: torch.Size([2000, 256, 8, 8])
06/14/2026 16:41:07 - INFO - qdiff.block_recon -   Total loss:	57.696 (rec:40.696, round:17.000)	b=0.00	count=500
06/14/2026 16:41:10 - INFO - qdiff.block_recon -   Total loss:	40.747 (rec:40.747, round:0.000)	b=0.00	count=1000
06/14/2026 16:41:13 - INFO - qdiff.block_recon -   Total loss:	38.587 (rec:38.587, round:0.000)	b=0.00	count=1500
06/14/2026 16:41:16 - INFO - qdiff.block_recon -   Total loss:	38.592 (rec:38.592, round:0.000)	b=0.00	count=2000
06/14/2026 16:41:19 - INFO - qdiff.block_recon -   Total loss:	40.775 (rec:40.775, round:0.000)	b=0.00	count=2500
06/14/2026 16:41:22 - INFO - qdiff.block_recon -   Total loss:	58.074 (rec:40.074, round:18.000)	b=0.00	count=3000
06/14/2026 16:41:25 - INFO - qdiff.block_recon -   Total loss:	42.933 (rec:42.933, round:0.000)	b=0.00	count=3500
06/14/2026 16:41:28 - INFO - qdiff.block_recon -   Total loss:	11050.241 (rec:43.009, round:11007.232)	b=20.00	count=4000
06/14/2026 16:41:32 - INFO - qdiff.block_recon -   Total loss:	5663.317 (rec:39.081, round:5624.236)	b=19.44	count=4500
06/14/2026 16:41:37 - INFO - qdiff.block_recon -   Total loss:	5129.365 (rec:40.140, round:5089.225)	b=18.88	count=5000
06/14/2026 16:41:41 - INFO - qdiff.block_recon -   Total loss:	4729.449 (rec:39.892, round:4689.557)	b=18.31	count=5500
06/14/2026 16:41:45 - INFO - qdiff.block_recon -   Total loss:	4355.282 (rec:39.220, round:4316.062)	b=17.75	count=6000
06/14/2026 16:41:49 - INFO - qdiff.block_recon -   Total loss:	4025.161 (rec:40.957, round:3984.204)	b=17.19	count=6500
06/14/2026 16:41:53 - INFO - qdiff.block_recon -   Total loss:	3672.639 (rec:37.936, round:3634.703)	b=16.62	count=7000
06/14/2026 16:41:58 - INFO - qdiff.block_recon -   Total loss:	3381.491 (rec:39.892, round:3341.599)	b=16.06	count=7500
06/14/2026 16:42:02 - INFO - qdiff.block_recon -   Total loss:	3107.403 (rec:38.340, round:3069.063)	b=15.50	count=8000
06/14/2026 16:42:06 - INFO - qdiff.block_recon -   Total loss:	2846.973 (rec:41.152, round:2805.821)	b=14.94	count=8500
06/14/2026 16:42:10 - INFO - qdiff.block_recon -   Total loss:	2598.611 (rec:40.433, round:2558.178)	b=14.38	count=9000
06/14/2026 16:42:15 - INFO - qdiff.block_recon -   Total loss:	2410.728 (rec:42.018, round:2368.710)	b=13.81	count=9500
06/14/2026 16:42:19 - INFO - qdiff.block_recon -   Total loss:	2166.808 (rec:36.804, round:2130.004)	b=13.25	count=10000
06/14/2026 16:42:23 - INFO - qdiff.block_recon -   Total loss:	1972.929 (rec:38.810, round:1934.119)	b=12.69	count=10500
06/14/2026 16:42:27 - INFO - qdiff.block_recon -   Total loss:	1790.523 (rec:39.961, round:1750.562)	b=12.12	count=11000
06/14/2026 16:42:31 - INFO - qdiff.block_recon -   Total loss:	1644.525 (rec:37.218, round:1607.307)	b=11.56	count=11500
06/14/2026 16:42:36 - INFO - qdiff.block_recon -   Total loss:	1458.928 (rec:39.306, round:1419.622)	b=11.00	count=12000
06/14/2026 16:42:40 - INFO - qdiff.block_recon -   Total loss:	1336.889 (rec:41.029, round:1295.860)	b=10.44	count=12500
06/14/2026 16:42:44 - INFO - qdiff.block_recon -   Total loss:	1161.365 (rec:38.182, round:1123.183)	b=9.88	count=13000
06/14/2026 16:42:48 - INFO - qdiff.block_recon -   Total loss:	1065.192 (rec:40.816, round:1024.376)	b=9.31	count=13500
06/14/2026 16:42:52 - INFO - qdiff.block_recon -   Total loss:	907.447 (rec:40.444, round:867.003)	b=8.75	count=14000
06/14/2026 16:42:57 - INFO - qdiff.block_recon -   Total loss:	781.012 (rec:36.834, round:744.178)	b=8.19	count=14500
06/14/2026 16:43:01 - INFO - qdiff.block_recon -   Total loss:	675.032 (rec:39.882, round:635.150)	b=7.62	count=15000
06/14/2026 16:43:05 - INFO - qdiff.block_recon -   Total loss:	567.660 (rec:39.138, round:528.522)	b=7.06	count=15500
06/14/2026 16:43:09 - INFO - qdiff.block_recon -   Total loss:	468.988 (rec:39.219, round:429.769)	b=6.50	count=16000
06/14/2026 16:43:13 - INFO - qdiff.block_recon -   Total loss:	399.244 (rec:36.891, round:362.353)	b=5.94	count=16500
06/14/2026 16:43:18 - INFO - qdiff.block_recon -   Total loss:	288.136 (rec:37.846, round:250.290)	b=5.38	count=17000
06/14/2026 16:43:22 - INFO - qdiff.block_recon -   Total loss:	210.793 (rec:38.296, round:172.497)	b=4.81	count=17500
06/14/2026 16:43:26 - INFO - qdiff.block_recon -   Total loss:	178.944 (rec:45.917, round:133.027)	b=4.25	count=18000
06/14/2026 16:43:30 - INFO - qdiff.block_recon -   Total loss:	75.531 (rec:38.807, round:36.724)	b=3.69	count=18500
06/14/2026 16:43:35 - INFO - qdiff.block_recon -   Total loss:	38.267 (rec:38.267, round:0.000)	b=3.12	count=19000
06/14/2026 16:43:39 - INFO - qdiff.block_recon -   Total loss:	57.918 (rec:39.010, round:18.908)	b=2.56	count=19500
06/14/2026 16:43:43 - INFO - qdiff.block_recon -   Total loss:	56.706 (rec:37.650, round:19.056)	b=2.00	count=20000
06/14/2026 16:43:43 - INFO - __main__ -   attn False
06/14/2026 16:43:43 - INFO - __main__ -   downsample False
06/14/2026 16:43:43 - INFO - __main__ -   conv False
06/14/2026 16:43:43 - INFO - __main__ -   Reconstruction for layer conv
06/14/2026 16:43:58 - INFO - qdiff.utils -   in shape: torch.Size([2000, 256, 9, 9])
06/14/2026 16:43:58 - INFO - qdiff.utils -   out shape: torch.Size([2000, 256, 4, 4])
06/14/2026 16:44:00 - INFO - qdiff.layer_recon -   Total loss:	36.957 (rec:19.957, round:17.000)	b=0.00	count=500
06/14/2026 16:44:02 - INFO - qdiff.layer_recon -   Total loss:	17.521 (rec:17.521, round:0.000)	b=0.00	count=1000
06/14/2026 16:44:03 - INFO - qdiff.layer_recon -   Total loss:	33.017 (rec:15.017, round:18.000)	b=0.00	count=1500
06/14/2026 16:44:05 - INFO - qdiff.layer_recon -   Total loss:	15.851 (rec:15.851, round:0.000)	b=0.00	count=2000
06/14/2026 16:44:07 - INFO - qdiff.layer_recon -   Total loss:	16.108 (rec:16.108, round:0.000)	b=0.00	count=2500
06/14/2026 16:44:08 - INFO - qdiff.layer_recon -   Total loss:	23.417 (rec:13.417, round:10.000)	b=0.00	count=3000
06/14/2026 16:44:10 - INFO - qdiff.layer_recon -   Total loss:	13.745 (rec:13.745, round:0.000)	b=0.00	count=3500
06/14/2026 16:44:11 - INFO - qdiff.layer_recon -   Total loss:	4735.110 (rec:13.455, round:4721.655)	b=20.00	count=4000
06/14/2026 16:44:13 - INFO - qdiff.layer_recon -   Total loss:	2663.821 (rec:12.985, round:2650.836)	b=19.44	count=4500
06/14/2026 16:44:15 - INFO - qdiff.layer_recon -   Total loss:	2395.112 (rec:12.479, round:2382.633)	b=18.88	count=5000
06/14/2026 16:44:17 - INFO - qdiff.layer_recon -   Total loss:	2233.191 (rec:12.482, round:2220.709)	b=18.31	count=5500
06/14/2026 16:44:19 - INFO - qdiff.layer_recon -   Total loss:	2026.538 (rec:11.874, round:2014.664)	b=17.75	count=6000
06/14/2026 16:44:21 - INFO - qdiff.layer_recon -   Total loss:	1878.461 (rec:12.378, round:1866.083)	b=17.19	count=6500
06/14/2026 16:44:23 - INFO - qdiff.layer_recon -   Total loss:	1733.109 (rec:13.237, round:1719.872)	b=16.62	count=7000
06/14/2026 16:44:25 - INFO - qdiff.layer_recon -   Total loss:	1637.938 (rec:13.735, round:1624.203)	b=16.06	count=7500
06/14/2026 16:44:27 - INFO - qdiff.layer_recon -   Total loss:	1524.124 (rec:11.707, round:1512.417)	b=15.50	count=8000
06/14/2026 16:44:29 - INFO - qdiff.layer_recon -   Total loss:	1409.094 (rec:11.881, round:1397.213)	b=14.94	count=8500
06/14/2026 16:44:31 - INFO - qdiff.layer_recon -   Total loss:	1310.380 (rec:13.308, round:1297.072)	b=14.38	count=9000
06/14/2026 16:44:33 - INFO - qdiff.layer_recon -   Total loss:	1221.126 (rec:11.413, round:1209.713)	b=13.81	count=9500
06/14/2026 16:44:35 - INFO - qdiff.layer_recon -   Total loss:	1101.675 (rec:11.553, round:1090.122)	b=13.25	count=10000
06/14/2026 16:44:37 - INFO - qdiff.layer_recon -   Total loss:	1052.545 (rec:11.889, round:1040.656)	b=12.69	count=10500
06/14/2026 16:44:39 - INFO - qdiff.layer_recon -   Total loss:	971.652 (rec:12.130, round:959.522)	b=12.12	count=11000
06/14/2026 16:44:41 - INFO - qdiff.layer_recon -   Total loss:	899.916 (rec:12.221, round:887.695)	b=11.56	count=11500
06/14/2026 16:44:43 - INFO - qdiff.layer_recon -   Total loss:	831.704 (rec:12.974, round:818.730)	b=11.00	count=12000
06/14/2026 16:44:45 - INFO - qdiff.layer_recon -   Total loss:	730.369 (rec:11.985, round:718.384)	b=10.44	count=12500
06/14/2026 16:44:47 - INFO - qdiff.layer_recon -   Total loss:	665.478 (rec:12.892, round:652.586)	b=9.88	count=13000
06/14/2026 16:44:49 - INFO - qdiff.layer_recon -   Total loss:	603.022 (rec:11.170, round:591.852)	b=9.31	count=13500
06/14/2026 16:44:51 - INFO - qdiff.layer_recon -   Total loss:	574.288 (rec:12.314, round:561.974)	b=8.75	count=14000
06/14/2026 16:44:53 - INFO - qdiff.layer_recon -   Total loss:	516.886 (rec:12.654, round:504.232)	b=8.19	count=14500
06/14/2026 16:44:55 - INFO - qdiff.layer_recon -   Total loss:	430.387 (rec:12.210, round:418.177)	b=7.62	count=15000
06/14/2026 16:44:57 - INFO - qdiff.layer_recon -   Total loss:	379.302 (rec:12.285, round:367.017)	b=7.06	count=15500
06/14/2026 16:44:59 - INFO - qdiff.layer_recon -   Total loss:	319.401 (rec:11.449, round:307.952)	b=6.50	count=16000
06/14/2026 16:45:01 - INFO - qdiff.layer_recon -   Total loss:	293.381 (rec:11.850, round:281.531)	b=5.94	count=16500
06/14/2026 16:45:02 - INFO - qdiff.layer_recon -   Total loss:	211.938 (rec:12.085, round:199.853)	b=5.38	count=17000
06/14/2026 16:45:04 - INFO - qdiff.layer_recon -   Total loss:	197.399 (rec:11.949, round:185.450)	b=4.81	count=17500
06/14/2026 16:45:06 - INFO - qdiff.layer_recon -   Total loss:	145.222 (rec:11.721, round:133.501)	b=4.25	count=18000
06/14/2026 16:45:08 - INFO - qdiff.layer_recon -   Total loss:	68.085 (rec:11.561, round:56.524)	b=3.69	count=18500
06/14/2026 16:45:10 - INFO - qdiff.layer_recon -   Total loss:	26.596 (rec:11.239, round:15.357)	b=3.12	count=19000
06/14/2026 16:45:12 - INFO - qdiff.layer_recon -   Total loss:	12.931 (rec:12.931, round:0.000)	b=2.56	count=19500
06/14/2026 16:45:14 - INFO - qdiff.layer_recon -   Total loss:	25.612 (rec:11.999, round:13.613)	b=2.00	count=20000
06/14/2026 16:45:14 - INFO - __main__ -   3 False
06/14/2026 16:45:14 - INFO - __main__ -   block False
06/14/2026 16:45:14 - INFO - __main__ -   0 True
06/14/2026 16:45:14 - INFO - __main__ -   Reconstruction for block 0
06/14/2026 16:45:31 - INFO - qdiff.utils -   in 1 shape: torch.Size([2000, 256, 4, 4]), in 2 shape: torch.Size([2000, 512])
06/14/2026 16:45:31 - INFO - qdiff.utils -   out shape: torch.Size([2000, 256, 4, 4])
06/14/2026 16:45:33 - INFO - qdiff.block_recon -   Total loss:	400.062 (rec:400.062, round:0.000)	b=0.00	count=500
06/14/2026 16:45:36 - INFO - qdiff.block_recon -   Total loss:	403.193 (rec:386.193, round:17.000)	b=0.00	count=1000
06/14/2026 16:45:39 - INFO - qdiff.block_recon -   Total loss:	426.610 (rec:412.610, round:14.000)	b=0.00	count=1500
06/14/2026 16:45:42 - INFO - qdiff.block_recon -   Total loss:	418.092 (rec:403.092, round:15.000)	b=0.00	count=2000
06/14/2026 16:45:44 - INFO - qdiff.block_recon -   Total loss:	413.678 (rec:413.678, round:0.000)	b=0.00	count=2500
06/14/2026 16:45:47 - INFO - qdiff.block_recon -   Total loss:	388.092 (rec:388.092, round:0.000)	b=0.00	count=3000
06/14/2026 16:45:50 - INFO - qdiff.block_recon -   Total loss:	421.224 (rec:421.224, round:0.000)	b=0.00	count=3500
06/14/2026 16:45:52 - INFO - qdiff.block_recon -   Total loss:	11975.389 (rec:390.006, round:11585.383)	b=20.00	count=4000
06/14/2026 16:45:56 - INFO - qdiff.block_recon -   Total loss:	7835.469 (rec:403.305, round:7432.164)	b=19.44	count=4500
06/14/2026 16:46:00 - INFO - qdiff.block_recon -   Total loss:	7264.367 (rec:375.384, round:6888.983)	b=18.88	count=5000
06/14/2026 16:46:04 - INFO - qdiff.block_recon -   Total loss:	6880.144 (rec:402.213, round:6477.931)	b=18.31	count=5500
06/14/2026 16:46:08 - INFO - qdiff.block_recon -   Total loss:	6582.843 (rec:401.812, round:6181.031)	b=17.75	count=6000
06/14/2026 16:46:12 - INFO - qdiff.block_recon -   Total loss:	6216.174 (rec:379.625, round:5836.549)	b=17.19	count=6500
06/14/2026 16:46:16 - INFO - qdiff.block_recon -   Total loss:	5980.936 (rec:408.248, round:5572.688)	b=16.62	count=7000
06/14/2026 16:46:19 - INFO - qdiff.block_recon -   Total loss:	5696.705 (rec:403.250, round:5293.455)	b=16.06	count=7500
06/14/2026 16:46:23 - INFO - qdiff.block_recon -   Total loss:	5398.245 (rec:410.873, round:4987.372)	b=15.50	count=8000
06/14/2026 16:46:27 - INFO - qdiff.block_recon -   Total loss:	5155.037 (rec:415.673, round:4739.364)	b=14.94	count=8500
06/14/2026 16:46:31 - INFO - qdiff.block_recon -   Total loss:	4877.976 (rec:401.993, round:4475.983)	b=14.38	count=9000
06/14/2026 16:46:35 - INFO - qdiff.block_recon -   Total loss:	4638.910 (rec:418.509, round:4220.401)	b=13.81	count=9500
06/14/2026 16:46:39 - INFO - qdiff.block_recon -   Total loss:	4343.166 (rec:372.651, round:3970.515)	b=13.25	count=10000
06/14/2026 16:46:43 - INFO - qdiff.block_recon -   Total loss:	4109.051 (rec:386.145, round:3722.906)	b=12.69	count=10500
06/14/2026 16:46:47 - INFO - qdiff.block_recon -   Total loss:	3879.282 (rec:395.250, round:3484.032)	b=12.12	count=11000
06/14/2026 16:46:50 - INFO - qdiff.block_recon -   Total loss:	3567.687 (rec:350.004, round:3217.683)	b=11.56	count=11500
06/14/2026 16:46:54 - INFO - qdiff.block_recon -   Total loss:	3355.515 (rec:366.766, round:2988.749)	b=11.00	count=12000
06/14/2026 16:46:58 - INFO - qdiff.block_recon -   Total loss:	3142.107 (rec:380.286, round:2761.821)	b=10.44	count=12500
06/14/2026 16:47:02 - INFO - qdiff.block_recon -   Total loss:	2975.523 (rec:404.704, round:2570.819)	b=9.88	count=13000
06/14/2026 16:47:06 - INFO - qdiff.block_recon -   Total loss:	2685.903 (rec:362.624, round:2323.279)	b=9.31	count=13500
06/14/2026 16:47:10 - INFO - qdiff.block_recon -   Total loss:	2525.735 (rec:391.432, round:2134.303)	b=8.75	count=14000
06/14/2026 16:47:13 - INFO - qdiff.block_recon -   Total loss:	2262.988 (rec:360.212, round:1902.776)	b=8.19	count=14500
06/14/2026 16:47:17 - INFO - qdiff.block_recon -   Total loss:	2114.715 (rec:394.834, round:1719.881)	b=7.62	count=15000
06/14/2026 16:47:21 - INFO - qdiff.block_recon -   Total loss:	1866.494 (rec:377.418, round:1489.076)	b=7.06	count=15500
06/14/2026 16:47:25 - INFO - qdiff.block_recon -   Total loss:	1729.758 (rec:411.639, round:1318.119)	b=6.50	count=16000
06/14/2026 16:47:29 - INFO - qdiff.block_recon -   Total loss:	1485.467 (rec:390.856, round:1094.611)	b=5.94	count=16500
06/14/2026 16:47:33 - INFO - qdiff.block_recon -   Total loss:	1292.805 (rec:361.340, round:931.465)	b=5.38	count=17000
06/14/2026 16:47:37 - INFO - qdiff.block_recon -   Total loss:	1126.408 (rec:413.945, round:712.463)	b=4.81	count=17500
06/14/2026 16:47:41 - INFO - qdiff.block_recon -   Total loss:	947.481 (rec:388.689, round:558.792)	b=4.25	count=18000
06/14/2026 16:47:44 - INFO - qdiff.block_recon -   Total loss:	746.376 (rec:386.855, round:359.521)	b=3.69	count=18500
06/14/2026 16:47:48 - INFO - qdiff.block_recon -   Total loss:	610.010 (rec:381.910, round:228.100)	b=3.12	count=19000
06/14/2026 16:47:52 - INFO - qdiff.block_recon -   Total loss:	440.878 (rec:373.339, round:67.539)	b=2.56	count=19500
06/14/2026 16:47:56 - INFO - qdiff.block_recon -   Total loss:	394.712 (rec:391.986, round:2.726)	b=2.00	count=20000
06/14/2026 16:47:56 - INFO - __main__ -   1 True
06/14/2026 16:47:56 - INFO - __main__ -   Reconstruction for block 1
06/14/2026 16:48:13 - INFO - qdiff.utils -   in 1 shape: torch.Size([2000, 256, 4, 4]), in 2 shape: torch.Size([2000, 512])
06/14/2026 16:48:13 - INFO - qdiff.utils -   out shape: torch.Size([2000, 256, 4, 4])
06/14/2026 16:48:16 - INFO - qdiff.block_recon -   Total loss:	362.090 (rec:362.090, round:0.000)	b=0.00	count=500
06/14/2026 16:48:18 - INFO - qdiff.block_recon -   Total loss:	422.939 (rec:402.939, round:20.000)	b=0.00	count=1000
06/14/2026 16:48:21 - INFO - qdiff.block_recon -   Total loss:	370.240 (rec:355.240, round:15.000)	b=0.00	count=1500
06/14/2026 16:48:24 - INFO - qdiff.block_recon -   Total loss:	423.493 (rec:406.493, round:17.000)	b=0.00	count=2000
06/14/2026 16:48:27 - INFO - qdiff.block_recon -   Total loss:	403.233 (rec:385.233, round:18.000)	b=0.00	count=2500
06/14/2026 16:48:29 - INFO - qdiff.block_recon -   Total loss:	369.899 (rec:369.899, round:0.000)	b=0.00	count=3000
06/14/2026 16:48:32 - INFO - qdiff.block_recon -   Total loss:	420.837 (rec:401.837, round:19.000)	b=0.00	count=3500
06/14/2026 16:48:35 - INFO - qdiff.block_recon -   Total loss:	11891.852 (rec:367.357, round:11524.495)	b=20.00	count=4000
06/14/2026 16:48:39 - INFO - qdiff.block_recon -   Total loss:	7705.352 (rec:382.846, round:7322.506)	b=19.44	count=4500
06/14/2026 16:48:43 - INFO - qdiff.block_recon -   Total loss:	7147.486 (rec:376.301, round:6771.185)	b=18.88	count=5000
06/14/2026 16:48:47 - INFO - qdiff.block_recon -   Total loss:	6763.640 (rec:408.034, round:6355.606)	b=18.31	count=5500
06/14/2026 16:48:51 - INFO - qdiff.block_recon -   Total loss:	6392.264 (rec:343.091, round:6049.173)	b=17.75	count=6000
06/14/2026 16:48:54 - INFO - qdiff.block_recon -   Total loss:	6115.998 (rec:376.429, round:5739.569)	b=17.19	count=6500
06/14/2026 16:48:58 - INFO - qdiff.block_recon -   Total loss:	5813.299 (rec:372.471, round:5440.828)	b=16.62	count=7000
06/14/2026 16:49:02 - INFO - qdiff.block_recon -   Total loss:	5515.469 (rec:367.238, round:5148.231)	b=16.06	count=7500
06/14/2026 16:49:06 - INFO - qdiff.block_recon -   Total loss:	5254.873 (rec:408.983, round:4845.890)	b=15.50	count=8000
06/14/2026 16:49:10 - INFO - qdiff.block_recon -   Total loss:	4932.300 (rec:369.459, round:4562.841)	b=14.94	count=8500
06/14/2026 16:49:14 - INFO - qdiff.block_recon -   Total loss:	4704.020 (rec:376.568, round:4327.452)	b=14.38	count=9000
06/14/2026 16:49:18 - INFO - qdiff.block_recon -   Total loss:	4408.111 (rec:372.112, round:4035.999)	b=13.81	count=9500
06/14/2026 16:49:21 - INFO - qdiff.block_recon -   Total loss:	4155.525 (rec:338.155, round:3817.370)	b=13.25	count=10000
06/14/2026 16:49:25 - INFO - qdiff.block_recon -   Total loss:	3907.424 (rec:366.213, round:3541.211)	b=12.69	count=10500
06/14/2026 16:49:29 - INFO - qdiff.block_recon -   Total loss:	3699.453 (rec:365.943, round:3333.510)	b=12.12	count=11000
06/14/2026 16:49:33 - INFO - qdiff.block_recon -   Total loss:	3415.167 (rec:349.199, round:3065.968)	b=11.56	count=11500
06/14/2026 16:49:37 - INFO - qdiff.block_recon -   Total loss:	3266.612 (rec:399.933, round:2866.679)	b=11.00	count=12000
06/14/2026 16:49:41 - INFO - qdiff.block_recon -   Total loss:	3023.751 (rec:372.634, round:2651.117)	b=10.44	count=12500
06/14/2026 16:49:45 - INFO - qdiff.block_recon -   Total loss:	2822.661 (rec:382.044, round:2440.617)	b=9.88	count=13000
06/14/2026 16:49:49 - INFO - qdiff.block_recon -   Total loss:	2537.203 (rec:340.299, round:2196.904)	b=9.31	count=13500
06/14/2026 16:49:53 - INFO - qdiff.block_recon -   Total loss:	2395.730 (rec:377.387, round:2018.343)	b=8.75	count=14000
06/14/2026 16:49:56 - INFO - qdiff.block_recon -   Total loss:	2168.048 (rec:377.122, round:1790.926)	b=8.19	count=14500
06/14/2026 16:50:00 - INFO - qdiff.block_recon -   Total loss:	1945.618 (rec:349.172, round:1596.446)	b=7.62	count=15000
06/14/2026 16:50:04 - INFO - qdiff.block_recon -   Total loss:	1790.749 (rec:389.329, round:1401.420)	b=7.06	count=15500
06/14/2026 16:50:08 - INFO - qdiff.block_recon -   Total loss:	1602.582 (rec:354.613, round:1247.969)	b=6.50	count=16000
06/14/2026 16:50:12 - INFO - qdiff.block_recon -   Total loss:	1420.577 (rec:361.006, round:1059.571)	b=5.94	count=16500
06/14/2026 16:50:16 - INFO - qdiff.block_recon -   Total loss:	1224.909 (rec:378.568, round:846.341)	b=5.38	count=17000
06/14/2026 16:50:20 - INFO - qdiff.block_recon -   Total loss:	1023.748 (rec:351.506, round:672.242)	b=4.81	count=17500
06/14/2026 16:50:23 - INFO - qdiff.block_recon -   Total loss:	871.838 (rec:350.337, round:521.501)	b=4.25	count=18000
06/14/2026 16:50:27 - INFO - qdiff.block_recon -   Total loss:	706.867 (rec:350.617, round:356.250)	b=3.69	count=18500
06/14/2026 16:50:31 - INFO - qdiff.block_recon -   Total loss:	569.567 (rec:353.430, round:216.137)	b=3.12	count=19000
06/14/2026 16:50:35 - INFO - qdiff.block_recon -   Total loss:	462.400 (rec:371.252, round:91.148)	b=2.56	count=19500
06/14/2026 16:50:39 - INFO - qdiff.block_recon -   Total loss:	400.532 (rec:374.061, round:26.471)	b=2.00	count=20000
06/14/2026 16:50:39 - INFO - __main__ -   attn False
06/14/2026 16:50:39 - INFO - __main__ -   mid False
06/14/2026 16:50:39 - INFO - __main__ -   block_1 True
06/14/2026 16:50:39 - INFO - __main__ -   Reconstruction for block block_1
06/14/2026 16:50:57 - INFO - qdiff.utils -   in 1 shape: torch.Size([2000, 256, 4, 4]), in 2 shape: torch.Size([2000, 512])
06/14/2026 16:50:57 - INFO - qdiff.utils -   out shape: torch.Size([2000, 256, 4, 4])
06/14/2026 16:51:00 - INFO - qdiff.block_recon -   Total loss:	442.072 (rec:442.072, round:0.000)	b=0.00	count=500
06/14/2026 16:51:02 - INFO - qdiff.block_recon -   Total loss:	448.215 (rec:448.215, round:0.000)	b=0.00	count=1000
06/14/2026 16:51:05 - INFO - qdiff.block_recon -   Total loss:	409.534 (rec:409.534, round:0.000)	b=0.00	count=1500
06/14/2026 16:51:08 - INFO - qdiff.block_recon -   Total loss:	430.388 (rec:416.388, round:14.000)	b=0.00	count=2000
06/14/2026 16:51:11 - INFO - qdiff.block_recon -   Total loss:	438.897 (rec:426.897, round:12.000)	b=0.00	count=2500
06/14/2026 16:51:13 - INFO - qdiff.block_recon -   Total loss:	420.760 (rec:420.760, round:0.000)	b=0.00	count=3000
06/14/2026 16:51:16 - INFO - qdiff.block_recon -   Total loss:	432.463 (rec:432.463, round:0.000)	b=0.00	count=3500
06/14/2026 16:51:19 - INFO - qdiff.block_recon -   Total loss:	11949.583 (rec:420.055, round:11529.528)	b=20.00	count=4000
06/14/2026 16:51:23 - INFO - qdiff.block_recon -   Total loss:	7798.668 (rec:404.635, round:7394.033)	b=19.44	count=4500
06/14/2026 16:51:26 - INFO - qdiff.block_recon -   Total loss:	7223.786 (rec:378.204, round:6845.582)	b=18.88	count=5000
06/14/2026 16:51:30 - INFO - qdiff.block_recon -   Total loss:	6882.997 (rec:423.110, round:6459.887)	b=18.31	count=5500
06/14/2026 16:51:34 - INFO - qdiff.block_recon -   Total loss:	6457.905 (rec:368.795, round:6089.110)	b=17.75	count=6000
06/14/2026 16:51:38 - INFO - qdiff.block_recon -   Total loss:	6159.188 (rec:385.059, round:5774.129)	b=17.19	count=6500
06/14/2026 16:51:42 - INFO - qdiff.block_recon -   Total loss:	5877.385 (rec:403.240, round:5474.145)	b=16.62	count=7000
06/14/2026 16:51:46 - INFO - qdiff.block_recon -   Total loss:	5640.928 (rec:431.984, round:5208.944)	b=16.06	count=7500
06/14/2026 16:51:49 - INFO - qdiff.block_recon -   Total loss:	5288.686 (rec:364.346, round:4924.340)	b=15.50	count=8000
06/14/2026 16:51:53 - INFO - qdiff.block_recon -   Total loss:	5009.024 (rec:382.236, round:4626.788)	b=14.94	count=8500
06/14/2026 16:51:57 - INFO - qdiff.block_recon -   Total loss:	4791.647 (rec:405.585, round:4386.062)	b=14.38	count=9000
06/14/2026 16:52:01 - INFO - qdiff.block_recon -   Total loss:	4503.236 (rec:399.354, round:4103.882)	b=13.81	count=9500
06/14/2026 16:52:05 - INFO - qdiff.block_recon -   Total loss:	4260.036 (rec:384.649, round:3875.387)	b=13.25	count=10000
06/14/2026 16:52:09 - INFO - qdiff.block_recon -   Total loss:	4005.315 (rec:405.417, round:3599.898)	b=12.69	count=10500
06/14/2026 16:52:12 - INFO - qdiff.block_recon -   Total loss:	3765.789 (rec:397.920, round:3367.869)	b=12.12	count=11000
06/14/2026 16:52:16 - INFO - qdiff.block_recon -   Total loss:	3509.661 (rec:384.352, round:3125.309)	b=11.56	count=11500
06/14/2026 16:52:20 - INFO - qdiff.block_recon -   Total loss:	3299.527 (rec:404.777, round:2894.750)	b=11.00	count=12000
06/14/2026 16:52:24 - INFO - qdiff.block_recon -   Total loss:	3089.176 (rec:381.143, round:2708.033)	b=10.44	count=12500
06/14/2026 16:52:28 - INFO - qdiff.block_recon -   Total loss:	2895.491 (rec:400.391, round:2495.100)	b=9.88	count=13000
06/14/2026 16:52:32 - INFO - qdiff.block_recon -   Total loss:	2644.445 (rec:398.055, round:2246.390)	b=9.31	count=13500
06/14/2026 16:52:36 - INFO - qdiff.block_recon -   Total loss:	2413.507 (rec:377.722, round:2035.785)	b=8.75	count=14000
06/14/2026 16:52:39 - INFO - qdiff.block_recon -   Total loss:	2244.847 (rec:408.441, round:1836.406)	b=8.19	count=14500
06/14/2026 16:52:43 - INFO - qdiff.block_recon -   Total loss:	2063.295 (rec:392.719, round:1670.576)	b=7.62	count=15000
06/14/2026 16:52:47 - INFO - qdiff.block_recon -   Total loss:	1844.628 (rec:361.744, round:1482.884)	b=7.06	count=15500
06/14/2026 16:52:51 - INFO - qdiff.block_recon -   Total loss:	1712.271 (rec:428.101, round:1284.170)	b=6.50	count=16000
06/14/2026 16:52:55 - INFO - qdiff.block_recon -   Total loss:	1497.009 (rec:425.577, round:1071.432)	b=5.94	count=16500
06/14/2026 16:52:59 - INFO - qdiff.block_recon -   Total loss:	1313.514 (rec:426.816, round:886.698)	b=5.38	count=17000
06/14/2026 16:53:02 - INFO - qdiff.block_recon -   Total loss:	1131.271 (rec:393.732, round:737.539)	b=4.81	count=17500
06/14/2026 16:53:06 - INFO - qdiff.block_recon -   Total loss:	936.016 (rec:410.134, round:525.882)	b=4.25	count=18000
06/14/2026 16:53:10 - INFO - qdiff.block_recon -   Total loss:	797.812 (rec:415.302, round:382.510)	b=3.69	count=18500
06/14/2026 16:53:14 - INFO - qdiff.block_recon -   Total loss:	608.382 (rec:413.439, round:194.943)	b=3.12	count=19000
06/14/2026 16:53:18 - INFO - qdiff.block_recon -   Total loss:	490.303 (rec:419.638, round:70.665)	b=2.56	count=19500
06/14/2026 16:53:22 - INFO - qdiff.block_recon -   Total loss:	404.655 (rec:398.454, round:6.201)	b=2.00	count=20000
06/14/2026 16:53:22 - INFO - __main__ -   attn_1 True
06/14/2026 16:53:22 - INFO - __main__ -   Reconstruction for block attn_1
06/14/2026 16:53:40 - INFO - qdiff.utils -   in shape: torch.Size([2000, 256, 4, 4])
06/14/2026 16:53:40 - INFO - qdiff.utils -   out shape: torch.Size([2000, 256, 4, 4])
06/14/2026 16:53:43 - INFO - qdiff.block_recon -   Total loss:	51.584 (rec:32.584, round:19.000)	b=0.00	count=500
06/14/2026 16:53:47 - INFO - qdiff.block_recon -   Total loss:	33.507 (rec:33.507, round:0.000)	b=0.00	count=1000
06/14/2026 16:53:50 - INFO - qdiff.block_recon -   Total loss:	32.328 (rec:32.328, round:0.000)	b=0.00	count=1500
06/14/2026 16:53:53 - INFO - qdiff.block_recon -   Total loss:	32.876 (rec:32.876, round:0.000)	b=0.00	count=2000
06/14/2026 16:53:56 - INFO - qdiff.block_recon -   Total loss:	31.679 (rec:31.679, round:0.000)	b=0.00	count=2500
06/14/2026 16:53:59 - INFO - qdiff.block_recon -   Total loss:	51.864 (rec:31.864, round:20.000)	b=0.00	count=3000
06/14/2026 16:54:02 - INFO - qdiff.block_recon -   Total loss:	31.129 (rec:31.129, round:0.000)	b=0.00	count=3500
06/14/2026 16:54:05 - INFO - qdiff.block_recon -   Total loss:	2254.434 (rec:30.744, round:2223.690)	b=20.00	count=4000
06/14/2026 16:54:09 - INFO - qdiff.block_recon -   Total loss:	1251.872 (rec:30.647, round:1221.225)	b=19.44	count=4500
06/14/2026 16:54:14 - INFO - qdiff.block_recon -   Total loss:	1142.105 (rec:30.461, round:1111.644)	b=18.88	count=5000
06/14/2026 16:54:18 - INFO - qdiff.block_recon -   Total loss:	1088.033 (rec:30.633, round:1057.400)	b=18.31	count=5500
06/14/2026 16:54:22 - INFO - qdiff.block_recon -   Total loss:	1016.961 (rec:32.108, round:984.853)	b=17.75	count=6000
06/14/2026 16:54:26 - INFO - qdiff.block_recon -   Total loss:	953.207 (rec:32.036, round:921.171)	b=17.19	count=6500
06/14/2026 16:54:30 - INFO - qdiff.block_recon -   Total loss:	854.748 (rec:32.141, round:822.607)	b=16.62	count=7000
06/14/2026 16:54:35 - INFO - qdiff.block_recon -   Total loss:	823.571 (rec:34.093, round:789.478)	b=16.06	count=7500
06/14/2026 16:54:39 - INFO - qdiff.block_recon -   Total loss:	738.226 (rec:30.464, round:707.762)	b=15.50	count=8000
06/14/2026 16:54:43 - INFO - qdiff.block_recon -   Total loss:	686.157 (rec:30.774, round:655.383)	b=14.94	count=8500
06/14/2026 16:54:47 - INFO - qdiff.block_recon -   Total loss:	665.278 (rec:30.529, round:634.749)	b=14.38	count=9000
06/14/2026 16:54:52 - INFO - qdiff.block_recon -   Total loss:	618.307 (rec:31.052, round:587.255)	b=13.81	count=9500
06/14/2026 16:54:56 - INFO - qdiff.block_recon -   Total loss:	572.532 (rec:31.438, round:541.094)	b=13.25	count=10000
06/14/2026 16:55:00 - INFO - qdiff.block_recon -   Total loss:	498.686 (rec:31.588, round:467.098)	b=12.69	count=10500
06/14/2026 16:55:04 - INFO - qdiff.block_recon -   Total loss:	487.151 (rec:30.580, round:456.571)	b=12.12	count=11000
06/14/2026 16:55:09 - INFO - qdiff.block_recon -   Total loss:	445.357 (rec:30.765, round:414.592)	b=11.56	count=11500
06/14/2026 16:55:13 - INFO - qdiff.block_recon -   Total loss:	378.248 (rec:30.024, round:348.224)	b=11.00	count=12000
06/14/2026 16:55:18 - INFO - qdiff.block_recon -   Total loss:	348.060 (rec:32.272, round:315.788)	b=10.44	count=12500
06/14/2026 16:55:22 - INFO - qdiff.block_recon -   Total loss:	342.064 (rec:31.444, round:310.620)	b=9.88	count=13000
06/14/2026 16:55:26 - INFO - qdiff.block_recon -   Total loss:	305.913 (rec:31.089, round:274.824)	b=9.31	count=13500
06/14/2026 16:55:30 - INFO - qdiff.block_recon -   Total loss:	245.481 (rec:31.251, round:214.230)	b=8.75	count=14000
06/14/2026 16:55:35 - INFO - qdiff.block_recon -   Total loss:	253.788 (rec:31.248, round:222.540)	b=8.19	count=14500
06/14/2026 16:55:39 - INFO - qdiff.block_recon -   Total loss:	194.813 (rec:31.593, round:163.220)	b=7.62	count=15000
06/14/2026 16:55:43 - INFO - qdiff.block_recon -   Total loss:	200.416 (rec:32.073, round:168.343)	b=7.06	count=15500
06/14/2026 16:55:47 - INFO - qdiff.block_recon -   Total loss:	134.812 (rec:30.476, round:104.336)	b=6.50	count=16000
06/14/2026 16:55:52 - INFO - qdiff.block_recon -   Total loss:	115.503 (rec:30.931, round:84.572)	b=5.94	count=16500
06/14/2026 16:55:56 - INFO - qdiff.block_recon -   Total loss:	129.169 (rec:32.045, round:97.124)	b=5.38	count=17000
06/14/2026 16:56:00 - INFO - qdiff.block_recon -   Total loss:	100.342 (rec:31.364, round:68.978)	b=4.81	count=17500
06/14/2026 16:56:04 - INFO - qdiff.block_recon -   Total loss:	48.854 (rec:30.242, round:18.612)	b=4.25	count=18000
06/14/2026 16:56:09 - INFO - qdiff.block_recon -   Total loss:	72.278 (rec:32.858, round:39.420)	b=3.69	count=18500
06/14/2026 16:56:13 - INFO - qdiff.block_recon -   Total loss:	54.439 (rec:31.702, round:22.737)	b=3.12	count=19000
06/14/2026 16:56:17 - INFO - qdiff.block_recon -   Total loss:	52.505 (rec:31.178, round:21.327)	b=2.56	count=19500
06/14/2026 16:56:21 - INFO - qdiff.block_recon -   Total loss:	31.330 (rec:31.330, round:0.000)	b=2.00	count=20000
06/14/2026 16:56:21 - INFO - __main__ -   block_2 True
06/14/2026 16:56:21 - INFO - __main__ -   Reconstruction for block block_2
06/14/2026 16:56:41 - INFO - qdiff.utils -   in 1 shape: torch.Size([2000, 256, 4, 4]), in 2 shape: torch.Size([2000, 512])
06/14/2026 16:56:41 - INFO - qdiff.utils -   out shape: torch.Size([2000, 256, 4, 4])
06/14/2026 16:56:44 - INFO - qdiff.block_recon -   Total loss:	402.158 (rec:402.158, round:0.000)	b=0.00	count=500
06/14/2026 16:56:46 - INFO - qdiff.block_recon -   Total loss:	422.911 (rec:422.911, round:0.000)	b=0.00	count=1000
06/14/2026 16:56:49 - INFO - qdiff.block_recon -   Total loss:	389.286 (rec:389.286, round:0.000)	b=0.00	count=1500
06/14/2026 16:56:52 - INFO - qdiff.block_recon -   Total loss:	391.421 (rec:391.421, round:0.000)	b=0.00	count=2000
06/14/2026 16:56:55 - INFO - qdiff.block_recon -   Total loss:	395.583 (rec:395.583, round:0.000)	b=0.00	count=2500
06/14/2026 16:56:57 - INFO - qdiff.block_recon -   Total loss:	375.052 (rec:375.052, round:0.000)	b=0.00	count=3000
06/14/2026 16:57:00 - INFO - qdiff.block_recon -   Total loss:	387.840 (rec:368.840, round:19.000)	b=0.00	count=3500
06/14/2026 16:57:03 - INFO - qdiff.block_recon -   Total loss:	11956.005 (rec:353.286, round:11602.719)	b=20.00	count=4000
06/14/2026 16:57:07 - INFO - qdiff.block_recon -   Total loss:	7824.671 (rec:361.369, round:7463.302)	b=19.44	count=4500
06/14/2026 16:57:10 - INFO - qdiff.block_recon -   Total loss:	7258.313 (rec:347.933, round:6910.380)	b=18.88	count=5000
06/14/2026 16:57:14 - INFO - qdiff.block_recon -   Total loss:	6830.971 (rec:321.339, round:6509.632)	b=18.31	count=5500
06/14/2026 16:57:18 - INFO - qdiff.block_recon -   Total loss:	6557.673 (rec:378.577, round:6179.096)	b=17.75	count=6000
06/14/2026 16:57:22 - INFO - qdiff.block_recon -   Total loss:	6253.237 (rec:354.993, round:5898.244)	b=17.19	count=6500
06/14/2026 16:57:26 - INFO - qdiff.block_recon -   Total loss:	5966.656 (rec:375.114, round:5591.542)	b=16.62	count=7000
06/14/2026 16:57:30 - INFO - qdiff.block_recon -   Total loss:	5638.244 (rec:362.173, round:5276.071)	b=16.06	count=7500
06/14/2026 16:57:33 - INFO - qdiff.block_recon -   Total loss:	5386.998 (rec:354.557, round:5032.441)	b=15.50	count=8000
06/14/2026 16:57:37 - INFO - qdiff.block_recon -   Total loss:	5080.520 (rec:349.210, round:4731.310)	b=14.94	count=8500
06/14/2026 16:57:41 - INFO - qdiff.block_recon -   Total loss:	4911.554 (rec:406.998, round:4504.556)	b=14.38	count=9000
06/14/2026 16:57:45 - INFO - qdiff.block_recon -   Total loss:	4568.324 (rec:359.381, round:4208.943)	b=13.81	count=9500
06/14/2026 16:57:49 - INFO - qdiff.block_recon -   Total loss:	4313.180 (rec:325.027, round:3988.153)	b=13.25	count=10000
06/14/2026 16:57:53 - INFO - qdiff.block_recon -   Total loss:	4054.390 (rec:334.439, round:3719.951)	b=12.69	count=10500
06/14/2026 16:57:57 - INFO - qdiff.block_recon -   Total loss:	3819.724 (rec:346.884, round:3472.840)	b=12.12	count=11000
06/14/2026 16:58:00 - INFO - qdiff.block_recon -   Total loss:	3622.225 (rec:378.302, round:3243.923)	b=11.56	count=11500
06/14/2026 16:58:04 - INFO - qdiff.block_recon -   Total loss:	3453.182 (rec:409.692, round:3043.490)	b=11.00	count=12000
06/14/2026 16:58:08 - INFO - qdiff.block_recon -   Total loss:	3120.544 (rec:331.821, round:2788.723)	b=10.44	count=12500
06/14/2026 16:58:12 - INFO - qdiff.block_recon -   Total loss:	2942.752 (rec:377.388, round:2565.364)	b=9.88	count=13000
06/14/2026 16:58:16 - INFO - qdiff.block_recon -   Total loss:	2702.585 (rec:352.181, round:2350.404)	b=9.31	count=13500
06/14/2026 16:58:20 - INFO - qdiff.block_recon -   Total loss:	2588.858 (rec:414.217, round:2174.641)	b=8.75	count=14000
06/14/2026 16:58:24 - INFO - qdiff.block_recon -   Total loss:	2336.780 (rec:374.994, round:1961.786)	b=8.19	count=14500
06/14/2026 16:58:27 - INFO - qdiff.block_recon -   Total loss:	2174.606 (rec:409.451, round:1765.155)	b=7.62	count=15000
06/14/2026 16:58:31 - INFO - qdiff.block_recon -   Total loss:	1915.230 (rec:351.505, round:1563.725)	b=7.06	count=15500
06/14/2026 16:58:35 - INFO - qdiff.block_recon -   Total loss:	1707.948 (rec:373.557, round:1334.391)	b=6.50	count=16000
06/14/2026 16:58:39 - INFO - qdiff.block_recon -   Total loss:	1534.326 (rec:374.082, round:1160.244)	b=5.94	count=16500
06/14/2026 16:58:43 - INFO - qdiff.block_recon -   Total loss:	1346.151 (rec:374.197, round:971.954)	b=5.38	count=17000
06/14/2026 16:58:47 - INFO - qdiff.block_recon -   Total loss:	1113.564 (rec:369.978, round:743.586)	b=4.81	count=17500
06/14/2026 16:58:51 - INFO - qdiff.block_recon -   Total loss:	981.566 (rec:386.925, round:594.641)	b=4.25	count=18000
06/14/2026 16:58:55 - INFO - qdiff.block_recon -   Total loss:	780.788 (rec:368.010, round:412.778)	b=3.69	count=18500
06/14/2026 16:58:58 - INFO - qdiff.block_recon -   Total loss:	588.071 (rec:337.181, round:250.890)	b=3.12	count=19000
06/14/2026 16:59:02 - INFO - qdiff.block_recon -   Total loss:	432.647 (rec:320.888, round:111.759)	b=2.56	count=19500
06/14/2026 16:59:06 - INFO - qdiff.block_recon -   Total loss:	389.113 (rec:349.993, round:39.120)	b=2.00	count=20000
06/14/2026 16:59:06 - INFO - __main__ -   up False
06/14/2026 16:59:06 - INFO - __main__ -   0 False
06/14/2026 16:59:06 - INFO - __main__ -   block False
06/14/2026 16:59:06 - INFO - __main__ -   0 True
06/14/2026 16:59:06 - INFO - __main__ -   Reconstruction for block 0
06/14/2026 16:59:42 - INFO - qdiff.utils -   in 1 shape: torch.Size([2000, 384, 32, 32]), in 2 shape: torch.Size([2000, 512])
06/14/2026 16:59:42 - INFO - qdiff.utils -   out shape: torch.Size([2000, 128, 32, 32])
06/14/2026 16:59:55 - INFO - qdiff.block_recon -   Total loss:	428.521 (rec:428.521, round:0.000)	b=0.00	count=500
06/14/2026 17:00:08 - INFO - qdiff.block_recon -   Total loss:	359.242 (rec:359.242, round:0.000)	b=0.00	count=1000
06/14/2026 17:00:21 - INFO - qdiff.block_recon -   Total loss:	426.651 (rec:410.651, round:16.000)	b=0.00	count=1500
06/14/2026 17:00:34 - INFO - qdiff.block_recon -   Total loss:	430.533 (rec:415.533, round:15.000)	b=0.00	count=2000
06/14/2026 17:00:47 - INFO - qdiff.block_recon -   Total loss:	429.631 (rec:412.631, round:17.000)	b=0.00	count=2500
06/14/2026 17:01:00 - INFO - qdiff.block_recon -   Total loss:	319.955 (rec:319.955, round:0.000)	b=0.00	count=3000
06/14/2026 17:01:13 - INFO - qdiff.block_recon -   Total loss:	370.727 (rec:370.727, round:0.000)	b=0.00	count=3500
06/14/2026 17:01:25 - INFO - qdiff.block_recon -   Total loss:	5904.140 (rec:332.563, round:5571.577)	b=20.00	count=4000
06/14/2026 17:01:39 - INFO - qdiff.block_recon -   Total loss:	3712.133 (rec:371.528, round:3340.605)	b=19.44	count=4500
06/14/2026 17:01:53 - INFO - qdiff.block_recon -   Total loss:	3431.718 (rec:395.082, round:3036.636)	b=18.88	count=5000
06/14/2026 17:02:07 - INFO - qdiff.block_recon -   Total loss:	3244.150 (rec:403.011, round:2841.139)	b=18.31	count=5500
06/14/2026 17:02:20 - INFO - qdiff.block_recon -   Total loss:	3027.908 (rec:378.977, round:2648.931)	b=17.75	count=6000
06/14/2026 17:02:34 - INFO - qdiff.block_recon -   Total loss:	2829.980 (rec:376.472, round:2453.508)	b=17.19	count=6500
06/14/2026 17:02:47 - INFO - qdiff.block_recon -   Total loss:	2723.147 (rec:417.475, round:2305.672)	b=16.62	count=7000
06/14/2026 17:03:01 - INFO - qdiff.block_recon -   Total loss:	2611.125 (rec:420.698, round:2190.427)	b=16.06	count=7500
06/14/2026 17:03:15 - INFO - qdiff.block_recon -   Total loss:	2385.201 (rec:357.964, round:2027.237)	b=15.50	count=8000
06/14/2026 17:03:28 - INFO - qdiff.block_recon -   Total loss:	2261.666 (rec:332.587, round:1929.079)	b=14.94	count=8500
06/14/2026 17:03:42 - INFO - qdiff.block_recon -   Total loss:	2128.656 (rec:348.352, round:1780.304)	b=14.38	count=9000
06/14/2026 17:03:56 - INFO - qdiff.block_recon -   Total loss:	2080.048 (rec:376.790, round:1703.258)	b=13.81	count=9500
06/14/2026 17:04:09 - INFO - qdiff.block_recon -   Total loss:	1952.793 (rec:379.526, round:1573.267)	b=13.25	count=10000
06/14/2026 17:04:23 - INFO - qdiff.block_recon -   Total loss:	1851.798 (rec:346.102, round:1505.696)	b=12.69	count=10500
06/14/2026 17:04:37 - INFO - qdiff.block_recon -   Total loss:	1711.287 (rec:340.067, round:1371.220)	b=12.12	count=11000
06/14/2026 17:04:50 - INFO - qdiff.block_recon -   Total loss:	1691.605 (rec:382.052, round:1309.553)	b=11.56	count=11500
06/14/2026 17:05:04 - INFO - qdiff.block_recon -   Total loss:	1539.774 (rec:347.829, round:1191.945)	b=11.00	count=12000
06/14/2026 17:05:18 - INFO - qdiff.block_recon -   Total loss:	1435.836 (rec:330.156, round:1105.680)	b=10.44	count=12500
06/14/2026 17:05:32 - INFO - qdiff.block_recon -   Total loss:	1437.886 (rec:380.691, round:1057.195)	b=9.88	count=13000
06/14/2026 17:05:45 - INFO - qdiff.block_recon -   Total loss:	1369.829 (rec:404.035, round:965.794)	b=9.31	count=13500
06/14/2026 17:05:59 - INFO - qdiff.block_recon -   Total loss:	1258.578 (rec:395.234, round:863.344)	b=8.75	count=14000
06/14/2026 17:06:13 - INFO - qdiff.block_recon -   Total loss:	1245.485 (rec:434.806, round:810.679)	b=8.19	count=14500
06/14/2026 17:06:26 - INFO - qdiff.block_recon -   Total loss:	1136.056 (rec:402.836, round:733.220)	b=7.62	count=15000
06/14/2026 17:06:40 - INFO - qdiff.block_recon -   Total loss:	1030.513 (rec:403.023, round:627.490)	b=7.06	count=15500
06/14/2026 17:06:54 - INFO - qdiff.block_recon -   Total loss:	932.797 (rec:393.690, round:539.107)	b=6.50	count=16000
06/14/2026 17:07:07 - INFO - qdiff.block_recon -   Total loss:	872.173 (rec:372.638, round:499.535)	b=5.94	count=16500
06/14/2026 17:07:21 - INFO - qdiff.block_recon -   Total loss:	798.506 (rec:387.808, round:410.698)	b=5.38	count=17000
06/14/2026 17:07:35 - INFO - qdiff.block_recon -   Total loss:	654.456 (rec:350.487, round:303.969)	b=4.81	count=17500
06/14/2026 17:07:48 - INFO - qdiff.block_recon -   Total loss:	696.796 (rec:466.858, round:229.938)	b=4.25	count=18000
06/14/2026 17:08:02 - INFO - qdiff.block_recon -   Total loss:	520.230 (rec:367.038, round:153.192)	b=3.69	count=18500
06/14/2026 17:08:16 - INFO - qdiff.block_recon -   Total loss:	469.929 (rec:385.538, round:84.391)	b=3.12	count=19000
06/14/2026 17:08:29 - INFO - qdiff.block_recon -   Total loss:	481.715 (rec:423.780, round:57.935)	b=2.56	count=19500
06/14/2026 17:08:43 - INFO - qdiff.block_recon -   Total loss:	366.892 (rec:366.892, round:0.000)	b=2.00	count=20000
06/14/2026 17:08:43 - INFO - __main__ -   1 True
06/14/2026 17:08:43 - INFO - __main__ -   Reconstruction for block 1
06/14/2026 17:09:19 - INFO - qdiff.utils -   in 1 shape: torch.Size([2000, 256, 32, 32]), in 2 shape: torch.Size([2000, 512])
06/14/2026 17:09:19 - INFO - qdiff.utils -   out shape: torch.Size([2000, 128, 32, 32])
06/14/2026 17:09:30 - INFO - qdiff.block_recon -   Total loss:	102.090 (rec:89.090, round:13.000)	b=0.00	count=500
06/14/2026 17:09:40 - INFO - qdiff.block_recon -   Total loss:	104.253 (rec:90.253, round:14.000)	b=0.00	count=1000
06/14/2026 17:09:51 - INFO - qdiff.block_recon -   Total loss:	98.553 (rec:98.553, round:0.000)	b=0.00	count=1500
06/14/2026 17:10:01 - INFO - qdiff.block_recon -   Total loss:	88.249 (rec:88.249, round:0.000)	b=0.00	count=2000
06/14/2026 17:10:11 - INFO - qdiff.block_recon -   Total loss:	88.739 (rec:88.739, round:0.000)	b=0.00	count=2500
06/14/2026 17:10:22 - INFO - qdiff.block_recon -   Total loss:	105.742 (rec:87.742, round:18.000)	b=0.00	count=3000
06/14/2026 17:10:32 - INFO - qdiff.block_recon -   Total loss:	85.542 (rec:85.542, round:0.000)	b=0.00	count=3500
06/14/2026 17:10:43 - INFO - qdiff.block_recon -   Total loss:	4264.213 (rec:88.361, round:4175.852)	b=20.00	count=4000
06/14/2026 17:10:54 - INFO - qdiff.block_recon -   Total loss:	2315.421 (rec:83.931, round:2231.490)	b=19.44	count=4500
06/14/2026 17:11:05 - INFO - qdiff.block_recon -   Total loss:	2085.689 (rec:81.251, round:2004.438)	b=18.88	count=5000
06/14/2026 17:11:17 - INFO - qdiff.block_recon -   Total loss:	1969.084 (rec:89.495, round:1879.589)	b=18.31	count=5500
06/14/2026 17:11:28 - INFO - qdiff.block_recon -   Total loss:	1798.191 (rec:90.086, round:1708.105)	b=17.75	count=6000
06/14/2026 17:11:39 - INFO - qdiff.block_recon -   Total loss:	1683.644 (rec:93.727, round:1589.917)	b=17.19	count=6500
06/14/2026 17:11:50 - INFO - qdiff.block_recon -   Total loss:	1577.349 (rec:90.266, round:1487.083)	b=16.62	count=7000
06/14/2026 17:12:02 - INFO - qdiff.block_recon -   Total loss:	1504.211 (rec:91.228, round:1412.983)	b=16.06	count=7500
06/14/2026 17:12:13 - INFO - qdiff.block_recon -   Total loss:	1383.068 (rec:92.269, round:1290.799)	b=15.50	count=8000
06/14/2026 17:12:24 - INFO - qdiff.block_recon -   Total loss:	1318.117 (rec:89.575, round:1228.542)	b=14.94	count=8500
06/14/2026 17:12:36 - INFO - qdiff.block_recon -   Total loss:	1239.035 (rec:86.660, round:1152.375)	b=14.38	count=9000
06/14/2026 17:12:47 - INFO - qdiff.block_recon -   Total loss:	1131.037 (rec:86.916, round:1044.121)	b=13.81	count=9500
06/14/2026 17:12:58 - INFO - qdiff.block_recon -   Total loss:	1088.334 (rec:86.368, round:1001.966)	b=13.25	count=10000
06/14/2026 17:13:10 - INFO - qdiff.block_recon -   Total loss:	980.377 (rec:81.766, round:898.611)	b=12.69	count=10500
06/14/2026 17:13:21 - INFO - qdiff.block_recon -   Total loss:	921.811 (rec:83.468, round:838.343)	b=12.12	count=11000
06/14/2026 17:13:32 - INFO - qdiff.block_recon -   Total loss:	890.570 (rec:86.224, round:804.346)	b=11.56	count=11500
06/14/2026 17:13:44 - INFO - qdiff.block_recon -   Total loss:	797.190 (rec:87.259, round:709.931)	b=11.00	count=12000
06/14/2026 17:13:55 - INFO - qdiff.block_recon -   Total loss:	741.316 (rec:88.364, round:652.952)	b=10.44	count=12500
06/14/2026 17:14:06 - INFO - qdiff.block_recon -   Total loss:	689.681 (rec:89.178, round:600.503)	b=9.88	count=13000
06/14/2026 17:14:17 - INFO - qdiff.block_recon -   Total loss:	665.531 (rec:87.456, round:578.075)	b=9.31	count=13500
06/14/2026 17:14:29 - INFO - qdiff.block_recon -   Total loss:	580.123 (rec:89.432, round:490.691)	b=8.75	count=14000
06/14/2026 17:14:40 - INFO - qdiff.block_recon -   Total loss:	529.533 (rec:90.354, round:439.179)	b=8.19	count=14500
06/14/2026 17:14:51 - INFO - qdiff.block_recon -   Total loss:	479.009 (rec:92.419, round:386.590)	b=7.62	count=15000
06/14/2026 17:15:03 - INFO - qdiff.block_recon -   Total loss:	422.653 (rec:87.686, round:334.967)	b=7.06	count=15500
06/14/2026 17:15:14 - INFO - qdiff.block_recon -   Total loss:	370.478 (rec:87.879, round:282.599)	b=6.50	count=16000
06/14/2026 17:15:25 - INFO - qdiff.block_recon -   Total loss:	342.821 (rec:81.783, round:261.038)	b=5.94	count=16500
06/14/2026 17:15:37 - INFO - qdiff.block_recon -   Total loss:	276.051 (rec:95.250, round:180.801)	b=5.38	count=17000
06/14/2026 17:15:48 - INFO - qdiff.block_recon -   Total loss:	233.644 (rec:98.902, round:134.742)	b=4.81	count=17500
06/14/2026 17:15:59 - INFO - qdiff.block_recon -   Total loss:	180.213 (rec:95.225, round:84.988)	b=4.25	count=18000
06/14/2026 17:16:11 - INFO - qdiff.block_recon -   Total loss:	161.067 (rec:87.749, round:73.318)	b=3.69	count=18500
06/14/2026 17:16:22 - INFO - qdiff.block_recon -   Total loss:	122.314 (rec:78.892, round:43.422)	b=3.12	count=19000
06/14/2026 17:16:33 - INFO - qdiff.block_recon -   Total loss:	83.823 (rec:83.823, round:0.000)	b=2.56	count=19500
06/14/2026 17:16:44 - INFO - qdiff.block_recon -   Total loss:	88.129 (rec:88.129, round:0.000)	b=2.00	count=20000
06/14/2026 17:16:45 - INFO - __main__ -   2 True
06/14/2026 17:16:45 - INFO - __main__ -   Reconstruction for block 2
06/14/2026 17:17:22 - INFO - qdiff.utils -   in 1 shape: torch.Size([2000, 256, 32, 32]), in 2 shape: torch.Size([2000, 512])
06/14/2026 17:17:22 - INFO - qdiff.utils -   out shape: torch.Size([2000, 128, 32, 32])
06/14/2026 17:17:32 - INFO - qdiff.block_recon -   Total loss:	194.676 (rec:194.676, round:0.000)	b=0.00	count=500
06/14/2026 17:17:43 - INFO - qdiff.block_recon -   Total loss:	191.403 (rec:191.403, round:0.000)	b=0.00	count=1000
06/14/2026 17:17:53 - INFO - qdiff.block_recon -   Total loss:	198.724 (rec:188.724, round:10.000)	b=0.00	count=1500
06/14/2026 17:18:04 - INFO - qdiff.block_recon -   Total loss:	189.055 (rec:176.055, round:13.000)	b=0.00	count=2000
06/14/2026 17:18:14 - INFO - qdiff.block_recon -   Total loss:	202.271 (rec:192.271, round:10.000)	b=0.00	count=2500
06/14/2026 17:18:24 - INFO - qdiff.block_recon -   Total loss:	202.232 (rec:202.232, round:0.000)	b=0.00	count=3000
06/14/2026 17:18:35 - INFO - qdiff.block_recon -   Total loss:	195.325 (rec:184.325, round:11.000)	b=0.00	count=3500
06/14/2026 17:18:45 - INFO - qdiff.block_recon -   Total loss:	4449.508 (rec:173.896, round:4275.612)	b=20.00	count=4000
06/14/2026 17:18:57 - INFO - qdiff.block_recon -   Total loss:	2699.417 (rec:195.507, round:2503.910)	b=19.44	count=4500
06/14/2026 17:19:08 - INFO - qdiff.block_recon -   Total loss:	2426.303 (rec:176.578, round:2249.725)	b=18.88	count=5000
06/14/2026 17:19:19 - INFO - qdiff.block_recon -   Total loss:	2299.634 (rec:186.120, round:2113.514)	b=18.31	count=5500
06/14/2026 17:19:31 - INFO - qdiff.block_recon -   Total loss:	2160.024 (rec:181.846, round:1978.178)	b=17.75	count=6000
06/14/2026 17:19:42 - INFO - qdiff.block_recon -   Total loss:	2009.888 (rec:184.300, round:1825.588)	b=17.19	count=6500
06/14/2026 17:19:53 - INFO - qdiff.block_recon -   Total loss:	1941.677 (rec:192.975, round:1748.702)	b=16.62	count=7000
06/14/2026 17:20:05 - INFO - qdiff.block_recon -   Total loss:	1786.332 (rec:172.124, round:1614.208)	b=16.06	count=7500
06/14/2026 17:20:16 - INFO - qdiff.block_recon -   Total loss:	1700.223 (rec:173.754, round:1526.469)	b=15.50	count=8000
06/14/2026 17:20:27 - INFO - qdiff.block_recon -   Total loss:	1652.337 (rec:182.369, round:1469.968)	b=14.94	count=8500
06/14/2026 17:20:39 - INFO - qdiff.block_recon -   Total loss:	1538.419 (rec:188.622, round:1349.797)	b=14.38	count=9000
06/14/2026 17:20:50 - INFO - qdiff.block_recon -   Total loss:	1457.255 (rec:178.413, round:1278.842)	b=13.81	count=9500
06/14/2026 17:21:01 - INFO - qdiff.block_recon -   Total loss:	1409.234 (rec:177.381, round:1231.853)	b=13.25	count=10000
06/14/2026 17:21:13 - INFO - qdiff.block_recon -   Total loss:	1333.569 (rec:176.371, round:1157.198)	b=12.69	count=10500
06/14/2026 17:21:24 - INFO - qdiff.block_recon -   Total loss:	1242.780 (rec:186.680, round:1056.100)	b=12.12	count=11000
06/14/2026 17:21:35 - INFO - qdiff.block_recon -   Total loss:	1217.043 (rec:202.725, round:1014.318)	b=11.56	count=11500
06/14/2026 17:21:47 - INFO - qdiff.block_recon -   Total loss:	1146.328 (rec:187.161, round:959.167)	b=11.00	count=12000
06/14/2026 17:21:58 - INFO - qdiff.block_recon -   Total loss:	1065.815 (rec:176.101, round:889.714)	b=10.44	count=12500
06/14/2026 17:22:10 - INFO - qdiff.block_recon -   Total loss:	1011.846 (rec:186.871, round:824.975)	b=9.88	count=13000
06/14/2026 17:22:21 - INFO - qdiff.block_recon -   Total loss:	948.203 (rec:189.558, round:758.645)	b=9.31	count=13500
06/14/2026 17:22:32 - INFO - qdiff.block_recon -   Total loss:	836.601 (rec:166.547, round:670.054)	b=8.75	count=14000
06/14/2026 17:22:44 - INFO - qdiff.block_recon -   Total loss:	811.153 (rec:169.167, round:641.986)	b=8.19	count=14500
06/14/2026 17:22:55 - INFO - qdiff.block_recon -   Total loss:	718.322 (rec:169.680, round:548.642)	b=7.62	count=15000
06/14/2026 17:23:06 - INFO - qdiff.block_recon -   Total loss:	680.111 (rec:165.025, round:515.086)	b=7.06	count=15500
06/14/2026 17:23:18 - INFO - qdiff.block_recon -   Total loss:	607.125 (rec:189.674, round:417.451)	b=6.50	count=16000
06/14/2026 17:23:29 - INFO - qdiff.block_recon -   Total loss:	565.089 (rec:178.713, round:386.376)	b=5.94	count=16500
06/14/2026 17:23:40 - INFO - qdiff.block_recon -   Total loss:	468.477 (rec:173.571, round:294.906)	b=5.38	count=17000
06/14/2026 17:23:52 - INFO - qdiff.block_recon -   Total loss:	413.277 (rec:180.017, round:233.260)	b=4.81	count=17500
06/14/2026 17:24:03 - INFO - qdiff.block_recon -   Total loss:	358.968 (rec:191.168, round:167.800)	b=4.25	count=18000
06/14/2026 17:24:14 - INFO - qdiff.block_recon -   Total loss:	346.172 (rec:204.557, round:141.615)	b=3.69	count=18500
06/14/2026 17:24:26 - INFO - qdiff.block_recon -   Total loss:	272.809 (rec:184.603, round:88.206)	b=3.12	count=19000
06/14/2026 17:24:37 - INFO - qdiff.block_recon -   Total loss:	191.395 (rec:181.897, round:9.498)	b=2.56	count=19500
06/14/2026 17:24:48 - INFO - qdiff.block_recon -   Total loss:	182.633 (rec:182.633, round:0.000)	b=2.00	count=20000
06/14/2026 17:24:48 - INFO - __main__ -   attn False
06/14/2026 17:24:48 - INFO - __main__ -   1 False
06/14/2026 17:24:48 - INFO - __main__ -   block False
06/14/2026 17:24:48 - INFO - __main__ -   0 True
06/14/2026 17:24:48 - INFO - __main__ -   Reconstruction for block 0
06/14/2026 17:25:17 - INFO - qdiff.utils -   in 1 shape: torch.Size([2000, 512, 16, 16]), in 2 shape: torch.Size([2000, 512])
06/14/2026 17:25:17 - INFO - qdiff.utils -   out shape: torch.Size([2000, 256, 16, 16])
06/14/2026 17:25:24 - INFO - qdiff.block_recon -   Total loss:	421.839 (rec:421.839, round:0.000)	b=0.00	count=500
06/14/2026 17:25:31 - INFO - qdiff.block_recon -   Total loss:	448.905 (rec:436.905, round:12.000)	b=0.00	count=1000
06/14/2026 17:25:38 - INFO - qdiff.block_recon -   Total loss:	411.889 (rec:411.889, round:0.000)	b=0.00	count=1500
06/14/2026 17:25:45 - INFO - qdiff.block_recon -   Total loss:	445.262 (rec:445.262, round:0.000)	b=0.00	count=2000
06/14/2026 17:25:52 - INFO - qdiff.block_recon -   Total loss:	416.520 (rec:416.520, round:0.000)	b=0.00	count=2500
06/14/2026 17:25:59 - INFO - qdiff.block_recon -   Total loss:	408.136 (rec:408.136, round:0.000)	b=0.00	count=3000
06/14/2026 17:26:06 - INFO - qdiff.block_recon -   Total loss:	384.797 (rec:384.797, round:0.000)	b=0.00	count=3500
06/14/2026 17:26:13 - INFO - qdiff.block_recon -   Total loss:	16789.544 (rec:402.674, round:16386.870)	b=20.00	count=4000
06/14/2026 17:26:21 - INFO - qdiff.block_recon -   Total loss:	9878.142 (rec:426.419, round:9451.723)	b=19.44	count=4500
06/14/2026 17:26:30 - INFO - qdiff.block_recon -   Total loss:	9083.637 (rec:452.684, round:8630.953)	b=18.88	count=5000
06/14/2026 17:26:38 - INFO - qdiff.block_recon -   Total loss:	8452.132 (rec:438.698, round:8013.434)	b=18.31	count=5500
06/14/2026 17:26:46 - INFO - qdiff.block_recon -   Total loss:	7910.072 (rec:437.399, round:7472.673)	b=17.75	count=6000
06/14/2026 17:26:54 - INFO - qdiff.block_recon -   Total loss:	7360.629 (rec:408.453, round:6952.176)	b=17.19	count=6500
06/14/2026 17:27:03 - INFO - qdiff.block_recon -   Total loss:	6941.751 (rec:442.898, round:6498.853)	b=16.62	count=7000
06/14/2026 17:27:11 - INFO - qdiff.block_recon -   Total loss:	6479.102 (rec:401.244, round:6077.858)	b=16.06	count=7500
06/14/2026 17:27:19 - INFO - qdiff.block_recon -   Total loss:	6120.914 (rec:407.063, round:5713.851)	b=15.50	count=8000
06/14/2026 17:27:27 - INFO - qdiff.block_recon -   Total loss:	5689.427 (rec:385.104, round:5304.323)	b=14.94	count=8500
06/14/2026 17:27:35 - INFO - qdiff.block_recon -   Total loss:	5389.963 (rec:437.702, round:4952.261)	b=14.38	count=9000
06/14/2026 17:27:44 - INFO - qdiff.block_recon -   Total loss:	5060.040 (rec:435.987, round:4624.053)	b=13.81	count=9500
06/14/2026 17:27:52 - INFO - qdiff.block_recon -   Total loss:	4730.867 (rec:428.376, round:4302.491)	b=13.25	count=10000
06/14/2026 17:28:00 - INFO - qdiff.block_recon -   Total loss:	4390.756 (rec:395.493, round:3995.263)	b=12.69	count=10500
06/14/2026 17:28:08 - INFO - qdiff.block_recon -   Total loss:	4158.374 (rec:420.482, round:3737.892)	b=12.12	count=11000
06/14/2026 17:28:17 - INFO - qdiff.block_recon -   Total loss:	3878.607 (rec:419.703, round:3458.904)	b=11.56	count=11500
06/14/2026 17:28:25 - INFO - qdiff.block_recon -   Total loss:	3575.746 (rec:391.524, round:3184.222)	b=11.00	count=12000
06/14/2026 17:28:33 - INFO - qdiff.block_recon -   Total loss:	3341.777 (rec:409.649, round:2932.128)	b=10.44	count=12500
06/14/2026 17:28:41 - INFO - qdiff.block_recon -   Total loss:	3044.393 (rec:391.710, round:2652.683)	b=9.88	count=13000
06/14/2026 17:28:50 - INFO - qdiff.block_recon -   Total loss:	2782.362 (rec:373.279, round:2409.083)	b=9.31	count=13500
06/14/2026 17:28:58 - INFO - qdiff.block_recon -   Total loss:	2612.149 (rec:413.862, round:2198.287)	b=8.75	count=14000
06/14/2026 17:29:06 - INFO - qdiff.block_recon -   Total loss:	2397.082 (rec:425.681, round:1971.401)	b=8.19	count=14500
06/14/2026 17:29:14 - INFO - qdiff.block_recon -   Total loss:	2097.773 (rec:376.205, round:1721.568)	b=7.62	count=15000
06/14/2026 17:29:23 - INFO - qdiff.block_recon -   Total loss:	1902.175 (rec:406.885, round:1495.290)	b=7.06	count=15500
06/14/2026 17:29:31 - INFO - qdiff.block_recon -   Total loss:	1697.443 (rec:412.846, round:1284.597)	b=6.50	count=16000
06/14/2026 17:29:39 - INFO - qdiff.block_recon -   Total loss:	1541.242 (rec:443.596, round:1097.646)	b=5.94	count=16500
06/14/2026 17:29:47 - INFO - qdiff.block_recon -   Total loss:	1328.393 (rec:431.836, round:896.557)	b=5.38	count=17000
06/14/2026 17:29:55 - INFO - qdiff.block_recon -   Total loss:	1090.879 (rec:398.935, round:691.944)	b=4.81	count=17500
06/14/2026 17:30:04 - INFO - qdiff.block_recon -   Total loss:	899.345 (rec:401.588, round:497.757)	b=4.25	count=18000
06/14/2026 17:30:12 - INFO - qdiff.block_recon -   Total loss:	718.314 (rec:426.008, round:292.306)	b=3.69	count=18500
06/14/2026 17:30:20 - INFO - qdiff.block_recon -   Total loss:	606.962 (rec:433.711, round:173.251)	b=3.12	count=19000
06/14/2026 17:30:28 - INFO - qdiff.block_recon -   Total loss:	470.416 (rec:409.446, round:60.970)	b=2.56	count=19500
06/14/2026 17:30:36 - INFO - qdiff.block_recon -   Total loss:	394.306 (rec:394.306, round:0.000)	b=2.00	count=20000
06/14/2026 17:30:36 - INFO - __main__ -   1 True
06/14/2026 17:30:36 - INFO - __main__ -   Reconstruction for block 1
06/14/2026 17:31:07 - INFO - qdiff.utils -   in 1 shape: torch.Size([2000, 512, 16, 16]), in 2 shape: torch.Size([2000, 512])
06/14/2026 17:31:07 - INFO - qdiff.utils -   out shape: torch.Size([2000, 256, 16, 16])
06/14/2026 17:31:14 - INFO - qdiff.block_recon -   Total loss:	280.095 (rec:280.095, round:0.000)	b=0.00	count=500
06/14/2026 17:31:21 - INFO - qdiff.block_recon -   Total loss:	320.495 (rec:303.495, round:17.000)	b=0.00	count=1000
06/14/2026 17:31:28 - INFO - qdiff.block_recon -   Total loss:	313.521 (rec:313.521, round:0.000)	b=0.00	count=1500
06/14/2026 17:31:35 - INFO - qdiff.block_recon -   Total loss:	285.855 (rec:267.855, round:18.000)	b=0.00	count=2000
06/14/2026 17:31:42 - INFO - qdiff.block_recon -   Total loss:	303.266 (rec:293.266, round:10.000)	b=0.00	count=2500
06/14/2026 17:31:49 - INFO - qdiff.block_recon -   Total loss:	304.981 (rec:304.981, round:0.000)	b=0.00	count=3000
06/14/2026 17:31:56 - INFO - qdiff.block_recon -   Total loss:	235.057 (rec:222.057, round:13.000)	b=0.00	count=3500
06/14/2026 17:32:03 - INFO - qdiff.block_recon -   Total loss:	16693.792 (rec:282.905, round:16410.887)	b=20.00	count=4000
06/14/2026 17:32:11 - INFO - qdiff.block_recon -   Total loss:	9640.402 (rec:280.926, round:9359.476)	b=19.44	count=4500
06/14/2026 17:32:20 - INFO - qdiff.block_recon -   Total loss:	8788.615 (rec:306.524, round:8482.091)	b=18.88	count=5000
06/14/2026 17:32:28 - INFO - qdiff.block_recon -   Total loss:	8169.503 (rec:275.596, round:7893.907)	b=18.31	count=5500
06/14/2026 17:32:36 - INFO - qdiff.block_recon -   Total loss:	7593.940 (rec:278.291, round:7315.649)	b=17.75	count=6000
06/14/2026 17:32:44 - INFO - qdiff.block_recon -   Total loss:	7058.206 (rec:235.342, round:6822.864)	b=17.19	count=6500
06/14/2026 17:32:52 - INFO - qdiff.block_recon -   Total loss:	6709.571 (rec:309.275, round:6400.296)	b=16.62	count=7000
06/14/2026 17:33:01 - INFO - qdiff.block_recon -   Total loss:	6213.295 (rec:268.857, round:5944.438)	b=16.06	count=7500
06/14/2026 17:33:09 - INFO - qdiff.block_recon -   Total loss:	5830.173 (rec:287.172, round:5543.001)	b=15.50	count=8000
06/14/2026 17:33:17 - INFO - qdiff.block_recon -   Total loss:	5431.369 (rec:241.702, round:5189.667)	b=14.94	count=8500
06/14/2026 17:33:25 - INFO - qdiff.block_recon -   Total loss:	5112.109 (rec:279.912, round:4832.197)	b=14.38	count=9000
06/14/2026 17:33:33 - INFO - qdiff.block_recon -   Total loss:	4780.624 (rec:312.465, round:4468.159)	b=13.81	count=9500
06/14/2026 17:33:42 - INFO - qdiff.block_recon -   Total loss:	4388.306 (rec:248.486, round:4139.820)	b=13.25	count=10000
06/14/2026 17:33:50 - INFO - qdiff.block_recon -   Total loss:	4102.195 (rec:265.268, round:3836.927)	b=12.69	count=10500
06/14/2026 17:33:58 - INFO - qdiff.block_recon -   Total loss:	3865.750 (rec:287.047, round:3578.703)	b=12.12	count=11000
06/14/2026 17:34:06 - INFO - qdiff.block_recon -   Total loss:	3513.370 (rec:242.524, round:3270.846)	b=11.56	count=11500
06/14/2026 17:34:14 - INFO - qdiff.block_recon -   Total loss:	3316.606 (rec:300.222, round:3016.384)	b=11.00	count=12000
06/14/2026 17:34:23 - INFO - qdiff.block_recon -   Total loss:	3049.999 (rec:266.219, round:2783.780)	b=10.44	count=12500
06/14/2026 17:34:31 - INFO - qdiff.block_recon -   Total loss:	2849.571 (rec:303.575, round:2545.996)	b=9.88	count=13000
06/14/2026 17:34:39 - INFO - qdiff.block_recon -   Total loss:	2601.694 (rec:302.250, round:2299.444)	b=9.31	count=13500
06/14/2026 17:34:47 - INFO - qdiff.block_recon -   Total loss:	2364.538 (rec:324.777, round:2039.761)	b=8.75	count=14000
06/14/2026 17:34:55 - INFO - qdiff.block_recon -   Total loss:	2140.852 (rec:290.806, round:1850.046)	b=8.19	count=14500
06/14/2026 17:35:04 - INFO - qdiff.block_recon -   Total loss:	1861.815 (rec:256.767, round:1605.048)	b=7.62	count=15000
06/14/2026 17:35:12 - INFO - qdiff.block_recon -   Total loss:	1669.222 (rec:280.788, round:1388.434)	b=7.06	count=15500
06/14/2026 17:35:20 - INFO - qdiff.block_recon -   Total loss:	1463.138 (rec:279.914, round:1183.224)	b=6.50	count=16000
06/14/2026 17:35:28 - INFO - qdiff.block_recon -   Total loss:	1270.690 (rec:292.225, round:978.465)	b=5.94	count=16500
06/14/2026 17:35:36 - INFO - qdiff.block_recon -   Total loss:	1088.930 (rec:278.604, round:810.326)	b=5.38	count=17000
06/14/2026 17:35:45 - INFO - qdiff.block_recon -   Total loss:	909.591 (rec:291.176, round:618.415)	b=4.81	count=17500
06/14/2026 17:35:53 - INFO - qdiff.block_recon -   Total loss:	698.496 (rec:287.135, round:411.361)	b=4.25	count=18000
06/14/2026 17:36:01 - INFO - qdiff.block_recon -   Total loss:	599.918 (rec:348.191, round:251.727)	b=3.69	count=18500
06/14/2026 17:36:09 - INFO - qdiff.block_recon -   Total loss:	416.356 (rec:304.432, round:111.924)	b=3.12	count=19000
06/14/2026 17:36:17 - INFO - qdiff.block_recon -   Total loss:	325.506 (rec:272.393, round:53.113)	b=2.56	count=19500
06/14/2026 17:36:25 - INFO - qdiff.block_recon -   Total loss:	271.788 (rec:258.008, round:13.780)	b=2.00	count=20000
06/14/2026 17:36:25 - INFO - __main__ -   2 True
06/14/2026 17:36:25 - INFO - __main__ -   Reconstruction for block 2
06/14/2026 17:36:57 - INFO - qdiff.utils -   in 1 shape: torch.Size([2000, 384, 16, 16]), in 2 shape: torch.Size([2000, 512])
06/14/2026 17:36:57 - INFO - qdiff.utils -   out shape: torch.Size([2000, 256, 16, 16])
06/14/2026 17:37:04 - INFO - qdiff.block_recon -   Total loss:	219.667 (rec:202.667, round:17.000)	b=0.00	count=500
06/14/2026 17:37:10 - INFO - qdiff.block_recon -   Total loss:	173.518 (rec:173.518, round:0.000)	b=0.00	count=1000
06/14/2026 17:37:17 - INFO - qdiff.block_recon -   Total loss:	205.769 (rec:186.769, round:19.000)	b=0.00	count=1500
06/14/2026 17:37:23 - INFO - qdiff.block_recon -   Total loss:	182.545 (rec:182.545, round:0.000)	b=0.00	count=2000
06/14/2026 17:37:29 - INFO - qdiff.block_recon -   Total loss:	175.565 (rec:156.565, round:19.000)	b=0.00	count=2500
06/14/2026 17:37:36 - INFO - qdiff.block_recon -   Total loss:	213.857 (rec:196.857, round:17.000)	b=0.00	count=3000
06/14/2026 17:37:42 - INFO - qdiff.block_recon -   Total loss:	173.535 (rec:173.535, round:0.000)	b=0.00	count=3500
06/14/2026 17:37:49 - INFO - qdiff.block_recon -   Total loss:	14018.897 (rec:162.116, round:13856.781)	b=20.00	count=4000
06/14/2026 17:37:56 - INFO - qdiff.block_recon -   Total loss:	7940.818 (rec:166.083, round:7774.735)	b=19.44	count=4500
06/14/2026 17:38:04 - INFO - qdiff.block_recon -   Total loss:	7211.606 (rec:186.851, round:7024.755)	b=18.88	count=5000
06/14/2026 17:38:12 - INFO - qdiff.block_recon -   Total loss:	6669.368 (rec:170.076, round:6499.292)	b=18.31	count=5500
06/14/2026 17:38:20 - INFO - qdiff.block_recon -   Total loss:	6207.401 (rec:180.526, round:6026.875)	b=17.75	count=6000
06/14/2026 17:38:28 - INFO - qdiff.block_recon -   Total loss:	5798.057 (rec:164.878, round:5633.179)	b=17.19	count=6500
06/14/2026 17:38:35 - INFO - qdiff.block_recon -   Total loss:	5393.025 (rec:183.388, round:5209.637)	b=16.62	count=7000
06/14/2026 17:38:43 - INFO - qdiff.block_recon -   Total loss:	5048.248 (rec:184.324, round:4863.924)	b=16.06	count=7500
06/14/2026 17:38:51 - INFO - qdiff.block_recon -   Total loss:	4679.351 (rec:181.810, round:4497.541)	b=15.50	count=8000
06/14/2026 17:38:59 - INFO - qdiff.block_recon -   Total loss:	4346.092 (rec:163.067, round:4183.025)	b=14.94	count=8500
06/14/2026 17:39:06 - INFO - qdiff.block_recon -   Total loss:	4048.179 (rec:174.927, round:3873.252)	b=14.38	count=9000
06/14/2026 17:39:14 - INFO - qdiff.block_recon -   Total loss:	3790.029 (rec:172.337, round:3617.692)	b=13.81	count=9500
06/14/2026 17:39:22 - INFO - qdiff.block_recon -   Total loss:	3478.818 (rec:161.266, round:3317.552)	b=13.25	count=10000
06/14/2026 17:39:29 - INFO - qdiff.block_recon -   Total loss:	3253.675 (rec:156.319, round:3097.356)	b=12.69	count=10500
06/14/2026 17:39:37 - INFO - qdiff.block_recon -   Total loss:	2998.890 (rec:168.886, round:2830.004)	b=12.12	count=11000
06/14/2026 17:39:45 - INFO - qdiff.block_recon -   Total loss:	2797.808 (rec:174.897, round:2622.911)	b=11.56	count=11500
06/14/2026 17:39:52 - INFO - qdiff.block_recon -   Total loss:	2567.724 (rec:162.930, round:2404.794)	b=11.00	count=12000
06/14/2026 17:40:00 - INFO - qdiff.block_recon -   Total loss:	2377.752 (rec:182.476, round:2195.276)	b=10.44	count=12500
06/14/2026 17:40:08 - INFO - qdiff.block_recon -   Total loss:	2134.404 (rec:167.721, round:1966.683)	b=9.88	count=13000
06/14/2026 17:40:15 - INFO - qdiff.block_recon -   Total loss:	1979.540 (rec:173.871, round:1805.669)	b=9.31	count=13500
06/14/2026 17:40:23 - INFO - qdiff.block_recon -   Total loss:	1783.613 (rec:189.759, round:1593.854)	b=8.75	count=14000
06/14/2026 17:40:31 - INFO - qdiff.block_recon -   Total loss:	1601.530 (rec:160.854, round:1440.676)	b=8.19	count=14500
06/14/2026 17:40:38 - INFO - qdiff.block_recon -   Total loss:	1468.983 (rec:196.751, round:1272.232)	b=7.62	count=15000
06/14/2026 17:40:46 - INFO - qdiff.block_recon -   Total loss:	1243.186 (rec:175.314, round:1067.872)	b=7.06	count=15500
06/14/2026 17:40:54 - INFO - qdiff.block_recon -   Total loss:	1093.364 (rec:184.970, round:908.394)	b=6.50	count=16000
06/14/2026 17:41:01 - INFO - qdiff.block_recon -   Total loss:	917.315 (rec:168.423, round:748.892)	b=5.94	count=16500
06/14/2026 17:41:09 - INFO - qdiff.block_recon -   Total loss:	793.269 (rec:171.087, round:622.182)	b=5.38	count=17000
06/14/2026 17:41:17 - INFO - qdiff.block_recon -   Total loss:	629.438 (rec:156.082, round:473.356)	b=4.81	count=17500
06/14/2026 17:41:24 - INFO - qdiff.block_recon -   Total loss:	524.562 (rec:191.635, round:332.927)	b=4.25	count=18000
06/14/2026 17:41:32 - INFO - qdiff.block_recon -   Total loss:	377.879 (rec:173.582, round:204.297)	b=3.69	count=18500
06/14/2026 17:41:40 - INFO - qdiff.block_recon -   Total loss:	283.182 (rec:176.001, round:107.181)	b=3.12	count=19000
06/14/2026 17:41:47 - INFO - qdiff.block_recon -   Total loss:	198.324 (rec:191.581, round:6.743)	b=2.56	count=19500
06/14/2026 17:41:55 - INFO - qdiff.block_recon -   Total loss:	196.557 (rec:196.557, round:0.000)	b=2.00	count=20000
06/14/2026 17:41:55 - INFO - __main__ -   attn False
06/14/2026 17:41:55 - INFO - __main__ -   0 True
06/14/2026 17:41:55 - INFO - __main__ -   Reconstruction for block 0
06/14/2026 17:42:24 - INFO - qdiff.utils -   in shape: torch.Size([2000, 256, 16, 16])
06/14/2026 17:42:24 - INFO - qdiff.utils -   out shape: torch.Size([2000, 256, 16, 16])
06/14/2026 17:42:29 - INFO - qdiff.block_recon -   Total loss:	17.395 (rec:17.395, round:0.000)	b=0.00	count=500
06/14/2026 17:42:34 - INFO - qdiff.block_recon -   Total loss:	19.124 (rec:19.124, round:0.000)	b=0.00	count=1000
06/14/2026 17:42:39 - INFO - qdiff.block_recon -   Total loss:	31.501 (rec:21.501, round:10.000)	b=0.00	count=1500
06/14/2026 17:42:44 - INFO - qdiff.block_recon -   Total loss:	20.828 (rec:20.828, round:0.000)	b=0.00	count=2000
06/14/2026 17:42:49 - INFO - qdiff.block_recon -   Total loss:	34.021 (rec:21.021, round:13.000)	b=0.00	count=2500
06/14/2026 17:42:54 - INFO - qdiff.block_recon -   Total loss:	18.727 (rec:18.727, round:0.000)	b=0.00	count=3000
06/14/2026 17:43:00 - INFO - qdiff.block_recon -   Total loss:	32.426 (rec:17.426, round:15.000)	b=0.00	count=3500
06/14/2026 17:43:05 - INFO - qdiff.block_recon -   Total loss:	2184.823 (rec:17.981, round:2166.842)	b=20.00	count=4000
06/14/2026 17:43:11 - INFO - qdiff.block_recon -   Total loss:	1249.680 (rec:13.949, round:1235.731)	b=19.44	count=4500
06/14/2026 17:43:17 - INFO - qdiff.block_recon -   Total loss:	1170.903 (rec:20.406, round:1150.497)	b=18.88	count=5000
06/14/2026 17:43:24 - INFO - qdiff.block_recon -   Total loss:	1085.041 (rec:18.177, round:1066.864)	b=18.31	count=5500
06/14/2026 17:43:30 - INFO - qdiff.block_recon -   Total loss:	1012.634 (rec:13.851, round:998.783)	b=17.75	count=6000
06/14/2026 17:43:36 - INFO - qdiff.block_recon -   Total loss:	927.297 (rec:18.132, round:909.165)	b=17.19	count=6500
06/14/2026 17:43:43 - INFO - qdiff.block_recon -   Total loss:	896.102 (rec:17.671, round:878.431)	b=16.62	count=7000
06/14/2026 17:43:49 - INFO - qdiff.block_recon -   Total loss:	830.301 (rec:15.598, round:814.703)	b=16.06	count=7500
06/14/2026 17:43:55 - INFO - qdiff.block_recon -   Total loss:	744.008 (rec:17.054, round:726.954)	b=15.50	count=8000
06/14/2026 17:44:01 - INFO - qdiff.block_recon -   Total loss:	700.647 (rec:19.070, round:681.577)	b=14.94	count=8500
06/14/2026 17:44:08 - INFO - qdiff.block_recon -   Total loss:	678.009 (rec:18.708, round:659.301)	b=14.38	count=9000
06/14/2026 17:44:14 - INFO - qdiff.block_recon -   Total loss:	637.738 (rec:19.836, round:617.902)	b=13.81	count=9500
06/14/2026 17:44:20 - INFO - qdiff.block_recon -   Total loss:	551.598 (rec:15.312, round:536.286)	b=13.25	count=10000
06/14/2026 17:44:27 - INFO - qdiff.block_recon -   Total loss:	506.716 (rec:15.330, round:491.386)	b=12.69	count=10500
06/14/2026 17:44:33 - INFO - qdiff.block_recon -   Total loss:	472.978 (rec:19.003, round:453.975)	b=12.12	count=11000
06/14/2026 17:44:39 - INFO - qdiff.block_recon -   Total loss:	469.761 (rec:17.409, round:452.352)	b=11.56	count=11500
06/14/2026 17:44:46 - INFO - qdiff.block_recon -   Total loss:	431.278 (rec:17.718, round:413.560)	b=11.00	count=12000
06/14/2026 17:44:52 - INFO - qdiff.block_recon -   Total loss:	393.916 (rec:16.830, round:377.086)	b=10.44	count=12500
06/14/2026 17:44:58 - INFO - qdiff.block_recon -   Total loss:	353.835 (rec:17.007, round:336.828)	b=9.88	count=13000
06/14/2026 17:45:05 - INFO - qdiff.block_recon -   Total loss:	328.894 (rec:16.790, round:312.104)	b=9.31	count=13500
06/14/2026 17:45:11 - INFO - qdiff.block_recon -   Total loss:	262.733 (rec:18.470, round:244.263)	b=8.75	count=14000
06/14/2026 17:45:17 - INFO - qdiff.block_recon -   Total loss:	261.845 (rec:17.147, round:244.698)	b=8.19	count=14500
06/14/2026 17:45:24 - INFO - qdiff.block_recon -   Total loss:	207.793 (rec:21.701, round:186.092)	b=7.62	count=15000
06/14/2026 17:45:30 - INFO - qdiff.block_recon -   Total loss:	202.394 (rec:17.800, round:184.594)	b=7.06	count=15500
06/14/2026 17:45:36 - INFO - qdiff.block_recon -   Total loss:	173.513 (rec:18.787, round:154.726)	b=6.50	count=16000
06/14/2026 17:45:43 - INFO - qdiff.block_recon -   Total loss:	118.519 (rec:16.873, round:101.646)	b=5.94	count=16500
06/14/2026 17:45:49 - INFO - qdiff.block_recon -   Total loss:	128.050 (rec:17.123, round:110.927)	b=5.38	count=17000
06/14/2026 17:45:55 - INFO - qdiff.block_recon -   Total loss:	72.431 (rec:16.779, round:55.652)	b=4.81	count=17500
06/14/2026 17:46:02 - INFO - qdiff.block_recon -   Total loss:	78.920 (rec:19.650, round:59.270)	b=4.25	count=18000
06/14/2026 17:46:08 - INFO - qdiff.block_recon -   Total loss:	51.519 (rec:16.547, round:34.972)	b=3.69	count=18500
06/14/2026 17:46:14 - INFO - qdiff.block_recon -   Total loss:	17.357 (rec:17.357, round:0.000)	b=3.12	count=19000
06/14/2026 17:46:21 - INFO - qdiff.block_recon -   Total loss:	18.019 (rec:18.019, round:0.000)	b=2.56	count=19500
06/14/2026 17:46:27 - INFO - qdiff.block_recon -   Total loss:	33.114 (rec:18.034, round:15.080)	b=2.00	count=20000
06/14/2026 17:46:27 - INFO - __main__ -   1 True
06/14/2026 17:46:27 - INFO - __main__ -   Reconstruction for block 1
06/14/2026 17:46:58 - INFO - qdiff.utils -   in shape: torch.Size([2000, 256, 16, 16])
06/14/2026 17:46:58 - INFO - qdiff.utils -   out shape: torch.Size([2000, 256, 16, 16])
06/14/2026 17:47:03 - INFO - qdiff.block_recon -   Total loss:	20.977 (rec:20.977, round:0.000)	b=0.00	count=500
06/14/2026 17:47:08 - INFO - qdiff.block_recon -   Total loss:	37.058 (rec:19.058, round:18.000)	b=0.00	count=1000
06/14/2026 17:47:13 - INFO - qdiff.block_recon -   Total loss:	18.304 (rec:18.304, round:0.000)	b=0.00	count=1500
06/14/2026 17:47:18 - INFO - qdiff.block_recon -   Total loss:	17.126 (rec:17.126, round:0.000)	b=0.00	count=2000
06/14/2026 17:47:23 - INFO - qdiff.block_recon -   Total loss:	19.712 (rec:19.712, round:0.000)	b=0.00	count=2500
06/14/2026 17:47:29 - INFO - qdiff.block_recon -   Total loss:	17.913 (rec:17.913, round:0.000)	b=0.00	count=3000
06/14/2026 17:47:34 - INFO - qdiff.block_recon -   Total loss:	17.366 (rec:17.366, round:0.000)	b=0.00	count=3500
06/14/2026 17:47:39 - INFO - qdiff.block_recon -   Total loss:	2242.355 (rec:18.345, round:2224.010)	b=20.00	count=4000
06/14/2026 17:47:45 - INFO - qdiff.block_recon -   Total loss:	1291.847 (rec:18.213, round:1273.634)	b=19.44	count=4500
06/14/2026 17:47:51 - INFO - qdiff.block_recon -   Total loss:	1151.671 (rec:20.260, round:1131.411)	b=18.88	count=5000
06/14/2026 17:47:58 - INFO - qdiff.block_recon -   Total loss:	1068.968 (rec:17.626, round:1051.342)	b=18.31	count=5500
06/14/2026 17:48:04 - INFO - qdiff.block_recon -   Total loss:	992.172 (rec:16.893, round:975.279)	b=17.75	count=6000
06/14/2026 17:48:10 - INFO - qdiff.block_recon -   Total loss:	954.149 (rec:17.668, round:936.481)	b=17.19	count=6500
06/14/2026 17:48:17 - INFO - qdiff.block_recon -   Total loss:	854.772 (rec:16.436, round:838.336)	b=16.62	count=7000
06/14/2026 17:48:23 - INFO - qdiff.block_recon -   Total loss:	823.637 (rec:17.540, round:806.097)	b=16.06	count=7500
06/14/2026 17:48:29 - INFO - qdiff.block_recon -   Total loss:	747.582 (rec:18.949, round:728.633)	b=15.50	count=8000
06/14/2026 17:48:36 - INFO - qdiff.block_recon -   Total loss:	718.606 (rec:17.989, round:700.617)	b=14.94	count=8500
06/14/2026 17:48:42 - INFO - qdiff.block_recon -   Total loss:	640.851 (rec:15.559, round:625.292)	b=14.38	count=9000
06/14/2026 17:48:48 - INFO - qdiff.block_recon -   Total loss:	622.865 (rec:18.354, round:604.511)	b=13.81	count=9500
06/14/2026 17:48:55 - INFO - qdiff.block_recon -   Total loss:	570.043 (rec:19.462, round:550.581)	b=13.25	count=10000
06/14/2026 17:49:01 - INFO - qdiff.block_recon -   Total loss:	494.162 (rec:17.006, round:477.156)	b=12.69	count=10500
06/14/2026 17:49:08 - INFO - qdiff.block_recon -   Total loss:	460.220 (rec:18.821, round:441.399)	b=12.12	count=11000
06/14/2026 17:49:14 - INFO - qdiff.block_recon -   Total loss:	446.447 (rec:16.078, round:430.369)	b=11.56	count=11500
06/14/2026 17:49:20 - INFO - qdiff.block_recon -   Total loss:	409.524 (rec:14.979, round:394.545)	b=11.00	count=12000
06/14/2026 17:49:26 - INFO - qdiff.block_recon -   Total loss:	349.078 (rec:20.001, round:329.077)	b=10.44	count=12500
06/14/2026 17:49:33 - INFO - qdiff.block_recon -   Total loss:	315.010 (rec:16.046, round:298.964)	b=9.88	count=13000
06/14/2026 17:49:39 - INFO - qdiff.block_recon -   Total loss:	313.668 (rec:19.828, round:293.840)	b=9.31	count=13500
06/14/2026 17:49:45 - INFO - qdiff.block_recon -   Total loss:	257.408 (rec:17.999, round:239.409)	b=8.75	count=14000
06/14/2026 17:49:52 - INFO - qdiff.block_recon -   Total loss:	218.831 (rec:17.731, round:201.100)	b=8.19	count=14500
06/14/2026 17:49:58 - INFO - qdiff.block_recon -   Total loss:	221.975 (rec:18.541, round:203.434)	b=7.62	count=15000
06/14/2026 17:50:05 - INFO - qdiff.block_recon -   Total loss:	198.191 (rec:17.886, round:180.305)	b=7.06	count=15500
06/14/2026 17:50:11 - INFO - qdiff.block_recon -   Total loss:	138.618 (rec:17.230, round:121.388)	b=6.50	count=16000
06/14/2026 17:50:17 - INFO - qdiff.block_recon -   Total loss:	113.859 (rec:18.443, round:95.416)	b=5.94	count=16500
06/14/2026 17:50:24 - INFO - qdiff.block_recon -   Total loss:	89.489 (rec:16.610, round:72.879)	b=5.38	count=17000
06/14/2026 17:50:30 - INFO - qdiff.block_recon -   Total loss:	92.939 (rec:17.497, round:75.442)	b=4.81	count=17500
06/14/2026 17:50:36 - INFO - qdiff.block_recon -   Total loss:	76.020 (rec:18.553, round:57.467)	b=4.25	count=18000
06/14/2026 17:50:43 - INFO - qdiff.block_recon -   Total loss:	26.106 (rec:16.095, round:10.011)	b=3.69	count=18500
06/14/2026 17:50:49 - INFO - qdiff.block_recon -   Total loss:	31.997 (rec:15.609, round:16.388)	b=3.12	count=19000
06/14/2026 17:50:55 - INFO - qdiff.block_recon -   Total loss:	16.589 (rec:16.589, round:0.000)	b=2.56	count=19500
06/14/2026 17:51:01 - INFO - qdiff.block_recon -   Total loss:	29.517 (rec:18.472, round:11.045)	b=2.00	count=20000
06/14/2026 17:51:01 - INFO - __main__ -   2 True
06/14/2026 17:51:01 - INFO - __main__ -   Reconstruction for block 2
06/14/2026 17:51:34 - INFO - qdiff.utils -   in shape: torch.Size([2000, 256, 16, 16])
06/14/2026 17:51:34 - INFO - qdiff.utils -   out shape: torch.Size([2000, 256, 16, 16])
06/14/2026 17:51:39 - INFO - qdiff.block_recon -   Total loss:	15.972 (rec:15.972, round:0.000)	b=0.00	count=500
06/14/2026 17:51:44 - INFO - qdiff.block_recon -   Total loss:	29.303 (rec:13.303, round:16.000)	b=0.00	count=1000
06/14/2026 17:51:49 - INFO - qdiff.block_recon -   Total loss:	24.934 (rec:12.934, round:12.000)	b=0.00	count=1500
06/14/2026 17:51:54 - INFO - qdiff.block_recon -   Total loss:	32.085 (rec:13.085, round:19.000)	b=0.00	count=2000
06/14/2026 17:51:59 - INFO - qdiff.block_recon -   Total loss:	27.143 (rec:13.143, round:14.000)	b=0.00	count=2500
06/14/2026 17:52:04 - INFO - qdiff.block_recon -   Total loss:	17.034 (rec:17.034, round:0.000)	b=0.00	count=3000
06/14/2026 17:52:10 - INFO - qdiff.block_recon -   Total loss:	14.758 (rec:14.758, round:0.000)	b=0.00	count=3500
06/14/2026 17:52:15 - INFO - qdiff.block_recon -   Total loss:	2253.942 (rec:13.072, round:2240.870)	b=20.00	count=4000
06/14/2026 17:52:21 - INFO - qdiff.block_recon -   Total loss:	1268.919 (rec:13.407, round:1255.512)	b=19.44	count=4500
06/14/2026 17:52:27 - INFO - qdiff.block_recon -   Total loss:	1167.031 (rec:13.726, round:1153.305)	b=18.88	count=5000
06/14/2026 17:52:34 - INFO - qdiff.block_recon -   Total loss:	1053.091 (rec:9.855, round:1043.236)	b=18.31	count=5500
06/14/2026 17:52:40 - INFO - qdiff.block_recon -   Total loss:	988.904 (rec:12.483, round:976.421)	b=17.75	count=6000
06/14/2026 17:52:46 - INFO - qdiff.block_recon -   Total loss:	954.744 (rec:12.302, round:942.442)	b=17.19	count=6500
06/14/2026 17:52:53 - INFO - qdiff.block_recon -   Total loss:	888.248 (rec:13.356, round:874.892)	b=16.62	count=7000
06/14/2026 17:52:59 - INFO - qdiff.block_recon -   Total loss:	826.014 (rec:13.827, round:812.187)	b=16.06	count=7500
06/14/2026 17:53:05 - INFO - qdiff.block_recon -   Total loss:	770.905 (rec:12.656, round:758.249)	b=15.50	count=8000
06/14/2026 17:53:12 - INFO - qdiff.block_recon -   Total loss:	686.542 (rec:14.924, round:671.618)	b=14.94	count=8500
06/14/2026 17:53:18 - INFO - qdiff.block_recon -   Total loss:	661.431 (rec:11.706, round:649.725)	b=14.38	count=9000
06/14/2026 17:53:24 - INFO - qdiff.block_recon -   Total loss:	615.659 (rec:13.320, round:602.339)	b=13.81	count=9500
06/14/2026 17:53:31 - INFO - qdiff.block_recon -   Total loss:	575.161 (rec:11.927, round:563.234)	b=13.25	count=10000
06/14/2026 17:53:37 - INFO - qdiff.block_recon -   Total loss:	528.495 (rec:13.425, round:515.070)	b=12.69	count=10500
06/14/2026 17:53:43 - INFO - qdiff.block_recon -   Total loss:	462.157 (rec:14.829, round:447.328)	b=12.12	count=11000
06/14/2026 17:53:49 - INFO - qdiff.block_recon -   Total loss:	418.106 (rec:12.400, round:405.706)	b=11.56	count=11500
06/14/2026 17:53:56 - INFO - qdiff.block_recon -   Total loss:	384.806 (rec:13.725, round:371.081)	b=11.00	count=12000
06/14/2026 17:54:02 - INFO - qdiff.block_recon -   Total loss:	350.407 (rec:13.951, round:336.456)	b=10.44	count=12500
06/14/2026 17:54:08 - INFO - qdiff.block_recon -   Total loss:	345.440 (rec:14.328, round:331.112)	b=9.88	count=13000
06/14/2026 17:54:15 - INFO - qdiff.block_recon -   Total loss:	311.687 (rec:11.274, round:300.413)	b=9.31	count=13500
06/14/2026 17:54:21 - INFO - qdiff.block_recon -   Total loss:	253.139 (rec:12.802, round:240.337)	b=8.75	count=14000
06/14/2026 17:54:27 - INFO - qdiff.block_recon -   Total loss:	216.690 (rec:12.743, round:203.947)	b=8.19	count=14500
06/14/2026 17:54:34 - INFO - qdiff.block_recon -   Total loss:	221.625 (rec:13.021, round:208.604)	b=7.62	count=15000
06/14/2026 17:54:40 - INFO - qdiff.block_recon -   Total loss:	188.262 (rec:14.296, round:173.966)	b=7.06	count=15500
06/14/2026 17:54:46 - INFO - qdiff.block_recon -   Total loss:	160.985 (rec:12.981, round:148.004)	b=6.50	count=16000
06/14/2026 17:54:53 - INFO - qdiff.block_recon -   Total loss:	136.792 (rec:13.394, round:123.398)	b=5.94	count=16500
06/14/2026 17:54:59 - INFO - qdiff.block_recon -   Total loss:	76.952 (rec:13.368, round:63.584)	b=5.38	count=17000
06/14/2026 17:55:05 - INFO - qdiff.block_recon -   Total loss:	59.958 (rec:14.378, round:45.580)	b=4.81	count=17500
06/14/2026 17:55:12 - INFO - qdiff.block_recon -   Total loss:	68.142 (rec:14.170, round:53.972)	b=4.25	count=18000
06/14/2026 17:55:18 - INFO - qdiff.block_recon -   Total loss:	39.330 (rec:11.986, round:27.344)	b=3.69	count=18500
06/14/2026 17:55:24 - INFO - qdiff.block_recon -   Total loss:	12.010 (rec:12.010, round:0.000)	b=3.12	count=19000
06/14/2026 17:55:31 - INFO - qdiff.block_recon -   Total loss:	13.413 (rec:13.413, round:0.000)	b=2.56	count=19500
06/14/2026 17:55:37 - INFO - qdiff.block_recon -   Total loss:	27.364 (rec:13.352, round:14.012)	b=2.00	count=20000
06/14/2026 17:55:37 - INFO - __main__ -   upsample False
06/14/2026 17:55:37 - INFO - __main__ -   conv False
06/14/2026 17:55:37 - INFO - __main__ -   Reconstruction for layer conv
06/14/2026 17:56:12 - INFO - qdiff.utils -   in shape: torch.Size([2000, 256, 32, 32])
06/14/2026 17:56:12 - INFO - qdiff.utils -   out shape: torch.Size([2000, 256, 32, 32])
06/14/2026 17:56:22 - INFO - qdiff.layer_recon -   Total loss:	227.881 (rec:227.881, round:0.000)	b=0.00	count=500
06/14/2026 17:56:33 - INFO - qdiff.layer_recon -   Total loss:	244.113 (rec:224.113, round:20.000)	b=0.00	count=1000
06/14/2026 17:56:43 - INFO - qdiff.layer_recon -   Total loss:	235.148 (rec:220.148, round:15.000)	b=0.00	count=1500
06/14/2026 17:56:54 - INFO - qdiff.layer_recon -   Total loss:	212.625 (rec:212.625, round:0.000)	b=0.00	count=2000
06/14/2026 17:57:04 - INFO - qdiff.layer_recon -   Total loss:	208.268 (rec:208.268, round:0.000)	b=0.00	count=2500
06/14/2026 17:57:14 - INFO - qdiff.layer_recon -   Total loss:	200.187 (rec:200.187, round:0.000)	b=0.00	count=3000
06/14/2026 17:57:25 - INFO - qdiff.layer_recon -   Total loss:	208.223 (rec:208.223, round:0.000)	b=0.00	count=3500
06/14/2026 17:57:35 - INFO - qdiff.layer_recon -   Total loss:	5104.817 (rec:216.999, round:4887.818)	b=20.00	count=4000
06/14/2026 17:57:46 - INFO - qdiff.layer_recon -   Total loss:	3477.583 (rec:212.021, round:3265.562)	b=19.44	count=4500
06/14/2026 17:57:56 - INFO - qdiff.layer_recon -   Total loss:	3223.538 (rec:237.039, round:2986.499)	b=18.88	count=5000
06/14/2026 17:58:07 - INFO - qdiff.layer_recon -   Total loss:	3059.175 (rec:216.456, round:2842.719)	b=18.31	count=5500
06/14/2026 17:58:18 - INFO - qdiff.layer_recon -   Total loss:	2924.815 (rec:238.170, round:2686.645)	b=17.75	count=6000
06/14/2026 17:58:28 - INFO - qdiff.layer_recon -   Total loss:	2749.521 (rec:194.861, round:2554.660)	b=17.19	count=6500
06/14/2026 17:58:39 - INFO - qdiff.layer_recon -   Total loss:	2602.455 (rec:198.061, round:2404.394)	b=16.62	count=7000
06/14/2026 17:58:50 - INFO - qdiff.layer_recon -   Total loss:	2522.640 (rec:203.941, round:2318.699)	b=16.06	count=7500
06/14/2026 17:59:00 - INFO - qdiff.layer_recon -   Total loss:	2455.002 (rec:252.390, round:2202.612)	b=15.50	count=8000
06/14/2026 17:59:11 - INFO - qdiff.layer_recon -   Total loss:	2266.859 (rec:170.845, round:2096.014)	b=14.94	count=8500
06/14/2026 17:59:22 - INFO - qdiff.layer_recon -   Total loss:	2179.625 (rec:210.796, round:1968.829)	b=14.38	count=9000
06/14/2026 17:59:32 - INFO - qdiff.layer_recon -   Total loss:	2124.066 (rec:223.579, round:1900.487)	b=13.81	count=9500
06/14/2026 17:59:43 - INFO - qdiff.layer_recon -   Total loss:	2013.659 (rec:205.529, round:1808.130)	b=13.25	count=10000
06/14/2026 17:59:54 - INFO - qdiff.layer_recon -   Total loss:	1934.508 (rec:236.902, round:1697.606)	b=12.69	count=10500
06/14/2026 18:00:04 - INFO - qdiff.layer_recon -   Total loss:	1806.856 (rec:169.866, round:1636.990)	b=12.12	count=11000
06/14/2026 18:00:15 - INFO - qdiff.layer_recon -   Total loss:	1737.576 (rec:183.093, round:1554.483)	b=11.56	count=11500
06/14/2026 18:00:26 - INFO - qdiff.layer_recon -   Total loss:	1697.950 (rec:231.427, round:1466.523)	b=11.00	count=12000
06/14/2026 18:00:36 - INFO - qdiff.layer_recon -   Total loss:	1609.165 (rec:227.172, round:1381.993)	b=10.44	count=12500
06/14/2026 18:00:47 - INFO - qdiff.layer_recon -   Total loss:	1460.730 (rec:196.189, round:1264.541)	b=9.88	count=13000
06/14/2026 18:00:57 - INFO - qdiff.layer_recon -   Total loss:	1368.744 (rec:191.165, round:1177.579)	b=9.31	count=13500
06/14/2026 18:01:08 - INFO - qdiff.layer_recon -   Total loss:	1321.529 (rec:225.516, round:1096.013)	b=8.75	count=14000
06/14/2026 18:01:19 - INFO - qdiff.layer_recon -   Total loss:	1259.253 (rec:218.387, round:1040.866)	b=8.19	count=14500
06/14/2026 18:01:29 - INFO - qdiff.layer_recon -   Total loss:	1192.256 (rec:237.059, round:955.197)	b=7.62	count=15000
06/14/2026 18:01:40 - INFO - qdiff.layer_recon -   Total loss:	1039.641 (rec:176.002, round:863.639)	b=7.06	count=15500
06/14/2026 18:01:51 - INFO - qdiff.layer_recon -   Total loss:	957.932 (rec:216.336, round:741.596)	b=6.50	count=16000
06/14/2026 18:02:01 - INFO - qdiff.layer_recon -   Total loss:	840.565 (rec:184.605, round:655.960)	b=5.94	count=16500
06/14/2026 18:02:12 - INFO - qdiff.layer_recon -   Total loss:	748.844 (rec:188.077, round:560.767)	b=5.38	count=17000
06/14/2026 18:02:23 - INFO - qdiff.layer_recon -   Total loss:	682.425 (rec:198.650, round:483.775)	b=4.81	count=17500
06/14/2026 18:02:33 - INFO - qdiff.layer_recon -   Total loss:	594.116 (rec:205.144, round:388.972)	b=4.25	count=18000
06/14/2026 18:02:44 - INFO - qdiff.layer_recon -   Total loss:	466.618 (rec:214.540, round:252.078)	b=3.69	count=18500
06/14/2026 18:02:54 - INFO - qdiff.layer_recon -   Total loss:	392.447 (rec:219.321, round:173.126)	b=3.12	count=19000
06/14/2026 18:03:05 - INFO - qdiff.layer_recon -   Total loss:	292.083 (rec:202.429, round:89.654)	b=2.56	count=19500
06/14/2026 18:03:16 - INFO - qdiff.layer_recon -   Total loss:	222.473 (rec:221.439, round:1.034)	b=2.00	count=20000
06/14/2026 18:03:16 - INFO - __main__ -   2 False
06/14/2026 18:03:16 - INFO - __main__ -   block False
06/14/2026 18:03:16 - INFO - __main__ -   0 True
06/14/2026 18:03:16 - INFO - __main__ -   Reconstruction for block 0
06/14/2026 18:03:39 - INFO - qdiff.utils -   in 1 shape: torch.Size([2000, 512, 8, 8]), in 2 shape: torch.Size([2000, 512])
06/14/2026 18:03:39 - INFO - qdiff.utils -   out shape: torch.Size([2000, 256, 8, 8])
06/14/2026 18:03:44 - INFO - qdiff.block_recon -   Total loss:	734.193 (rec:717.193, round:17.000)	b=0.00	count=500
06/14/2026 18:03:48 - INFO - qdiff.block_recon -   Total loss:	734.832 (rec:716.832, round:18.000)	b=0.00	count=1000
06/14/2026 18:03:53 - INFO - qdiff.block_recon -   Total loss:	748.801 (rec:732.801, round:16.000)	b=0.00	count=1500
06/14/2026 18:03:57 - INFO - qdiff.block_recon -   Total loss:	753.789 (rec:753.789, round:0.000)	b=0.00	count=2000
06/14/2026 18:04:02 - INFO - qdiff.block_recon -   Total loss:	727.653 (rec:727.653, round:0.000)	b=0.00	count=2500
06/14/2026 18:04:06 - INFO - qdiff.block_recon -   Total loss:	838.957 (rec:819.957, round:19.000)	b=0.00	count=3000
06/14/2026 18:04:10 - INFO - qdiff.block_recon -   Total loss:	730.988 (rec:717.988, round:13.000)	b=0.00	count=3500
06/14/2026 18:04:15 - INFO - qdiff.block_recon -   Total loss:	17990.328 (rec:779.062, round:17211.266)	b=20.00	count=4000
06/14/2026 18:04:21 - INFO - qdiff.block_recon -   Total loss:	11762.501 (rec:697.188, round:11065.313)	b=19.44	count=4500
06/14/2026 18:04:26 - INFO - qdiff.block_recon -   Total loss:	11074.935 (rec:797.910, round:10277.025)	b=18.88	count=5000
06/14/2026 18:04:32 - INFO - qdiff.block_recon -   Total loss:	10379.000 (rec:708.567, round:9670.433)	b=18.31	count=5500
06/14/2026 18:04:38 - INFO - qdiff.block_recon -   Total loss:	9929.823 (rec:728.127, round:9201.696)	b=17.75	count=6000
06/14/2026 18:04:44 - INFO - qdiff.block_recon -   Total loss:	9451.703 (rec:742.976, round:8708.727)	b=17.19	count=6500
06/14/2026 18:04:50 - INFO - qdiff.block_recon -   Total loss:	9014.373 (rec:723.080, round:8291.293)	b=16.62	count=7000
06/14/2026 18:04:55 - INFO - qdiff.block_recon -   Total loss:	8562.807 (rec:731.008, round:7831.799)	b=16.06	count=7500
06/14/2026 18:05:01 - INFO - qdiff.block_recon -   Total loss:	8167.860 (rec:748.075, round:7419.785)	b=15.50	count=8000
06/14/2026 18:05:07 - INFO - qdiff.block_recon -   Total loss:	7762.171 (rec:711.235, round:7050.936)	b=14.94	count=8500
06/14/2026 18:05:13 - INFO - qdiff.block_recon -   Total loss:	7347.542 (rec:712.655, round:6634.887)	b=14.38	count=9000
06/14/2026 18:05:18 - INFO - qdiff.block_recon -   Total loss:	7040.064 (rec:739.253, round:6300.811)	b=13.81	count=9500
06/14/2026 18:05:24 - INFO - qdiff.block_recon -   Total loss:	6684.096 (rec:787.687, round:5896.409)	b=13.25	count=10000
06/14/2026 18:05:30 - INFO - qdiff.block_recon -   Total loss:	6275.353 (rec:732.439, round:5542.914)	b=12.69	count=10500
06/14/2026 18:05:35 - INFO - qdiff.block_recon -   Total loss:	6021.184 (rec:793.453, round:5227.731)	b=12.12	count=11000
06/14/2026 18:05:41 - INFO - qdiff.block_recon -   Total loss:	5630.718 (rec:746.453, round:4884.265)	b=11.56	count=11500
06/14/2026 18:05:47 - INFO - qdiff.block_recon -   Total loss:	5201.491 (rec:647.724, round:4553.767)	b=11.00	count=12000
06/14/2026 18:05:52 - INFO - qdiff.block_recon -   Total loss:	4937.188 (rec:709.510, round:4227.678)	b=10.44	count=12500
06/14/2026 18:05:58 - INFO - qdiff.block_recon -   Total loss:	4639.085 (rec:731.032, round:3908.053)	b=9.88	count=13000
06/14/2026 18:06:04 - INFO - qdiff.block_recon -   Total loss:	4275.384 (rec:707.582, round:3567.802)	b=9.31	count=13500
06/14/2026 18:06:10 - INFO - qdiff.block_recon -   Total loss:	3935.442 (rec:649.273, round:3286.169)	b=8.75	count=14000
06/14/2026 18:06:15 - INFO - qdiff.block_recon -   Total loss:	3701.027 (rec:718.539, round:2982.488)	b=8.19	count=14500
06/14/2026 18:06:21 - INFO - qdiff.block_recon -   Total loss:	3436.154 (rec:765.179, round:2670.975)	b=7.62	count=15000
06/14/2026 18:06:27 - INFO - qdiff.block_recon -   Total loss:	3117.270 (rec:776.353, round:2340.917)	b=7.06	count=15500
06/14/2026 18:06:32 - INFO - qdiff.block_recon -   Total loss:	2773.126 (rec:731.388, round:2041.738)	b=6.50	count=16000
06/14/2026 18:06:38 - INFO - qdiff.block_recon -   Total loss:	2549.073 (rec:762.130, round:1786.943)	b=5.94	count=16500
06/14/2026 18:06:44 - INFO - qdiff.block_recon -   Total loss:	2235.943 (rec:782.381, round:1453.562)	b=5.38	count=17000
06/14/2026 18:06:49 - INFO - qdiff.block_recon -   Total loss:	1950.428 (rec:754.934, round:1195.494)	b=4.81	count=17500
06/14/2026 18:06:55 - INFO - qdiff.block_recon -   Total loss:	1585.453 (rec:699.916, round:885.537)	b=4.25	count=18000
06/14/2026 18:07:01 - INFO - qdiff.block_recon -   Total loss:	1351.214 (rec:750.050, round:601.164)	b=3.69	count=18500
06/14/2026 18:07:07 - INFO - qdiff.block_recon -   Total loss:	1111.015 (rec:731.620, round:379.395)	b=3.12	count=19000
06/14/2026 18:07:12 - INFO - qdiff.block_recon -   Total loss:	871.962 (rec:707.005, round:164.957)	b=2.56	count=19500
06/14/2026 18:07:18 - INFO - qdiff.block_recon -   Total loss:	765.076 (rec:720.193, round:44.883)	b=2.00	count=20000
06/14/2026 18:07:18 - INFO - __main__ -   1 True
06/14/2026 18:07:18 - INFO - __main__ -   Reconstruction for block 1
06/14/2026 18:07:43 - INFO - qdiff.utils -   in 1 shape: torch.Size([2000, 512, 8, 8]), in 2 shape: torch.Size([2000, 512])
06/14/2026 18:07:43 - INFO - qdiff.utils -   out shape: torch.Size([2000, 256, 8, 8])
06/14/2026 18:07:47 - INFO - qdiff.block_recon -   Total loss:	366.133 (rec:366.133, round:0.000)	b=0.00	count=500
06/14/2026 18:07:51 - INFO - qdiff.block_recon -   Total loss:	397.937 (rec:397.937, round:0.000)	b=0.00	count=1000
06/14/2026 18:07:56 - INFO - qdiff.block_recon -   Total loss:	470.488 (rec:470.488, round:0.000)	b=0.00	count=1500
06/14/2026 18:08:00 - INFO - qdiff.block_recon -   Total loss:	392.917 (rec:372.917, round:20.000)	b=0.00	count=2000
06/14/2026 18:08:04 - INFO - qdiff.block_recon -   Total loss:	364.305 (rec:364.305, round:0.000)	b=0.00	count=2500
06/14/2026 18:08:09 - INFO - qdiff.block_recon -   Total loss:	404.393 (rec:404.393, round:0.000)	b=0.00	count=3000
06/14/2026 18:08:13 - INFO - qdiff.block_recon -   Total loss:	402.102 (rec:402.102, round:0.000)	b=0.00	count=3500
06/14/2026 18:08:17 - INFO - qdiff.block_recon -   Total loss:	17632.815 (rec:414.848, round:17217.967)	b=20.00	count=4000
06/14/2026 18:08:23 - INFO - qdiff.block_recon -   Total loss:	11055.826 (rec:383.260, round:10672.566)	b=19.44	count=4500
06/14/2026 18:08:29 - INFO - qdiff.block_recon -   Total loss:	10221.122 (rec:352.828, round:9868.294)	b=18.88	count=5000
06/14/2026 18:08:34 - INFO - qdiff.block_recon -   Total loss:	9691.548 (rec:358.277, round:9333.271)	b=18.31	count=5500
06/14/2026 18:08:40 - INFO - qdiff.block_recon -   Total loss:	9204.209 (rec:399.411, round:8804.798)	b=17.75	count=6000
06/14/2026 18:08:46 - INFO - qdiff.block_recon -   Total loss:	8753.557 (rec:377.812, round:8375.745)	b=17.19	count=6500
06/14/2026 18:08:51 - INFO - qdiff.block_recon -   Total loss:	8234.214 (rec:340.405, round:7893.809)	b=16.62	count=7000
06/14/2026 18:08:57 - INFO - qdiff.block_recon -   Total loss:	7852.055 (rec:350.744, round:7501.311)	b=16.06	count=7500
06/14/2026 18:09:03 - INFO - qdiff.block_recon -   Total loss:	7451.144 (rec:369.113, round:7082.031)	b=15.50	count=8000
06/14/2026 18:09:08 - INFO - qdiff.block_recon -   Total loss:	7027.130 (rec:368.012, round:6659.118)	b=14.94	count=8500
06/14/2026 18:09:14 - INFO - qdiff.block_recon -   Total loss:	6686.557 (rec:389.644, round:6296.913)	b=14.38	count=9000
06/14/2026 18:09:20 - INFO - qdiff.block_recon -   Total loss:	6292.371 (rec:367.949, round:5924.422)	b=13.81	count=9500
06/14/2026 18:09:25 - INFO - qdiff.block_recon -   Total loss:	5944.076 (rec:391.297, round:5552.779)	b=13.25	count=10000
06/14/2026 18:09:31 - INFO - qdiff.block_recon -   Total loss:	5529.909 (rec:364.612, round:5165.297)	b=12.69	count=10500
06/14/2026 18:09:37 - INFO - qdiff.block_recon -   Total loss:	5213.024 (rec:360.649, round:4852.375)	b=12.12	count=11000
06/14/2026 18:09:42 - INFO - qdiff.block_recon -   Total loss:	4859.653 (rec:343.512, round:4516.141)	b=11.56	count=11500
06/14/2026 18:09:48 - INFO - qdiff.block_recon -   Total loss:	4554.977 (rec:375.161, round:4179.816)	b=11.00	count=12000
06/14/2026 18:09:54 - INFO - qdiff.block_recon -   Total loss:	4263.449 (rec:406.722, round:3856.727)	b=10.44	count=12500
06/14/2026 18:09:59 - INFO - qdiff.block_recon -   Total loss:	3910.362 (rec:362.231, round:3548.131)	b=9.88	count=13000
06/14/2026 18:10:05 - INFO - qdiff.block_recon -   Total loss:	3578.587 (rec:336.266, round:3242.321)	b=9.31	count=13500
06/14/2026 18:10:11 - INFO - qdiff.block_recon -   Total loss:	3325.909 (rec:423.234, round:2902.675)	b=8.75	count=14000
06/14/2026 18:10:17 - INFO - qdiff.block_recon -   Total loss:	3016.300 (rec:379.877, round:2636.423)	b=8.19	count=14500
06/14/2026 18:10:22 - INFO - qdiff.block_recon -   Total loss:	2709.392 (rec:358.241, round:2351.151)	b=7.62	count=15000
06/14/2026 18:10:28 - INFO - qdiff.block_recon -   Total loss:	2483.010 (rec:418.990, round:2064.020)	b=7.06	count=15500
06/14/2026 18:10:33 - INFO - qdiff.block_recon -   Total loss:	2129.248 (rec:378.917, round:1750.331)	b=6.50	count=16000
06/14/2026 18:10:39 - INFO - qdiff.block_recon -   Total loss:	1865.470 (rec:365.691, round:1499.779)	b=5.94	count=16500
06/14/2026 18:10:45 - INFO - qdiff.block_recon -   Total loss:	1555.336 (rec:360.049, round:1195.287)	b=5.38	count=17000
06/14/2026 18:10:50 - INFO - qdiff.block_recon -   Total loss:	1307.307 (rec:381.470, round:925.837)	b=4.81	count=17500
06/14/2026 18:10:56 - INFO - qdiff.block_recon -   Total loss:	1074.434 (rec:366.522, round:707.912)	b=4.25	count=18000
06/14/2026 18:11:02 - INFO - qdiff.block_recon -   Total loss:	817.823 (rec:387.261, round:430.562)	b=3.69	count=18500
06/14/2026 18:11:08 - INFO - qdiff.block_recon -   Total loss:	637.596 (rec:413.803, round:223.793)	b=3.12	count=19000
06/14/2026 18:11:13 - INFO - qdiff.block_recon -   Total loss:	454.300 (rec:394.906, round:59.394)	b=2.56	count=19500
06/14/2026 18:11:19 - INFO - qdiff.block_recon -   Total loss:	389.264 (rec:389.221, round:0.043)	b=2.00	count=20000
06/14/2026 18:11:19 - INFO - __main__ -   2 True
06/14/2026 18:11:19 - INFO - __main__ -   Reconstruction for block 2
06/14/2026 18:11:45 - INFO - qdiff.utils -   in 1 shape: torch.Size([2000, 512, 8, 8]), in 2 shape: torch.Size([2000, 512])
06/14/2026 18:11:45 - INFO - qdiff.utils -   out shape: torch.Size([2000, 256, 8, 8])
06/14/2026 18:11:49 - INFO - qdiff.block_recon -   Total loss:	140.723 (rec:140.723, round:0.000)	b=0.00	count=500
06/14/2026 18:11:54 - INFO - qdiff.block_recon -   Total loss:	165.532 (rec:165.532, round:0.000)	b=0.00	count=1000
06/14/2026 18:11:58 - INFO - qdiff.block_recon -   Total loss:	140.635 (rec:120.635, round:20.000)	b=0.00	count=1500
06/14/2026 18:12:02 - INFO - qdiff.block_recon -   Total loss:	151.622 (rec:151.622, round:0.000)	b=0.00	count=2000
06/14/2026 18:12:07 - INFO - qdiff.block_recon -   Total loss:	146.459 (rec:132.459, round:14.000)	b=0.00	count=2500
06/14/2026 18:12:11 - INFO - qdiff.block_recon -   Total loss:	133.882 (rec:133.882, round:0.000)	b=0.00	count=3000
06/14/2026 18:12:15 - INFO - qdiff.block_recon -   Total loss:	150.458 (rec:150.458, round:0.000)	b=0.00	count=3500
06/14/2026 18:12:19 - INFO - qdiff.block_recon -   Total loss:	17149.147 (rec:153.561, round:16995.586)	b=20.00	count=4000
06/14/2026 18:12:25 - INFO - qdiff.block_recon -   Total loss:	9886.346 (rec:165.703, round:9720.643)	b=19.44	count=4500
06/14/2026 18:12:31 - INFO - qdiff.block_recon -   Total loss:	9074.596 (rec:133.583, round:8941.013)	b=18.88	count=5000
06/14/2026 18:12:36 - INFO - qdiff.block_recon -   Total loss:	8519.002 (rec:153.499, round:8365.503)	b=18.31	count=5500
06/14/2026 18:12:42 - INFO - qdiff.block_recon -   Total loss:	8009.497 (rec:145.222, round:7864.275)	b=17.75	count=6000
06/14/2026 18:12:48 - INFO - qdiff.block_recon -   Total loss:	7520.234 (rec:123.023, round:7397.211)	b=17.19	count=6500
06/14/2026 18:12:53 - INFO - qdiff.block_recon -   Total loss:	7096.612 (rec:124.342, round:6972.270)	b=16.62	count=7000
06/14/2026 18:12:59 - INFO - qdiff.block_recon -   Total loss:	6640.390 (rec:132.177, round:6508.213)	b=16.06	count=7500
06/14/2026 18:13:05 - INFO - qdiff.block_recon -   Total loss:	6254.064 (rec:127.350, round:6126.714)	b=15.50	count=8000
06/14/2026 18:13:10 - INFO - qdiff.block_recon -   Total loss:	5846.702 (rec:126.354, round:5720.348)	b=14.94	count=8500
06/14/2026 18:13:16 - INFO - qdiff.block_recon -   Total loss:	5489.104 (rec:145.841, round:5343.263)	b=14.38	count=9000
06/14/2026 18:13:22 - INFO - qdiff.block_recon -   Total loss:	5085.930 (rec:145.109, round:4940.821)	b=13.81	count=9500
06/14/2026 18:13:27 - INFO - qdiff.block_recon -   Total loss:	4758.445 (rec:150.667, round:4607.778)	b=13.25	count=10000
06/14/2026 18:13:33 - INFO - qdiff.block_recon -   Total loss:	4403.312 (rec:135.618, round:4267.694)	b=12.69	count=10500
06/14/2026 18:13:39 - INFO - qdiff.block_recon -   Total loss:	4073.450 (rec:130.138, round:3943.312)	b=12.12	count=11000
06/14/2026 18:13:44 - INFO - qdiff.block_recon -   Total loss:	3754.840 (rec:134.788, round:3620.052)	b=11.56	count=11500
06/14/2026 18:13:50 - INFO - qdiff.block_recon -   Total loss:	3432.328 (rec:141.572, round:3290.756)	b=11.00	count=12000
06/14/2026 18:13:56 - INFO - qdiff.block_recon -   Total loss:	3136.349 (rec:143.028, round:2993.321)	b=10.44	count=12500
06/14/2026 18:14:01 - INFO - qdiff.block_recon -   Total loss:	2843.660 (rec:130.152, round:2713.508)	b=9.88	count=13000
06/14/2026 18:14:07 - INFO - qdiff.block_recon -   Total loss:	2617.457 (rec:140.839, round:2476.618)	b=9.31	count=13500
06/14/2026 18:14:13 - INFO - qdiff.block_recon -   Total loss:	2352.774 (rec:147.285, round:2205.489)	b=8.75	count=14000
06/14/2026 18:14:18 - INFO - qdiff.block_recon -   Total loss:	2075.950 (rec:151.111, round:1924.839)	b=8.19	count=14500
06/14/2026 18:14:24 - INFO - qdiff.block_recon -   Total loss:	1860.757 (rec:154.004, round:1706.753)	b=7.62	count=15000
06/14/2026 18:14:30 - INFO - qdiff.block_recon -   Total loss:	1575.197 (rec:139.567, round:1435.630)	b=7.06	count=15500
06/14/2026 18:14:35 - INFO - qdiff.block_recon -   Total loss:	1373.387 (rec:139.303, round:1234.084)	b=6.50	count=16000
06/14/2026 18:14:41 - INFO - qdiff.block_recon -   Total loss:	1101.258 (rec:117.894, round:983.364)	b=5.94	count=16500
06/14/2026 18:14:47 - INFO - qdiff.block_recon -   Total loss:	905.046 (rec:136.776, round:768.270)	b=5.38	count=17000
06/14/2026 18:14:52 - INFO - qdiff.block_recon -   Total loss:	728.699 (rec:132.307, round:596.392)	b=4.81	count=17500
06/14/2026 18:14:58 - INFO - qdiff.block_recon -   Total loss:	509.094 (rec:134.845, round:374.249)	b=4.25	count=18000
06/14/2026 18:15:04 - INFO - qdiff.block_recon -   Total loss:	340.420 (rec:129.866, round:210.554)	b=3.69	count=18500
06/14/2026 18:15:09 - INFO - qdiff.block_recon -   Total loss:	212.562 (rec:135.652, round:76.910)	b=3.12	count=19000
06/14/2026 18:15:15 - INFO - qdiff.block_recon -   Total loss:	174.998 (rec:144.939, round:30.059)	b=2.56	count=19500
06/14/2026 18:15:21 - INFO - qdiff.block_recon -   Total loss:	153.186 (rec:153.186, round:0.000)	b=2.00	count=20000
06/14/2026 18:15:21 - INFO - __main__ -   attn False
06/14/2026 18:15:21 - INFO - __main__ -   upsample False
06/14/2026 18:15:21 - INFO - __main__ -   conv False
06/14/2026 18:15:21 - INFO - __main__ -   Reconstruction for layer conv
06/14/2026 18:15:48 - INFO - qdiff.utils -   in shape: torch.Size([2000, 256, 16, 16])
06/14/2026 18:15:48 - INFO - qdiff.utils -   out shape: torch.Size([2000, 256, 16, 16])
06/14/2026 18:15:51 - INFO - qdiff.layer_recon -   Total loss:	79.390 (rec:64.390, round:15.000)	b=0.00	count=500
06/14/2026 18:15:54 - INFO - qdiff.layer_recon -   Total loss:	59.722 (rec:59.722, round:0.000)	b=0.00	count=1000
06/14/2026 18:15:57 - INFO - qdiff.layer_recon -   Total loss:	78.434 (rec:60.434, round:18.000)	b=0.00	count=1500
06/14/2026 18:16:01 - INFO - qdiff.layer_recon -   Total loss:	73.352 (rec:56.352, round:17.000)	b=0.00	count=2000
06/14/2026 18:16:04 - INFO - qdiff.layer_recon -   Total loss:	51.320 (rec:51.320, round:0.000)	b=0.00	count=2500
06/14/2026 18:16:07 - INFO - qdiff.layer_recon -   Total loss:	50.401 (rec:50.401, round:0.000)	b=0.00	count=3000
06/14/2026 18:16:11 - INFO - qdiff.layer_recon -   Total loss:	69.340 (rec:59.340, round:10.000)	b=0.00	count=3500
06/14/2026 18:16:14 - INFO - qdiff.layer_recon -   Total loss:	4421.292 (rec:57.839, round:4363.453)	b=20.00	count=4000
06/14/2026 18:16:18 - INFO - qdiff.layer_recon -   Total loss:	2424.790 (rec:51.831, round:2372.959)	b=19.44	count=4500
06/14/2026 18:16:21 - INFO - qdiff.layer_recon -   Total loss:	2148.097 (rec:49.381, round:2098.716)	b=18.88	count=5000
06/14/2026 18:16:25 - INFO - qdiff.layer_recon -   Total loss:	1928.342 (rec:53.296, round:1875.046)	b=18.31	count=5500
06/14/2026 18:16:29 - INFO - qdiff.layer_recon -   Total loss:	1759.827 (rec:48.301, round:1711.526)	b=17.75	count=6000
06/14/2026 18:16:32 - INFO - qdiff.layer_recon -   Total loss:	1663.295 (rec:55.025, round:1608.270)	b=17.19	count=6500
06/14/2026 18:16:36 - INFO - qdiff.layer_recon -   Total loss:	1529.488 (rec:46.930, round:1482.558)	b=16.62	count=7000
06/14/2026 18:16:39 - INFO - qdiff.layer_recon -   Total loss:	1394.139 (rec:46.102, round:1348.037)	b=16.06	count=7500
06/14/2026 18:16:43 - INFO - qdiff.layer_recon -   Total loss:	1299.342 (rec:48.777, round:1250.565)	b=15.50	count=8000
06/14/2026 18:16:47 - INFO - qdiff.layer_recon -   Total loss:	1203.819 (rec:48.018, round:1155.801)	b=14.94	count=8500
06/14/2026 18:16:50 - INFO - qdiff.layer_recon -   Total loss:	1148.712 (rec:47.014, round:1101.698)	b=14.38	count=9000
06/14/2026 18:16:54 - INFO - qdiff.layer_recon -   Total loss:	1070.775 (rec:49.450, round:1021.325)	b=13.81	count=9500
06/14/2026 18:16:57 - INFO - qdiff.layer_recon -   Total loss:	965.945 (rec:44.889, round:921.056)	b=13.25	count=10000
06/14/2026 18:17:01 - INFO - qdiff.layer_recon -   Total loss:	935.683 (rec:44.061, round:891.622)	b=12.69	count=10500
06/14/2026 18:17:05 - INFO - qdiff.layer_recon -   Total loss:	845.469 (rec:51.662, round:793.807)	b=12.12	count=11000
06/14/2026 18:17:08 - INFO - qdiff.layer_recon -   Total loss:	784.666 (rec:46.942, round:737.724)	b=11.56	count=11500
06/14/2026 18:17:12 - INFO - qdiff.layer_recon -   Total loss:	729.091 (rec:48.774, round:680.317)	b=11.00	count=12000
06/14/2026 18:17:15 - INFO - qdiff.layer_recon -   Total loss:	694.768 (rec:42.880, round:651.888)	b=10.44	count=12500
06/14/2026 18:17:19 - INFO - qdiff.layer_recon -   Total loss:	641.088 (rec:48.044, round:593.044)	b=9.88	count=13000
06/14/2026 18:17:23 - INFO - qdiff.layer_recon -   Total loss:	596.692 (rec:49.936, round:546.756)	b=9.31	count=13500
06/14/2026 18:17:26 - INFO - qdiff.layer_recon -   Total loss:	513.130 (rec:41.919, round:471.211)	b=8.75	count=14000
06/14/2026 18:17:30 - INFO - qdiff.layer_recon -   Total loss:	463.544 (rec:46.479, round:417.065)	b=8.19	count=14500
06/14/2026 18:17:34 - INFO - qdiff.layer_recon -   Total loss:	414.292 (rec:44.294, round:369.998)	b=7.62	count=15000
06/14/2026 18:17:37 - INFO - qdiff.layer_recon -   Total loss:	367.819 (rec:46.638, round:321.181)	b=7.06	count=15500
06/14/2026 18:17:41 - INFO - qdiff.layer_recon -   Total loss:	353.592 (rec:48.722, round:304.870)	b=6.50	count=16000
06/14/2026 18:17:44 - INFO - qdiff.layer_recon -   Total loss:	277.435 (rec:52.673, round:224.762)	b=5.94	count=16500
06/14/2026 18:17:48 - INFO - qdiff.layer_recon -   Total loss:	231.428 (rec:51.010, round:180.418)	b=5.38	count=17000
06/14/2026 18:17:51 - INFO - qdiff.layer_recon -   Total loss:	189.911 (rec:46.272, round:143.639)	b=4.81	count=17500
06/14/2026 18:17:55 - INFO - qdiff.layer_recon -   Total loss:	175.416 (rec:51.834, round:123.582)	b=4.25	count=18000
06/14/2026 18:17:59 - INFO - qdiff.layer_recon -   Total loss:	102.267 (rec:52.189, round:50.078)	b=3.69	count=18500
06/14/2026 18:18:02 - INFO - qdiff.layer_recon -   Total loss:	60.144 (rec:43.150, round:16.994)	b=3.12	count=19000
06/14/2026 18:18:06 - INFO - qdiff.layer_recon -   Total loss:	51.484 (rec:51.484, round:0.000)	b=2.56	count=19500
06/14/2026 18:18:10 - INFO - qdiff.layer_recon -   Total loss:	50.105 (rec:50.105, round:0.000)	b=2.00	count=20000
06/14/2026 18:18:10 - INFO - __main__ -   3 False
06/14/2026 18:18:10 - INFO - __main__ -   block False
06/14/2026 18:18:10 - INFO - __main__ -   0 True
06/14/2026 18:18:10 - INFO - __main__ -   Reconstruction for block 0
06/14/2026 18:18:30 - INFO - qdiff.utils -   in 1 shape: torch.Size([2000, 512, 4, 4]), in 2 shape: torch.Size([2000, 512])
06/14/2026 18:18:30 - INFO - qdiff.utils -   out shape: torch.Size([2000, 256, 4, 4])
06/14/2026 18:18:34 - INFO - qdiff.block_recon -   Total loss:	1113.111 (rec:1113.111, round:0.000)	b=0.00	count=500
06/14/2026 18:18:38 - INFO - qdiff.block_recon -   Total loss:	1087.281 (rec:1087.281, round:0.000)	b=0.00	count=1000
06/14/2026 18:18:41 - INFO - qdiff.block_recon -   Total loss:	1082.815 (rec:1082.815, round:0.000)	b=0.00	count=1500
06/14/2026 18:18:45 - INFO - qdiff.block_recon -   Total loss:	985.484 (rec:985.484, round:0.000)	b=0.00	count=2000
06/14/2026 18:18:49 - INFO - qdiff.block_recon -   Total loss:	1068.353 (rec:1068.353, round:0.000)	b=0.00	count=2500
06/14/2026 18:18:53 - INFO - qdiff.block_recon -   Total loss:	1134.086 (rec:1134.086, round:0.000)	b=0.00	count=3000
06/14/2026 18:18:56 - INFO - qdiff.block_recon -   Total loss:	1059.856 (rec:1059.856, round:0.000)	b=0.00	count=3500
06/14/2026 18:19:00 - INFO - qdiff.block_recon -   Total loss:	18588.150 (rec:1009.429, round:17578.721)	b=20.00	count=4000
06/14/2026 18:19:05 - INFO - qdiff.block_recon -   Total loss:	13195.506 (rec:1110.365, round:12085.141)	b=19.44	count=4500
06/14/2026 18:19:10 - INFO - qdiff.block_recon -   Total loss:	12336.546 (rec:1095.637, round:11240.909)	b=18.88	count=5000
06/14/2026 18:19:16 - INFO - qdiff.block_recon -   Total loss:	11748.414 (rec:1054.708, round:10693.706)	b=18.31	count=5500
06/14/2026 18:19:21 - INFO - qdiff.block_recon -   Total loss:	11273.801 (rec:1038.041, round:10235.760)	b=17.75	count=6000
06/14/2026 18:19:26 - INFO - qdiff.block_recon -   Total loss:	10879.219 (rec:1063.555, round:9815.664)	b=17.19	count=6500
06/14/2026 18:19:31 - INFO - qdiff.block_recon -   Total loss:	10461.093 (rec:1056.123, round:9404.970)	b=16.62	count=7000
06/14/2026 18:19:36 - INFO - qdiff.block_recon -   Total loss:	10151.486 (rec:1112.141, round:9039.345)	b=16.06	count=7500
06/14/2026 18:19:41 - INFO - qdiff.block_recon -   Total loss:	9650.699 (rec:995.748, round:8654.951)	b=15.50	count=8000
06/14/2026 18:19:47 - INFO - qdiff.block_recon -   Total loss:	9346.094 (rec:1073.416, round:8272.678)	b=14.94	count=8500
06/14/2026 18:19:52 - INFO - qdiff.block_recon -   Total loss:	8931.259 (rec:1061.550, round:7869.709)	b=14.38	count=9000
06/14/2026 18:19:57 - INFO - qdiff.block_recon -   Total loss:	8546.934 (rec:1045.913, round:7501.021)	b=13.81	count=9500
06/14/2026 18:20:02 - INFO - qdiff.block_recon -   Total loss:	8243.175 (rec:1108.615, round:7134.560)	b=13.25	count=10000
06/14/2026 18:20:07 - INFO - qdiff.block_recon -   Total loss:	7794.120 (rec:1013.209, round:6780.911)	b=12.69	count=10500
06/14/2026 18:20:12 - INFO - qdiff.block_recon -   Total loss:	7473.986 (rec:1018.877, round:6455.109)	b=12.12	count=11000
06/14/2026 18:20:17 - INFO - qdiff.block_recon -   Total loss:	7115.157 (rec:1047.696, round:6067.461)	b=11.56	count=11500
06/14/2026 18:20:22 - INFO - qdiff.block_recon -   Total loss:	6705.238 (rec:992.567, round:5712.671)	b=11.00	count=12000
06/14/2026 18:20:27 - INFO - qdiff.block_recon -   Total loss:	6407.292 (rec:1037.166, round:5370.126)	b=10.44	count=12500
06/14/2026 18:20:33 - INFO - qdiff.block_recon -   Total loss:	5949.921 (rec:931.405, round:5018.516)	b=9.88	count=13000
06/14/2026 18:20:38 - INFO - qdiff.block_recon -   Total loss:	5779.858 (rec:1078.729, round:4701.129)	b=9.31	count=13500
06/14/2026 18:20:43 - INFO - qdiff.block_recon -   Total loss:	5385.856 (rec:1035.003, round:4350.853)	b=8.75	count=14000
06/14/2026 18:20:48 - INFO - qdiff.block_recon -   Total loss:	5075.584 (rec:1103.042, round:3972.542)	b=8.19	count=14500
06/14/2026 18:20:53 - INFO - qdiff.block_recon -   Total loss:	4617.587 (rec:972.529, round:3645.058)	b=7.62	count=15000
06/14/2026 18:20:58 - INFO - qdiff.block_recon -   Total loss:	4309.773 (rec:1009.181, round:3300.592)	b=7.06	count=15500
06/14/2026 18:21:03 - INFO - qdiff.block_recon -   Total loss:	3955.738 (rec:1044.417, round:2911.321)	b=6.50	count=16000
06/14/2026 18:21:09 - INFO - qdiff.block_recon -   Total loss:	3669.615 (rec:1110.959, round:2558.656)	b=5.94	count=16500
06/14/2026 18:21:14 - INFO - qdiff.block_recon -   Total loss:	3197.062 (rec:1006.293, round:2190.769)	b=5.38	count=17000
06/14/2026 18:21:19 - INFO - qdiff.block_recon -   Total loss:	2930.758 (rec:1106.710, round:1824.048)	b=4.81	count=17500
06/14/2026 18:21:24 - INFO - qdiff.block_recon -   Total loss:	2551.274 (rec:1061.848, round:1489.426)	b=4.25	count=18000
06/14/2026 18:21:29 - INFO - qdiff.block_recon -   Total loss:	2042.864 (rec:928.098, round:1114.766)	b=3.69	count=18500
06/14/2026 18:21:34 - INFO - qdiff.block_recon -   Total loss:	1790.101 (rec:1061.961, round:728.140)	b=3.12	count=19000
06/14/2026 18:21:39 - INFO - qdiff.block_recon -   Total loss:	1458.197 (rec:1073.121, round:385.076)	b=2.56	count=19500
06/14/2026 18:21:45 - INFO - qdiff.block_recon -   Total loss:	1168.143 (rec:1051.590, round:116.553)	b=2.00	count=20000
06/14/2026 18:21:45 - INFO - __main__ -   1 True
06/14/2026 18:21:45 - INFO - __main__ -   Reconstruction for block 1
06/14/2026 18:22:06 - INFO - qdiff.utils -   in 1 shape: torch.Size([2000, 512, 4, 4]), in 2 shape: torch.Size([2000, 512])
06/14/2026 18:22:06 - INFO - qdiff.utils -   out shape: torch.Size([2000, 256, 4, 4])
06/14/2026 18:22:10 - INFO - qdiff.block_recon -   Total loss:	1240.316 (rec:1221.316, round:19.000)	b=0.00	count=500
06/14/2026 18:22:14 - INFO - qdiff.block_recon -   Total loss:	1265.621 (rec:1265.621, round:0.000)	b=0.00	count=1000
06/14/2026 18:22:18 - INFO - qdiff.block_recon -   Total loss:	1126.062 (rec:1126.062, round:0.000)	b=0.00	count=1500
06/14/2026 18:22:21 - INFO - qdiff.block_recon -   Total loss:	1162.906 (rec:1162.906, round:0.000)	b=0.00	count=2000
06/14/2026 18:22:25 - INFO - qdiff.block_recon -   Total loss:	1127.779 (rec:1127.779, round:0.000)	b=0.00	count=2500
06/14/2026 18:22:29 - INFO - qdiff.block_recon -   Total loss:	1171.682 (rec:1159.682, round:12.000)	b=0.00	count=3000
06/14/2026 18:22:32 - INFO - qdiff.block_recon -   Total loss:	1125.424 (rec:1125.424, round:0.000)	b=0.00	count=3500
06/14/2026 18:22:36 - INFO - qdiff.block_recon -   Total loss:	18932.638 (rec:1218.599, round:17714.039)	b=20.00	count=4000
06/14/2026 18:22:41 - INFO - qdiff.block_recon -   Total loss:	13545.146 (rec:1208.080, round:12337.066)	b=19.44	count=4500
06/14/2026 18:22:46 - INFO - qdiff.block_recon -   Total loss:	12615.365 (rec:1108.493, round:11506.872)	b=18.88	count=5000
06/14/2026 18:22:52 - INFO - qdiff.block_recon -   Total loss:	12261.514 (rec:1259.259, round:11002.255)	b=18.31	count=5500
06/14/2026 18:22:57 - INFO - qdiff.block_recon -   Total loss:	11822.625 (rec:1279.443, round:10543.182)	b=17.75	count=6000
06/14/2026 18:23:02 - INFO - qdiff.block_recon -   Total loss:	11171.566 (rec:1073.211, round:10098.355)	b=17.19	count=6500
06/14/2026 18:23:07 - INFO - qdiff.block_recon -   Total loss:	10916.603 (rec:1221.965, round:9694.638)	b=16.62	count=7000
06/14/2026 18:23:12 - INFO - qdiff.block_recon -   Total loss:	10452.825 (rec:1154.658, round:9298.167)	b=16.06	count=7500
06/14/2026 18:23:17 - INFO - qdiff.block_recon -   Total loss:	10000.942 (rec:1091.953, round:8908.989)	b=15.50	count=8000
06/14/2026 18:23:22 - INFO - qdiff.block_recon -   Total loss:	9753.169 (rec:1216.436, round:8536.733)	b=14.94	count=8500
06/14/2026 18:23:27 - INFO - qdiff.block_recon -   Total loss:	9405.283 (rec:1213.614, round:8191.669)	b=14.38	count=9000
06/14/2026 18:23:32 - INFO - qdiff.block_recon -   Total loss:	8941.416 (rec:1149.142, round:7792.274)	b=13.81	count=9500
06/14/2026 18:23:37 - INFO - qdiff.block_recon -   Total loss:	8603.374 (rec:1141.745, round:7461.629)	b=13.25	count=10000
06/14/2026 18:23:43 - INFO - qdiff.block_recon -   Total loss:	8269.537 (rec:1208.750, round:7060.787)	b=12.69	count=10500
06/14/2026 18:23:48 - INFO - qdiff.block_recon -   Total loss:	7814.624 (rec:1118.521, round:6696.103)	b=12.12	count=11000
06/14/2026 18:23:53 - INFO - qdiff.block_recon -   Total loss:	7492.020 (rec:1152.156, round:6339.864)	b=11.56	count=11500
06/14/2026 18:23:58 - INFO - qdiff.block_recon -   Total loss:	7124.850 (rec:1152.908, round:5971.942)	b=11.00	count=12000
06/14/2026 18:24:03 - INFO - qdiff.block_recon -   Total loss:	6771.540 (rec:1157.735, round:5613.805)	b=10.44	count=12500
06/14/2026 18:24:08 - INFO - qdiff.block_recon -   Total loss:	6412.623 (rec:1130.044, round:5282.579)	b=9.88	count=13000
06/14/2026 18:24:13 - INFO - qdiff.block_recon -   Total loss:	6195.588 (rec:1264.085, round:4931.503)	b=9.31	count=13500
06/14/2026 18:24:18 - INFO - qdiff.block_recon -   Total loss:	5698.286 (rec:1136.068, round:4562.218)	b=8.75	count=14000
06/14/2026 18:24:24 - INFO - qdiff.block_recon -   Total loss:	5307.098 (rec:1130.723, round:4176.375)	b=8.19	count=14500
06/14/2026 18:24:29 - INFO - qdiff.block_recon -   Total loss:	4967.868 (rec:1121.415, round:3846.453)	b=7.62	count=15000
06/14/2026 18:24:34 - INFO - qdiff.block_recon -   Total loss:	4673.171 (rec:1201.812, round:3471.359)	b=7.06	count=15500
06/14/2026 18:24:39 - INFO - qdiff.block_recon -   Total loss:	4127.520 (rec:1054.012, round:3073.508)	b=6.50	count=16000
06/14/2026 18:24:44 - INFO - qdiff.block_recon -   Total loss:	3904.721 (rec:1205.326, round:2699.395)	b=5.94	count=16500
06/14/2026 18:24:49 - INFO - qdiff.block_recon -   Total loss:	3500.460 (rec:1146.344, round:2354.116)	b=5.38	count=17000
06/14/2026 18:24:54 - INFO - qdiff.block_recon -   Total loss:	3061.979 (rec:1126.575, round:1935.404)	b=4.81	count=17500
06/14/2026 18:24:59 - INFO - qdiff.block_recon -   Total loss:	2686.418 (rec:1140.930, round:1545.488)	b=4.25	count=18000
06/14/2026 18:25:04 - INFO - qdiff.block_recon -   Total loss:	2219.845 (rec:1060.219, round:1159.626)	b=3.69	count=18500
06/14/2026 18:25:10 - INFO - qdiff.block_recon -   Total loss:	1933.430 (rec:1163.062, round:770.368)	b=3.12	count=19000
06/14/2026 18:25:15 - INFO - qdiff.block_recon -   Total loss:	1508.761 (rec:1076.361, round:432.400)	b=2.56	count=19500
06/14/2026 18:25:20 - INFO - qdiff.block_recon -   Total loss:	1236.291 (rec:1084.873, round:151.418)	b=2.00	count=20000
06/14/2026 18:25:20 - INFO - __main__ -   2 True
06/14/2026 18:25:20 - INFO - __main__ -   Reconstruction for block 2
06/14/2026 18:25:42 - INFO - qdiff.utils -   in 1 shape: torch.Size([2000, 512, 4, 4]), in 2 shape: torch.Size([2000, 512])
06/14/2026 18:25:42 - INFO - qdiff.utils -   out shape: torch.Size([2000, 256, 4, 4])
06/14/2026 18:25:46 - INFO - qdiff.block_recon -   Total loss:	492.806 (rec:480.806, round:12.000)	b=0.00	count=500
06/14/2026 18:25:50 - INFO - qdiff.block_recon -   Total loss:	466.608 (rec:453.608, round:13.000)	b=0.00	count=1000
06/14/2026 18:25:53 - INFO - qdiff.block_recon -   Total loss:	441.981 (rec:441.981, round:0.000)	b=0.00	count=1500
06/14/2026 18:25:57 - INFO - qdiff.block_recon -   Total loss:	489.207 (rec:489.207, round:0.000)	b=0.00	count=2000
06/14/2026 18:26:01 - INFO - qdiff.block_recon -   Total loss:	443.175 (rec:443.175, round:0.000)	b=0.00	count=2500
06/14/2026 18:26:05 - INFO - qdiff.block_recon -   Total loss:	442.788 (rec:431.788, round:11.000)	b=0.00	count=3000
06/14/2026 18:26:08 - INFO - qdiff.block_recon -   Total loss:	437.799 (rec:419.799, round:18.000)	b=0.00	count=3500
06/14/2026 18:26:12 - INFO - qdiff.block_recon -   Total loss:	18101.333 (rec:379.731, round:17721.602)	b=20.00	count=4000
06/14/2026 18:26:17 - INFO - qdiff.block_recon -   Total loss:	12043.040 (rec:410.894, round:11632.146)	b=19.44	count=4500
06/14/2026 18:26:22 - INFO - qdiff.block_recon -   Total loss:	11250.353 (rec:413.267, round:10837.086)	b=18.88	count=5000
06/14/2026 18:26:27 - INFO - qdiff.block_recon -   Total loss:	10695.127 (rec:407.388, round:10287.739)	b=18.31	count=5500
06/14/2026 18:26:32 - INFO - qdiff.block_recon -   Total loss:	10267.151 (rec:406.513, round:9860.638)	b=17.75	count=6000
06/14/2026 18:26:38 - INFO - qdiff.block_recon -   Total loss:	9865.102 (rec:462.810, round:9402.292)	b=17.19	count=6500
06/14/2026 18:26:43 - INFO - qdiff.block_recon -   Total loss:	9438.913 (rec:443.574, round:8995.339)	b=16.62	count=7000
06/14/2026 18:26:48 - INFO - qdiff.block_recon -   Total loss:	9068.902 (rec:469.417, round:8599.485)	b=16.06	count=7500
06/14/2026 18:26:53 - INFO - qdiff.block_recon -   Total loss:	8648.929 (rec:437.366, round:8211.563)	b=15.50	count=8000
06/14/2026 18:26:58 - INFO - qdiff.block_recon -   Total loss:	8279.840 (rec:424.463, round:7855.377)	b=14.94	count=8500
06/14/2026 18:27:03 - INFO - qdiff.block_recon -   Total loss:	7866.290 (rec:415.260, round:7451.030)	b=14.38	count=9000
06/14/2026 18:27:08 - INFO - qdiff.block_recon -   Total loss:	7600.553 (rec:488.578, round:7111.975)	b=13.81	count=9500
06/14/2026 18:27:13 - INFO - qdiff.block_recon -   Total loss:	7129.194 (rec:420.037, round:6709.157)	b=13.25	count=10000
06/14/2026 18:27:19 - INFO - qdiff.block_recon -   Total loss:	6799.753 (rec:423.032, round:6376.721)	b=12.69	count=10500
06/14/2026 18:27:24 - INFO - qdiff.block_recon -   Total loss:	6384.591 (rec:401.503, round:5983.088)	b=12.12	count=11000
06/14/2026 18:27:29 - INFO - qdiff.block_recon -   Total loss:	6085.035 (rec:469.566, round:5615.469)	b=11.56	count=11500
06/14/2026 18:27:34 - INFO - qdiff.block_recon -   Total loss:	5719.787 (rec:461.760, round:5258.027)	b=11.00	count=12000
06/14/2026 18:27:39 - INFO - qdiff.block_recon -   Total loss:	5336.400 (rec:408.306, round:4928.094)	b=10.44	count=12500
06/14/2026 18:27:44 - INFO - qdiff.block_recon -   Total loss:	5005.711 (rec:457.895, round:4547.816)	b=9.88	count=13000
06/14/2026 18:27:49 - INFO - qdiff.block_recon -   Total loss:	4624.047 (rec:433.113, round:4190.934)	b=9.31	count=13500
06/14/2026 18:27:54 - INFO - qdiff.block_recon -   Total loss:	4281.362 (rec:410.475, round:3870.887)	b=8.75	count=14000
06/14/2026 18:27:59 - INFO - qdiff.block_recon -   Total loss:	3967.469 (rec:433.987, round:3533.482)	b=8.19	count=14500
06/14/2026 18:28:04 - INFO - qdiff.block_recon -   Total loss:	3599.632 (rec:425.046, round:3174.586)	b=7.62	count=15000
06/14/2026 18:28:10 - INFO - qdiff.block_recon -   Total loss:	3261.925 (rec:468.417, round:2793.508)	b=7.06	count=15500
06/14/2026 18:28:15 - INFO - qdiff.block_recon -   Total loss:	2902.486 (rec:422.807, round:2479.679)	b=6.50	count=16000
06/14/2026 18:28:20 - INFO - qdiff.block_recon -   Total loss:	2551.730 (rec:425.683, round:2126.047)	b=5.94	count=16500
06/14/2026 18:28:25 - INFO - qdiff.block_recon -   Total loss:	2195.891 (rec:418.415, round:1777.476)	b=5.38	count=17000
06/14/2026 18:28:30 - INFO - qdiff.block_recon -   Total loss:	1882.138 (rec:443.708, round:1438.430)	b=4.81	count=17500
06/14/2026 18:28:35 - INFO - qdiff.block_recon -   Total loss:	1501.979 (rec:443.459, round:1058.520)	b=4.25	count=18000
06/14/2026 18:28:40 - INFO - qdiff.block_recon -   Total loss:	1112.202 (rec:386.217, round:725.985)	b=3.69	count=18500
06/14/2026 18:28:45 - INFO - qdiff.block_recon -   Total loss:	897.857 (rec:441.033, round:456.824)	b=3.12	count=19000
06/14/2026 18:28:50 - INFO - qdiff.block_recon -   Total loss:	587.172 (rec:422.724, round:164.448)	b=2.56	count=19500
06/14/2026 18:28:55 - INFO - qdiff.block_recon -   Total loss:	481.611 (rec:432.698, round:48.913)	b=2.00	count=20000
06/14/2026 18:28:55 - INFO - __main__ -   attn False
06/14/2026 18:28:55 - INFO - __main__ -   upsample False
06/14/2026 18:28:55 - INFO - __main__ -   conv False
06/14/2026 18:28:55 - INFO - __main__ -   Reconstruction for layer conv
06/14/2026 18:29:18 - INFO - qdiff.utils -   in shape: torch.Size([2000, 256, 8, 8])
06/14/2026 18:29:18 - INFO - qdiff.utils -   out shape: torch.Size([2000, 256, 8, 8])
06/14/2026 18:29:20 - INFO - qdiff.layer_recon -   Total loss:	100.076 (rec:100.076, round:0.000)	b=0.00	count=500
06/14/2026 18:29:22 - INFO - qdiff.layer_recon -   Total loss:	85.320 (rec:85.320, round:0.000)	b=0.00	count=1000
06/14/2026 18:29:23 - INFO - qdiff.layer_recon -   Total loss:	104.964 (rec:85.964, round:19.000)	b=0.00	count=1500
06/14/2026 18:29:25 - INFO - qdiff.layer_recon -   Total loss:	97.930 (rec:87.930, round:10.000)	b=0.00	count=2000
06/14/2026 18:29:27 - INFO - qdiff.layer_recon -   Total loss:	77.832 (rec:77.832, round:0.000)	b=0.00	count=2500
06/14/2026 18:29:28 - INFO - qdiff.layer_recon -   Total loss:	89.574 (rec:73.574, round:16.000)	b=0.00	count=3000
06/14/2026 18:29:30 - INFO - qdiff.layer_recon -   Total loss:	82.456 (rec:82.456, round:0.000)	b=0.00	count=3500
06/14/2026 18:29:32 - INFO - qdiff.layer_recon -   Total loss:	4774.249 (rec:71.367, round:4702.882)	b=20.00	count=4000
06/14/2026 18:29:34 - INFO - qdiff.layer_recon -   Total loss:	2970.370 (rec:79.089, round:2891.281)	b=19.44	count=4500
06/14/2026 18:29:36 - INFO - qdiff.layer_recon -   Total loss:	2697.814 (rec:77.572, round:2620.242)	b=18.88	count=5000
06/14/2026 18:29:38 - INFO - qdiff.layer_recon -   Total loss:	2527.224 (rec:73.048, round:2454.176)	b=18.31	count=5500
06/14/2026 18:29:40 - INFO - qdiff.layer_recon -   Total loss:	2338.686 (rec:76.438, round:2262.248)	b=17.75	count=6000
06/14/2026 18:29:42 - INFO - qdiff.layer_recon -   Total loss:	2211.909 (rec:69.217, round:2142.692)	b=17.19	count=6500
06/14/2026 18:29:44 - INFO - qdiff.layer_recon -   Total loss:	2044.230 (rec:76.552, round:1967.678)	b=16.62	count=7000
06/14/2026 18:29:46 - INFO - qdiff.layer_recon -   Total loss:	1949.604 (rec:72.440, round:1877.164)	b=16.06	count=7500
06/14/2026 18:29:48 - INFO - qdiff.layer_recon -   Total loss:	1833.389 (rec:68.838, round:1764.551)	b=15.50	count=8000
06/14/2026 18:29:50 - INFO - qdiff.layer_recon -   Total loss:	1725.548 (rec:65.211, round:1660.337)	b=14.94	count=8500
06/14/2026 18:29:52 - INFO - qdiff.layer_recon -   Total loss:	1591.820 (rec:63.782, round:1528.038)	b=14.38	count=9000
06/14/2026 18:29:54 - INFO - qdiff.layer_recon -   Total loss:	1529.096 (rec:70.108, round:1458.988)	b=13.81	count=9500
06/14/2026 18:29:56 - INFO - qdiff.layer_recon -   Total loss:	1449.849 (rec:75.076, round:1374.773)	b=13.25	count=10000
06/14/2026 18:29:58 - INFO - qdiff.layer_recon -   Total loss:	1324.425 (rec:64.918, round:1259.507)	b=12.69	count=10500
06/14/2026 18:30:00 - INFO - qdiff.layer_recon -   Total loss:	1284.903 (rec:70.258, round:1214.645)	b=12.12	count=11000
06/14/2026 18:30:02 - INFO - qdiff.layer_recon -   Total loss:	1211.267 (rec:74.797, round:1136.470)	b=11.56	count=11500
06/14/2026 18:30:04 - INFO - qdiff.layer_recon -   Total loss:	1090.441 (rec:65.583, round:1024.858)	b=11.00	count=12000
06/14/2026 18:30:06 - INFO - qdiff.layer_recon -   Total loss:	1048.501 (rec:63.595, round:984.906)	b=10.44	count=12500
06/14/2026 18:30:08 - INFO - qdiff.layer_recon -   Total loss:	956.870 (rec:67.038, round:889.832)	b=9.88	count=13000
06/14/2026 18:30:10 - INFO - qdiff.layer_recon -   Total loss:	880.542 (rec:66.384, round:814.158)	b=9.31	count=13500
06/14/2026 18:30:12 - INFO - qdiff.layer_recon -   Total loss:	813.027 (rec:65.640, round:747.387)	b=8.75	count=14000
06/14/2026 18:30:14 - INFO - qdiff.layer_recon -   Total loss:	755.471 (rec:72.349, round:683.122)	b=8.19	count=14500
06/14/2026 18:30:17 - INFO - qdiff.layer_recon -   Total loss:	678.853 (rec:66.586, round:612.267)	b=7.62	count=15000
06/14/2026 18:30:19 - INFO - qdiff.layer_recon -   Total loss:	637.819 (rec:65.778, round:572.041)	b=7.06	count=15500
06/14/2026 18:30:21 - INFO - qdiff.layer_recon -   Total loss:	548.972 (rec:68.348, round:480.624)	b=6.50	count=16000
06/14/2026 18:30:23 - INFO - qdiff.layer_recon -   Total loss:	472.755 (rec:65.591, round:407.164)	b=5.94	count=16500
06/14/2026 18:30:25 - INFO - qdiff.layer_recon -   Total loss:	446.747 (rec:75.748, round:370.999)	b=5.38	count=17000
06/14/2026 18:30:27 - INFO - qdiff.layer_recon -   Total loss:	339.649 (rec:71.488, round:268.161)	b=4.81	count=17500
06/14/2026 18:30:29 - INFO - qdiff.layer_recon -   Total loss:	307.864 (rec:73.058, round:234.806)	b=4.25	count=18000
06/14/2026 18:30:31 - INFO - qdiff.layer_recon -   Total loss:	241.972 (rec:76.261, round:165.711)	b=3.69	count=18500
06/14/2026 18:30:33 - INFO - qdiff.layer_recon -   Total loss:	135.057 (rec:69.233, round:65.824)	b=3.12	count=19000
06/14/2026 18:30:35 - INFO - qdiff.layer_recon -   Total loss:	82.556 (rec:63.047, round:19.509)	b=2.56	count=19500
06/14/2026 18:30:37 - INFO - qdiff.layer_recon -   Total loss:	68.210 (rec:68.210, round:0.000)	b=2.00	count=20000
06/14/2026 18:30:37 - INFO - __main__ -   norm_out False
06/14/2026 18:30:37 - INFO - __main__ -   conv_out False
06/14/2026 18:30:37 - INFO - __main__ -   Reconstruction for layer conv_out
06/14/2026 18:31:13 - INFO - qdiff.utils -   in shape: torch.Size([2000, 128, 32, 32])
06/14/2026 18:31:13 - INFO - qdiff.utils -   out shape: torch.Size([2000, 3, 32, 32])
06/14/2026 18:31:17 - INFO - qdiff.layer_recon -   Total loss:	13.000 (rec:0.000, round:13.000)	b=0.00	count=500
06/14/2026 18:31:20 - INFO - qdiff.layer_recon -   Total loss:	16.000 (rec:0.000, round:16.000)	b=0.00	count=1000
06/14/2026 18:31:23 - INFO - qdiff.layer_recon -   Total loss:	20.000 (rec:0.000, round:20.000)	b=0.00	count=1500
06/14/2026 18:31:27 - INFO - qdiff.layer_recon -   Total loss:	17.000 (rec:0.000, round:17.000)	b=0.00	count=2000
06/14/2026 18:31:30 - INFO - qdiff.layer_recon -   Total loss:	17.000 (rec:0.000, round:17.000)	b=0.00	count=2500
06/14/2026 18:31:33 - INFO - qdiff.layer_recon -   Total loss:	0.000 (rec:0.000, round:0.000)	b=0.00	count=3000
06/14/2026 18:31:37 - INFO - qdiff.layer_recon -   Total loss:	0.000 (rec:0.000, round:0.000)	b=0.00	count=3500
06/14/2026 18:31:40 - INFO - qdiff.layer_recon -   Total loss:	18.254 (rec:0.000, round:18.254)	b=20.00	count=4000
06/14/2026 18:31:44 - INFO - qdiff.layer_recon -   Total loss:	30.181 (rec:0.000, round:30.181)	b=19.44	count=4500
06/14/2026 18:31:47 - INFO - qdiff.layer_recon -   Total loss:	0.000 (rec:0.000, round:0.000)	b=18.88	count=5000
06/14/2026 18:31:51 - INFO - qdiff.layer_recon -   Total loss:	22.875 (rec:0.000, round:22.875)	b=18.31	count=5500
06/14/2026 18:31:55 - INFO - qdiff.layer_recon -   Total loss:	24.234 (rec:0.000, round:24.234)	b=17.75	count=6000
06/14/2026 18:31:58 - INFO - qdiff.layer_recon -   Total loss:	0.000 (rec:0.000, round:0.000)	b=17.19	count=6500
06/14/2026 18:32:02 - INFO - qdiff.layer_recon -   Total loss:	26.827 (rec:0.000, round:26.827)	b=16.62	count=7000
06/14/2026 18:32:05 - INFO - qdiff.layer_recon -   Total loss:	0.000 (rec:0.000, round:0.000)	b=16.06	count=7500
06/14/2026 18:32:09 - INFO - qdiff.layer_recon -   Total loss:	0.000 (rec:0.000, round:0.000)	b=15.50	count=8000
06/14/2026 18:32:13 - INFO - qdiff.layer_recon -   Total loss:	0.000 (rec:0.000, round:0.000)	b=14.94	count=8500
06/14/2026 18:32:16 - INFO - qdiff.layer_recon -   Total loss:	0.000 (rec:0.000, round:0.000)	b=14.38	count=9000
06/14/2026 18:32:20 - INFO - qdiff.layer_recon -   Total loss:	0.000 (rec:0.000, round:0.000)	b=13.81	count=9500
06/14/2026 18:32:24 - INFO - qdiff.layer_recon -   Total loss:	22.315 (rec:0.000, round:22.315)	b=13.25	count=10000
06/14/2026 18:32:27 - INFO - qdiff.layer_recon -   Total loss:	0.000 (rec:0.000, round:0.000)	b=12.69	count=10500
06/14/2026 18:32:31 - INFO - qdiff.layer_recon -   Total loss:	0.000 (rec:0.000, round:0.000)	b=12.12	count=11000
06/14/2026 18:32:34 - INFO - qdiff.layer_recon -   Total loss:	23.364 (rec:0.000, round:23.364)	b=11.56	count=11500
06/14/2026 18:32:38 - INFO - qdiff.layer_recon -   Total loss:	0.000 (rec:0.000, round:0.000)	b=11.00	count=12000
06/14/2026 18:32:42 - INFO - qdiff.layer_recon -   Total loss:	17.093 (rec:0.000, round:17.093)	b=10.44	count=12500
06/14/2026 18:32:45 - INFO - qdiff.layer_recon -   Total loss:	0.000 (rec:0.000, round:0.000)	b=9.88	count=13000
06/14/2026 18:32:49 - INFO - qdiff.layer_recon -   Total loss:	19.017 (rec:0.000, round:19.017)	b=9.31	count=13500
06/14/2026 18:32:53 - INFO - qdiff.layer_recon -   Total loss:	0.000 (rec:0.000, round:0.000)	b=8.75	count=14000
06/14/2026 18:32:56 - INFO - qdiff.layer_recon -   Total loss:	16.412 (rec:0.000, round:16.412)	b=8.19	count=14500
06/14/2026 18:33:00 - INFO - qdiff.layer_recon -   Total loss:	12.257 (rec:0.000, round:12.257)	b=7.62	count=15000
06/14/2026 18:33:03 - INFO - qdiff.layer_recon -   Total loss:	0.000 (rec:0.000, round:0.000)	b=7.06	count=15500
06/14/2026 18:33:07 - INFO - qdiff.layer_recon -   Total loss:	10.130 (rec:0.000, round:10.130)	b=6.50	count=16000
06/14/2026 18:33:11 - INFO - qdiff.layer_recon -   Total loss:	20.073 (rec:0.000, round:20.073)	b=5.94	count=16500
06/14/2026 18:33:14 - INFO - qdiff.layer_recon -   Total loss:	17.038 (rec:0.000, round:17.038)	b=5.38	count=17000
06/14/2026 18:33:18 - INFO - qdiff.layer_recon -   Total loss:	0.000 (rec:0.000, round:0.000)	b=4.81	count=17500
06/14/2026 18:33:22 - INFO - qdiff.layer_recon -   Total loss:	19.000 (rec:0.000, round:19.000)	b=4.25	count=18000
06/14/2026 18:33:25 - INFO - qdiff.layer_recon -   Total loss:	0.000 (rec:0.000, round:0.000)	b=3.69	count=18500
06/14/2026 18:33:29 - INFO - qdiff.layer_recon -   Total loss:	0.000 (rec:0.000, round:0.000)	b=3.12	count=19000
06/14/2026 18:33:33 - INFO - qdiff.layer_recon -   Total loss:	0.000 (rec:0.000, round:0.000)	b=2.56	count=19500
06/14/2026 18:33:36 - INFO - qdiff.layer_recon -   Total loss:	0.000 (rec:0.000, round:0.000)	b=2.00	count=20000
06/14/2026 18:33:36 - INFO - __main__ -   UNet model
06/14/2026 18:33:36 - INFO - __main__ -   Model(
  (temb): Module(
    (dense): ModuleList(
      (0): QuantModule(
        in_features=128, out_features=512, bias=True
        (weight_quantizer): AdaRoundQuantizer(bit=8, symmetric=False, round_mode=learned_hard_sigmoid)
        (act_quantizer): UniformAffineQuantizer(bit=8, scale_method=max, symmetric=True, channel_wise=False, leaf_param=True)
        (activation_function): StraightThrough()
      )
      (1): QuantModule(
        in_features=512, out_features=512, bias=True
        (weight_quantizer): AdaRoundQuantizer(bit=8, symmetric=False, round_mode=learned_hard_sigmoid)
        (act_quantizer): UniformAffineQuantizer(bit=8, scale_method=max, symmetric=True, channel_wise=False, leaf_param=True)
        (activation_function): StraightThrough()
      )
    )
  )
  (conv_in): QuantModule(
    3, 128, kernel_size=(3, 3), stride=(1, 1), padding=(1, 1)
    (weight_quantizer): AdaRoundQuantizer(bit=8, symmetric=False, round_mode=learned_hard_sigmoid)
    (act_quantizer): UniformAffineQuantizer(bit=8, scale_method=max, symmetric=True, channel_wise=False, leaf_param=True)
    (activation_function): StraightThrough()
  )
  (down): ModuleList(
    (0): Module(
      (block): ModuleList(
        (0-1): 2 x QuantResnetBlock(
          (act_quantizer): UniformAffineQuantizer(bit=8, scale_method=max, symmetric=True, channel_wise=False, leaf_param=True)
          (activation_function): StraightThrough()
          (norm1): GroupNorm(32, 128, eps=1e-06, affine=True)
          (conv1): QuantModule(
            128, 128, kernel_size=(3, 3), stride=(1, 1), padding=(1, 1)
            (weight_quantizer): AdaRoundQuantizer(bit=8, symmetric=False, round_mode=learned_hard_sigmoid)
            (act_quantizer): UniformAffineQuantizer(bit=8, scale_method=max, symmetric=True, channel_wise=False, leaf_param=True)
            (activation_function): StraightThrough()
          )
          (temb_proj): QuantModule(
            in_features=512, out_features=128, bias=True
            (weight_quantizer): AdaRoundQuantizer(bit=8, symmetric=False, round_mode=learned_hard_sigmoid)
            (act_quantizer): UniformAffineQuantizer(bit=8, scale_method=max, symmetric=True, channel_wise=False, leaf_param=True)
            (activation_function): StraightThrough()
          )
          (norm2): GroupNorm(32, 128, eps=1e-06, affine=True)
          (dropout): Dropout(p=0.1, inplace=False)
          (conv2): QuantModule(
            128, 128, kernel_size=(3, 3), stride=(1, 1), padding=(1, 1)
            (weight_quantizer): AdaRoundQuantizer(bit=8, symmetric=False, round_mode=learned_hard_sigmoid)
            (act_quantizer): UniformAffineQuantizer(bit=8, scale_method=max, symmetric=True, channel_wise=False, leaf_param=True)
            (activation_function): StraightThrough()
          )
        )
      )
      (attn): ModuleList()
      (downsample): Downsample(
        (conv): QuantModule(
          128, 128, kernel_size=(3, 3), stride=(2, 2)
          (weight_quantizer): AdaRoundQuantizer(bit=8, symmetric=False, round_mode=learned_hard_sigmoid)
          (act_quantizer): UniformAffineQuantizer(bit=8, scale_method=max, symmetric=True, channel_wise=False, leaf_param=True)
          (activation_function): StraightThrough()
        )
      )
    )
    (1): Module(
      (block): ModuleList(
        (0): QuantResnetBlock(
          (act_quantizer): UniformAffineQuantizer(bit=8, scale_method=max, symmetric=True, channel_wise=False, leaf_param=True)
          (activation_function): StraightThrough()
          (norm1): GroupNorm(32, 128, eps=1e-06, affine=True)
          (conv1): QuantModule(
            128, 256, kernel_size=(3, 3), stride=(1, 1), padding=(1, 1)
            (weight_quantizer): AdaRoundQuantizer(bit=8, symmetric=False, round_mode=learned_hard_sigmoid)
            (act_quantizer): UniformAffineQuantizer(bit=8, scale_method=max, symmetric=True, channel_wise=False, leaf_param=True)
            (activation_function): StraightThrough()
          )
          (temb_proj): QuantModule(
            in_features=512, out_features=256, bias=True
            (weight_quantizer): AdaRoundQuantizer(bit=8, symmetric=False, round_mode=learned_hard_sigmoid)
            (act_quantizer): UniformAffineQuantizer(bit=8, scale_method=max, symmetric=True, channel_wise=False, leaf_param=True)
            (activation_function): StraightThrough()
          )
          (norm2): GroupNorm(32, 256, eps=1e-06, affine=True)
          (dropout): Dropout(p=0.1, inplace=False)
          (conv2): QuantModule(
            256, 256, kernel_size=(3, 3), stride=(1, 1), padding=(1, 1)
            (weight_quantizer): AdaRoundQuantizer(bit=8, symmetric=False, round_mode=learned_hard_sigmoid)
            (act_quantizer): UniformAffineQuantizer(bit=8, scale_method=max, symmetric=True, channel_wise=False, leaf_param=True)
            (activation_function): StraightThrough()
          )
          (nin_shortcut): QuantModule(
            128, 256, kernel_size=(1, 1), stride=(1, 1)
            (weight_quantizer): AdaRoundQuantizer(bit=8, symmetric=False, round_mode=learned_hard_sigmoid)
            (act_quantizer): UniformAffineQuantizer(bit=8, scale_method=max, symmetric=True, channel_wise=False, leaf_param=True)
            (activation_function): StraightThrough()
          )
        )
        (1): QuantResnetBlock(
          (act_quantizer): UniformAffineQuantizer(bit=8, scale_method=max, symmetric=True, channel_wise=False, leaf_param=True)
          (activation_function): StraightThrough()
          (norm1): GroupNorm(32, 256, eps=1e-06, affine=True)
          (conv1): QuantModule(
            256, 256, kernel_size=(3, 3), stride=(1, 1), padding=(1, 1)
            (weight_quantizer): AdaRoundQuantizer(bit=8, symmetric=False, round_mode=learned_hard_sigmoid)
            (act_quantizer): UniformAffineQuantizer(bit=8, scale_method=max, symmetric=True, channel_wise=False, leaf_param=True)
            (activation_function): StraightThrough()
          )
          (temb_proj): QuantModule(
            in_features=512, out_features=256, bias=True
            (weight_quantizer): AdaRoundQuantizer(bit=8, symmetric=False, round_mode=learned_hard_sigmoid)
            (act_quantizer): UniformAffineQuantizer(bit=8, scale_method=max, symmetric=True, channel_wise=False, leaf_param=True)
            (activation_function): StraightThrough()
          )
          (norm2): GroupNorm(32, 256, eps=1e-06, affine=True)
          (dropout): Dropout(p=0.1, inplace=False)
          (conv2): QuantModule(
            256, 256, kernel_size=(3, 3), stride=(1, 1), padding=(1, 1)
            (weight_quantizer): AdaRoundQuantizer(bit=8, symmetric=False, round_mode=learned_hard_sigmoid)
            (act_quantizer): UniformAffineQuantizer(bit=8, scale_method=max, symmetric=True, channel_wise=False, leaf_param=True)
            (activation_function): StraightThrough()
          )
        )
      )
      (attn): ModuleList(
        (0-1): 2 x QuantAttnBlock(
          (act_quantizer): UniformAffineQuantizer(bit=8, scale_method=max, symmetric=True, channel_wise=False, leaf_param=True)
          (activation_function): StraightThrough()
          (norm): GroupNorm(32, 256, eps=1e-06, affine=True)
          (q): QuantModule(
            256, 256, kernel_size=(1, 1), stride=(1, 1)
            (weight_quantizer): AdaRoundQuantizer(bit=8, symmetric=False, round_mode=learned_hard_sigmoid)
            (act_quantizer): UniformAffineQuantizer(bit=8, scale_method=max, symmetric=True, channel_wise=False, leaf_param=True)
            (activation_function): StraightThrough()
          )
          (k): QuantModule(
            256, 256, kernel_size=(1, 1), stride=(1, 1)
            (weight_quantizer): AdaRoundQuantizer(bit=8, symmetric=False, round_mode=learned_hard_sigmoid)
            (act_quantizer): UniformAffineQuantizer(bit=8, scale_method=max, symmetric=True, channel_wise=False, leaf_param=True)
            (activation_function): StraightThrough()
          )
          (v): QuantModule(
            256, 256, kernel_size=(1, 1), stride=(1, 1)
            (weight_quantizer): AdaRoundQuantizer(bit=8, symmetric=False, round_mode=learned_hard_sigmoid)
            (act_quantizer): UniformAffineQuantizer(bit=8, scale_method=max, symmetric=True, channel_wise=False, leaf_param=True)
            (activation_function): StraightThrough()
          )
          (proj_out): QuantModule(
            256, 256, kernel_size=(1, 1), stride=(1, 1)
            (weight_quantizer): AdaRoundQuantizer(bit=8, symmetric=False, round_mode=learned_hard_sigmoid)
            (act_quantizer): UniformAffineQuantizer(bit=8, scale_method=max, symmetric=True, channel_wise=False, leaf_param=True)
            (activation_function): StraightThrough()
          )
          (act_quantizer_q): UniformAffineQuantizer(bit=8, scale_method=max, symmetric=True, channel_wise=False, leaf_param=True)
          (act_quantizer_k): UniformAffineQuantizer(bit=8, scale_method=max, symmetric=True, channel_wise=False, leaf_param=True)
          (act_quantizer_v): UniformAffineQuantizer(bit=8, scale_method=max, symmetric=True, channel_wise=False, leaf_param=True)
          (act_quantizer_w): UniformAffineQuantizer(bit=8, scale_method=max, symmetric=True, channel_wise=False, leaf_param=True)
        )
      )
      (downsample): Downsample(
        (conv): QuantModule(
          256, 256, kernel_size=(3, 3), stride=(2, 2)
          (weight_quantizer): AdaRoundQuantizer(bit=8, symmetric=False, round_mode=learned_hard_sigmoid)
          (act_quantizer): UniformAffineQuantizer(bit=8, scale_method=max, symmetric=True, channel_wise=False, leaf_param=True)
          (activation_function): StraightThrough()
        )
      )
    )
    (2): Module(
      (block): ModuleList(
        (0-1): 2 x QuantResnetBlock(
          (act_quantizer): UniformAffineQuantizer(bit=8, scale_method=max, symmetric=True, channel_wise=False, leaf_param=True)
          (activation_function): StraightThrough()
          (norm1): GroupNorm(32, 256, eps=1e-06, affine=True)
          (conv1): QuantModule(
            256, 256, kernel_size=(3, 3), stride=(1, 1), padding=(1, 1)
            (weight_quantizer): AdaRoundQuantizer(bit=8, symmetric=False, round_mode=learned_hard_sigmoid)
            (act_quantizer): UniformAffineQuantizer(bit=8, scale_method=max, symmetric=True, channel_wise=False, leaf_param=True)
            (activation_function): StraightThrough()
          )
          (temb_proj): QuantModule(
            in_features=512, out_features=256, bias=True
            (weight_quantizer): AdaRoundQuantizer(bit=8, symmetric=False, round_mode=learned_hard_sigmoid)
            (act_quantizer): UniformAffineQuantizer(bit=8, scale_method=max, symmetric=True, channel_wise=False, leaf_param=True)
            (activation_function): StraightThrough()
          )
          (norm2): GroupNorm(32, 256, eps=1e-06, affine=True)
          (dropout): Dropout(p=0.1, inplace=False)
          (conv2): QuantModule(
            256, 256, kernel_size=(3, 3), stride=(1, 1), padding=(1, 1)
            (weight_quantizer): AdaRoundQuantizer(bit=8, symmetric=False, round_mode=learned_hard_sigmoid)
            (act_quantizer): UniformAffineQuantizer(bit=8, scale_method=max, symmetric=True, channel_wise=False, leaf_param=True)
            (activation_function): StraightThrough()
          )
        )
      )
      (attn): ModuleList()
      (downsample): Downsample(
        (conv): QuantModule(
          256, 256, kernel_size=(3, 3), stride=(2, 2)
          (weight_quantizer): AdaRoundQuantizer(bit=8, symmetric=False, round_mode=learned_hard_sigmoid)
          (act_quantizer): UniformAffineQuantizer(bit=8, scale_method=max, symmetric=True, channel_wise=False, leaf_param=True)
          (activation_function): StraightThrough()
        )
      )
    )
    (3): Module(
      (block): ModuleList(
        (0-1): 2 x QuantResnetBlock(
          (act_quantizer): UniformAffineQuantizer(bit=8, scale_method=max, symmetric=True, channel_wise=False, leaf_param=True)
          (activation_function): StraightThrough()
          (norm1): GroupNorm(32, 256, eps=1e-06, affine=True)
          (conv1): QuantModule(
            256, 256, kernel_size=(3, 3), stride=(1, 1), padding=(1, 1)
            (weight_quantizer): AdaRoundQuantizer(bit=8, symmetric=False, round_mode=learned_hard_sigmoid)
            (act_quantizer): UniformAffineQuantizer(bit=8, scale_method=max, symmetric=True, channel_wise=False, leaf_param=True)
            (activation_function): StraightThrough()
          )
          (temb_proj): QuantModule(
            in_features=512, out_features=256, bias=True
            (weight_quantizer): AdaRoundQuantizer(bit=8, symmetric=False, round_mode=learned_hard_sigmoid)
            (act_quantizer): UniformAffineQuantizer(bit=8, scale_method=max, symmetric=True, channel_wise=False, leaf_param=True)
            (activation_function): StraightThrough()
          )
          (norm2): GroupNorm(32, 256, eps=1e-06, affine=True)
          (dropout): Dropout(p=0.1, inplace=False)
          (conv2): QuantModule(
            256, 256, kernel_size=(3, 3), stride=(1, 1), padding=(1, 1)
            (weight_quantizer): AdaRoundQuantizer(bit=8, symmetric=False, round_mode=learned_hard_sigmoid)
            (act_quantizer): UniformAffineQuantizer(bit=8, scale_method=max, symmetric=True, channel_wise=False, leaf_param=True)
            (activation_function): StraightThrough()
          )
        )
      )
      (attn): ModuleList()
    )
  )
  (mid): Module(
    (block_1): QuantResnetBlock(
      (act_quantizer): UniformAffineQuantizer(bit=8, scale_method=max, symmetric=True, channel_wise=False, leaf_param=True)
      (activation_function): StraightThrough()
      (norm1): GroupNorm(32, 256, eps=1e-06, affine=True)
      (conv1): QuantModule(
        256, 256, kernel_size=(3, 3), stride=(1, 1), padding=(1, 1)
        (weight_quantizer): AdaRoundQuantizer(bit=8, symmetric=False, round_mode=learned_hard_sigmoid)
        (act_quantizer): UniformAffineQuantizer(bit=8, scale_method=max, symmetric=True, channel_wise=False, leaf_param=True)
        (activation_function): StraightThrough()
      )
      (temb_proj): QuantModule(
        in_features=512, out_features=256, bias=True
        (weight_quantizer): AdaRoundQuantizer(bit=8, symmetric=False, round_mode=learned_hard_sigmoid)
        (act_quantizer): UniformAffineQuantizer(bit=8, scale_method=max, symmetric=True, channel_wise=False, leaf_param=True)
        (activation_function): StraightThrough()
      )
      (norm2): GroupNorm(32, 256, eps=1e-06, affine=True)
      (dropout): Dropout(p=0.1, inplace=False)
      (conv2): QuantModule(
        256, 256, kernel_size=(3, 3), stride=(1, 1), padding=(1, 1)
        (weight_quantizer): AdaRoundQuantizer(bit=8, symmetric=False, round_mode=learned_hard_sigmoid)
        (act_quantizer): UniformAffineQuantizer(bit=8, scale_method=max, symmetric=True, channel_wise=False, leaf_param=True)
        (activation_function): StraightThrough()
      )
    )
    (attn_1): QuantAttnBlock(
      (act_quantizer): UniformAffineQuantizer(bit=8, scale_method=max, symmetric=True, channel_wise=False, leaf_param=True)
      (activation_function): StraightThrough()
      (norm): GroupNorm(32, 256, eps=1e-06, affine=True)
      (q): QuantModule(
        256, 256, kernel_size=(1, 1), stride=(1, 1)
        (weight_quantizer): AdaRoundQuantizer(bit=8, symmetric=False, round_mode=learned_hard_sigmoid)
        (act_quantizer): UniformAffineQuantizer(bit=8, scale_method=max, symmetric=True, channel_wise=False, leaf_param=True)
        (activation_function): StraightThrough()
      )
      (k): QuantModule(
        256, 256, kernel_size=(1, 1), stride=(1, 1)
        (weight_quantizer): AdaRoundQuantizer(bit=8, symmetric=False, round_mode=learned_hard_sigmoid)
        (act_quantizer): UniformAffineQuantizer(bit=8, scale_method=max, symmetric=True, channel_wise=False, leaf_param=True)
        (activation_function): StraightThrough()
      )
      (v): QuantModule(
        256, 256, kernel_size=(1, 1), stride=(1, 1)
        (weight_quantizer): AdaRoundQuantizer(bit=8, symmetric=False, round_mode=learned_hard_sigmoid)
        (act_quantizer): UniformAffineQuantizer(bit=8, scale_method=max, symmetric=True, channel_wise=False, leaf_param=True)
        (activation_function): StraightThrough()
      )
      (proj_out): QuantModule(
        256, 256, kernel_size=(1, 1), stride=(1, 1)
        (weight_quantizer): AdaRoundQuantizer(bit=8, symmetric=False, round_mode=learned_hard_sigmoid)
        (act_quantizer): UniformAffineQuantizer(bit=8, scale_method=max, symmetric=True, channel_wise=False, leaf_param=True)
        (activation_function): StraightThrough()
      )
      (act_quantizer_q): UniformAffineQuantizer(bit=8, scale_method=max, symmetric=True, channel_wise=False, leaf_param=True)
      (act_quantizer_k): UniformAffineQuantizer(bit=8, scale_method=max, symmetric=True, channel_wise=False, leaf_param=True)
      (act_quantizer_v): UniformAffineQuantizer(bit=8, scale_method=max, symmetric=True, channel_wise=False, leaf_param=True)
      (act_quantizer_w): UniformAffineQuantizer(bit=8, scale_method=max, symmetric=True, channel_wise=False, leaf_param=True)
    )
    (block_2): QuantResnetBlock(
      (act_quantizer): UniformAffineQuantizer(bit=8, scale_method=max, symmetric=True, channel_wise=False, leaf_param=True)
      (activation_function): StraightThrough()
      (norm1): GroupNorm(32, 256, eps=1e-06, affine=True)
      (conv1): QuantModule(
        256, 256, kernel_size=(3, 3), stride=(1, 1), padding=(1, 1)
        (weight_quantizer): AdaRoundQuantizer(bit=8, symmetric=False, round_mode=learned_hard_sigmoid)
        (act_quantizer): UniformAffineQuantizer(bit=8, scale_method=max, symmetric=True, channel_wise=False, leaf_param=True)
        (activation_function): StraightThrough()
      )
      (temb_proj): QuantModule(
        in_features=512, out_features=256, bias=True
        (weight_quantizer): AdaRoundQuantizer(bit=8, symmetric=False, round_mode=learned_hard_sigmoid)
        (act_quantizer): UniformAffineQuantizer(bit=8, scale_method=max, symmetric=True, channel_wise=False, leaf_param=True)
        (activation_function): StraightThrough()
      )
      (norm2): GroupNorm(32, 256, eps=1e-06, affine=True)
      (dropout): Dropout(p=0.1, inplace=False)
      (conv2): QuantModule(
        256, 256, kernel_size=(3, 3), stride=(1, 1), padding=(1, 1)
        (weight_quantizer): AdaRoundQuantizer(bit=8, symmetric=False, round_mode=learned_hard_sigmoid)
        (act_quantizer): UniformAffineQuantizer(bit=8, scale_method=max, symmetric=True, channel_wise=False, leaf_param=True)
        (activation_function): StraightThrough()
      )
    )
  )
  (up): ModuleList(
    (0): Module(
      (block): ModuleList(
        (0): QuantResnetBlock(
          (act_quantizer): UniformAffineQuantizer(bit=8, scale_method=max, symmetric=True, channel_wise=False, leaf_param=True)
          (activation_function): StraightThrough()
          (norm1): GroupNorm(32, 384, eps=1e-06, affine=True)
          (conv1): QuantModule(
            384, 128, kernel_size=(3, 3), stride=(1, 1), padding=(1, 1)
            (weight_quantizer): AdaRoundQuantizer(bit=8, symmetric=False, round_mode=learned_hard_sigmoid)
            (act_quantizer): UniformAffineQuantizer(bit=8, scale_method=max, symmetric=True, channel_wise=False, leaf_param=True)
            (activation_function): StraightThrough()
          )
          (temb_proj): QuantModule(
            in_features=512, out_features=128, bias=True
            (weight_quantizer): AdaRoundQuantizer(bit=8, symmetric=False, round_mode=learned_hard_sigmoid)
            (act_quantizer): UniformAffineQuantizer(bit=8, scale_method=max, symmetric=True, channel_wise=False, leaf_param=True)
            (activation_function): StraightThrough()
          )
          (norm2): GroupNorm(32, 128, eps=1e-06, affine=True)
          (dropout): Dropout(p=0.1, inplace=False)
          (conv2): QuantModule(
            128, 128, kernel_size=(3, 3), stride=(1, 1), padding=(1, 1)
            (weight_quantizer): AdaRoundQuantizer(bit=8, symmetric=False, round_mode=learned_hard_sigmoid)
            (act_quantizer): UniformAffineQuantizer(bit=8, scale_method=max, symmetric=True, channel_wise=False, leaf_param=True)
            (activation_function): StraightThrough()
          )
          (nin_shortcut): QuantModule(
            384, 128, kernel_size=(1, 1), stride=(1, 1)
            (weight_quantizer): AdaRoundQuantizer(bit=8, symmetric=False, round_mode=learned_hard_sigmoid)
            (act_quantizer): UniformAffineQuantizer(bit=8, scale_method=max, symmetric=True, channel_wise=False, leaf_param=True)
            (activation_function): StraightThrough()
            (weight_quantizer_0): AdaRoundQuantizer(bit=8, symmetric=False, round_mode=learned_hard_sigmoid)
            (act_quantizer_0): UniformAffineQuantizer(bit=8, scale_method=max, symmetric=True, channel_wise=False, leaf_param=True)
          )
        )
        (1-2): 2 x QuantResnetBlock(
          (act_quantizer): UniformAffineQuantizer(bit=8, scale_method=max, symmetric=True, channel_wise=False, leaf_param=True)
          (activation_function): StraightThrough()
          (norm1): GroupNorm(32, 256, eps=1e-06, affine=True)
          (conv1): QuantModule(
            256, 128, kernel_size=(3, 3), stride=(1, 1), padding=(1, 1)
            (weight_quantizer): AdaRoundQuantizer(bit=8, symmetric=False, round_mode=learned_hard_sigmoid)
            (act_quantizer): UniformAffineQuantizer(bit=8, scale_method=max, symmetric=True, channel_wise=False, leaf_param=True)
            (activation_function): StraightThrough()
          )
          (temb_proj): QuantModule(
            in_features=512, out_features=128, bias=True
            (weight_quantizer): AdaRoundQuantizer(bit=8, symmetric=False, round_mode=learned_hard_sigmoid)
            (act_quantizer): UniformAffineQuantizer(bit=8, scale_method=max, symmetric=True, channel_wise=False, leaf_param=True)
            (activation_function): StraightThrough()
          )
          (norm2): GroupNorm(32, 128, eps=1e-06, affine=True)
          (dropout): Dropout(p=0.1, inplace=False)
          (conv2): QuantModule(
            128, 128, kernel_size=(3, 3), stride=(1, 1), padding=(1, 1)
            (weight_quantizer): AdaRoundQuantizer(bit=8, symmetric=False, round_mode=learned_hard_sigmoid)
            (act_quantizer): UniformAffineQuantizer(bit=8, scale_method=max, symmetric=True, channel_wise=False, leaf_param=True)
            (activation_function): StraightThrough()
          )
          (nin_shortcut): QuantModule(
            256, 128, kernel_size=(1, 1), stride=(1, 1)
            (weight_quantizer): AdaRoundQuantizer(bit=8, symmetric=False, round_mode=learned_hard_sigmoid)
            (act_quantizer): UniformAffineQuantizer(bit=8, scale_method=max, symmetric=True, channel_wise=False, leaf_param=True)
            (activation_function): StraightThrough()
            (weight_quantizer_0): AdaRoundQuantizer(bit=8, symmetric=False, round_mode=learned_hard_sigmoid)
            (act_quantizer_0): UniformAffineQuantizer(bit=8, scale_method=max, symmetric=True, channel_wise=False, leaf_param=True)
          )
        )
      )
      (attn): ModuleList()
    )
    (1): Module(
      (block): ModuleList(
        (0-1): 2 x QuantResnetBlock(
          (act_quantizer): UniformAffineQuantizer(bit=8, scale_method=max, symmetric=True, channel_wise=False, leaf_param=True)
          (activation_function): StraightThrough()
          (norm1): GroupNorm(32, 512, eps=1e-06, affine=True)
          (conv1): QuantModule(
            512, 256, kernel_size=(3, 3), stride=(1, 1), padding=(1, 1)
            (weight_quantizer): AdaRoundQuantizer(bit=8, symmetric=False, round_mode=learned_hard_sigmoid)
            (act_quantizer): UniformAffineQuantizer(bit=8, scale_method=max, symmetric=True, channel_wise=False, leaf_param=True)
            (activation_function): StraightThrough()
          )
          (temb_proj): QuantModule(
            in_features=512, out_features=256, bias=True
            (weight_quantizer): AdaRoundQuantizer(bit=8, symmetric=False, round_mode=learned_hard_sigmoid)
            (act_quantizer): UniformAffineQuantizer(bit=8, scale_method=max, symmetric=True, channel_wise=False, leaf_param=True)
            (activation_function): StraightThrough()
          )
          (norm2): GroupNorm(32, 256, eps=1e-06, affine=True)
          (dropout): Dropout(p=0.1, inplace=False)
          (conv2): QuantModule(
            256, 256, kernel_size=(3, 3), stride=(1, 1), padding=(1, 1)
            (weight_quantizer): AdaRoundQuantizer(bit=8, symmetric=False, round_mode=learned_hard_sigmoid)
            (act_quantizer): UniformAffineQuantizer(bit=8, scale_method=max, symmetric=True, channel_wise=False, leaf_param=True)
            (activation_function): StraightThrough()
          )
          (nin_shortcut): QuantModule(
            512, 256, kernel_size=(1, 1), stride=(1, 1)
            (weight_quantizer): AdaRoundQuantizer(bit=8, symmetric=False, round_mode=learned_hard_sigmoid)
            (act_quantizer): UniformAffineQuantizer(bit=8, scale_method=max, symmetric=True, channel_wise=False, leaf_param=True)
            (activation_function): StraightThrough()
            (weight_quantizer_0): AdaRoundQuantizer(bit=8, symmetric=False, round_mode=learned_hard_sigmoid)
            (act_quantizer_0): UniformAffineQuantizer(bit=8, scale_method=max, symmetric=True, channel_wise=False, leaf_param=True)
          )
        )
        (2): QuantResnetBlock(
          (act_quantizer): UniformAffineQuantizer(bit=8, scale_method=max, symmetric=True, channel_wise=False, leaf_param=True)
          (activation_function): StraightThrough()
          (norm1): GroupNorm(32, 384, eps=1e-06, affine=True)
          (conv1): QuantModule(
            384, 256, kernel_size=(3, 3), stride=(1, 1), padding=(1, 1)
            (weight_quantizer): AdaRoundQuantizer(bit=8, symmetric=False, round_mode=learned_hard_sigmoid)
            (act_quantizer): UniformAffineQuantizer(bit=8, scale_method=max, symmetric=True, channel_wise=False, leaf_param=True)
            (activation_function): StraightThrough()
          )
          (temb_proj): QuantModule(
            in_features=512, out_features=256, bias=True
            (weight_quantizer): AdaRoundQuantizer(bit=8, symmetric=False, round_mode=learned_hard_sigmoid)
            (act_quantizer): UniformAffineQuantizer(bit=8, scale_method=max, symmetric=True, channel_wise=False, leaf_param=True)
            (activation_function): StraightThrough()
          )
          (norm2): GroupNorm(32, 256, eps=1e-06, affine=True)
          (dropout): Dropout(p=0.1, inplace=False)
          (conv2): QuantModule(
            256, 256, kernel_size=(3, 3), stride=(1, 1), padding=(1, 1)
            (weight_quantizer): AdaRoundQuantizer(bit=8, symmetric=False, round_mode=learned_hard_sigmoid)
            (act_quantizer): UniformAffineQuantizer(bit=8, scale_method=max, symmetric=True, channel_wise=False, leaf_param=True)
            (activation_function): StraightThrough()
          )
          (nin_shortcut): QuantModule(
            384, 256, kernel_size=(1, 1), stride=(1, 1)
            (weight_quantizer): AdaRoundQuantizer(bit=8, symmetric=False, round_mode=learned_hard_sigmoid)
            (act_quantizer): UniformAffineQuantizer(bit=8, scale_method=max, symmetric=True, channel_wise=False, leaf_param=True)
            (activation_function): StraightThrough()
            (weight_quantizer_0): AdaRoundQuantizer(bit=8, symmetric=False, round_mode=learned_hard_sigmoid)
            (act_quantizer_0): UniformAffineQuantizer(bit=8, scale_method=max, symmetric=True, channel_wise=False, leaf_param=True)
          )
        )
      )
      (attn): ModuleList(
        (0-2): 3 x QuantAttnBlock(
          (act_quantizer): UniformAffineQuantizer(bit=8, scale_method=max, symmetric=True, channel_wise=False, leaf_param=True)
          (activation_function): StraightThrough()
          (norm): GroupNorm(32, 256, eps=1e-06, affine=True)
          (q): QuantModule(
            256, 256, kernel_size=(1, 1), stride=(1, 1)
            (weight_quantizer): AdaRoundQuantizer(bit=8, symmetric=False, round_mode=learned_hard_sigmoid)
            (act_quantizer): UniformAffineQuantizer(bit=8, scale_method=max, symmetric=True, channel_wise=False, leaf_param=True)
            (activation_function): StraightThrough()
          )
          (k): QuantModule(
            256, 256, kernel_size=(1, 1), stride=(1, 1)
            (weight_quantizer): AdaRoundQuantizer(bit=8, symmetric=False, round_mode=learned_hard_sigmoid)
            (act_quantizer): UniformAffineQuantizer(bit=8, scale_method=max, symmetric=True, channel_wise=False, leaf_param=True)
            (activation_function): StraightThrough()
          )
          (v): QuantModule(
            256, 256, kernel_size=(1, 1), stride=(1, 1)
            (weight_quantizer): AdaRoundQuantizer(bit=8, symmetric=False, round_mode=learned_hard_sigmoid)
            (act_quantizer): UniformAffineQuantizer(bit=8, scale_method=max, symmetric=True, channel_wise=False, leaf_param=True)
            (activation_function): StraightThrough()
          )
          (proj_out): QuantModule(
            256, 256, kernel_size=(1, 1), stride=(1, 1)
            (weight_quantizer): AdaRoundQuantizer(bit=8, symmetric=False, round_mode=learned_hard_sigmoid)
            (act_quantizer): UniformAffineQuantizer(bit=8, scale_method=max, symmetric=True, channel_wise=False, leaf_param=True)
            (activation_function): StraightThrough()
          )
          (act_quantizer_q): UniformAffineQuantizer(bit=8, scale_method=max, symmetric=True, channel_wise=False, leaf_param=True)
          (act_quantizer_k): UniformAffineQuantizer(bit=8, scale_method=max, symmetric=True, channel_wise=False, leaf_param=True)
          (act_quantizer_v): UniformAffineQuantizer(bit=8, scale_method=max, symmetric=True, channel_wise=False, leaf_param=True)
          (act_quantizer_w): UniformAffineQuantizer(bit=8, scale_method=max, symmetric=True, channel_wise=False, leaf_param=True)
        )
      )
      (upsample): Upsample(
        (conv): QuantModule(
          256, 256, kernel_size=(3, 3), stride=(1, 1), padding=(1, 1)
          (weight_quantizer): AdaRoundQuantizer(bit=8, symmetric=False, round_mode=learned_hard_sigmoid)
          (act_quantizer): UniformAffineQuantizer(bit=8, scale_method=max, symmetric=True, channel_wise=False, leaf_param=True)
          (activation_function): StraightThrough()
        )
      )
    )
    (2-3): 2 x Module(
      (block): ModuleList(
        (0-2): 3 x QuantResnetBlock(
          (act_quantizer): UniformAffineQuantizer(bit=8, scale_method=max, symmetric=True, channel_wise=False, leaf_param=True)
          (activation_function): StraightThrough()
          (norm1): GroupNorm(32, 512, eps=1e-06, affine=True)
          (conv1): QuantModule(
            512, 256, kernel_size=(3, 3), stride=(1, 1), padding=(1, 1)
            (weight_quantizer): AdaRoundQuantizer(bit=8, symmetric=False, round_mode=learned_hard_sigmoid)
            (act_quantizer): UniformAffineQuantizer(bit=8, scale_method=max, symmetric=True, channel_wise=False, leaf_param=True)
            (activation_function): StraightThrough()
          )
          (temb_proj): QuantModule(
            in_features=512, out_features=256, bias=True
            (weight_quantizer): AdaRoundQuantizer(bit=8, symmetric=False, round_mode=learned_hard_sigmoid)
            (act_quantizer): UniformAffineQuantizer(bit=8, scale_method=max, symmetric=True, channel_wise=False, leaf_param=True)
            (activation_function): StraightThrough()
          )
          (norm2): GroupNorm(32, 256, eps=1e-06, affine=True)
          (dropout): Dropout(p=0.1, inplace=False)
          (conv2): QuantModule(
            256, 256, kernel_size=(3, 3), stride=(1, 1), padding=(1, 1)
            (weight_quantizer): AdaRoundQuantizer(bit=8, symmetric=False, round_mode=learned_hard_sigmoid)
            (act_quantizer): UniformAffineQuantizer(bit=8, scale_method=max, symmetric=True, channel_wise=False, leaf_param=True)
            (activation_function): StraightThrough()
          )
          (nin_shortcut): QuantModule(
            512, 256, kernel_size=(1, 1), stride=(1, 1)
            (weight_quantizer): AdaRoundQuantizer(bit=8, symmetric=False, round_mode=learned_hard_sigmoid)
            (act_quantizer): UniformAffineQuantizer(bit=8, scale_method=max, symmetric=True, channel_wise=False, leaf_param=True)
            (activation_function): StraightThrough()
            (weight_quantizer_0): AdaRoundQuantizer(bit=8, symmetric=False, round_mode=learned_hard_sigmoid)
            (act_quantizer_0): UniformAffineQuantizer(bit=8, scale_method=max, symmetric=True, channel_wise=False, leaf_param=True)
          )
        )
      )
      (attn): ModuleList()
      (upsample): Upsample(
        (conv): QuantModule(
          256, 256, kernel_size=(3, 3), stride=(1, 1), padding=(1, 1)
          (weight_quantizer): AdaRoundQuantizer(bit=8, symmetric=False, round_mode=learned_hard_sigmoid)
          (act_quantizer): UniformAffineQuantizer(bit=8, scale_method=max, symmetric=True, channel_wise=False, leaf_param=True)
          (activation_function): StraightThrough()
        )
      )
    )
  )
  (norm_out): GroupNorm(32, 128, eps=1e-06, affine=True)
  (conv_out): QuantModule(
    128, 3, kernel_size=(3, 3), stride=(1, 1), padding=(1, 1)
    (weight_quantizer): AdaRoundQuantizer(bit=8, symmetric=False, round_mode=learned_hard_sigmoid)
    (act_quantizer): UniformAffineQuantizer(bit=8, scale_method=max, symmetric=True, channel_wise=False, leaf_param=True)
    (activation_function): StraightThrough()
  )
)
06/14/2026 18:33:36 - INFO - __main__ -   第二阶段：激活量化（使用组1的max_avg）
06/14/2026 18:33:37 - INFO - __main__ -   model False
06/14/2026 18:33:37 - INFO - __main__ -   temb False
06/14/2026 18:33:37 - INFO - __main__ -   dense False
06/14/2026 18:33:37 - INFO - __main__ -   0 False
06/14/2026 18:33:37 - INFO - __main__ -   Reconstruction for layer 0
06/14/2026 18:33:42 - INFO - qdiff.utils -   in shape: torch.Size([2000, 128])
06/14/2026 18:33:42 - INFO - qdiff.utils -   out shape: torch.Size([2000, 512])
06/14/2026 18:33:44 - INFO - qdiff.layer_recon -   Total loss:	0.000 (rec:0.000, round:0.000)	b=0.00	count=500
06/14/2026 18:33:45 - INFO - qdiff.layer_recon -   Total loss:	0.000 (rec:0.000, round:0.000)	b=0.00	count=1000
06/14/2026 18:33:46 - INFO - qdiff.layer_recon -   Total loss:	0.000 (rec:0.000, round:0.000)	b=0.00	count=1500
06/14/2026 18:33:48 - INFO - qdiff.layer_recon -   Total loss:	0.000 (rec:0.000, round:0.000)	b=0.00	count=2000
06/14/2026 18:33:49 - INFO - qdiff.layer_recon -   Total loss:	0.000 (rec:0.000, round:0.000)	b=0.00	count=2500
06/14/2026 18:33:51 - INFO - qdiff.layer_recon -   Total loss:	0.000 (rec:0.000, round:0.000)	b=0.00	count=3000
06/14/2026 18:33:52 - INFO - qdiff.layer_recon -   Total loss:	0.000 (rec:0.000, round:0.000)	b=0.00	count=3500
06/14/2026 18:33:54 - INFO - qdiff.layer_recon -   Total loss:	0.000 (rec:0.000, round:0.000)	b=0.00	count=4000
06/14/2026 18:33:55 - INFO - qdiff.layer_recon -   Total loss:	0.000 (rec:0.000, round:0.000)	b=0.00	count=4500
06/14/2026 18:33:56 - INFO - qdiff.layer_recon -   Total loss:	0.000 (rec:0.000, round:0.000)	b=0.00	count=5000
06/14/2026 18:33:56 - INFO - __main__ -   1 False
06/14/2026 18:33:56 - INFO - __main__ -   Reconstruction for layer 1
06/14/2026 18:34:03 - INFO - qdiff.utils -   in shape: torch.Size([2000, 512])
06/14/2026 18:34:03 - INFO - qdiff.utils -   out shape: torch.Size([2000, 512])
06/14/2026 18:34:04 - INFO - qdiff.layer_recon -   Total loss:	0.006 (rec:0.006, round:0.000)	b=0.00	count=500
06/14/2026 18:34:06 - INFO - qdiff.layer_recon -   Total loss:	0.005 (rec:0.005, round:0.000)	b=0.00	count=1000
06/14/2026 18:34:07 - INFO - qdiff.layer_recon -   Total loss:	0.006 (rec:0.006, round:0.000)	b=0.00	count=1500
06/14/2026 18:34:08 - INFO - qdiff.layer_recon -   Total loss:	0.006 (rec:0.006, round:0.000)	b=0.00	count=2000
06/14/2026 18:34:10 - INFO - qdiff.layer_recon -   Total loss:	0.006 (rec:0.006, round:0.000)	b=0.00	count=2500
06/14/2026 18:34:11 - INFO - qdiff.layer_recon -   Total loss:	0.006 (rec:0.006, round:0.000)	b=0.00	count=3000
06/14/2026 18:34:13 - INFO - qdiff.layer_recon -   Total loss:	0.006 (rec:0.006, round:0.000)	b=0.00	count=3500
06/14/2026 18:34:14 - INFO - qdiff.layer_recon -   Total loss:	0.006 (rec:0.006, round:0.000)	b=0.00	count=4000
06/14/2026 18:34:15 - INFO - qdiff.layer_recon -   Total loss:	0.006 (rec:0.006, round:0.000)	b=0.00	count=4500
06/14/2026 18:34:17 - INFO - qdiff.layer_recon -   Total loss:	0.006 (rec:0.006, round:0.000)	b=0.00	count=5000
06/14/2026 18:34:17 - INFO - __main__ -   conv_in False
06/14/2026 18:34:17 - INFO - __main__ -   Reconstruction for layer conv_in
06/14/2026 18:34:24 - INFO - qdiff.utils -   in shape: torch.Size([2000, 3, 32, 32])
06/14/2026 18:34:24 - INFO - qdiff.utils -   out shape: torch.Size([2000, 128, 32, 32])
06/14/2026 18:34:28 - INFO - qdiff.layer_recon -   Total loss:	0.004 (rec:0.004, round:0.000)	b=0.00	count=500
06/14/2026 18:34:32 - INFO - qdiff.layer_recon -   Total loss:	0.006 (rec:0.006, round:0.000)	b=0.00	count=1000
06/14/2026 18:34:35 - INFO - qdiff.layer_recon -   Total loss:	0.004 (rec:0.004, round:0.000)	b=0.00	count=1500
06/14/2026 18:34:39 - INFO - qdiff.layer_recon -   Total loss:	0.004 (rec:0.004, round:0.000)	b=0.00	count=2000
06/14/2026 18:34:43 - INFO - qdiff.layer_recon -   Total loss:	0.004 (rec:0.004, round:0.000)	b=0.00	count=2500
06/14/2026 18:34:46 - INFO - qdiff.layer_recon -   Total loss:	0.004 (rec:0.004, round:0.000)	b=0.00	count=3000
06/14/2026 18:34:50 - INFO - qdiff.layer_recon -   Total loss:	0.004 (rec:0.004, round:0.000)	b=0.00	count=3500
06/14/2026 18:34:54 - INFO - qdiff.layer_recon -   Total loss:	0.004 (rec:0.004, round:0.000)	b=0.00	count=4000
06/14/2026 18:34:57 - INFO - qdiff.layer_recon -   Total loss:	0.004 (rec:0.004, round:0.000)	b=0.00	count=4500
06/14/2026 18:35:01 - INFO - qdiff.layer_recon -   Total loss:	0.005 (rec:0.005, round:0.000)	b=0.00	count=5000
06/14/2026 18:35:01 - INFO - __main__ -   down False
06/14/2026 18:35:01 - INFO - __main__ -   0 False
06/14/2026 18:35:01 - INFO - __main__ -   block False
06/14/2026 18:35:01 - INFO - __main__ -   0 True
06/14/2026 18:35:01 - INFO - __main__ -   Reconstruction for block 0
06/14/2026 18:35:09 - INFO - qdiff.utils -   in 1 shape: torch.Size([2000, 128, 32, 32]), in 2 shape: torch.Size([2000, 512])
06/14/2026 18:35:09 - INFO - qdiff.utils -   out shape: torch.Size([2000, 128, 32, 32])
06/14/2026 18:35:18 - INFO - qdiff.block_recon -   Total loss:	0.806 (rec:0.806, round:0.000)	b=0.00	count=500
06/14/2026 18:35:26 - INFO - qdiff.block_recon -   Total loss:	0.816 (rec:0.816, round:0.000)	b=0.00	count=1000
06/14/2026 18:35:35 - INFO - qdiff.block_recon -   Total loss:	0.801 (rec:0.801, round:0.000)	b=0.00	count=1500
06/14/2026 18:35:43 - INFO - qdiff.block_recon -   Total loss:	0.812 (rec:0.812, round:0.000)	b=0.00	count=2000
06/14/2026 18:35:52 - INFO - qdiff.block_recon -   Total loss:	0.896 (rec:0.896, round:0.000)	b=0.00	count=2500
06/14/2026 18:36:01 - INFO - qdiff.block_recon -   Total loss:	0.734 (rec:0.734, round:0.000)	b=0.00	count=3000
06/14/2026 18:36:09 - INFO - qdiff.block_recon -   Total loss:	0.904 (rec:0.904, round:0.000)	b=0.00	count=3500
06/14/2026 18:36:18 - INFO - qdiff.block_recon -   Total loss:	0.822 (rec:0.822, round:0.000)	b=0.00	count=4000
06/14/2026 18:36:26 - INFO - qdiff.block_recon -   Total loss:	0.958 (rec:0.958, round:0.000)	b=0.00	count=4500
06/14/2026 18:36:35 - INFO - qdiff.block_recon -   Total loss:	0.734 (rec:0.734, round:0.000)	b=0.00	count=5000
06/14/2026 18:36:35 - INFO - __main__ -   1 True
06/14/2026 18:36:35 - INFO - __main__ -   Reconstruction for block 1
06/14/2026 18:36:43 - INFO - qdiff.utils -   in 1 shape: torch.Size([2000, 128, 32, 32]), in 2 shape: torch.Size([2000, 512])
06/14/2026 18:36:43 - INFO - qdiff.utils -   out shape: torch.Size([2000, 128, 32, 32])
06/14/2026 18:36:52 - INFO - qdiff.block_recon -   Total loss:	1.483 (rec:1.483, round:0.000)	b=0.00	count=500
06/14/2026 18:37:01 - INFO - qdiff.block_recon -   Total loss:	1.481 (rec:1.481, round:0.000)	b=0.00	count=1000
06/14/2026 18:37:09 - INFO - qdiff.block_recon -   Total loss:	1.387 (rec:1.387, round:0.000)	b=0.00	count=1500
06/14/2026 18:37:18 - INFO - qdiff.block_recon -   Total loss:	1.416 (rec:1.416, round:0.000)	b=0.00	count=2000
06/14/2026 18:37:26 - INFO - qdiff.block_recon -   Total loss:	1.346 (rec:1.346, round:0.000)	b=0.00	count=2500
06/14/2026 18:37:35 - INFO - qdiff.block_recon -   Total loss:	1.401 (rec:1.401, round:0.000)	b=0.00	count=3000
06/14/2026 18:37:43 - INFO - qdiff.block_recon -   Total loss:	1.444 (rec:1.444, round:0.000)	b=0.00	count=3500
06/14/2026 18:37:52 - INFO - qdiff.block_recon -   Total loss:	1.376 (rec:1.376, round:0.000)	b=0.00	count=4000
06/14/2026 18:38:00 - INFO - qdiff.block_recon -   Total loss:	1.507 (rec:1.507, round:0.000)	b=0.00	count=4500
06/14/2026 18:38:09 - INFO - qdiff.block_recon -   Total loss:	1.358 (rec:1.358, round:0.000)	b=0.00	count=5000
06/14/2026 18:38:09 - INFO - __main__ -   attn False
06/14/2026 18:38:09 - INFO - __main__ -   downsample False
06/14/2026 18:38:09 - INFO - __main__ -   conv False
06/14/2026 18:38:09 - INFO - __main__ -   Reconstruction for layer conv
06/14/2026 18:38:16 - INFO - qdiff.utils -   in shape: torch.Size([2000, 128, 33, 33])
06/14/2026 18:38:16 - INFO - qdiff.utils -   out shape: torch.Size([2000, 128, 16, 16])
06/14/2026 18:38:21 - INFO - qdiff.layer_recon -   Total loss:	0.082 (rec:0.082, round:0.000)	b=0.00	count=500
06/14/2026 18:38:25 - INFO - qdiff.layer_recon -   Total loss:	0.083 (rec:0.083, round:0.000)	b=0.00	count=1000
06/14/2026 18:38:30 - INFO - qdiff.layer_recon -   Total loss:	0.079 (rec:0.079, round:0.000)	b=0.00	count=1500
06/14/2026 18:38:34 - INFO - qdiff.layer_recon -   Total loss:	0.097 (rec:0.097, round:0.000)	b=0.00	count=2000
06/14/2026 18:38:38 - INFO - qdiff.layer_recon -   Total loss:	0.083 (rec:0.083, round:0.000)	b=0.00	count=2500
06/14/2026 18:38:42 - INFO - qdiff.layer_recon -   Total loss:	0.150 (rec:0.150, round:0.000)	b=0.00	count=3000
06/14/2026 18:38:47 - INFO - qdiff.layer_recon -   Total loss:	0.339 (rec:0.339, round:0.000)	b=0.00	count=3500
06/14/2026 18:38:51 - INFO - qdiff.layer_recon -   Total loss:	0.080 (rec:0.080, round:0.000)	b=0.00	count=4000
06/14/2026 18:38:55 - INFO - qdiff.layer_recon -   Total loss:	0.087 (rec:0.087, round:0.000)	b=0.00	count=4500
06/14/2026 18:39:00 - INFO - qdiff.layer_recon -   Total loss:	0.079 (rec:0.079, round:0.000)	b=0.00	count=5000
06/14/2026 18:39:00 - INFO - __main__ -   1 False
06/14/2026 18:39:00 - INFO - __main__ -   block False
06/14/2026 18:39:00 - INFO - __main__ -   0 True
06/14/2026 18:39:00 - INFO - __main__ -   Reconstruction for block 0
06/14/2026 18:39:07 - INFO - qdiff.utils -   in 1 shape: torch.Size([2000, 128, 16, 16]), in 2 shape: torch.Size([2000, 512])
06/14/2026 18:39:07 - INFO - qdiff.utils -   out shape: torch.Size([2000, 256, 16, 16])
06/14/2026 18:39:13 - INFO - qdiff.block_recon -   Total loss:	3.266 (rec:3.266, round:0.000)	b=0.00	count=500
06/14/2026 18:39:19 - INFO - qdiff.block_recon -   Total loss:	3.195 (rec:3.195, round:0.000)	b=0.00	count=1000
06/14/2026 18:39:24 - INFO - qdiff.block_recon -   Total loss:	3.277 (rec:3.277, round:0.000)	b=0.00	count=1500
06/14/2026 18:39:30 - INFO - qdiff.block_recon -   Total loss:	3.476 (rec:3.476, round:0.000)	b=0.00	count=2000
06/14/2026 18:39:35 - INFO - qdiff.block_recon -   Total loss:	3.364 (rec:3.364, round:0.000)	b=0.00	count=2500
06/14/2026 18:39:41 - INFO - qdiff.block_recon -   Total loss:	3.302 (rec:3.302, round:0.000)	b=0.00	count=3000
06/14/2026 18:39:46 - INFO - qdiff.block_recon -   Total loss:	3.122 (rec:3.122, round:0.000)	b=0.00	count=3500
06/14/2026 18:39:52 - INFO - qdiff.block_recon -   Total loss:	2.879 (rec:2.879, round:0.000)	b=0.00	count=4000
06/14/2026 18:39:57 - INFO - qdiff.block_recon -   Total loss:	3.197 (rec:3.197, round:0.000)	b=0.00	count=4500
06/14/2026 18:40:03 - INFO - qdiff.block_recon -   Total loss:	3.274 (rec:3.274, round:0.000)	b=0.00	count=5000
06/14/2026 18:40:03 - INFO - __main__ -   1 True
06/14/2026 18:40:03 - INFO - __main__ -   Reconstruction for block 1
06/14/2026 18:40:11 - INFO - qdiff.utils -   in 1 shape: torch.Size([2000, 256, 16, 16]), in 2 shape: torch.Size([2000, 512])
06/14/2026 18:40:11 - INFO - qdiff.utils -   out shape: torch.Size([2000, 256, 16, 16])
06/14/2026 18:40:17 - INFO - qdiff.block_recon -   Total loss:	4.380 (rec:4.380, round:0.000)	b=0.00	count=500
06/14/2026 18:40:22 - INFO - qdiff.block_recon -   Total loss:	3.951 (rec:3.951, round:0.000)	b=0.00	count=1000
06/14/2026 18:40:28 - INFO - qdiff.block_recon -   Total loss:	4.178 (rec:4.178, round:0.000)	b=0.00	count=1500
06/14/2026 18:40:34 - INFO - qdiff.block_recon -   Total loss:	3.889 (rec:3.889, round:0.000)	b=0.00	count=2000
06/14/2026 18:40:39 - INFO - qdiff.block_recon -   Total loss:	4.375 (rec:4.375, round:0.000)	b=0.00	count=2500
06/14/2026 18:40:45 - INFO - qdiff.block_recon -   Total loss:	4.954 (rec:4.954, round:0.000)	b=0.00	count=3000
06/14/2026 18:40:51 - INFO - qdiff.block_recon -   Total loss:	4.168 (rec:4.168, round:0.000)	b=0.00	count=3500
06/14/2026 18:40:56 - INFO - qdiff.block_recon -   Total loss:	3.971 (rec:3.971, round:0.000)	b=0.00	count=4000
06/14/2026 18:41:02 - INFO - qdiff.block_recon -   Total loss:	4.186 (rec:4.186, round:0.000)	b=0.00	count=4500
06/14/2026 18:41:08 - INFO - qdiff.block_recon -   Total loss:	3.792 (rec:3.792, round:0.000)	b=0.00	count=5000
06/14/2026 18:41:08 - INFO - __main__ -   attn False
06/14/2026 18:41:08 - INFO - __main__ -   0 True
06/14/2026 18:41:08 - INFO - __main__ -   Reconstruction for block 0
06/14/2026 18:41:15 - INFO - qdiff.utils -   in shape: torch.Size([2000, 256, 16, 16])
06/14/2026 18:41:15 - INFO - qdiff.utils -   out shape: torch.Size([2000, 256, 16, 16])
06/14/2026 18:41:23 - INFO - qdiff.block_recon -   Total loss:	0.180 (rec:0.180, round:0.000)	b=0.00	count=500
06/14/2026 18:41:31 - INFO - qdiff.block_recon -   Total loss:	0.221 (rec:0.221, round:0.000)	b=0.00	count=1000
06/14/2026 18:41:39 - INFO - qdiff.block_recon -   Total loss:	0.457 (rec:0.457, round:0.000)	b=0.00	count=1500
06/14/2026 18:41:46 - INFO - qdiff.block_recon -   Total loss:	0.521 (rec:0.521, round:0.000)	b=0.00	count=2000
06/14/2026 18:41:54 - INFO - qdiff.block_recon -   Total loss:	0.543 (rec:0.543, round:0.000)	b=0.00	count=2500
06/14/2026 18:42:02 - INFO - qdiff.block_recon -   Total loss:	0.202 (rec:0.202, round:0.000)	b=0.00	count=3000
06/14/2026 18:42:09 - INFO - qdiff.block_recon -   Total loss:	0.191 (rec:0.191, round:0.000)	b=0.00	count=3500
06/14/2026 18:42:17 - INFO - qdiff.block_recon -   Total loss:	0.270 (rec:0.270, round:0.000)	b=0.00	count=4000
06/14/2026 18:42:25 - INFO - qdiff.block_recon -   Total loss:	0.241 (rec:0.241, round:0.000)	b=0.00	count=4500
06/14/2026 18:42:33 - INFO - qdiff.block_recon -   Total loss:	0.149 (rec:0.149, round:0.000)	b=0.00	count=5000
06/14/2026 18:42:33 - INFO - __main__ -   1 True
06/14/2026 18:42:33 - INFO - __main__ -   Reconstruction for block 1
06/14/2026 18:42:41 - INFO - qdiff.utils -   in shape: torch.Size([2000, 256, 16, 16])
06/14/2026 18:42:41 - INFO - qdiff.utils -   out shape: torch.Size([2000, 256, 16, 16])
06/14/2026 18:42:49 - INFO - qdiff.block_recon -   Total loss:	0.417 (rec:0.417, round:0.000)	b=0.00	count=500
06/14/2026 18:42:57 - INFO - qdiff.block_recon -   Total loss:	0.943 (rec:0.943, round:0.000)	b=0.00	count=1000
06/14/2026 18:43:04 - INFO - qdiff.block_recon -   Total loss:	0.459 (rec:0.459, round:0.000)	b=0.00	count=1500
06/14/2026 18:43:12 - INFO - qdiff.block_recon -   Total loss:	0.641 (rec:0.641, round:0.000)	b=0.00	count=2000
06/14/2026 18:43:20 - INFO - qdiff.block_recon -   Total loss:	0.952 (rec:0.952, round:0.000)	b=0.00	count=2500
06/14/2026 18:43:28 - INFO - qdiff.block_recon -   Total loss:	0.890 (rec:0.890, round:0.000)	b=0.00	count=3000
06/14/2026 18:43:35 - INFO - qdiff.block_recon -   Total loss:	1.259 (rec:1.259, round:0.000)	b=0.00	count=3500
06/14/2026 18:43:43 - INFO - qdiff.block_recon -   Total loss:	0.770 (rec:0.770, round:0.000)	b=0.00	count=4000
06/14/2026 18:43:51 - INFO - qdiff.block_recon -   Total loss:	0.417 (rec:0.417, round:0.000)	b=0.00	count=4500
06/14/2026 18:43:59 - INFO - qdiff.block_recon -   Total loss:	0.625 (rec:0.625, round:0.000)	b=0.00	count=5000
06/14/2026 18:43:59 - INFO - __main__ -   downsample False
06/14/2026 18:43:59 - INFO - __main__ -   conv False
06/14/2026 18:43:59 - INFO - __main__ -   Reconstruction for layer conv
06/14/2026 18:44:07 - INFO - qdiff.utils -   in shape: torch.Size([2000, 256, 17, 17])
06/14/2026 18:44:07 - INFO - qdiff.utils -   out shape: torch.Size([2000, 256, 8, 8])
06/14/2026 18:44:10 - INFO - qdiff.layer_recon -   Total loss:	0.278 (rec:0.278, round:0.000)	b=0.00	count=500
06/14/2026 18:44:12 - INFO - qdiff.layer_recon -   Total loss:	0.232 (rec:0.232, round:0.000)	b=0.00	count=1000
06/14/2026 18:44:15 - INFO - qdiff.layer_recon -   Total loss:	0.241 (rec:0.241, round:0.000)	b=0.00	count=1500
06/14/2026 18:44:18 - INFO - qdiff.layer_recon -   Total loss:	0.240 (rec:0.240, round:0.000)	b=0.00	count=2000
06/14/2026 18:44:21 - INFO - qdiff.layer_recon -   Total loss:	0.222 (rec:0.222, round:0.000)	b=0.00	count=2500
06/14/2026 18:44:24 - INFO - qdiff.layer_recon -   Total loss:	0.246 (rec:0.246, round:0.000)	b=0.00	count=3000
06/14/2026 18:44:27 - INFO - qdiff.layer_recon -   Total loss:	0.227 (rec:0.227, round:0.000)	b=0.00	count=3500
06/14/2026 18:44:30 - INFO - qdiff.layer_recon -   Total loss:	0.246 (rec:0.246, round:0.000)	b=0.00	count=4000
06/14/2026 18:44:33 - INFO - qdiff.layer_recon -   Total loss:	0.227 (rec:0.227, round:0.000)	b=0.00	count=4500
06/14/2026 18:44:35 - INFO - qdiff.layer_recon -   Total loss:	0.220 (rec:0.220, round:0.000)	b=0.00	count=5000
06/14/2026 18:44:35 - INFO - __main__ -   2 False
06/14/2026 18:44:35 - INFO - __main__ -   block False
06/14/2026 18:44:35 - INFO - __main__ -   0 True
06/14/2026 18:44:35 - INFO - __main__ -   Reconstruction for block 0
06/14/2026 18:44:43 - INFO - qdiff.utils -   in 1 shape: torch.Size([2000, 256, 8, 8]), in 2 shape: torch.Size([2000, 512])
06/14/2026 18:44:43 - INFO - qdiff.utils -   out shape: torch.Size([2000, 256, 8, 8])
06/14/2026 18:44:47 - INFO - qdiff.block_recon -   Total loss:	45.634 (rec:45.634, round:0.000)	b=0.00	count=500
06/14/2026 18:44:51 - INFO - qdiff.block_recon -   Total loss:	44.985 (rec:44.985, round:0.000)	b=0.00	count=1000
06/14/2026 18:44:54 - INFO - qdiff.block_recon -   Total loss:	44.257 (rec:44.257, round:0.000)	b=0.00	count=1500
06/14/2026 18:44:58 - INFO - qdiff.block_recon -   Total loss:	43.950 (rec:43.950, round:0.000)	b=0.00	count=2000
06/14/2026 18:45:02 - INFO - qdiff.block_recon -   Total loss:	43.084 (rec:43.084, round:0.000)	b=0.00	count=2500
06/14/2026 18:45:05 - INFO - qdiff.block_recon -   Total loss:	45.528 (rec:45.528, round:0.000)	b=0.00	count=3000
06/14/2026 18:45:09 - INFO - qdiff.block_recon -   Total loss:	46.669 (rec:46.669, round:0.000)	b=0.00	count=3500
06/14/2026 18:45:13 - INFO - qdiff.block_recon -   Total loss:	42.283 (rec:42.283, round:0.000)	b=0.00	count=4000
06/14/2026 18:45:16 - INFO - qdiff.block_recon -   Total loss:	45.901 (rec:45.901, round:0.000)	b=0.00	count=4500
06/14/2026 18:45:20 - INFO - qdiff.block_recon -   Total loss:	44.938 (rec:44.938, round:0.000)	b=0.00	count=5000
06/14/2026 18:45:20 - INFO - __main__ -   1 True
06/14/2026 18:45:20 - INFO - __main__ -   Reconstruction for block 1
06/14/2026 18:45:28 - INFO - qdiff.utils -   in 1 shape: torch.Size([2000, 256, 8, 8]), in 2 shape: torch.Size([2000, 512])
06/14/2026 18:45:28 - INFO - qdiff.utils -   out shape: torch.Size([2000, 256, 8, 8])
06/14/2026 18:45:32 - INFO - qdiff.block_recon -   Total loss:	31.683 (rec:31.683, round:0.000)	b=0.00	count=500
06/14/2026 18:45:35 - INFO - qdiff.block_recon -   Total loss:	34.459 (rec:34.459, round:0.000)	b=0.00	count=1000
06/14/2026 18:45:39 - INFO - qdiff.block_recon -   Total loss:	31.905 (rec:31.905, round:0.000)	b=0.00	count=1500
06/14/2026 18:45:42 - INFO - qdiff.block_recon -   Total loss:	33.487 (rec:33.487, round:0.000)	b=0.00	count=2000
06/14/2026 18:45:46 - INFO - qdiff.block_recon -   Total loss:	34.264 (rec:34.264, round:0.000)	b=0.00	count=2500
06/14/2026 18:45:50 - INFO - qdiff.block_recon -   Total loss:	37.718 (rec:37.718, round:0.000)	b=0.00	count=3000
06/14/2026 18:45:53 - INFO - qdiff.block_recon -   Total loss:	31.748 (rec:31.748, round:0.000)	b=0.00	count=3500
06/14/2026 18:45:57 - INFO - qdiff.block_recon -   Total loss:	31.811 (rec:31.811, round:0.000)	b=0.00	count=4000
06/14/2026 18:46:00 - INFO - qdiff.block_recon -   Total loss:	33.735 (rec:33.735, round:0.000)	b=0.00	count=4500
06/14/2026 18:46:04 - INFO - qdiff.block_recon -   Total loss:	37.491 (rec:37.491, round:0.000)	b=0.00	count=5000
06/14/2026 18:46:04 - INFO - __main__ -   attn False
06/14/2026 18:46:04 - INFO - __main__ -   downsample False
06/14/2026 18:46:04 - INFO - __main__ -   conv False
06/14/2026 18:46:04 - INFO - __main__ -   Reconstruction for layer conv
06/14/2026 18:46:13 - INFO - qdiff.utils -   in shape: torch.Size([2000, 256, 9, 9])
06/14/2026 18:46:13 - INFO - qdiff.utils -   out shape: torch.Size([2000, 256, 4, 4])
06/14/2026 18:46:14 - INFO - qdiff.layer_recon -   Total loss:	5.856 (rec:5.856, round:0.000)	b=0.00	count=500
06/14/2026 18:46:16 - INFO - qdiff.layer_recon -   Total loss:	7.017 (rec:7.017, round:0.000)	b=0.00	count=1000
06/14/2026 18:46:18 - INFO - qdiff.layer_recon -   Total loss:	5.722 (rec:5.722, round:0.000)	b=0.00	count=1500
06/14/2026 18:46:20 - INFO - qdiff.layer_recon -   Total loss:	5.322 (rec:5.322, round:0.000)	b=0.00	count=2000
06/14/2026 18:46:21 - INFO - qdiff.layer_recon -   Total loss:	6.750 (rec:6.750, round:0.000)	b=0.00	count=2500
06/14/2026 18:46:23 - INFO - qdiff.layer_recon -   Total loss:	5.864 (rec:5.864, round:0.000)	b=0.00	count=3000
06/14/2026 18:46:25 - INFO - qdiff.layer_recon -   Total loss:	5.228 (rec:5.228, round:0.000)	b=0.00	count=3500
06/14/2026 18:46:27 - INFO - qdiff.layer_recon -   Total loss:	5.456 (rec:5.456, round:0.000)	b=0.00	count=4000
06/14/2026 18:46:28 - INFO - qdiff.layer_recon -   Total loss:	5.493 (rec:5.493, round:0.000)	b=0.00	count=4500
06/14/2026 18:46:30 - INFO - qdiff.layer_recon -   Total loss:	5.773 (rec:5.773, round:0.000)	b=0.00	count=5000
06/14/2026 18:46:30 - INFO - __main__ -   3 False
06/14/2026 18:46:30 - INFO - __main__ -   block False
06/14/2026 18:46:30 - INFO - __main__ -   0 True
06/14/2026 18:46:30 - INFO - __main__ -   Reconstruction for block 0
06/14/2026 18:46:39 - INFO - qdiff.utils -   in 1 shape: torch.Size([2000, 256, 4, 4]), in 2 shape: torch.Size([2000, 512])
06/14/2026 18:46:39 - INFO - qdiff.utils -   out shape: torch.Size([2000, 256, 4, 4])
06/14/2026 18:46:42 - INFO - qdiff.block_recon -   Total loss:	540.252 (rec:540.252, round:0.000)	b=0.00	count=500
06/14/2026 18:46:45 - INFO - qdiff.block_recon -   Total loss:	513.025 (rec:513.025, round:0.000)	b=0.00	count=1000
06/14/2026 18:46:49 - INFO - qdiff.block_recon -   Total loss:	437.995 (rec:437.995, round:0.000)	b=0.00	count=1500
06/14/2026 18:46:52 - INFO - qdiff.block_recon -   Total loss:	511.046 (rec:511.046, round:0.000)	b=0.00	count=2000
06/14/2026 18:46:55 - INFO - qdiff.block_recon -   Total loss:	512.380 (rec:512.380, round:0.000)	b=0.00	count=2500
06/14/2026 18:46:58 - INFO - qdiff.block_recon -   Total loss:	597.961 (rec:597.961, round:0.000)	b=0.00	count=3000
06/14/2026 18:47:02 - INFO - qdiff.block_recon -   Total loss:	548.545 (rec:548.545, round:0.000)	b=0.00	count=3500
06/14/2026 18:47:05 - INFO - qdiff.block_recon -   Total loss:	481.450 (rec:481.450, round:0.000)	b=0.00	count=4000
06/14/2026 18:47:08 - INFO - qdiff.block_recon -   Total loss:	509.989 (rec:509.989, round:0.000)	b=0.00	count=4500
06/14/2026 18:47:11 - INFO - qdiff.block_recon -   Total loss:	493.605 (rec:493.605, round:0.000)	b=0.00	count=5000
06/14/2026 18:47:11 - INFO - __main__ -   1 True
06/14/2026 18:47:11 - INFO - __main__ -   Reconstruction for block 1
06/14/2026 18:47:20 - INFO - qdiff.utils -   in 1 shape: torch.Size([2000, 256, 4, 4]), in 2 shape: torch.Size([2000, 512])
06/14/2026 18:47:20 - INFO - qdiff.utils -   out shape: torch.Size([2000, 256, 4, 4])
06/14/2026 18:47:24 - INFO - qdiff.block_recon -   Total loss:	487.356 (rec:487.356, round:0.000)	b=0.00	count=500
06/14/2026 18:47:27 - INFO - qdiff.block_recon -   Total loss:	435.284 (rec:435.284, round:0.000)	b=0.00	count=1000
06/14/2026 18:47:30 - INFO - qdiff.block_recon -   Total loss:	447.807 (rec:447.807, round:0.000)	b=0.00	count=1500
06/14/2026 18:47:33 - INFO - qdiff.block_recon -   Total loss:	439.371 (rec:439.371, round:0.000)	b=0.00	count=2000
06/14/2026 18:47:37 - INFO - qdiff.block_recon -   Total loss:	470.608 (rec:470.608, round:0.000)	b=0.00	count=2500
06/14/2026 18:47:40 - INFO - qdiff.block_recon -   Total loss:	461.835 (rec:461.835, round:0.000)	b=0.00	count=3000
06/14/2026 18:47:43 - INFO - qdiff.block_recon -   Total loss:	436.077 (rec:436.077, round:0.000)	b=0.00	count=3500
06/14/2026 18:47:47 - INFO - qdiff.block_recon -   Total loss:	523.889 (rec:523.889, round:0.000)	b=0.00	count=4000
06/14/2026 18:47:50 - INFO - qdiff.block_recon -   Total loss:	501.362 (rec:501.362, round:0.000)	b=0.00	count=4500
06/14/2026 18:47:53 - INFO - qdiff.block_recon -   Total loss:	467.424 (rec:467.424, round:0.000)	b=0.00	count=5000
06/14/2026 18:47:53 - INFO - __main__ -   attn False
06/14/2026 18:47:53 - INFO - __main__ -   mid False
06/14/2026 18:47:53 - INFO - __main__ -   block_1 True
06/14/2026 18:47:53 - INFO - __main__ -   Reconstruction for block block_1
06/14/2026 18:48:03 - INFO - qdiff.utils -   in 1 shape: torch.Size([2000, 256, 4, 4]), in 2 shape: torch.Size([2000, 512])
06/14/2026 18:48:03 - INFO - qdiff.utils -   out shape: torch.Size([2000, 256, 4, 4])
06/14/2026 18:48:06 - INFO - qdiff.block_recon -   Total loss:	478.203 (rec:478.203, round:0.000)	b=0.00	count=500
06/14/2026 18:48:09 - INFO - qdiff.block_recon -   Total loss:	486.479 (rec:486.479, round:0.000)	b=0.00	count=1000
06/14/2026 18:48:12 - INFO - qdiff.block_recon -   Total loss:	488.210 (rec:488.210, round:0.000)	b=0.00	count=1500
06/14/2026 18:48:16 - INFO - qdiff.block_recon -   Total loss:	463.451 (rec:463.451, round:0.000)	b=0.00	count=2000
06/14/2026 18:48:19 - INFO - qdiff.block_recon -   Total loss:	486.504 (rec:486.504, round:0.000)	b=0.00	count=2500
06/14/2026 18:48:22 - INFO - qdiff.block_recon -   Total loss:	522.084 (rec:522.084, round:0.000)	b=0.00	count=3000
06/14/2026 18:48:26 - INFO - qdiff.block_recon -   Total loss:	568.437 (rec:568.437, round:0.000)	b=0.00	count=3500
06/14/2026 18:48:29 - INFO - qdiff.block_recon -   Total loss:	476.966 (rec:476.966, round:0.000)	b=0.00	count=4000
06/14/2026 18:48:32 - INFO - qdiff.block_recon -   Total loss:	483.240 (rec:483.240, round:0.000)	b=0.00	count=4500
06/14/2026 18:48:36 - INFO - qdiff.block_recon -   Total loss:	514.636 (rec:514.636, round:0.000)	b=0.00	count=5000
06/14/2026 18:48:36 - INFO - __main__ -   attn_1 True
06/14/2026 18:48:36 - INFO - __main__ -   Reconstruction for block attn_1
06/14/2026 18:48:45 - INFO - qdiff.utils -   in shape: torch.Size([2000, 256, 4, 4])
06/14/2026 18:48:45 - INFO - qdiff.utils -   out shape: torch.Size([2000, 256, 4, 4])
06/14/2026 18:48:50 - INFO - qdiff.block_recon -   Total loss:	0.500 (rec:0.500, round:0.000)	b=0.00	count=500
06/14/2026 18:48:54 - INFO - qdiff.block_recon -   Total loss:	0.561 (rec:0.561, round:0.000)	b=0.00	count=1000
06/14/2026 18:48:59 - INFO - qdiff.block_recon -   Total loss:	0.510 (rec:0.510, round:0.000)	b=0.00	count=1500
06/14/2026 18:49:04 - INFO - qdiff.block_recon -   Total loss:	0.498 (rec:0.498, round:0.000)	b=0.00	count=2000
06/14/2026 18:49:08 - INFO - qdiff.block_recon -   Total loss:	0.531 (rec:0.531, round:0.000)	b=0.00	count=2500
06/14/2026 18:49:13 - INFO - qdiff.block_recon -   Total loss:	0.497 (rec:0.497, round:0.000)	b=0.00	count=3000
06/14/2026 18:49:18 - INFO - qdiff.block_recon -   Total loss:	0.526 (rec:0.526, round:0.000)	b=0.00	count=3500
06/14/2026 18:49:22 - INFO - qdiff.block_recon -   Total loss:	0.483 (rec:0.483, round:0.000)	b=0.00	count=4000
06/14/2026 18:49:27 - INFO - qdiff.block_recon -   Total loss:	0.516 (rec:0.516, round:0.000)	b=0.00	count=4500
06/14/2026 18:49:32 - INFO - qdiff.block_recon -   Total loss:	0.570 (rec:0.570, round:0.000)	b=0.00	count=5000
06/14/2026 18:49:32 - INFO - __main__ -   block_2 True
06/14/2026 18:49:32 - INFO - __main__ -   Reconstruction for block block_2
06/14/2026 18:49:42 - INFO - qdiff.utils -   in 1 shape: torch.Size([2000, 256, 4, 4]), in 2 shape: torch.Size([2000, 512])
06/14/2026 18:49:42 - INFO - qdiff.utils -   out shape: torch.Size([2000, 256, 4, 4])
06/14/2026 18:49:45 - INFO - qdiff.block_recon -   Total loss:	470.794 (rec:470.794, round:0.000)	b=0.00	count=500
06/14/2026 18:49:48 - INFO - qdiff.block_recon -   Total loss:	397.442 (rec:397.442, round:0.000)	b=0.00	count=1000
06/14/2026 18:49:52 - INFO - qdiff.block_recon -   Total loss:	459.775 (rec:459.775, round:0.000)	b=0.00	count=1500
06/14/2026 18:49:55 - INFO - qdiff.block_recon -   Total loss:	437.965 (rec:437.965, round:0.000)	b=0.00	count=2000
06/14/2026 18:49:58 - INFO - qdiff.block_recon -   Total loss:	470.041 (rec:470.041, round:0.000)	b=0.00	count=2500
06/14/2026 18:50:02 - INFO - qdiff.block_recon -   Total loss:	466.638 (rec:466.638, round:0.000)	b=0.00	count=3000
06/14/2026 18:50:05 - INFO - qdiff.block_recon -   Total loss:	397.013 (rec:397.013, round:0.000)	b=0.00	count=3500
06/14/2026 18:50:08 - INFO - qdiff.block_recon -   Total loss:	439.956 (rec:439.956, round:0.000)	b=0.00	count=4000
06/14/2026 18:50:11 - INFO - qdiff.block_recon -   Total loss:	420.866 (rec:420.866, round:0.000)	b=0.00	count=4500
06/14/2026 18:50:15 - INFO - qdiff.block_recon -   Total loss:	395.929 (rec:395.929, round:0.000)	b=0.00	count=5000
06/14/2026 18:50:15 - INFO - __main__ -   up False
06/14/2026 18:50:15 - INFO - __main__ -   0 False
06/14/2026 18:50:15 - INFO - __main__ -   block False
06/14/2026 18:50:15 - INFO - __main__ -   0 True
06/14/2026 18:50:15 - INFO - __main__ -   Reconstruction for block 0
06/14/2026 18:50:32 - INFO - qdiff.utils -   in 1 shape: torch.Size([2000, 384, 32, 32]), in 2 shape: torch.Size([2000, 512])
06/14/2026 18:50:32 - INFO - qdiff.utils -   out shape: torch.Size([2000, 128, 32, 32])
06/14/2026 18:50:49 - INFO - qdiff.block_recon -   Total loss:	641.213 (rec:641.213, round:0.000)	b=0.00	count=500
06/14/2026 18:51:05 - INFO - qdiff.block_recon -   Total loss:	745.144 (rec:745.144, round:0.000)	b=0.00	count=1000
06/14/2026 18:51:22 - INFO - qdiff.block_recon -   Total loss:	744.293 (rec:744.293, round:0.000)	b=0.00	count=1500
06/14/2026 18:51:39 - INFO - qdiff.block_recon -   Total loss:	679.729 (rec:679.729, round:0.000)	b=0.00	count=2000
06/14/2026 18:51:56 - INFO - qdiff.block_recon -   Total loss:	698.942 (rec:698.942, round:0.000)	b=0.00	count=2500
06/14/2026 18:52:12 - INFO - qdiff.block_recon -   Total loss:	730.298 (rec:730.298, round:0.000)	b=0.00	count=3000
06/14/2026 18:52:29 - INFO - qdiff.block_recon -   Total loss:	697.651 (rec:697.651, round:0.000)	b=0.00	count=3500
06/14/2026 18:52:46 - INFO - qdiff.block_recon -   Total loss:	753.724 (rec:753.724, round:0.000)	b=0.00	count=4000
06/14/2026 18:53:03 - INFO - qdiff.block_recon -   Total loss:	608.332 (rec:608.332, round:0.000)	b=0.00	count=4500
06/14/2026 18:53:20 - INFO - qdiff.block_recon -   Total loss:	633.813 (rec:633.813, round:0.000)	b=0.00	count=5000
06/14/2026 18:53:20 - INFO - __main__ -   1 True
06/14/2026 18:53:20 - INFO - __main__ -   Reconstruction for block 1
06/14/2026 18:53:37 - INFO - qdiff.utils -   in 1 shape: torch.Size([2000, 256, 32, 32]), in 2 shape: torch.Size([2000, 512])
06/14/2026 18:53:37 - INFO - qdiff.utils -   out shape: torch.Size([2000, 128, 32, 32])
06/14/2026 18:53:50 - INFO - qdiff.block_recon -   Total loss:	121.718 (rec:121.718, round:0.000)	b=0.00	count=500
06/14/2026 18:54:03 - INFO - qdiff.block_recon -   Total loss:	121.225 (rec:121.225, round:0.000)	b=0.00	count=1000
06/14/2026 18:54:17 - INFO - qdiff.block_recon -   Total loss:	123.906 (rec:123.906, round:0.000)	b=0.00	count=1500
06/14/2026 18:54:30 - INFO - qdiff.block_recon -   Total loss:	129.379 (rec:129.379, round:0.000)	b=0.00	count=2000
06/14/2026 18:54:43 - INFO - qdiff.block_recon -   Total loss:	122.058 (rec:122.058, round:0.000)	b=0.00	count=2500
06/14/2026 18:54:56 - INFO - qdiff.block_recon -   Total loss:	124.325 (rec:124.325, round:0.000)	b=0.00	count=3000
06/14/2026 18:55:09 - INFO - qdiff.block_recon -   Total loss:	132.170 (rec:132.170, round:0.000)	b=0.00	count=3500
06/14/2026 18:55:23 - INFO - qdiff.block_recon -   Total loss:	114.122 (rec:114.122, round:0.000)	b=0.00	count=4000
06/14/2026 18:55:36 - INFO - qdiff.block_recon -   Total loss:	124.119 (rec:124.119, round:0.000)	b=0.00	count=4500
06/14/2026 18:55:49 - INFO - qdiff.block_recon -   Total loss:	127.674 (rec:127.674, round:0.000)	b=0.00	count=5000
06/14/2026 18:55:49 - INFO - __main__ -   2 True
06/14/2026 18:55:49 - INFO - __main__ -   Reconstruction for block 2
06/14/2026 18:56:06 - INFO - qdiff.utils -   in 1 shape: torch.Size([2000, 256, 32, 32]), in 2 shape: torch.Size([2000, 512])
06/14/2026 18:56:06 - INFO - qdiff.utils -   out shape: torch.Size([2000, 128, 32, 32])
06/14/2026 18:56:19 - INFO - qdiff.block_recon -   Total loss:	394.706 (rec:394.706, round:0.000)	b=0.00	count=500
06/14/2026 18:56:32 - INFO - qdiff.block_recon -   Total loss:	357.874 (rec:357.874, round:0.000)	b=0.00	count=1000
06/14/2026 18:56:45 - INFO - qdiff.block_recon -   Total loss:	341.307 (rec:341.307, round:0.000)	b=0.00	count=1500
06/14/2026 18:56:58 - INFO - qdiff.block_recon -   Total loss:	362.115 (rec:362.115, round:0.000)	b=0.00	count=2000
06/14/2026 18:57:12 - INFO - qdiff.block_recon -   Total loss:	354.157 (rec:354.157, round:0.000)	b=0.00	count=2500
06/14/2026 18:57:25 - INFO - qdiff.block_recon -   Total loss:	339.596 (rec:339.596, round:0.000)	b=0.00	count=3000
06/14/2026 18:57:38 - INFO - qdiff.block_recon -   Total loss:	350.169 (rec:350.169, round:0.000)	b=0.00	count=3500
06/14/2026 18:57:51 - INFO - qdiff.block_recon -   Total loss:	369.128 (rec:369.128, round:0.000)	b=0.00	count=4000
06/14/2026 18:58:04 - INFO - qdiff.block_recon -   Total loss:	337.088 (rec:337.088, round:0.000)	b=0.00	count=4500
06/14/2026 18:58:18 - INFO - qdiff.block_recon -   Total loss:	364.042 (rec:364.042, round:0.000)	b=0.00	count=5000
06/14/2026 18:58:18 - INFO - __main__ -   attn False
06/14/2026 18:58:18 - INFO - __main__ -   1 False
06/14/2026 18:58:18 - INFO - __main__ -   block False
06/14/2026 18:58:18 - INFO - __main__ -   0 True
06/14/2026 18:58:18 - INFO - __main__ -   Reconstruction for block 0
06/14/2026 18:58:31 - INFO - qdiff.utils -   in 1 shape: torch.Size([2000, 512, 16, 16]), in 2 shape: torch.Size([2000, 512])
06/14/2026 18:58:31 - INFO - qdiff.utils -   out shape: torch.Size([2000, 256, 16, 16])
06/14/2026 18:58:40 - INFO - qdiff.block_recon -   Total loss:	534.193 (rec:534.193, round:0.000)	b=0.00	count=500
06/14/2026 18:58:48 - INFO - qdiff.block_recon -   Total loss:	606.618 (rec:606.618, round:0.000)	b=0.00	count=1000
06/14/2026 18:58:57 - INFO - qdiff.block_recon -   Total loss:	594.077 (rec:594.077, round:0.000)	b=0.00	count=1500
06/14/2026 18:59:05 - INFO - qdiff.block_recon -   Total loss:	560.162 (rec:560.162, round:0.000)	b=0.00	count=2000
06/14/2026 18:59:14 - INFO - qdiff.block_recon -   Total loss:	540.547 (rec:540.547, round:0.000)	b=0.00	count=2500
06/14/2026 18:59:22 - INFO - qdiff.block_recon -   Total loss:	565.403 (rec:565.403, round:0.000)	b=0.00	count=3000
06/14/2026 18:59:31 - INFO - qdiff.block_recon -   Total loss:	641.886 (rec:641.886, round:0.000)	b=0.00	count=3500
06/14/2026 18:59:39 - INFO - qdiff.block_recon -   Total loss:	618.621 (rec:618.621, round:0.000)	b=0.00	count=4000
06/14/2026 18:59:48 - INFO - qdiff.block_recon -   Total loss:	620.150 (rec:620.150, round:0.000)	b=0.00	count=4500
06/14/2026 18:59:56 - INFO - qdiff.block_recon -   Total loss:	568.143 (rec:568.143, round:0.000)	b=0.00	count=5000
06/14/2026 18:59:56 - INFO - __main__ -   1 True
06/14/2026 18:59:56 - INFO - __main__ -   Reconstruction for block 1
06/14/2026 19:00:10 - INFO - qdiff.utils -   in 1 shape: torch.Size([2000, 512, 16, 16]), in 2 shape: torch.Size([2000, 512])
06/14/2026 19:00:10 - INFO - qdiff.utils -   out shape: torch.Size([2000, 256, 16, 16])
06/14/2026 19:00:18 - INFO - qdiff.block_recon -   Total loss:	345.993 (rec:345.993, round:0.000)	b=0.00	count=500
06/14/2026 19:00:27 - INFO - qdiff.block_recon -   Total loss:	337.449 (rec:337.449, round:0.000)	b=0.00	count=1000
06/14/2026 19:00:35 - INFO - qdiff.block_recon -   Total loss:	382.443 (rec:382.443, round:0.000)	b=0.00	count=1500
06/14/2026 19:00:43 - INFO - qdiff.block_recon -   Total loss:	358.129 (rec:358.129, round:0.000)	b=0.00	count=2000
06/14/2026 19:00:52 - INFO - qdiff.block_recon -   Total loss:	378.465 (rec:378.465, round:0.000)	b=0.00	count=2500
06/14/2026 19:01:00 - INFO - qdiff.block_recon -   Total loss:	403.720 (rec:403.720, round:0.000)	b=0.00	count=3000
06/14/2026 19:01:09 - INFO - qdiff.block_recon -   Total loss:	328.239 (rec:328.239, round:0.000)	b=0.00	count=3500
06/14/2026 19:01:17 - INFO - qdiff.block_recon -   Total loss:	323.936 (rec:323.936, round:0.000)	b=0.00	count=4000
06/14/2026 19:01:26 - INFO - qdiff.block_recon -   Total loss:	319.678 (rec:319.678, round:0.000)	b=0.00	count=4500
06/14/2026 19:01:34 - INFO - qdiff.block_recon -   Total loss:	307.174 (rec:307.174, round:0.000)	b=0.00	count=5000
06/14/2026 19:01:34 - INFO - __main__ -   2 True
06/14/2026 19:01:34 - INFO - __main__ -   Reconstruction for block 2
06/14/2026 19:01:48 - INFO - qdiff.utils -   in 1 shape: torch.Size([2000, 384, 16, 16]), in 2 shape: torch.Size([2000, 512])
06/14/2026 19:01:48 - INFO - qdiff.utils -   out shape: torch.Size([2000, 256, 16, 16])
06/14/2026 19:01:56 - INFO - qdiff.block_recon -   Total loss:	184.654 (rec:184.654, round:0.000)	b=0.00	count=500
06/14/2026 19:02:04 - INFO - qdiff.block_recon -   Total loss:	198.240 (rec:198.240, round:0.000)	b=0.00	count=1000
06/14/2026 19:02:11 - INFO - qdiff.block_recon -   Total loss:	194.016 (rec:194.016, round:0.000)	b=0.00	count=1500
06/14/2026 19:02:19 - INFO - qdiff.block_recon -   Total loss:	221.200 (rec:221.200, round:0.000)	b=0.00	count=2000
06/14/2026 19:02:26 - INFO - qdiff.block_recon -   Total loss:	195.655 (rec:195.655, round:0.000)	b=0.00	count=2500
06/14/2026 19:02:34 - INFO - qdiff.block_recon -   Total loss:	192.318 (rec:192.318, round:0.000)	b=0.00	count=3000
06/14/2026 19:02:41 - INFO - qdiff.block_recon -   Total loss:	171.347 (rec:171.347, round:0.000)	b=0.00	count=3500
06/14/2026 19:02:49 - INFO - qdiff.block_recon -   Total loss:	195.057 (rec:195.057, round:0.000)	b=0.00	count=4000
06/14/2026 19:02:57 - INFO - qdiff.block_recon -   Total loss:	203.475 (rec:203.475, round:0.000)	b=0.00	count=4500
06/14/2026 19:03:04 - INFO - qdiff.block_recon -   Total loss:	217.119 (rec:217.119, round:0.000)	b=0.00	count=5000
06/14/2026 19:03:04 - INFO - __main__ -   attn False
06/14/2026 19:03:04 - INFO - __main__ -   0 True
06/14/2026 19:03:04 - INFO - __main__ -   Reconstruction for block 0
06/14/2026 19:03:17 - INFO - qdiff.utils -   in shape: torch.Size([2000, 256, 16, 16])
06/14/2026 19:03:17 - INFO - qdiff.utils -   out shape: torch.Size([2000, 256, 16, 16])
06/14/2026 19:03:25 - INFO - qdiff.block_recon -   Total loss:	59.589 (rec:59.589, round:0.000)	b=0.00	count=500
06/14/2026 19:03:33 - INFO - qdiff.block_recon -   Total loss:	78.293 (rec:78.293, round:0.000)	b=0.00	count=1000
06/14/2026 19:03:41 - INFO - qdiff.block_recon -   Total loss:	89.218 (rec:89.218, round:0.000)	b=0.00	count=1500
06/14/2026 19:03:48 - INFO - qdiff.block_recon -   Total loss:	47.032 (rec:47.032, round:0.000)	b=0.00	count=2000
06/14/2026 19:03:56 - INFO - qdiff.block_recon -   Total loss:	74.421 (rec:74.421, round:0.000)	b=0.00	count=2500
06/14/2026 19:04:04 - INFO - qdiff.block_recon -   Total loss:	99.798 (rec:99.798, round:0.000)	b=0.00	count=3000
06/14/2026 19:04:12 - INFO - qdiff.block_recon -   Total loss:	83.265 (rec:83.265, round:0.000)	b=0.00	count=3500
06/14/2026 19:04:19 - INFO - qdiff.block_recon -   Total loss:	75.628 (rec:75.628, round:0.000)	b=0.00	count=4000
06/14/2026 19:04:27 - INFO - qdiff.block_recon -   Total loss:	83.959 (rec:83.959, round:0.000)	b=0.00	count=4500
06/14/2026 19:04:35 - INFO - qdiff.block_recon -   Total loss:	77.843 (rec:77.843, round:0.000)	b=0.00	count=5000
06/14/2026 19:04:35 - INFO - __main__ -   1 True
06/14/2026 19:04:35 - INFO - __main__ -   Reconstruction for block 1
06/14/2026 19:04:48 - INFO - qdiff.utils -   in shape: torch.Size([2000, 256, 16, 16])
06/14/2026 19:04:48 - INFO - qdiff.utils -   out shape: torch.Size([2000, 256, 16, 16])
06/14/2026 19:04:56 - INFO - qdiff.block_recon -   Total loss:	30.845 (rec:30.845, round:0.000)	b=0.00	count=500
06/14/2026 19:05:04 - INFO - qdiff.block_recon -   Total loss:	30.507 (rec:30.507, round:0.000)	b=0.00	count=1000
06/14/2026 19:05:12 - INFO - qdiff.block_recon -   Total loss:	38.943 (rec:38.943, round:0.000)	b=0.00	count=1500
06/14/2026 19:05:19 - INFO - qdiff.block_recon -   Total loss:	34.399 (rec:34.399, round:0.000)	b=0.00	count=2000
06/14/2026 19:05:27 - INFO - qdiff.block_recon -   Total loss:	30.158 (rec:30.158, round:0.000)	b=0.00	count=2500
06/14/2026 19:05:35 - INFO - qdiff.block_recon -   Total loss:	50.239 (rec:50.239, round:0.000)	b=0.00	count=3000
06/14/2026 19:05:43 - INFO - qdiff.block_recon -   Total loss:	35.397 (rec:35.397, round:0.000)	b=0.00	count=3500
06/14/2026 19:05:50 - INFO - qdiff.block_recon -   Total loss:	32.898 (rec:32.898, round:0.000)	b=0.00	count=4000
06/14/2026 19:05:58 - INFO - qdiff.block_recon -   Total loss:	43.532 (rec:43.532, round:0.000)	b=0.00	count=4500
06/14/2026 19:06:06 - INFO - qdiff.block_recon -   Total loss:	34.112 (rec:34.112, round:0.000)	b=0.00	count=5000
06/14/2026 19:06:06 - INFO - __main__ -   2 True
06/14/2026 19:06:06 - INFO - __main__ -   Reconstruction for block 2
06/14/2026 19:06:20 - INFO - qdiff.utils -   in shape: torch.Size([2000, 256, 16, 16])
06/14/2026 19:06:20 - INFO - qdiff.utils -   out shape: torch.Size([2000, 256, 16, 16])
06/14/2026 19:06:28 - INFO - qdiff.block_recon -   Total loss:	13.007 (rec:13.007, round:0.000)	b=0.00	count=500
06/14/2026 19:06:35 - INFO - qdiff.block_recon -   Total loss:	14.668 (rec:14.668, round:0.000)	b=0.00	count=1000
06/14/2026 19:06:43 - INFO - qdiff.block_recon -   Total loss:	16.639 (rec:16.639, round:0.000)	b=0.00	count=1500
06/14/2026 19:06:51 - INFO - qdiff.block_recon -   Total loss:	12.795 (rec:12.795, round:0.000)	b=0.00	count=2000
06/14/2026 19:06:58 - INFO - qdiff.block_recon -   Total loss:	17.371 (rec:17.371, round:0.000)	b=0.00	count=2500
06/14/2026 19:07:06 - INFO - qdiff.block_recon -   Total loss:	42.530 (rec:42.530, round:0.000)	b=0.00	count=3000
06/14/2026 19:07:14 - INFO - qdiff.block_recon -   Total loss:	43.023 (rec:43.023, round:0.000)	b=0.00	count=3500
06/14/2026 19:07:22 - INFO - qdiff.block_recon -   Total loss:	29.082 (rec:29.082, round:0.000)	b=0.00	count=4000
06/14/2026 19:07:29 - INFO - qdiff.block_recon -   Total loss:	38.859 (rec:38.859, round:0.000)	b=0.00	count=4500
06/14/2026 19:07:37 - INFO - qdiff.block_recon -   Total loss:	19.002 (rec:19.002, round:0.000)	b=0.00	count=5000
06/14/2026 19:07:37 - INFO - __main__ -   upsample False
06/14/2026 19:07:37 - INFO - __main__ -   conv False
06/14/2026 19:07:37 - INFO - __main__ -   Reconstruction for layer conv
06/14/2026 19:07:54 - INFO - qdiff.utils -   in shape: torch.Size([2000, 256, 32, 32])
06/14/2026 19:07:54 - INFO - qdiff.utils -   out shape: torch.Size([2000, 256, 32, 32])
06/14/2026 19:08:06 - INFO - qdiff.layer_recon -   Total loss:	954.356 (rec:954.356, round:0.000)	b=0.00	count=500
06/14/2026 19:08:17 - INFO - qdiff.layer_recon -   Total loss:	705.972 (rec:705.972, round:0.000)	b=0.00	count=1000
06/14/2026 19:08:28 - INFO - qdiff.layer_recon -   Total loss:	716.962 (rec:716.962, round:0.000)	b=0.00	count=1500
06/14/2026 19:08:39 - INFO - qdiff.layer_recon -   Total loss:	674.295 (rec:674.295, round:0.000)	b=0.00	count=2000
06/14/2026 19:08:51 - INFO - qdiff.layer_recon -   Total loss:	728.028 (rec:728.028, round:0.000)	b=0.00	count=2500
06/14/2026 19:09:02 - INFO - qdiff.layer_recon -   Total loss:	666.883 (rec:666.883, round:0.000)	b=0.00	count=3000
06/14/2026 19:09:13 - INFO - qdiff.layer_recon -   Total loss:	721.653 (rec:721.653, round:0.000)	b=0.00	count=3500
06/14/2026 19:09:24 - INFO - qdiff.layer_recon -   Total loss:	560.558 (rec:560.558, round:0.000)	b=0.00	count=4000
06/14/2026 19:09:35 - INFO - qdiff.layer_recon -   Total loss:	657.770 (rec:657.770, round:0.000)	b=0.00	count=4500
06/14/2026 19:09:46 - INFO - qdiff.layer_recon -   Total loss:	675.902 (rec:675.902, round:0.000)	b=0.00	count=5000
06/14/2026 19:09:46 - INFO - __main__ -   2 False
06/14/2026 19:09:46 - INFO - __main__ -   block False
06/14/2026 19:09:46 - INFO - __main__ -   0 True
06/14/2026 19:09:46 - INFO - __main__ -   Reconstruction for block 0
06/14/2026 19:09:58 - INFO - qdiff.utils -   in 1 shape: torch.Size([2000, 512, 8, 8]), in 2 shape: torch.Size([2000, 512])
06/14/2026 19:09:58 - INFO - qdiff.utils -   out shape: torch.Size([2000, 256, 8, 8])
06/14/2026 19:10:03 - INFO - qdiff.block_recon -   Total loss:	1087.730 (rec:1087.730, round:0.000)	b=0.00	count=500
06/14/2026 19:10:09 - INFO - qdiff.block_recon -   Total loss:	1110.150 (rec:1110.150, round:0.000)	b=0.00	count=1000
06/14/2026 19:10:14 - INFO - qdiff.block_recon -   Total loss:	1136.843 (rec:1136.843, round:0.000)	b=0.00	count=1500
06/14/2026 19:10:19 - INFO - qdiff.block_recon -   Total loss:	1206.135 (rec:1206.135, round:0.000)	b=0.00	count=2000
06/14/2026 19:10:24 - INFO - qdiff.block_recon -   Total loss:	1136.687 (rec:1136.687, round:0.000)	b=0.00	count=2500
06/14/2026 19:10:29 - INFO - qdiff.block_recon -   Total loss:	1134.948 (rec:1134.948, round:0.000)	b=0.00	count=3000
06/14/2026 19:10:35 - INFO - qdiff.block_recon -   Total loss:	1185.541 (rec:1185.541, round:0.000)	b=0.00	count=3500
06/14/2026 19:10:40 - INFO - qdiff.block_recon -   Total loss:	1227.024 (rec:1227.024, round:0.000)	b=0.00	count=4000
06/14/2026 19:10:45 - INFO - qdiff.block_recon -   Total loss:	1026.066 (rec:1026.066, round:0.000)	b=0.00	count=4500
06/14/2026 19:10:50 - INFO - qdiff.block_recon -   Total loss:	1069.741 (rec:1069.741, round:0.000)	b=0.00	count=5000
06/14/2026 19:10:50 - INFO - __main__ -   1 True
06/14/2026 19:10:50 - INFO - __main__ -   Reconstruction for block 1
06/14/2026 19:11:01 - INFO - qdiff.utils -   in 1 shape: torch.Size([2000, 512, 8, 8]), in 2 shape: torch.Size([2000, 512])
06/14/2026 19:11:01 - INFO - qdiff.utils -   out shape: torch.Size([2000, 256, 8, 8])
06/14/2026 19:11:07 - INFO - qdiff.block_recon -   Total loss:	538.999 (rec:538.999, round:0.000)	b=0.00	count=500
06/14/2026 19:11:12 - INFO - qdiff.block_recon -   Total loss:	509.340 (rec:509.340, round:0.000)	b=0.00	count=1000
06/14/2026 19:11:17 - INFO - qdiff.block_recon -   Total loss:	487.813 (rec:487.813, round:0.000)	b=0.00	count=1500
06/14/2026 19:11:22 - INFO - qdiff.block_recon -   Total loss:	504.641 (rec:504.641, round:0.000)	b=0.00	count=2000
06/14/2026 19:11:27 - INFO - qdiff.block_recon -   Total loss:	507.713 (rec:507.713, round:0.000)	b=0.00	count=2500
06/14/2026 19:11:32 - INFO - qdiff.block_recon -   Total loss:	483.469 (rec:483.469, round:0.000)	b=0.00	count=3000
06/14/2026 19:11:37 - INFO - qdiff.block_recon -   Total loss:	490.219 (rec:490.219, round:0.000)	b=0.00	count=3500
06/14/2026 19:11:43 - INFO - qdiff.block_recon -   Total loss:	473.996 (rec:473.996, round:0.000)	b=0.00	count=4000
06/14/2026 19:11:48 - INFO - qdiff.block_recon -   Total loss:	575.520 (rec:575.520, round:0.000)	b=0.00	count=4500
06/14/2026 19:11:53 - INFO - qdiff.block_recon -   Total loss:	590.694 (rec:590.694, round:0.000)	b=0.00	count=5000
06/14/2026 19:11:53 - INFO - __main__ -   2 True
06/14/2026 19:11:53 - INFO - __main__ -   Reconstruction for block 2
06/14/2026 19:12:05 - INFO - qdiff.utils -   in 1 shape: torch.Size([2000, 512, 8, 8]), in 2 shape: torch.Size([2000, 512])
06/14/2026 19:12:05 - INFO - qdiff.utils -   out shape: torch.Size([2000, 256, 8, 8])
06/14/2026 19:12:10 - INFO - qdiff.block_recon -   Total loss:	156.877 (rec:156.877, round:0.000)	b=0.00	count=500
06/14/2026 19:12:15 - INFO - qdiff.block_recon -   Total loss:	142.418 (rec:142.418, round:0.000)	b=0.00	count=1000
06/14/2026 19:12:20 - INFO - qdiff.block_recon -   Total loss:	161.059 (rec:161.059, round:0.000)	b=0.00	count=1500
06/14/2026 19:12:25 - INFO - qdiff.block_recon -   Total loss:	160.808 (rec:160.808, round:0.000)	b=0.00	count=2000
06/14/2026 19:12:30 - INFO - qdiff.block_recon -   Total loss:	167.686 (rec:167.686, round:0.000)	b=0.00	count=2500
06/14/2026 19:12:36 - INFO - qdiff.block_recon -   Total loss:	175.798 (rec:175.798, round:0.000)	b=0.00	count=3000
06/14/2026 19:12:41 - INFO - qdiff.block_recon -   Total loss:	164.949 (rec:164.949, round:0.000)	b=0.00	count=3500
06/14/2026 19:12:46 - INFO - qdiff.block_recon -   Total loss:	149.900 (rec:149.900, round:0.000)	b=0.00	count=4000
06/14/2026 19:12:51 - INFO - qdiff.block_recon -   Total loss:	153.749 (rec:153.749, round:0.000)	b=0.00	count=4500
06/14/2026 19:12:56 - INFO - qdiff.block_recon -   Total loss:	159.545 (rec:159.545, round:0.000)	b=0.00	count=5000
06/14/2026 19:12:56 - INFO - __main__ -   attn False
06/14/2026 19:12:56 - INFO - __main__ -   upsample False
06/14/2026 19:12:56 - INFO - __main__ -   conv False
06/14/2026 19:12:56 - INFO - __main__ -   Reconstruction for layer conv
06/14/2026 19:13:09 - INFO - qdiff.utils -   in shape: torch.Size([2000, 256, 16, 16])
06/14/2026 19:13:09 - INFO - qdiff.utils -   out shape: torch.Size([2000, 256, 16, 16])
06/14/2026 19:13:12 - INFO - qdiff.layer_recon -   Total loss:	25.960 (rec:25.960, round:0.000)	b=0.00	count=500
06/14/2026 19:13:16 - INFO - qdiff.layer_recon -   Total loss:	24.676 (rec:24.676, round:0.000)	b=0.00	count=1000
06/14/2026 19:13:19 - INFO - qdiff.layer_recon -   Total loss:	25.647 (rec:25.647, round:0.000)	b=0.00	count=1500
06/14/2026 19:13:23 - INFO - qdiff.layer_recon -   Total loss:	27.093 (rec:27.093, round:0.000)	b=0.00	count=2000
06/14/2026 19:13:27 - INFO - qdiff.layer_recon -   Total loss:	30.327 (rec:30.327, round:0.000)	b=0.00	count=2500
06/14/2026 19:13:30 - INFO - qdiff.layer_recon -   Total loss:	30.396 (rec:30.396, round:0.000)	b=0.00	count=3000
06/14/2026 19:13:34 - INFO - qdiff.layer_recon -   Total loss:	26.886 (rec:26.886, round:0.000)	b=0.00	count=3500
06/14/2026 19:13:38 - INFO - qdiff.layer_recon -   Total loss:	26.746 (rec:26.746, round:0.000)	b=0.00	count=4000
06/14/2026 19:13:41 - INFO - qdiff.layer_recon -   Total loss:	34.515 (rec:34.515, round:0.000)	b=0.00	count=4500
06/14/2026 19:13:45 - INFO - qdiff.layer_recon -   Total loss:	26.207 (rec:26.207, round:0.000)	b=0.00	count=5000
06/14/2026 19:13:45 - INFO - __main__ -   3 False
06/14/2026 19:13:45 - INFO - __main__ -   block False
06/14/2026 19:13:45 - INFO - __main__ -   0 True
06/14/2026 19:13:45 - INFO - __main__ -   Reconstruction for block 0
06/14/2026 19:13:55 - INFO - qdiff.utils -   in 1 shape: torch.Size([2000, 512, 4, 4]), in 2 shape: torch.Size([2000, 512])
06/14/2026 19:13:55 - INFO - qdiff.utils -   out shape: torch.Size([2000, 256, 4, 4])
06/14/2026 19:14:00 - INFO - qdiff.block_recon -   Total loss:	1589.676 (rec:1589.676, round:0.000)	b=0.00	count=500
06/14/2026 19:14:04 - INFO - qdiff.block_recon -   Total loss:	1876.262 (rec:1876.262, round:0.000)	b=0.00	count=1000
06/14/2026 19:14:09 - INFO - qdiff.block_recon -   Total loss:	1824.564 (rec:1824.564, round:0.000)	b=0.00	count=1500
06/14/2026 19:14:14 - INFO - qdiff.block_recon -   Total loss:	1780.698 (rec:1780.698, round:0.000)	b=0.00	count=2000
06/14/2026 19:14:18 - INFO - qdiff.block_recon -   Total loss:	1654.198 (rec:1654.198, round:0.000)	b=0.00	count=2500
06/14/2026 19:14:23 - INFO - qdiff.block_recon -   Total loss:	1735.996 (rec:1735.996, round:0.000)	b=0.00	count=3000
06/14/2026 19:14:28 - INFO - qdiff.block_recon -   Total loss:	1631.459 (rec:1631.459, round:0.000)	b=0.00	count=3500
06/14/2026 19:14:32 - INFO - qdiff.block_recon -   Total loss:	1644.729 (rec:1644.729, round:0.000)	b=0.00	count=4000
06/14/2026 19:14:37 - INFO - qdiff.block_recon -   Total loss:	1511.826 (rec:1511.826, round:0.000)	b=0.00	count=4500
06/14/2026 19:14:41 - INFO - qdiff.block_recon -   Total loss:	1867.431 (rec:1867.431, round:0.000)	b=0.00	count=5000
06/14/2026 19:14:41 - INFO - __main__ -   1 True
06/14/2026 19:14:41 - INFO - __main__ -   Reconstruction for block 1
06/14/2026 19:14:52 - INFO - qdiff.utils -   in 1 shape: torch.Size([2000, 512, 4, 4]), in 2 shape: torch.Size([2000, 512])
06/14/2026 19:14:52 - INFO - qdiff.utils -   out shape: torch.Size([2000, 256, 4, 4])
06/14/2026 19:14:56 - INFO - qdiff.block_recon -   Total loss:	1989.702 (rec:1989.702, round:0.000)	b=0.00	count=500
06/14/2026 19:15:01 - INFO - qdiff.block_recon -   Total loss:	1946.065 (rec:1946.065, round:0.000)	b=0.00	count=1000
06/14/2026 19:15:06 - INFO - qdiff.block_recon -   Total loss:	1848.082 (rec:1848.082, round:0.000)	b=0.00	count=1500
06/14/2026 19:15:10 - INFO - qdiff.block_recon -   Total loss:	1791.780 (rec:1791.780, round:0.000)	b=0.00	count=2000
06/14/2026 19:15:15 - INFO - qdiff.block_recon -   Total loss:	2040.891 (rec:2040.891, round:0.000)	b=0.00	count=2500
06/14/2026 19:15:20 - INFO - qdiff.block_recon -   Total loss:	1994.933 (rec:1994.933, round:0.000)	b=0.00	count=3000
06/14/2026 19:15:24 - INFO - qdiff.block_recon -   Total loss:	1735.379 (rec:1735.379, round:0.000)	b=0.00	count=3500
06/14/2026 19:15:29 - INFO - qdiff.block_recon -   Total loss:	1842.562 (rec:1842.562, round:0.000)	b=0.00	count=4000
06/14/2026 19:15:34 - INFO - qdiff.block_recon -   Total loss:	1761.031 (rec:1761.031, round:0.000)	b=0.00	count=4500
06/14/2026 19:15:38 - INFO - qdiff.block_recon -   Total loss:	2129.042 (rec:2129.042, round:0.000)	b=0.00	count=5000
06/14/2026 19:15:38 - INFO - __main__ -   2 True
06/14/2026 19:15:38 - INFO - __main__ -   Reconstruction for block 2
06/14/2026 19:15:49 - INFO - qdiff.utils -   in 1 shape: torch.Size([2000, 512, 4, 4]), in 2 shape: torch.Size([2000, 512])
06/14/2026 19:15:49 - INFO - qdiff.utils -   out shape: torch.Size([2000, 256, 4, 4])
06/14/2026 19:15:54 - INFO - qdiff.block_recon -   Total loss:	586.037 (rec:586.037, round:0.000)	b=0.00	count=500
06/14/2026 19:15:58 - INFO - qdiff.block_recon -   Total loss:	554.977 (rec:554.977, round:0.000)	b=0.00	count=1000
06/14/2026 19:16:03 - INFO - qdiff.block_recon -   Total loss:	598.837 (rec:598.837, round:0.000)	b=0.00	count=1500
06/14/2026 19:16:08 - INFO - qdiff.block_recon -   Total loss:	537.534 (rec:537.534, round:0.000)	b=0.00	count=2000
06/14/2026 19:16:12 - INFO - qdiff.block_recon -   Total loss:	660.652 (rec:660.652, round:0.000)	b=0.00	count=2500
06/14/2026 19:16:17 - INFO - qdiff.block_recon -   Total loss:	614.671 (rec:614.671, round:0.000)	b=0.00	count=3000
06/14/2026 19:16:22 - INFO - qdiff.block_recon -   Total loss:	588.588 (rec:588.588, round:0.000)	b=0.00	count=3500
06/14/2026 19:16:26 - INFO - qdiff.block_recon -   Total loss:	529.899 (rec:529.899, round:0.000)	b=0.00	count=4000
06/14/2026 19:16:31 - INFO - qdiff.block_recon -   Total loss:	633.448 (rec:633.448, round:0.000)	b=0.00	count=4500
06/14/2026 19:16:36 - INFO - qdiff.block_recon -   Total loss:	584.042 (rec:584.042, round:0.000)	b=0.00	count=5000
06/14/2026 19:16:36 - INFO - __main__ -   attn False
06/14/2026 19:16:36 - INFO - __main__ -   upsample False
06/14/2026 19:16:36 - INFO - __main__ -   conv False
06/14/2026 19:16:36 - INFO - __main__ -   Reconstruction for layer conv
06/14/2026 19:16:46 - INFO - qdiff.utils -   in shape: torch.Size([2000, 256, 8, 8])
06/14/2026 19:16:46 - INFO - qdiff.utils -   out shape: torch.Size([2000, 256, 8, 8])
06/14/2026 19:16:48 - INFO - qdiff.layer_recon -   Total loss:	48.253 (rec:48.253, round:0.000)	b=0.00	count=500
06/14/2026 19:16:50 - INFO - qdiff.layer_recon -   Total loss:	46.308 (rec:46.308, round:0.000)	b=0.00	count=1000
06/14/2026 19:16:52 - INFO - qdiff.layer_recon -   Total loss:	39.784 (rec:39.784, round:0.000)	b=0.00	count=1500
06/14/2026 19:16:54 - INFO - qdiff.layer_recon -   Total loss:	46.092 (rec:46.092, round:0.000)	b=0.00	count=2000
06/14/2026 19:16:56 - INFO - qdiff.layer_recon -   Total loss:	41.624 (rec:41.624, round:0.000)	b=0.00	count=2500
06/14/2026 19:16:58 - INFO - qdiff.layer_recon -   Total loss:	57.510 (rec:57.510, round:0.000)	b=0.00	count=3000
06/14/2026 19:17:00 - INFO - qdiff.layer_recon -   Total loss:	41.098 (rec:41.098, round:0.000)	b=0.00	count=3500
06/14/2026 19:17:02 - INFO - qdiff.layer_recon -   Total loss:	47.709 (rec:47.709, round:0.000)	b=0.00	count=4000
06/14/2026 19:17:03 - INFO - qdiff.layer_recon -   Total loss:	44.125 (rec:44.125, round:0.000)	b=0.00	count=4500
06/14/2026 19:17:05 - INFO - qdiff.layer_recon -   Total loss:	42.408 (rec:42.408, round:0.000)	b=0.00	count=5000
06/14/2026 19:17:05 - INFO - __main__ -   norm_out False
06/14/2026 19:17:05 - INFO - __main__ -   conv_out False
06/14/2026 19:17:05 - INFO - __main__ -   Reconstruction for layer conv_out
06/14/2026 19:17:20 - INFO - qdiff.utils -   in shape: torch.Size([2000, 128, 32, 32])
06/14/2026 19:17:20 - INFO - qdiff.utils -   out shape: torch.Size([2000, 3, 32, 32])
06/14/2026 19:17:24 - INFO - qdiff.layer_recon -   Total loss:	0.000 (rec:0.000, round:0.000)	b=0.00	count=500
06/14/2026 19:17:28 - INFO - qdiff.layer_recon -   Total loss:	0.000 (rec:0.000, round:0.000)	b=0.00	count=1000
06/14/2026 19:17:32 - INFO - qdiff.layer_recon -   Total loss:	0.000 (rec:0.000, round:0.000)	b=0.00	count=1500
06/14/2026 19:17:35 - INFO - qdiff.layer_recon -   Total loss:	0.000 (rec:0.000, round:0.000)	b=0.00	count=2000
06/14/2026 19:17:39 - INFO - qdiff.layer_recon -   Total loss:	0.000 (rec:0.000, round:0.000)	b=0.00	count=2500
06/14/2026 19:17:43 - INFO - qdiff.layer_recon -   Total loss:	0.000 (rec:0.000, round:0.000)	b=0.00	count=3000
06/14/2026 19:17:46 - INFO - qdiff.layer_recon -   Total loss:	0.000 (rec:0.000, round:0.000)	b=0.00	count=3500
06/14/2026 19:17:50 - INFO - qdiff.layer_recon -   Total loss:	0.000 (rec:0.000, round:0.000)	b=0.00	count=4000
06/14/2026 19:17:54 - INFO - qdiff.layer_recon -   Total loss:	0.000 (rec:0.000, round:0.000)	b=0.00	count=4500
06/14/2026 19:17:58 - INFO - qdiff.layer_recon -   Total loss:	0.000 (rec:0.000, round:0.000)	b=0.00	count=5000
06/14/2026 19:17:58 - INFO - __main__ -   阶段2: BRECQ量化重建完成
06/14/2026 19:17:58 - INFO - __main__ -   第二阶段：从中间噪声图像生成最终图像
06/14/2026 19:17:58 - INFO - __main__ -   ===========================================================================
06/14/2026 19:17:58 - INFO - __main__ -   后半段采样：从中间噪声图像生成最终图像
06/14/2026 19:17:58 - INFO - __main__ -   ===========================================================================
06/14/2026 19:17:58 - INFO - __main__ -   后半段采样序列: 212 -> 0 (共48步, skip_type=quad)
06/14/2026 19:37:36 - INFO - __main__ -   生成 10000 张最终图像
06/14/2026 19:37:36 - INFO - __main__ -   保存最终图像
06/14/2026 19:37:58 - INFO - __main__ -   最终图像已保存为PNG到: get_calibrations\two_stage_group_cali\samples\w8a8\img
06/14/2026 19:37:58 - INFO - __main__ -   两阶段量化采样完成
07/08/2026 12:58:12 - INFO - __main__ -   ===========================================================================
07/08/2026 12:58:12 - INFO - __main__ -   logging to:
07/08/2026 12:58:12 - INFO - __main__ -   C:\Users\wsh\Desktop\q-diffusion-master\get_calibrations\two_stage_group_cali\samples\w8a8_FID3.5206
07/08/2026 12:58:12 - INFO - __main__ -   image folder: C:\Users\wsh\Desktop\q-diffusion-master\get_calibrations\two_stage_group_cali\samples\w8a8_FID3.5206\images
07/08/2026 12:58:12 - INFO - __main__ -   ===========================================================================
07/08/2026 12:58:12 - INFO - __main__ -   Loading checkpoint C:\Users\wsh/.cache\diffusion_models_converted\ema_diffusion_cifar10_model/model-790000.ckpt
07/08/2026 12:58:13 - INFO - __main__ -   Load with min-max quick initialization
07/08/2026 12:58:22 - INFO - qdiff.quant_layer -   split at 256!
07/08/2026 12:58:23 - INFO - qdiff.quant_layer -   split at 256!
07/08/2026 12:58:24 - INFO - qdiff.quant_layer -   split at 256!
07/08/2026 12:58:25 - INFO - qdiff.quant_layer -   split at 256!
07/08/2026 12:58:26 - INFO - qdiff.quant_layer -   split at 256!
07/08/2026 12:58:27 - INFO - qdiff.quant_layer -   split at 256!
07/08/2026 12:58:28 - INFO - qdiff.quant_layer -   split at 256!
07/08/2026 12:58:31 - INFO - qdiff.quant_layer -   split at 256!
07/08/2026 12:58:32 - INFO - qdiff.quant_layer -   split at 256!
07/08/2026 12:58:34 - INFO - qdiff.quant_layer -   split at 256!
07/08/2026 12:58:35 - INFO - qdiff.quant_layer -   split at 128!
07/08/2026 12:58:35 - INFO - qdiff.quant_layer -   split at 128!
07/08/2026 12:58:36 - INFO - __main__ -   starting from image 0
07/08/2026 12:59:07 - INFO - __main__ -   ===========================================================================
07/08/2026 12:59:07 - INFO - __main__ -   logging to:
07/08/2026 12:59:07 - INFO - __main__ -   C:\Users\wsh\Desktop\q-diffusion-master\get_calibrations\two_stage_group_cali\samples\w8a8_FID3.5206
07/08/2026 12:59:07 - INFO - __main__ -   image folder: C:\Users\wsh\Desktop\q-diffusion-master\get_calibrations\two_stage_group_cali\samples\w8a8_FID3.5206\images
07/08/2026 12:59:07 - INFO - __main__ -   ===========================================================================
07/08/2026 12:59:08 - INFO - __main__ -   Loading checkpoint C:\Users\wsh/.cache\diffusion_models_converted\ema_diffusion_cifar10_model/model-790000.ckpt
07/08/2026 12:59:08 - INFO - __main__ -   Load with min-max quick initialization
07/08/2026 12:59:18 - INFO - qdiff.quant_layer -   split at 256!
07/08/2026 12:59:19 - INFO - qdiff.quant_layer -   split at 256!
07/08/2026 12:59:20 - INFO - qdiff.quant_layer -   split at 256!
07/08/2026 12:59:21 - INFO - qdiff.quant_layer -   split at 256!
07/08/2026 12:59:22 - INFO - qdiff.quant_layer -   split at 256!
07/08/2026 12:59:23 - INFO - qdiff.quant_layer -   split at 256!
07/08/2026 12:59:25 - INFO - qdiff.quant_layer -   split at 256!
07/08/2026 12:59:27 - INFO - qdiff.quant_layer -   split at 256!
07/08/2026 12:59:29 - INFO - qdiff.quant_layer -   split at 256!
07/08/2026 12:59:31 - INFO - qdiff.quant_layer -   split at 256!
07/08/2026 12:59:31 - INFO - qdiff.quant_layer -   split at 128!
07/08/2026 12:59:32 - INFO - qdiff.quant_layer -   split at 128!
07/08/2026 12:59:33 - INFO - __main__ -   starting from image 0
